Namespace(data='cifar10', full_exp=False, i_i_d=False, wandb=True, method_choosing_users='pause brute', model='cnn3', num_users=30, num_users_per_round=5, global_epochs=300, max_seconds=600, epsilon_bar=50, epsilon_sum_deascent_coeff=0.095, delta_f=0.012, accel_ucb_coeff=1, alpha=20, beta=2, gamma=10, choosing_users_verbose=True, sa_pause_verbose=False, snr_verbose=True, dirichlet_coeff=3, label_dominance=0.25, alternative_privacy_reward=True, max_iterations_sa_pause=3000, sa_pause_simulation=False, max_time_sa_pause=600, pre_sa_pause_rounds=1, beta_max_reduction=70, data_truncation=None, tau_min=0.05, production=False, privacy_noise='laplace', privacy=True, save_best_model=False, seed=1, norm_mean=0.5, norm_std=0.5, train_batch_size=20, test_batch_size=1000, local_epochs=1, local_iterations=100, lr=0.01, momentum=0.5, lr_scheduler=False, optimizer='adam', device=device(type='cuda'))
=================================================================
Layer (type:depth-idx)                   Param #
=================================================================
CNN3LayerCifar                           --
├─Conv2d: 1-1                            896
├─BatchNorm2d: 1-2                       64
├─Conv2d: 1-3                            18,496
├─BatchNorm2d: 1-4                       128
├─Conv2d: 1-5                            73,856
├─BatchNorm2d: 1-6                       256
├─MaxPool2d: 1-7                         --
├─Linear: 1-8                            65,664
├─BatchNorm1d: 1-9                       256
├─Linear: 1-10                           8,256
├─BatchNorm1d: 1-11                      128
├─Linear: 1-12                           2,080
├─BatchNorm1d: 1-13                      64
├─Linear: 1-14                           330
├─Dropout: 1-15                          --
├─Dropout: 1-16                          --
├─Dropout: 1-17                          --
=================================================================
Total params: 170,474
Trainable params: 170,474
Non-trainable params: 0
=================================================================
iteration: 1
user 1, emp_avg: 0.43168881479603016, h: 0, ucb: inf,num_of_obs: 0, privacy reward: 0.9973517844962566, g: 0.012130278724928757, curr_delay = 0.11582417307621148, data_size = 1081
user 2, emp_avg: 1.0, h: 0, ucb: inf,num_of_obs: 0, privacy reward: 0.9973517844962566, g: 0.01353790929443819, curr_delay = 0.05, data_size = 1142
user 4, emp_avg: 0.407716752703952, h: 0, ucb: inf,num_of_obs: 0, privacy reward: 0.9973517844962566, g: 0.16875647258282298, curr_delay = 0.12263415635586011, data_size = 4032
user 6, emp_avg: 0.40853519376182157, h: 0, ucb: inf,num_of_obs: 0, privacy reward: 0.9973517844962566, g: 0.13008460907844538, curr_delay = 0.1223884765951163, data_size = 3540
user 17, emp_avg: 0.06102623411334192, h: 0, ucb: inf,num_of_obs: 0, privacy reward: 0.9973517844962566, g: 0.05010481996403666, curr_delay = 0.8193197683988943, data_size = 2197
num of fast users chosen: 4, num of slow users chosen: 1
max_delay = 0.82 seconds
after cleansing the weights updates who were almost zeros (meaning with absolute value of less than 10**-7, 0.00% of the weights upadtes) we get:
user No.1 has been picked 1, his deltas theta's mean
 is -0.00022510960116051137,
the empirical var of deltas thetas is 0.003730584168806672
the minimum of the deltas theta is -0.21883365511894226 and the maximum is 0.25613516569137573
the added laplace noise var is 0.0026482155037434152
global epoch 1 has been done artifficialy in 0.82 secs, the total time by now is 0.82 
 with avg train loss 2.023, val loss 2.342, avg val acc 10.00%
iteration: 2
user 7, emp_avg: 0.430046129184463, h: 0, ucb: inf,num_of_obs: 0, privacy reward: 0.9973517844962566, g: 0.003162988024245796, curr_delay = 0.11626659701557997, data_size = 552
user 8, emp_avg: 0.7161663586551404, h: 0, ucb: inf,num_of_obs: 0, privacy reward: 0.9973517844962566, g: 0.09429873962239275, curr_delay = 0.06981618082967896, data_size = 3014
user 18, emp_avg: 0.07194371156078258, h: 0, ucb: inf,num_of_obs: 0, privacy reward: 0.9973517844962566, g: 0.010821086690633572, curr_delay = 0.6949877746821117, data_size = 1021
user 24, emp_avg: 0.06229946605097509, h: 0, ucb: inf,num_of_obs: 0, privacy reward: 0.9973517844962566, g: 0.028880950669401242, curr_delay = 0.8025750968569886, data_size = 1668
user 27, emp_avg: 0.05800233916056832, h: 0, ucb: inf,num_of_obs: 0, privacy reward: 0.9973517844962566, g: 0.05515199816057066, curr_delay = 0.8620341993722808, data_size = 2305
num of fast users chosen: 2, num of slow users chosen: 3
max_delay = 0.86 seconds
after cleansing the weights updates who were almost zeros (meaning with absolute value of less than 10**-7, 0.00% of the weights upadtes) we get:
user No.7 has been picked 1, his deltas theta's mean
 is -5.751000571763143e-05,
the empirical var of deltas thetas is 0.0032489500008523464
the minimum of the deltas theta is -0.16982676088809967 and the maximum is 0.19352218508720398
the added laplace noise var is 0.0026482155037434152
global epoch 2 has been done artifficialy in 0.86 secs, the total time by now is 1.68 
 with avg train loss 2.027, val loss 2.344, avg val acc 10.00%
iteration: 3
user 15, emp_avg: 0.06768026455556721, h: 0, ucb: inf,num_of_obs: 0, privacy reward: 0.9973517844962566, g: 0.010842294106793302, curr_delay = 0.7387677977964867, data_size = 1022
user 16, emp_avg: 0.06419180240024992, h: 0, ucb: inf,num_of_obs: 0, privacy reward: 0.9973517844962566, g: 0.019143393741943737, curr_delay = 0.7789156579252764, data_size = 1358
user 19, emp_avg: 0.06648451109029231, h: 0, ucb: inf,num_of_obs: 0, privacy reward: 0.9973517844962566, g: 0.00863394084501121, curr_delay = 0.7520548648104703, data_size = 912
user 26, emp_avg: 0.05658623158096429, h: 0, ucb: inf,num_of_obs: 0, privacy reward: 0.9973517844962566, g: 0.031391968949768374, curr_delay = 0.8836071709150551, data_size = 1739
user 28, emp_avg: 0.058628486710159695, h: 0, ucb: inf,num_of_obs: 0, privacy reward: 0.9973517844962566, g: 0.026940799077378785, curr_delay = 0.8528277430591694, data_size = 1611
num of fast users chosen: 0, num of slow users chosen: 5
max_delay = 0.88 seconds
after cleansing the weights updates who were almost zeros (meaning with absolute value of less than 10**-7, 0.00% of the weights upadtes) we get:
user No.15 has been picked 1, his deltas theta's mean
 is -0.002258337801322341,
the empirical var of deltas thetas is 0.0038574188947677612
the minimum of the deltas theta is -0.2439691573381424 and the maximum is 0.2511844336986542
the added laplace noise var is 0.0026482155037434152
global epoch 3 has been done artifficialy in 0.88 secs, the total time by now is 2.56 
 with avg train loss 1.977, val loss 2.336, avg val acc 10.00%
iteration: 4
user 0, emp_avg: 0.6773205438770563, h: 0, ucb: inf,num_of_obs: 0, privacy reward: 0.9973517844962566, g: 0.15115973580521358, curr_delay = 0.07382029151780127, data_size = 3816
user 13, emp_avg: 0.27459369482714147, h: 0, ucb: inf,num_of_obs: 0, privacy reward: 0.9973517844962566, g: 0.09568038773343535, curr_delay = 0.1820872108206102, data_size = 3036
user 14, emp_avg: 0.2768912979010009, h: 0, ucb: inf,num_of_obs: 0, privacy reward: 0.9973517844962566, g: 0.07439026991705182, curr_delay = 0.18057627805217946, data_size = 2677
user 22, emp_avg: 0.06009737973531699, h: 0, ucb: inf,num_of_obs: 0, privacy reward: 0.9973517844962566, g: 0.021197461234571613, curr_delay = 0.831983028548196, data_size = 1429
user 25, emp_avg: 0.055653025924487336, h: 0, ucb: inf,num_of_obs: 0, privacy reward: 0.9973517844962566, g: 0.011619587950180737, curr_delay = 0.8984237455092267, data_size = 1058
num of fast users chosen: 3, num of slow users chosen: 2
max_delay = 0.90 seconds
after cleansing the weights updates who were almost zeros (meaning with absolute value of less than 10**-7, 0.00% of the weights upadtes) we get:
user No.0 has been picked 1, his deltas theta's mean
 is -0.0014296210138127208,
the empirical var of deltas thetas is 0.004664373118430376
the minimum of the deltas theta is -0.36492013931274414 and the maximum is 0.3494880199432373
the added laplace noise var is 0.0026482155037434152
global epoch 4 has been done artifficialy in 0.90 secs, the total time by now is 3.46 
 with avg train loss 1.934, val loss 2.326, avg val acc 10.00%
iteration: 5
user 5, emp_avg: 0.6387589037201318, h: 0, ucb: inf,num_of_obs: 0, privacy reward: 0.9973517844962566, g: 0.009807355589355705, curr_delay = 0.07827679537427973, data_size = 972
user 9, emp_avg: 0.2927160314155518, h: 0, ucb: inf,num_of_obs: 0, privacy reward: 0.9973517844962566, g: 0.00577692922738518, curr_delay = 0.17081401301528967, data_size = 746
user 10, emp_avg: 0.3034751662482655, h: 0, ucb: inf,num_of_obs: 0, privacy reward: 0.9973517844962566, g: 0.02188530607891432, curr_delay = 0.16475812705905646, data_size = 1452
user 21, emp_avg: 0.05542516532010486, h: 0, ucb: inf,num_of_obs: 0, privacy reward: 0.9973517844962566, g: 0.0359124703603522, curr_delay = 0.9021172911479447, data_size = 1860
user 23, emp_avg: 0.0628692941752321, h: 0, ucb: inf,num_of_obs: 0, privacy reward: 0.9973517844962566, g: 0.008185502089210768, curr_delay = 0.7953008007476238, data_size = 888
num of fast users chosen: 3, num of slow users chosen: 2
max_delay = 0.90 seconds
after cleansing the weights updates who were almost zeros (meaning with absolute value of less than 10**-7, 0.00% of the weights upadtes) we get:
user No.5 has been picked 1, his deltas theta's mean
 is -0.0005546891479752958,
the empirical var of deltas thetas is 0.003912499640136957
the minimum of the deltas theta is -0.253822386264801 and the maximum is 0.23975293338298798
the added laplace noise var is 0.0026482155037434152
global epoch 5 has been done artifficialy in 0.90 secs, the total time by now is 4.37 
 with avg train loss 1.949, val loss 2.319, avg val acc 10.00%
iteration: 6
user 3, emp_avg: 0.46325245576251, h: 0, ucb: inf,num_of_obs: 0, privacy reward: 0.9973517844962566, g: 0.006122683812528725, curr_delay = 0.10793250932194279, data_size = 768
user 11, emp_avg: 0.24788793784066687, h: 0, ucb: inf,num_of_obs: 0, privacy reward: 0.9973517844962566, g: 0.00820394828525376, curr_delay = 0.20170404593118257, data_size = 889
user 12, emp_avg: 0.2836958165596807, h: 0, ucb: inf,num_of_obs: 0, privacy reward: 0.9973517844962566, g: 0.00577692922738518, curr_delay = 0.17624510860378365, data_size = 746
user 20, emp_avg: 0.060780704376519945, h: 0, ucb: inf,num_of_obs: 0, privacy reward: 0.9973517844962566, g: 0.005730559414372203, curr_delay = 0.8226294925814547, data_size = 743
user 29, emp_avg: 0.05110254124496699, h: 0, ucb: inf,num_of_obs: 0, privacy reward: 0.9973517844962566, g: 0.006660156346303716, curr_delay = 0.9784249233383169, data_size = 801
num of fast users chosen: 3, num of slow users chosen: 2
max_delay = 0.98 seconds
after cleansing the weights updates who were almost zeros (meaning with absolute value of less than 10**-7, 0.00% of the weights upadtes) we get:
user No.3 has been picked 1, his deltas theta's mean
 is -0.0022556257899850607,
the empirical var of deltas thetas is 0.0036991641391068697
the minimum of the deltas theta is -0.20955106616020203 and the maximum is 0.21942591667175293
the added laplace noise var is 0.0026482155037434152
global epoch 6 has been done artifficialy in 0.98 secs, the total time by now is 5.34 
 with avg train loss 1.917, val loss 2.323, avg val acc 10.00%
iteration: 7
user 0, emp_avg: 0.8386602719385281, h: 3.416937355927363, ucb: 4.094257899804419,num_of_obs: 1, privacy reward: 0.9970878663710263, g: 0.060484280702133124, curr_delay = 0.05, data_size = 3816
user 2, emp_avg: 0.7687187942172458, h: 3.416937355927363, ucb: 4.416937355927363,num_of_obs: 1, privacy reward: 0.9970878663710263, g: -0.0007024949453057724, curr_delay = 0.09303405842089611, data_size = 1142
user 4, emp_avg: 0.6707760256108091, h: 3.416937355927363, ucb: 3.8246541086313153,num_of_obs: 1, privacy reward: 0.9970878663710263, g: 0.0717932654966263, curr_delay = 0.05354263228148268, data_size = 4032
user 6, emp_avg: 0.37562889606579786, h: 3.416937355927363, ucb: 3.8254725496891844,num_of_obs: 1, privacy reward: 0.9970878663710263, g: 0.04744350373156899, curr_delay = 0.145890583923659, data_size = 3540
user 8, emp_avg: 0.5092257167124834, h: 3.416937355927363, ucb: 4.133103714582504,num_of_obs: 1, privacy reward: 0.9970878663710263, g: 0.026969474752919758, curr_delay = 0.165406777155876, data_size = 3014
num of fast users chosen: 5, num of slow users chosen: 0
max_delay = 0.17 seconds
after cleansing the weights updates who were almost zeros (meaning with absolute value of less than 10**-7, 0.00% of the weights upadtes) we get:
user No.0 has been picked 2, his deltas theta's mean
 is -0.0023885935079306364,
the empirical var of deltas thetas is 0.0041552321054041386
the minimum of the deltas theta is -0.3275440037250519 and the maximum is 0.45388728380203247
the added laplace noise var is 0.0029121336289736795
global epoch 7 has been done artifficialy in 0.17 secs, the total time by now is 5.51 
 with avg train loss 1.872, val loss 2.320, avg val acc 10.00%
iteration: 8
user 1, emp_avg: 0.5337704014839596, h: 3.5322300675464238, ucb: 3.963918882342454,num_of_obs: 1, privacy reward: 0.9970878663710263, g: -0.00022089258127109033, curr_delay = 0.07863465229345727, data_size = 1081
user 5, emp_avg: 0.5250389152306656, h: 3.5322300675464238, ucb: 4.1709889712665555,num_of_obs: 1, privacy reward: 0.9970878663710263, g: -0.0006743321558355817, curr_delay = 0.12156017326054105, data_size = 972
user 10, emp_avg: 0.3069813255004901, h: 3.5322300675464238, ucb: 3.8357052337946893,num_of_obs: 1, privacy reward: 0.9970878663710263, g: 0.0005260982337793235, curr_delay = 0.16103708669553007, data_size = 1452
user 13, emp_avg: 0.28475187146128733, h: 3.5322300675464238, ucb: 3.8068237623735652,num_of_obs: 1, privacy reward: 0.9970878663710263, g: 0.03397477132997125, curr_delay = 0.16954322283322118, data_size = 3036
user 14, emp_avg: 0.30966794651913876, h: 3.5322300675464238, ucb: 3.8091213654474245,num_of_obs: 1, privacy reward: 0.9970878663710263, g: 0.021828820604774684, curr_delay = 0.14600902075839853, data_size = 2677
num of fast users chosen: 5, num of slow users chosen: 0
max_delay = 0.17 seconds
after cleansing the weights updates who were almost zeros (meaning with absolute value of less than 10**-7, 0.00% of the weights upadtes) we get:
user No.1 has been picked 2, his deltas theta's mean
 is 0.00015759145026095212,
the empirical var of deltas thetas is 0.0011584159219637513
the minimum of the deltas theta is -0.29468342661857605 and the maximum is 0.2728671133518219
the added laplace noise var is 0.0029121336289736795
global epoch 8 has been done artifficialy in 0.17 secs, the total time by now is 5.68 
 with avg train loss 1.887, val loss 2.319, avg val acc 10.00%
iteration: 9
user 17, emp_avg: 0.06425612847671194, h: 3.63088797183517, ucb: 3.691914205948512,num_of_obs: 1, privacy reward: 0.9970878663710263, g: 0.012708041286904786, curr_delay = 0.7408941569794734, data_size = 2197
user 21, emp_avg: 0.061107593141140636, h: 3.63088797183517, ucb: 3.686313137155275,num_of_obs: 1, privacy reward: 0.9970878663710263, g: 0.006145736399357755, curr_delay = 0.7486148271807745, data_size = 1860
user 24, emp_avg: 0.06384366672648532, h: 3.63088797183517, ucb: 3.693187437886145,num_of_obs: 1, privacy reward: 0.9970878663710263, g: 0.003461304499203197, curr_delay = 0.7646678502696369, data_size = 1668
user 26, emp_avg: 0.05959250016696599, h: 3.63088797183517, ucb: 3.6874742034161345,num_of_obs: 1, privacy reward: 0.9970878663710263, g: 0.004364805940265408, curr_delay = 0.7987377546883395, data_size = 1739
user 27, emp_avg: 0.060169038057419064, h: 3.63088797183517, ucb: 3.6888903109957383,num_of_obs: 1, privacy reward: 0.9970878663710263, g: 0.01530998260111581, curr_delay = 0.8021081075319694, data_size = 2305
num of fast users chosen: 0, num of slow users chosen: 5
max_delay = 0.80 seconds
after cleansing the weights updates who were almost zeros (meaning with absolute value of less than 10**-7, 0.00% of the weights upadtes) we get:
user No.17 has been picked 2, his deltas theta's mean
 is -0.0006595221348106861,
the empirical var of deltas thetas is 0.0016457894816994667
the minimum of the deltas theta is -0.287963330745697 and the maximum is 0.3137538433074951
the added laplace noise var is 0.0029121336289736795
global epoch 9 has been done artifficialy in 0.80 secs, the total time by now is 6.48 
 with avg train loss 1.880, val loss 2.323, avg val acc 10.00%
iteration: 10
user 3, emp_avg: 0.731626227881255, h: 3.7169221888498387, ucb: 4.1801746446123484,num_of_obs: 1, privacy reward: 0.9970878663710263, g: -0.00047316776566168486, curr_delay = 0.05, data_size = 768
user 7, emp_avg: 0.42391245625396645, h: 3.7169221888498387, ucb: 4.146968318034301,num_of_obs: 1, privacy reward: 0.9970878663710263, g: -0.0019148983655601116, curr_delay = 0.11968056300572577, data_size = 552
user 9, emp_avg: 0.646358015707776, h: 3.7169221888498387, ucb: 4.009638220265391,num_of_obs: 1, privacy reward: 0.9970878663710263, g: -0.0005757066089440175, curr_delay = 0.05, data_size = 746
user 11, emp_avg: 0.23041730490782258, h: 3.7169221888498387, ucb: 3.9648101266905056,num_of_obs: 1, privacy reward: 0.9970878663710263, g: -8.881838204438777e-05, curr_delay = 0.23480057019099654, data_size = 889
user 12, emp_avg: 0.24673609794912957, h: 3.7169221888498387, ucb: 4.000618005409519,num_of_obs: 1, privacy reward: 0.9970878663710263, g: -0.0005757066089440175, curr_delay = 0.2383490465306399, data_size = 746
num of fast users chosen: 5, num of slow users chosen: 0
max_delay = 0.24 seconds
after cleansing the weights updates who were almost zeros (meaning with absolute value of less than 10**-7, 0.00% of the weights upadtes) we get:
user No.3 has been picked 2, his deltas theta's mean
 is -0.0005619708681479096,
the empirical var of deltas thetas is 0.001744891400448978
the minimum of the deltas theta is -0.2346545159816742 and the maximum is 0.23389932513237
the added laplace noise var is 0.0029121336289736795
global epoch 10 has been done artifficialy in 0.24 secs, the total time by now is 6.72 
 with avg train loss 1.898, val loss 2.292, avg val acc 10.19%
iteration: 11
user 15, emp_avg: 0.07165525287291795, h: 3.793068894284709, ucb: 3.8607491588402763,num_of_obs: 1, privacy reward: 0.9970878663710263, g: 0.00017469560054338108, curr_delay = 0.6611112064843379, data_size = 1022
user 16, emp_avg: 0.06966258912810191, h: 3.793068894284709, ucb: 3.8572606966849587,num_of_obs: 1, privacy reward: 0.9970878663710263, g: 0.0022515558988716986, curr_delay = 0.6654832080999563, data_size = 1358
user 18, emp_avg: 0.06588313092090677, h: 3.793068894284709, ucb: 3.8650126058454912,num_of_obs: 1, privacy reward: 0.9970878663710263, g: 0.00017201270621943174, curr_delay = 0.8358052233666547, data_size = 1021
user 22, emp_avg: 0.05954540476788989, h: 3.793068894284709, ucb: 3.8531662740200257,num_of_obs: 1, privacy reward: 0.9970878663710263, g: 0.0029903823411591888, curr_delay = 0.8475520099292101, data_size = 1429
user 28, emp_avg: 0.05743795116608592, h: 3.793068894284709, ucb: 3.8516973809948687,num_of_obs: 1, privacy reward: 0.9970878663710263, g: 0.005362257209854375, curr_delay = 0.8889297303187164, data_size = 1611
num of fast users chosen: 0, num of slow users chosen: 5
max_delay = 0.89 seconds
after cleansing the weights updates who were almost zeros (meaning with absolute value of less than 10**-7, 0.00% of the weights upadtes) we get:
user No.15 has been picked 2, his deltas theta's mean
 is -0.0009410311467945576,
the empirical var of deltas thetas is 0.0015042697777971625
the minimum of the deltas theta is -0.20714372396469116 and the maximum is 0.24997901916503906
the added laplace noise var is 0.0029121336289736795
global epoch 11 has been done artifficialy in 0.89 secs, the total time by now is 7.61 
 with avg train loss 1.864, val loss 2.295, avg val acc 10.00%
iteration: 12
user 19, emp_avg: 0.06409565793119887, h: 3.8612743879097744, ucb: 3.9277588990000667,num_of_obs: 1, privacy reward: 0.9970878663710263, g: 9.188503474347896e-05, curr_delay = 0.8102834069055949, data_size = 912
user 20, emp_avg: 0.06375156853272408, h: 3.8612743879097744, ucb: 3.9220550922862945,num_of_obs: 1, privacy reward: 0.9970878663710263, g: -5.8260778497407714e-05, curr_delay = 0.7493731565980042, data_size = 743
user 23, emp_avg: 0.06079295429246069, h: 3.8612743879097744, ucb: 3.9241436820850066,num_of_obs: 1, privacy reward: 0.9970878663710263, g: 5.098575933019783e-05, curr_delay = 0.8515477348733023, data_size = 888
user 25, emp_avg: 0.058850991560162866, h: 3.8612743879097744, ucb: 3.916927413834262,num_of_obs: 1, privacy reward: 0.9970878663710263, g: 0.0005983336342244354, curr_delay = 0.8058153151903976, data_size = 1058
user 29, emp_avg: 0.05313849286347823, h: 3.8612743879097744, ucb: 3.9123769291547412,num_of_obs: 1, privacy reward: 0.9970878663710263, g: -2.9706328266107665e-06, curr_delay = 0.9062166455762222, data_size = 801
num of fast users chosen: 0, num of slow users chosen: 5
max_delay = 0.91 seconds
after cleansing the weights updates who were almost zeros (meaning with absolute value of less than 10**-7, 0.00% of the weights upadtes) we get:
user No.19 has been picked 2, his deltas theta's mean
 is -0.001369384815916419,
the empirical var of deltas thetas is 0.0014442544197663665
the minimum of the deltas theta is -0.24868470430374146 and the maximum is 0.2348807454109192
the added laplace noise var is 0.0029121336289736795
global epoch 12 has been done artifficialy in 0.91 secs, the total time by now is 8.51 
 with avg train loss 1.778, val loss 2.230, avg val acc 11.96%
iteration: 13
user 0, emp_avg: 0.892440181292352, h: 2.7739589168523406, ucb: 3.6126191887908687,num_of_obs: 2, privacy reward: 0.9967976464675886, g: 0.05519986276943631, curr_delay = 0.05, data_size = 3816
user 4, emp_avg: 0.6478721211001145, h: 2.7739589168523406, ucb: 3.4447349424631497,num_of_obs: 2, privacy reward: 0.9967976464675886, g: 0.06602517433445901, curr_delay = 0.08304760637176255, data_size = 4032
user 6, emp_avg: 0.5837525973771985, h: 2.7739589168523406, ucb: 3.1495878129181385,num_of_obs: 2, privacy reward: 0.9967976464675886, g: 0.04277711270319557, curr_delay = 0.05, data_size = 3540
user 8, emp_avg: 0.5088169711475535, h: 2.7739589168523406, ucb: 3.283184633564824,num_of_obs: 2, privacy reward: 0.9967976464675886, g: 0.02348091760742352, curr_delay = 0.09842529759727014, data_size = 3014
user 13, emp_avg: 0.26617909316642285, h: 2.7739589168523406, ucb: 3.058710788313628,num_of_obs: 2, privacy reward: 0.9967976464675886, g: 0.024172883520887825, curr_delay = 0.21830864050451868, data_size = 3036
num of fast users chosen: 5, num of slow users chosen: 0
max_delay = 0.22 seconds
after cleansing the weights updates who were almost zeros (meaning with absolute value of less than 10**-7, 0.00% of the weights upadtes) we get:
user No.0 has been picked 3, his deltas theta's mean
 is -0.0024053992237895727,
the empirical var of deltas thetas is 0.004395604599267244
the minimum of the deltas theta is -0.4383253753185272 and the maximum is 0.4206126034259796
the added laplace noise var is 0.00320235353241142
global epoch 13 has been done artifficialy in 0.22 secs, the total time by now is 8.73 
 with avg train loss 1.799, val loss 2.310, avg val acc 10.00%
iteration: 14
user 0, emp_avg: 0.919330135969264, h: 2.2974147773596556, ucb: 3.1898549586520075,num_of_obs: 3, privacy reward: 0.9964785035808394, g: 0.030452675599572484, curr_delay = 0.05, data_size = 3816
user 4, emp_avg: 0.5719203855645386, h: 2.2974147773596556, ucb: 2.94528689845977,num_of_obs: 3, privacy reward: 0.9964785035808394, g: 0.03861778440250756, curr_delay = 0.14532130264228502, data_size = 4032
user 6, emp_avg: 0.6878144480328989, h: 2.2974147773596556, ucb: 2.881167374736854,num_of_obs: 3, privacy reward: 0.9964785035808394, g: 0.021429073507110385, curr_delay = 0.05, data_size = 3540
user 14, emp_avg: 0.3236206633069232, h: 2.8137469660304877, ucb: 3.1234149125496264,num_of_obs: 2, privacy reward: 0.9967976464675886, g: 0.016871062539755503, curr_delay = 0.1422369503812799, data_size = 2677
user 27, emp_avg: 0.05821772445349612, h: 2.8137469660304877, ucb: 2.873916004087907,num_of_obs: 2, privacy reward: 0.9967976464675886, g: 0.008461696976418957, curr_delay = 0.9205543676717658, data_size = 2305
num of fast users chosen: 4, num of slow users chosen: 1
max_delay = 0.92 seconds
after cleansing the weights updates who were almost zeros (meaning with absolute value of less than 10**-7, 0.00% of the weights upadtes) we get:
user No.0 has been picked 4, his deltas theta's mean
 is -0.002642570063471794,
the empirical var of deltas thetas is 0.004128111992031336
the minimum of the deltas theta is -0.4092662036418915 and the maximum is 0.3751774728298187
the added laplace noise var is 0.003521496419160574
global epoch 14 has been done artifficialy in 0.92 secs, the total time by now is 9.65 
 with avg train loss 1.807, val loss 2.308, avg val acc 10.00%
iteration: 15
user 1, emp_avg: 0.48479526220363917, h: 2.8502895648173414, ucb: 3.384059966301301,num_of_obs: 2, privacy reward: 0.9967976464675886, g: -0.0005380446161383569, curr_delay = 0.12925073896303316, data_size = 1081
user 2, emp_avg: 0.6113882025223201, h: 2.8502895648173414, ucb: 3.619008359034587,num_of_obs: 2, privacy reward: 0.9967976464675886, g: -0.000288347965406664, curr_delay = 0.16850504597182764, data_size = 1142
user 3, emp_avg: 0.656465013867335, h: 2.8502895648173414, ucb: 3.5819157926985965,num_of_obs: 2, privacy reward: 0.9967976464675886, g: -0.003034440194483782, curr_delay = 0.09878639221212601, data_size = 768
user 5, emp_avg: 0.4576881912258861, h: 2.8502895648173414, ucb: 3.3753284800480072,num_of_obs: 2, privacy reward: 0.9967976464675886, g: -0.0011765750380453512, curr_delay = 0.1548051152257709, data_size = 972
user 9, emp_avg: 0.5901853428484318, h: 2.8502895648173414, ucb: 3.496647580525117,num_of_obs: 2, privacy reward: 0.9967976464675886, g: -0.0032864101805747405, curr_delay = 0.10463753620529163, data_size = 746
num of fast users chosen: 5, num of slow users chosen: 0
max_delay = 0.17 seconds
after cleansing the weights updates who were almost zeros (meaning with absolute value of less than 10**-7, 0.00% of the weights upadtes) we get:
user No.1 has been picked 3, his deltas theta's mean
 is -0.0007601210381835699,
the empirical var of deltas thetas is 0.0007876419113017619
the minimum of the deltas theta is -0.2250446081161499 and the maximum is 0.2574654221534729
the added laplace noise var is 0.00320235353241142
global epoch 15 has been done artifficialy in 0.17 secs, the total time by now is 9.82 
 with avg train loss 1.858, val loss 2.130, avg val acc 18.86%
iteration: 16
user 0, emp_avg: 0.8537699990500874, h: 2.039333980337618, ucb: 2.958664116306882,num_of_obs: 4, privacy reward: 0.9961275552793752, g: 0.019263403660537057, curr_delay = 0.08452664509588279, data_size = 3816
user 17, emp_avg: 0.0723863495669616, h: 2.884053773201766, ucb: 2.9483099016784777,num_of_obs: 2, privacy reward: 0.9967976464675886, g: 0.00976955506337441, curr_delay = 0.5640362049699573, data_size = 2197
user 21, emp_avg: 0.05949964194155045, h: 2.884053773201766, ucb: 2.9451613663429064,num_of_obs: 2, privacy reward: 0.9967976464675886, g: 0.004161005765344559, curr_delay = 0.8883560404219462, data_size = 1860
user 24, emp_avg: 0.06297223924664162, h: 2.884053773201766, ucb: 2.9478974399282514,num_of_obs: 2, privacy reward: 0.9967976464675886, g: 0.002019959839039552, curr_delay = 0.8166013848134221, data_size = 1668
user 26, emp_avg: 0.059500844142261054, h: 2.884053773201766, ucb: 2.943646273368732,num_of_obs: 2, privacy reward: 0.9967976464675886, g: 0.002722521675188648, curr_delay = 0.8429211100983397, data_size = 1739
num of fast users chosen: 1, num of slow users chosen: 4
max_delay = 0.89 seconds
after cleansing the weights updates who were almost zeros (meaning with absolute value of less than 10**-7, 0.00% of the weights upadtes) we get:
user No.0 has been picked 5, his deltas theta's mean
 is -0.002602149499580264,
the empirical var of deltas thetas is 0.004622801207005978
the minimum of the deltas theta is -0.43674203753471375 and the maximum is 0.44325780868530273
the added laplace noise var is 0.0038724447206247873
global epoch 16 has been done artifficialy in 0.89 secs, the total time by now is 10.71 
 with avg train loss 1.813, val loss 2.320, avg val acc 10.64%
iteration: 17
user 4, emp_avg: 0.5493330602437889, h: 2.061509159835174, ucb: 2.6334295453997125,num_of_obs: 4, privacy reward: 0.9961275552793752, g: 0.030802243214949853, curr_delay = 0.10893631642480704, data_size = 4032
user 6, emp_avg: 0.6174047449649092, h: 2.061509159835174, ucb: 2.7493236078680727,num_of_obs: 4, privacy reward: 0.9961275552793752, g: 0.015719723751805664, curr_delay = 0.14891326108930733, data_size = 3540
user 8, emp_avg: 0.45264262621919593, h: 2.380425736735434, ucb: 2.889242707882987,num_of_obs: 3, privacy reward: 0.9964785035808394, g: 0.01705907926212927, curr_delay = 0.1759822325085708, data_size = 3014
user 13, emp_avg: 0.2822513985665899, h: 2.380425736735434, ucb: 2.6466048299018565,num_of_obs: 3, privacy reward: 0.9964785035808394, g: 0.01764962132300853, curr_delay = 0.15130043567184115, data_size = 3036
user 14, emp_avg: 0.29520817759840023, h: 2.380425736735434, ucb: 2.704046400042357,num_of_obs: 3, privacy reward: 0.9964785035808394, g: 0.009268915870653649, curr_delay = 0.23812843946720463, data_size = 2677
num of fast users chosen: 5, num of slow users chosen: 0
max_delay = 0.24 seconds
after cleansing the weights updates who were almost zeros (meaning with absolute value of less than 10**-7, 0.00% of the weights upadtes) we get:
user No.4 has been picked 5, his deltas theta's mean
 is -0.00018104782793670893,
the empirical var of deltas thetas is 0.0027725929394364357
the minimum of the deltas theta is -0.4518439471721649 and the maximum is 0.45287081599235535
the added laplace noise var is 0.0038724447206247873
global epoch 17 has been done artifficialy in 0.24 secs, the total time by now is 10.95 
 with avg train loss 1.796, val loss 2.306, avg val acc 10.00%
iteration: 18
user 10, emp_avg: 0.27842491471772696, h: 2.944675750178361, ucb: 3.251657075678851,num_of_obs: 2, privacy reward: 0.9967976464675886, g: 0.0013561336733622247, curr_delay = 0.22592529530509678, data_size = 1452
user 16, emp_avg: 0.06814151050478374, h: 2.944675750178361, ucb: 3.014338339306463,num_of_obs: 2, privacy reward: 0.9967976464675886, g: 0.0007424830673023795, curr_delay = 0.7680567854757038, data_size = 1358
user 22, emp_avg: 0.06129907513483846, h: 2.944675750178361, ucb: 3.0042211549462507,num_of_obs: 2, privacy reward: 0.9967976464675886, g: 0.0011890337206253397, curr_delay = 0.7715285489830856, data_size = 1429
user 25, emp_avg: 0.06085482538807254, h: 2.944675750178361, ucb: 3.003526741738524,num_of_obs: 2, privacy reward: 0.9967976464675886, g: -1.1001948658754056e-05, curr_delay = 0.7708615203267848, data_size = 1058
user 28, emp_avg: 0.05619470871696831, h: 2.944675750178361, ucb: 3.002113701344447,num_of_obs: 2, privacy reward: 0.9967976464675886, g: 0.0028116945950734185, curr_delay = 0.9309561263606767, data_size = 1611
num of fast users chosen: 1, num of slow users chosen: 4
max_delay = 0.93 seconds
after cleansing the weights updates who were almost zeros (meaning with absolute value of less than 10**-7, 0.00% of the weights upadtes) we get:
user No.10 has been picked 3, his deltas theta's mean
 is -0.00048646240611560643,
the empirical var of deltas thetas is 0.0028998448979109526
the minimum of the deltas theta is -0.3088800311088562 and the maximum is 0.36962372064590454
the added laplace noise var is 0.00320235353241142
global epoch 18 has been done artifficialy in 0.93 secs, the total time by now is 11.88 
 with avg train loss 1.779, val loss 2.279, avg val acc 10.37%
iteration: 19
user 11, emp_avg: 0.2516083340933099, h: 2.9720896583884073, ucb: 3.20250696329623,num_of_obs: 2, privacy reward: 0.9967976464675886, g: -0.00021572290237408808, curr_delay = 0.17007358499334044, data_size = 889
user 12, emp_avg: 0.2673448345312116, h: 2.9720896583884073, ucb: 3.218825756337537,num_of_obs: 2, privacy reward: 0.9967976464675886, g: -0.0008559746705773076, curr_delay = 0.1620418267332959, data_size = 746
user 15, emp_avg: 0.07117246893222674, h: 2.9720896583884073, ucb: 3.0437449112613253,num_of_obs: 2, privacy reward: 0.9967976464675886, g: -1.2923612034917715e-06, curr_delay = 0.7121807009226863, data_size = 1022
user 18, emp_avg: 0.06756197133647641, h: 2.9720896583884073, ucb: 3.0379727893093142,num_of_obs: 2, privacy reward: 0.9967976464675886, g: -1.5343913799289155e-06, curr_delay = 0.705023198391146, data_size = 1021
user 19, emp_avg: 0.06309790812019629, h: 2.9720896583884073, ucb: 3.036185316319606,num_of_obs: 2, privacy reward: 0.9967976464675886, g: -0.0001523781963997084, curr_delay = 0.8182983490983045, data_size = 912
num of fast users chosen: 2, num of slow users chosen: 3
max_delay = 0.82 seconds
after cleansing the weights updates who were almost zeros (meaning with absolute value of less than 10**-7, 0.00% of the weights upadtes) we get:
user No.11 has been picked 3, his deltas theta's mean
 is 0.00031619708170183003,
the empirical var of deltas thetas is 0.0018718637293204665
the minimum of the deltas theta is -0.2779868245124817 and the maximum is 0.30823439359664917
the added laplace noise var is 0.00320235353241142
global epoch 19 has been done artifficialy in 0.82 secs, the total time by now is 12.70 
 with avg train loss 1.738, val loss 1.986, avg val acc 27.04%
iteration: 20
user 2, emp_avg: 0.5229162967287935, h: 2.4477468306808166, ucb: 3.0591350332031366,num_of_obs: 3, privacy reward: 0.9964785035808394, g: -0.001132152799277723, curr_delay = 0.1941743204095313, data_size = 1142
user 7, emp_avg: 0.5336079685159613, h: 2.997865377341346, ucb: 3.4217778335953124,num_of_obs: 2, privacy reward: 0.9967976464675886, g: -0.0019148983655601116, curr_delay = 0.06640115121289043, data_size = 552
user 20, emp_avg: 0.06307032487868365, h: 2.997865377341346, ucb: 3.06161694587407,num_of_obs: 2, privacy reward: 0.9967976464675886, g: -0.0005904677179891158, curr_delay = 0.810269845265485, data_size = 743
user 23, emp_avg: 0.0615086253746473, h: 2.997865377341346, ucb: 3.058658331633807,num_of_obs: 2, privacy reward: 0.9967976464675886, g: -9.074916002075065e-05, curr_delay = 0.7944077818121182, data_size = 888
user 29, emp_avg: 0.05318786815870419, h: 2.997865377341346, ucb: 3.0510038702048243,num_of_obs: 2, privacy reward: 0.9967976464675886, g: -0.00033820015679785663, curr_delay = 0.9383218746787506, data_size = 801
num of fast users chosen: 2, num of slow users chosen: 3
max_delay = 0.94 seconds
after cleansing the weights updates who were almost zeros (meaning with absolute value of less than 10**-7, 0.00% of the weights upadtes) we get:
user No.2 has been picked 4, his deltas theta's mean
 is 0.0006469027721323073,
the empirical var of deltas thetas is 0.0007478262996301055
the minimum of the deltas theta is -0.22844141721725464 and the maximum is 0.27106133103370667
the added laplace noise var is 0.003521496419160574
global epoch 20 has been done artifficialy in 0.94 secs, the total time by now is 13.64 
 with avg train loss 1.676, val loss 1.964, avg val acc 28.33%
iteration: 21
user 1, emp_avg: 0.6135964466527294, h: 2.467599010262171, ucb: 2.9523942724658103,num_of_obs: 3, privacy reward: 0.9964785035808394, g: -0.0010705721117689742, curr_delay = 0.05, data_size = 1081
user 3, emp_avg: 0.6345985093692047, h: 2.467599010262171, ucb: 3.124064024129506,num_of_obs: 3, privacy reward: 0.9964785035808394, g: -0.004174395582310503, curr_delay = 0.08787361728666486, data_size = 768
user 5, emp_avg: 0.4654584535029917, h: 2.467599010262171, ucb: 2.9252872014880573,num_of_obs: 3, privacy reward: 0.9964785035808394, g: -0.0019206349306388286, curr_delay = 0.10229776318534488, data_size = 972
user 7, emp_avg: 0.5149289901897173, h: 2.467599010262171, ucb: 3.001206978778132,num_of_obs: 3, privacy reward: 0.9964785035808394, g: -0.007502451777143797, curr_delay = 0.10895808596427209, data_size = 552
user 9, emp_avg: 0.4977161216433091, h: 2.467599010262171, ucb: 3.057784353110603,num_of_obs: 3, privacy reward: 0.9964785035808394, g: -0.004469060180632497, curr_delay = 0.2269545184400441, data_size = 746
num of fast users chosen: 5, num of slow users chosen: 0
max_delay = 0.23 seconds
after cleansing the weights updates who were almost zeros (meaning with absolute value of less than 10**-7, 0.00% of the weights upadtes) we get:
user No.1 has been picked 4, his deltas theta's mean
 is 0.00014422534150071442,
the empirical var of deltas thetas is 0.0005827269051223993
the minimum of the deltas theta is -0.18902072310447693 and the maximum is 0.2780863642692566
the added laplace noise var is 0.003521496419160574
global epoch 21 has been done artifficialy in 0.23 secs, the total time by now is 13.86 
 with avg train loss 1.779, val loss 1.917, avg val acc 27.43%
iteration: 22
user 0, emp_avg: 0.8367393132431341, h: 1.9259415733687197, ucb: 2.7797115724188073,num_of_obs: 5, privacy reward: 0.9957416318719786, g: 0.026088690053854762, curr_delay = 0.06652599662999811, data_size = 3816
user 4, emp_avg: 0.5332259981268076, h: 1.9259415733687197, ucb: 2.475274633612509,num_of_obs: 5, privacy reward: 0.9957416318719786, g: 0.033682185040142906, curr_delay = 0.1104506926605862, data_size = 4032
user 6, emp_avg: 0.5716250273310545, h: 1.9259415733687197, ucb: 2.543346318333629,num_of_obs: 5, privacy reward: 0.9957416318719786, g: 0.01779548339377485, curr_delay = 0.1458889489888402, data_size = 3540
user 8, emp_avg: 0.4206502069828518, h: 2.153268139372678, ucb: 2.605910765591874,num_of_obs: 4, privacy reward: 0.9961275552793752, g: 0.015690773235979658, curr_delay = 0.17083473230555465, data_size = 3014
user 27, emp_avg: 0.05750866945936907, h: 2.48637987980852, ucb: 2.5445976042620164,num_of_obs: 3, privacy reward: 0.9964785035808394, g: 0.009698505235674969, curr_delay = 0.9028284889005854, data_size = 2305
num of fast users chosen: 4, num of slow users chosen: 1
max_delay = 0.90 seconds
after cleansing the weights updates who were almost zeros (meaning with absolute value of less than 10**-7, 0.00% of the weights upadtes) we get:
user No.0 has been picked 6, his deltas theta's mean
 is -0.0008681828621774912,
the empirical var of deltas thetas is 0.004613971803337336
the minimum of the deltas theta is -0.4199296832084656 and the maximum is 0.4285254180431366
the added laplace noise var is 0.004258368128021376
global epoch 22 has been done artifficialy in 0.90 secs, the total time by now is 14.77 
 with avg train loss 1.721, val loss 2.228, avg val acc 11.82%
iteration: 23
user 0, emp_avg: 0.8366593287123821, h: 1.7707326777153998, ucb: 2.6074719909585338,num_of_obs: 6, privacy reward: 0.9953172477796345, g: 0.016364319276174943, curr_delay = 0.05979577912673311, data_size = 3816
user 17, emp_avg: 0.07160563147435864, h: 2.504194168162345, ucb: 2.5765805177293064,num_of_obs: 3, privacy reward: 0.9964785035808394, g: 0.008724732581871139, curr_delay = 0.7218811706220645, data_size = 2197
user 21, emp_avg: 0.0611535099432194, h: 2.504194168162345, ucb: 2.5636938101038953,num_of_obs: 3, privacy reward: 0.9964785035808394, g: 0.0034893919927827905, curr_delay = 0.7562567318443137, data_size = 1860
user 24, emp_avg: 0.06195811903678505, h: 2.504194168162345, ucb: 2.5671664074089864,num_of_obs: 3, privacy reward: 0.9964785035808394, g: 0.0015609753605928245, curr_delay = 0.8486693772896683, data_size = 1668
user 26, emp_avg: 0.05869602323155636, h: 2.504194168162345, ucb: 2.563695012304606,num_of_obs: 3, privacy reward: 0.9964785035808394, g: 0.0021849086556889625, curr_delay = 0.8883904347409747, data_size = 1739
num of fast users chosen: 1, num of slow users chosen: 4
max_delay = 0.89 seconds
after cleansing the weights updates who were almost zeros (meaning with absolute value of less than 10**-7, 0.00% of the weights upadtes) we get:
user No.0 has been picked 7, his deltas theta's mean
 is -0.001606825622729957,
the empirical var of deltas thetas is 0.004096090327948332
the minimum of the deltas theta is -0.40841957926750183 and the maximum is 0.4438022971153259
the added laplace noise var is 0.0046827522203654725
global epoch 23 has been done artifficialy in 0.89 secs, the total time by now is 15.65 
 with avg train loss 1.776, val loss 2.213, avg val acc 11.21%
iteration: 24
user 1, emp_avg: 0.5808652919928537, h: 2.1833645470974195, ucb: 2.7969609937501487,num_of_obs: 4, privacy reward: 0.9961275552793752, g: -0.0031955416444963114, curr_delay = 0.11112576159731533, data_size = 1081
user 3, emp_avg: 0.5708862668529492, h: 2.1833645470974195, ucb: 2.817963056466624,num_of_obs: 4, privacy reward: 0.9961275552793752, g: -0.007817934845528101, curr_delay = 0.15820917501883291, data_size = 768
user 10, emp_avg: 0.2787550663335512, h: 2.5211322180115605, ucb: 2.7995571327292876,num_of_obs: 3, privacy reward: 0.9964785035808394, g: 0.0005260982337793235, curr_delay = 0.17873387137320754, data_size = 1452
user 11, emp_avg: 0.2537717131317759, h: 2.5211322180115605, ucb: 2.7727405521048705,num_of_obs: 3, privacy reward: 0.9964785035808394, g: -0.0011850359062420444, curr_delay = 0.19211421094760683, data_size = 889
user 12, emp_avg: 0.2665454444571654, h: 2.5211322180115605, ucb: 2.7884770525427722,num_of_obs: 3, privacy reward: 0.9964785035808394, g: -0.0024004009543337266, curr_delay = 0.18928834357575908, data_size = 746
num of fast users chosen: 5, num of slow users chosen: 0
max_delay = 0.19 seconds
after cleansing the weights updates who were almost zeros (meaning with absolute value of less than 10**-7, 0.00% of the weights upadtes) we get:
user No.1 has been picked 5, his deltas theta's mean
 is 0.00035031986772082746,
the empirical var of deltas thetas is 0.0006996191805228591
the minimum of the deltas theta is -0.23754365742206573 and the maximum is 0.2570277452468872
the added laplace noise var is 0.0038724447206247873
global epoch 24 has been done artifficialy in 0.19 secs, the total time by now is 15.85 
 with avg train loss 1.692, val loss 1.979, avg val acc 28.70%
iteration: 25
user 4, emp_avg: 0.5208051882729076, h: 1.7941225779941015, ucb: 2.327348576120909,num_of_obs: 6, privacy reward: 0.9953172477796345, g: 0.029172570392298276, curr_delay = 0.11203720337682556, data_size = 4032
user 6, emp_avg: 0.567760474885366, h: 1.7941225779941015, ucb: 2.365747605325156,num_of_obs: 6, privacy reward: 0.9953172477796345, g: 0.014561837809978754, curr_delay = 0.09181502808659445, data_size = 3540
user 8, emp_avg: 0.41784112058969364, h: 1.965362813793382, ucb: 2.386013020776234,num_of_obs: 5, privacy reward: 0.9957416318719786, g: 0.011466340233701983, curr_delay = 0.1238249971672438, data_size = 3014
user 13, emp_avg: 0.28695924338083517, h: 2.197342426046132, ucb: 2.479593824612722,num_of_obs: 4, privacy reward: 0.9961275552793752, g: 0.02229719873700131, curr_delay = 0.16351057324351256, data_size = 3036
user 14, emp_avg: 0.28168812382636005, h: 2.197342426046132, ucb: 2.492550603644532,num_of_obs: 4, privacy reward: 0.9961275552793752, g: 0.012711614797337087, curr_delay = 0.21967602214346324, data_size = 2677
num of fast users chosen: 5, num of slow users chosen: 0
max_delay = 0.22 seconds
after cleansing the weights updates who were almost zeros (meaning with absolute value of less than 10**-7, 0.00% of the weights upadtes) we get:
user No.4 has been picked 7, his deltas theta's mean
 is 0.0009328725282102823,
the empirical var of deltas thetas is 0.0026878733187913895
the minimum of the deltas theta is -0.3939589560031891 and the maximum is 0.3545440137386322
the added laplace noise var is 0.0046827522203654725
global epoch 25 has been done artifficialy in 0.22 secs, the total time by now is 16.07 
 with avg train loss 1.711, val loss 2.176, avg val acc 16.38%
iteration: 26
user 15, emp_avg: 0.07247769119095221, h: 2.552683504871484, ucb: 2.623855973803711,num_of_obs: 3, privacy reward: 0.9964785035808394, g: -0.00012674882680584196, curr_delay = 0.6545071630640268, data_size = 1022
user 16, emp_avg: 0.06780171218049005, h: 2.552683504871484, ucb: 2.6208250153762678,num_of_obs: 3, privacy reward: 0.9964785035808394, g: 0.0005278523806051274, curr_delay = 0.7487011845450481, data_size = 1358
user 22, emp_avg: 0.06091819141836308, h: 2.552683504871484, ucb: 2.6139825800063226,num_of_obs: 3, privacy reward: 0.9964785035808394, g: 0.0009125754631855906, curr_delay = 0.8364625359309902, data_size = 1429
user 25, emp_avg: 0.0616690612088658, h: 2.552683504871484, ucb: 2.6135383302595567,num_of_obs: 3, privacy reward: 0.9964785035808394, g: -5.7614518619940234e-05, curr_delay = 0.7798880148883682, data_size = 1058
user 28, emp_avg: 0.05816983832338492, h: 2.552683504871484, ucb: 2.6088782135884525,num_of_obs: 3, privacy reward: 0.9964785035808394, g: 0.0023767487619275503, curr_delay = 0.7800892863478301, data_size = 1611
num of fast users chosen: 0, num of slow users chosen: 5
max_delay = 0.84 seconds
after cleansing the weights updates who were almost zeros (meaning with absolute value of less than 10**-7, 0.00% of the weights upadtes) we get:
user No.15 has been picked 4, his deltas theta's mean
 is 0.00011139034904772416,
the empirical var of deltas thetas is 0.0010226519079878926
the minimum of the deltas theta is -0.21981675922870636 and the maximum is 0.26475945115089417
the added laplace noise var is 0.003521496419160574
global epoch 26 has been done artifficialy in 0.84 secs, the total time by now is 16.90 
 with avg train loss 1.683, val loss 2.024, avg val acc 25.64%
iteration: 27
user 2, emp_avg: 0.5018073298362998, h: 2.2234557110512667, ucb: 2.74637200778006,num_of_obs: 4, privacy reward: 0.9961275552793752, g: -0.0010109618643757258, curr_delay = 0.11979736163201055, data_size = 1142
user 18, emp_avg: 0.06596877567172231, h: 2.567425506613319, ucb: 2.6349874779497955,num_of_obs: 3, privacy reward: 0.9964785035808394, g: -5.022073212964523e-05, curr_delay = 0.8171378160210563, data_size = 1021
user 19, emp_avg: 0.06361099250684238, h: 2.567425506613319, ucb: 2.6305234147335153,num_of_obs: 3, privacy reward: 0.9964785035808394, g: -0.00033095285107398817, curr_delay = 0.7674568144490428, data_size = 912
user 20, emp_avg: 0.06473889835211269, h: 2.567425506613319, ucb: 2.6304958314920026,num_of_obs: 3, privacy reward: 0.9964785035808394, g: -0.0012539143196255622, curr_delay = 0.7169011872179971, data_size = 743
user 23, emp_avg: 0.06402025265812493, h: 2.567425506613319, ucb: 2.6289341319879664,num_of_obs: 3, privacy reward: 0.9964785035808394, g: -0.00042590006912309413, curr_delay = 0.6987618756278087, data_size = 888
num of fast users chosen: 1, num of slow users chosen: 4
max_delay = 0.82 seconds
after cleansing the weights updates who were almost zeros (meaning with absolute value of less than 10**-7, 0.00% of the weights upadtes) we get:
user No.2 has been picked 5, his deltas theta's mean
 is 0.0003050773811992258,
the empirical var of deltas thetas is 0.0005678587476722896
the minimum of the deltas theta is -0.22554843127727509 and the maximum is 0.23848086595535278
the added laplace noise var is 0.0038724447206247873
global epoch 27 has been done artifficialy in 0.82 secs, the total time by now is 17.72 
 with avg train loss 1.648, val loss 1.744, avg val acc 36.55%
iteration: 28
user 0, emp_avg: 0.8570769126233344, h: 1.6900222763135073, ucb: 2.5266816050258893,num_of_obs: 7, privacy reward: 0.9948505700545137, g: 0.019263403660537057, curr_delay = 0.05, data_size = 3816
user 5, emp_avg: 0.46861826973246445, h: 2.235689326642413, ucb: 2.7011477801454045,num_of_obs: 4, privacy reward: 0.9961275552793752, g: -0.0019206349306388286, curr_delay = 0.10389447728091389, data_size = 972
user 9, emp_avg: 0.4798161660957959, h: 2.235689326642413, ucb: 2.733405448285722,num_of_obs: 4, privacy reward: 0.9961275552793752, g: -0.004469060180632497, curr_delay = 0.12248407185662558, data_size = 746
user 10, emp_avg: 0.29692674821381493, h: 2.235689326642413, ucb: 2.514444392975964,num_of_obs: 4, privacy reward: 0.9961275552793752, g: 2.5803235494732517e-05, curr_delay = 0.13527645305839947, data_size = 1452
user 29, emp_avg: 0.055383527685838936, h: 2.5815516691227405, ucb: 2.634739537281445,num_of_obs: 3, privacy reward: 0.9964785035808394, g: -0.0006519379799964171, curr_delay = 0.806835428847051, data_size = 801
num of fast users chosen: 4, num of slow users chosen: 1
max_delay = 0.81 seconds
after cleansing the weights updates who were almost zeros (meaning with absolute value of less than 10**-7, 0.00% of the weights upadtes) we get:
user No.0 has been picked 8, his deltas theta's mean
 is -0.0014080586843192577,
the empirical var of deltas thetas is 0.004708363674581051
the minimum of the deltas theta is -0.37309736013412476 and the maximum is 0.6490921974182129
the added laplace noise var is 0.005149429945486311
global epoch 28 has been done artifficialy in 0.81 secs, the total time by now is 18.53 
 with avg train loss 1.599, val loss 2.086, avg val acc 24.41%
iteration: 29
user 0, emp_avg: 0.8729572556651861, h: 1.5891733299076773, ucb: 2.4462502425310118,num_of_obs: 8, privacy reward: 0.9943373837615944, g: 0.012753319360195968, curr_delay = 0.05, data_size = 3816
user 4, emp_avg: 0.5262460911777311, h: 1.698897751060915, ucb: 2.2197029393338226,num_of_obs: 7, privacy reward: 0.9948505700545137, g: 0.028703301037655934, curr_delay = 0.08860026285940414, data_size = 4032
user 6, emp_avg: 0.5420597359033098, h: 1.698897751060915, ucb: 2.266658225946281,num_of_obs: 7, privacy reward: 0.9948505700545137, g: 0.014230850816957437, curr_delay = 0.13806259841604604, data_size = 3540
user 13, emp_avg: 0.2739778958643036, h: 2.0101629277209767, ucb: 2.2971221711018117,num_of_obs: 5, privacy reward: 0.9957416318719786, g: 0.018743984608562164, curr_delay = 0.23915302527115473, data_size = 3036
user 14, emp_avg: 0.266733047972369, h: 2.0101629277209767, ucb: 2.291851051547337,num_of_obs: 5, privacy reward: 0.9957416318719786, g: 0.010066511055884783, curr_delay = 0.26047409482511186, data_size = 2677
num of fast users chosen: 5, num of slow users chosen: 0
max_delay = 0.26 seconds
after cleansing the weights updates who were almost zeros (meaning with absolute value of less than 10**-7, 0.00% of the weights upadtes) we get:
user No.0 has been picked 9, his deltas theta's mean
 is -0.0010125439148396254,
the empirical var of deltas thetas is 0.004174413625150919
the minimum of the deltas theta is -0.4970809817314148 and the maximum is 0.4738364815711975
the added laplace noise var is 0.0056626162384055476
global epoch 29 has been done artifficialy in 0.26 secs, the total time by now is 18.79 
 with avg train loss 1.679, val loss 2.161, avg val acc 21.17%
iteration: 30
user 1, emp_avg: 0.5371279192580706, h: 2.020256631716522, ucb: 2.6011219237093757,num_of_obs: 5, privacy reward: 0.9957416318719786, g: -0.0031955416444963114, curr_delay = 0.15701492983773402, data_size = 1081
user 2, emp_avg: 0.46388950580001165, h: 2.020256631716522, ucb: 2.522063961552822,num_of_obs: 5, privacy reward: 0.9957416318719786, g: -0.0025315131887043373, curr_delay = 0.18228191654651077, data_size = 1142
user 7, emp_avg: 0.5398464193253638, h: 2.2587155802564505, ucb: 2.7736445704461676,num_of_obs: 4, privacy reward: 0.9961275552793752, g: -0.005943312923775995, curr_delay = 0.07818411013529801, data_size = 552
user 11, emp_avg: 0.2714559569567848, h: 2.2587155802564505, ucb: 2.5124872933882263,num_of_obs: 4, privacy reward: 0.9961275552793752, g: -0.0018282195254190408, curr_delay = 0.14611640185038735, data_size = 889
user 12, emp_avg: 0.27060196910101214, h: 2.2587155802564505, ucb: 2.525261024713616,num_of_obs: 4, privacy reward: 0.9961275552793752, g: -0.0032864101805747405, curr_delay = 0.17432045756557632, data_size = 746
num of fast users chosen: 5, num of slow users chosen: 0
max_delay = 0.18 seconds
after cleansing the weights updates who were almost zeros (meaning with absolute value of less than 10**-7, 0.00% of the weights upadtes) we get:
user No.1 has been picked 6, his deltas theta's mean
 is -0.00036732113221660256,
the empirical var of deltas thetas is 0.0007160363020375371
the minimum of the deltas theta is -0.2760525643825531 and the maximum is 0.22335174679756165
the added laplace noise var is 0.004258368128021376
global epoch 30 has been done artifficialy in 0.18 secs, the total time by now is 18.97 
 with avg train loss 1.630, val loss 1.662, avg val acc 41.74%
iteration: 31
user 0, emp_avg: 0.8856615300986675, h: 1.5130514872237817, ucb: 2.3860087428889676,num_of_obs: 9, privacy reward: 0.9937730539102565, g: 0.009696357372894118, curr_delay = 0.05, data_size = 3816
user 17, emp_avg: 0.07169215070925497, h: 2.2695772308356728, ucb: 2.3411828623100313,num_of_obs: 4, privacy reward: 0.9961275552793752, g: 0.008988708849097065, curr_delay = 0.6940759320694497, data_size = 2197
user 21, emp_avg: 0.061618047817577334, h: 2.2695772308356728, ucb: 2.330730740778892,num_of_obs: 4, privacy reward: 0.9961275552793752, g: 0.0036570563351205876, curr_delay = 0.7876968145472664, data_size = 1860
user 26, emp_avg: 0.05905170999865579, h: 2.2695772308356728, ucb: 2.3282732540672293,num_of_obs: 4, privacy reward: 0.9961275552793752, g: 0.002317992158526867, curr_delay = 0.8267953517062658, data_size = 1739
user 27, emp_avg: 0.057413512970216574, h: 2.2695772308356728, ucb: 2.327085900295042,num_of_obs: 4, privacy reward: 0.9961275552793752, g: 0.011196257117772125, curr_delay = 0.8766871645138927, data_size = 2305
num of fast users chosen: 1, num of slow users chosen: 4
max_delay = 0.88 seconds
after cleansing the weights updates who were almost zeros (meaning with absolute value of less than 10**-7, 0.00% of the weights upadtes) we get:
user No.0 has been picked 10, his deltas theta's mean
 is -0.001713259145617485,
the empirical var of deltas thetas is 0.005440404638648033
the minimum of the deltas theta is -0.5197118520736694 and the maximum is 0.452920526266098
the added laplace noise var is 0.006226946089743524
global epoch 31 has been done artifficialy in 0.88 secs, the total time by now is 19.85 
 with avg train loss 1.679, val loss 2.083, avg val acc 25.25%
iteration: 32
user 4, emp_avg: 0.5242510115638339, h: 1.6122350719109775, ucb: 2.1384811630887084,num_of_obs: 8, privacy reward: 0.9943373837615944, g: 0.025856574467693075, curr_delay = 0.09836896878908613, data_size = 4032
user 6, emp_avg: 0.5165406081646315, h: 1.6122350719109775, ucb: 2.154294807814287,num_of_obs: 8, privacy reward: 0.9943373837615944, g: 0.012248389007125974, curr_delay = 0.16005757654900044, data_size = 3540
user 8, emp_avg: 0.43931739791548224, h: 1.861648705529517, ucb: 2.2794898261192107,num_of_obs: 6, privacy reward: 0.9953172477796345, g: 0.014299615195495158, curr_delay = 0.08800104642998449, data_size = 3014
user 13, emp_avg: 0.26925230727545085, h: 1.861648705529517, ucb: 2.1356266013938208,num_of_obs: 6, privacy reward: 0.9953172477796345, g: 0.014840713128239211, curr_delay = 0.20755605687876186, data_size = 3036
user 14, emp_avg: 0.27671449074776916, h: 1.861648705529517, ucb: 2.128381753501886,num_of_obs: 6, privacy reward: 0.9953172477796345, g: 0.0072668459486361185, curr_delay = 0.14854287723150006, data_size = 2677
num of fast users chosen: 5, num of slow users chosen: 0
max_delay = 0.21 seconds
after cleansing the weights updates who were almost zeros (meaning with absolute value of less than 10**-7, 0.00% of the weights upadtes) we get:
user No.4 has been picked 9, his deltas theta's mean
 is -0.0002914330398198217,
the empirical var of deltas thetas is 0.003037287387996912
the minimum of the deltas theta is -0.4330020248889923 and the maximum is 0.4510108232498169
the added laplace noise var is 0.0056626162384055476
global epoch 32 has been done artifficialy in 0.21 secs, the total time by now is 20.05 
 with avg train loss 1.671, val loss 2.117, avg val acc 23.83%
iteration: 33
user 0, emp_avg: 0.8960559364533341, h: 1.448414490703503, ucb: 2.3340760208021707,num_of_obs: 10, privacy reward: 0.9931524835920207, g: 0.007355182608727803, curr_delay = 0.05, data_size = 3816
user 16, emp_avg: 0.0682326721209854, h: 2.290144393307924, ucb: 2.357946105488414,num_of_obs: 4, privacy reward: 0.9961275552793752, g: 0.0002940378666998435, curr_delay = 0.7147297464408622, data_size = 1358
user 22, emp_avg: 0.060728491962023276, h: 2.290144393307924, ucb: 2.351062584726287,num_of_obs: 4, privacy reward: 0.9961275552793752, g: 0.0005944506255405384, curr_delay = 0.8337544608124183, data_size = 1429
user 24, emp_avg: 0.061160747669793916, h: 2.290144393307924, ucb: 2.3521025123447092,num_of_obs: 4, privacy reward: 0.9961275552793752, g: 0.0023747924353682347, curr_delay = 0.8624963145691551, data_size = 1668
user 28, emp_avg: 0.057652399857489246, h: 2.290144393307924, ucb: 2.348314231631309,num_of_obs: 4, privacy reward: 0.9961275552793752, g: 0.0018425045028650632, curr_delay = 0.899561348797274, data_size = 1611
num of fast users chosen: 1, num of slow users chosen: 4
max_delay = 0.90 seconds
after cleansing the weights updates who were almost zeros (meaning with absolute value of less than 10**-7, 0.00% of the weights upadtes) we get:
user No.0 has been picked 11, his deltas theta's mean
 is -0.0015049101784825325,
the empirical var of deltas thetas is 0.004891079384833574
the minimum of the deltas theta is -0.44212180376052856 and the maximum is 0.5275635719299316
the added laplace noise var is 0.006847516407979326
global epoch 33 has been done artifficialy in 0.90 secs, the total time by now is 20.95 
 with avg train loss 1.631, val loss 1.952, avg val acc 29.90%
iteration: 34
user 15, emp_avg: 0.07325825243278478, h: 2.299900168903912, ucb: 2.372377860094864,num_of_obs: 4, privacy reward: 0.9961275552793752, g: -0.0001828099121685222, curr_delay = 0.6546173657141527, data_size = 1022
user 18, emp_avg: 0.06501030645289238, h: 2.299900168903912, ucb: 2.365868944575634,num_of_obs: 4, privacy reward: 0.9961275552793752, g: -0.0001855754066198026, curr_delay = 0.8173082402038385, data_size = 1021
user 19, emp_avg: 0.06437430709445718, h: 2.299900168903912, ucb: 2.363511161410754,num_of_obs: 4, privacy reward: 0.9961275552793752, g: -0.0006114768175974813, curr_delay = 0.7415364868963938, data_size = 912
user 23, emp_avg: 0.06305993683917172, h: 2.299900168903912, ucb: 2.3639204215620366,num_of_obs: 4, privacy reward: 0.9961275552793752, g: -0.0007383879164612665, curr_delay = 0.8443282665982769, data_size = 888
user 25, emp_avg: 0.060210908932900334, h: 2.299900168903912, ucb: 2.3615692301127775,num_of_obs: 4, privacy reward: 0.9961275552793752, g: -9.707897355961394e-05, curr_delay = 0.9194844295830592, data_size = 1058
num of fast users chosen: 0, num of slow users chosen: 5
max_delay = 0.92 seconds
after cleansing the weights updates who were almost zeros (meaning with absolute value of less than 10**-7, 0.00% of the weights upadtes) we get:
user No.15 has been picked 5, his deltas theta's mean
 is -0.0007756293634884059,
the empirical var of deltas thetas is 0.0011267298832535744
the minimum of the deltas theta is -0.24866904318332672 and the maximum is 0.25580355525016785
the added laplace noise var is 0.0038724447206247873
global epoch 34 has been done artifficialy in 0.92 secs, the total time by now is 21.87 
 with avg train loss 1.577, val loss 1.649, avg val acc 40.84%
iteration: 35
user 1, emp_avg: 0.5325466387294033, h: 1.8855630621884312, ucb: 2.4226909814465016,num_of_obs: 6, privacy reward: 0.9953172477796345, g: -0.003756589972810488, curr_delay = 0.09899834355935411, data_size = 1081
user 3, emp_avg: 0.6424052223774577, h: 2.06553084551824, ucb: 2.6364171123711895,num_of_obs: 5, privacy reward: 0.9957416318719786, g: -0.004174395582310503, curr_delay = 0.05, data_size = 768
user 5, emp_avg: 0.4599233972715718, h: 2.06553084551824, ucb: 2.5341491152507047,num_of_obs: 5, privacy reward: 0.9957416318719786, g: -0.0019206349306388286, curr_delay = 0.12006271068427155, data_size = 972
user 7, emp_avg: 0.5205101632971769, h: 2.06553084551824, ucb: 2.6053772648436038,num_of_obs: 5, privacy reward: 0.9957416318719786, g: -0.007502451777143797, curr_delay = 0.11797213919837479, data_size = 552
user 9, emp_avg: 0.44750852640390687, h: 2.06553084551824, ucb: 2.545347011614036,num_of_obs: 5, privacy reward: 0.9957416318719786, g: -0.004469060180632497, curr_delay = 0.17484331454734173, data_size = 746
num of fast users chosen: 5, num of slow users chosen: 0
max_delay = 0.17 seconds
after cleansing the weights updates who were almost zeros (meaning with absolute value of less than 10**-7, 0.00% of the weights upadtes) we get:
user No.1 has been picked 7, his deltas theta's mean
 is -0.0004562421818263829,
the empirical var of deltas thetas is 0.0006798320100642741
the minimum of the deltas theta is -0.2328898161649704 and the maximum is 0.21203656494617462
the added laplace noise var is 0.0046827522203654725
global epoch 35 has been done artifficialy in 0.17 secs, the total time by now is 22.05 
 with avg train loss 1.616, val loss 1.602, avg val acc 42.18%
iteration: 36
user 4, emp_avg: 0.5718259104074506, h: 1.5456431106945119, ucb: 2.069894122258346,num_of_obs: 9, privacy reward: 0.9937730539102565, g: 0.025856574467693075, curr_delay = 0.05, data_size = 4032
user 6, emp_avg: 0.5648865473481683, h: 1.5456431106945119, ucb: 2.0621837188591434,num_of_obs: 9, privacy reward: 0.9937730539102565, g: 0.012248389007125974, curr_delay = 0.05, data_size = 3540
user 8, emp_avg: 0.4440618931592309, h: 1.7525945513819814, ucb: 2.1919119492974635,num_of_obs: 7, privacy reward: 0.9948505700545137, g: 0.012686993303140926, curr_delay = 0.10476176590726421, data_size = 3014
user 17, emp_avg: 0.07116980240766331, h: 2.0736978386802964, ucb: 2.1453899893895514,num_of_obs: 5, privacy reward: 0.9957416318719786, g: 0.007216871308979839, curr_delay = 0.7293088419339342, data_size = 2197
user 27, emp_avg: 0.05724187839020515, h: 2.0736978386802964, ucb: 2.131111351650513,num_of_obs: 5, privacy reward: 0.9957416318719786, g: 0.009207503402610118, curr_delay = 0.8867810223777601, data_size = 2305
num of fast users chosen: 3, num of slow users chosen: 2
max_delay = 0.89 seconds
after cleansing the weights updates who were almost zeros (meaning with absolute value of less than 10**-7, 0.00% of the weights upadtes) we get:
user No.4 has been picked 10, his deltas theta's mean
 is -0.000749752449337393,
the empirical var of deltas thetas is 0.0025902329944074154
the minimum of the deltas theta is -0.3179183602333069 and the maximum is 0.3828873038291931
the added laplace noise var is 0.006226946089743524
global epoch 36 has been done artifficialy in 0.89 secs, the total time by now is 22.93 
 with avg train loss 1.628, val loss 1.965, avg val acc 29.03%
iteration: 37
user 2, emp_avg: 0.5404767192571528, h: 1.9002415406058841, ucb: 2.3641310464058956,num_of_obs: 6, privacy reward: 0.9953172477796345, g: -0.0020985231638045235, curr_delay = 0.05, data_size = 1142
user 10, emp_avg: 0.2859385089910351, h: 2.081610312996424, ucb: 2.378537061210239,num_of_obs: 5, privacy reward: 0.9957416318719786, g: 0.0001638834267596123, curr_delay = 0.21645273435104512, data_size = 1452
user 11, emp_avg: 0.2793708083071447, h: 2.081610312996424, ucb: 2.3530662699532088,num_of_obs: 5, privacy reward: 0.9957416318719786, g: -0.001985547758637735, curr_delay = 0.15676680870029921, data_size = 889
user 20, emp_avg: 0.06535032338558279, h: 2.327311081262309, ucb: 2.3920499796144217,num_of_obs: 4, privacy reward: 0.9961275552793752, g: -0.0010502557542940664, curr_delay = 0.7375063817075613, data_size = 743
user 29, emp_avg: 0.05569239500485183, h: 2.327311081262309, ucb: 2.3826946089481478,num_of_obs: 4, privacy reward: 0.9961275552793752, g: -0.000702161342309069, curr_delay = 0.87830451100855, data_size = 801
num of fast users chosen: 3, num of slow users chosen: 2
max_delay = 0.88 seconds
after cleansing the weights updates who were almost zeros (meaning with absolute value of less than 10**-7, 0.00% of the weights upadtes) we get:
user No.2 has been picked 7, his deltas theta's mean
 is 0.0005570740322582424,
the empirical var of deltas thetas is 0.0007674075895920396
the minimum of the deltas theta is -0.30086803436279297 and the maximum is 0.28170573711395264
the added laplace noise var is 0.0046827522203654725
global epoch 37 has been done artifficialy in 0.88 secs, the total time by now is 23.81 
 with avg train loss 1.515, val loss 1.728, avg val acc 39.86%
iteration: 38
user 0, emp_avg: 0.9047179417488896, h: 1.408594301175928, ucb: 2.304650237629262,num_of_obs: 11, privacy reward: 0.9924700679463443, g: 0.00986425980389838, curr_delay = 0.05, data_size = 3816
user 4, emp_avg: 0.5606241058904448, h: 1.4773461665553647, ucb: 2.0491720769628152,num_of_obs: 10, privacy reward: 0.9931524835920207, g: 0.02179813107659206, curr_delay = 0.11145636311669162, data_size = 4032
user 6, emp_avg: 0.5344804069339406, h: 1.4773461665553647, ucb: 2.042232713903533,num_of_obs: 10, privacy reward: 0.9931524835920207, g: 0.009509086565699194, curr_delay = 0.21699599162490968, data_size = 3540
user 8, emp_avg: 0.42812070895992516, h: 1.651723227358261, ucb: 2.0957851205174918,num_of_obs: 8, privacy reward: 0.9943373837615944, g: 0.009322806747870617, curr_delay = 0.16633884863344928, data_size = 3014
user 13, emp_avg: 0.27670530645889624, h: 1.765766404157466, ucb: 2.035018711432917,num_of_obs: 7, privacy reward: 0.9948505700545137, g: 0.015652997354923173, curr_delay = 0.15203284604891712, data_size = 3036
num of fast users chosen: 5, num of slow users chosen: 0
max_delay = 0.22 seconds
after cleansing the weights updates who were almost zeros (meaning with absolute value of less than 10**-7, 0.00% of the weights upadtes) we get:
user No.0 has been picked 12, his deltas theta's mean
 is -0.0011404793476685882,
the empirical var of deltas thetas is 0.012006250210106373
the minimum of the deltas theta is -0.4972906708717346 and the maximum is 0.8179416060447693
the added laplace noise var is 0.007529932053655754
global epoch 38 has been done artifficialy in 0.22 secs, the total time by now is 24.03 
 with avg train loss 1.633, val loss 2.166, avg val acc 20.78%
iteration: 39
user 3, emp_avg: 0.6273337659548137, h: 1.9140432717495302, ucb: 2.556448494126988,num_of_obs: 6, privacy reward: 0.9953172477796345, g: -0.0057151443321415635, curr_delay = 0.09312633975577339, data_size = 768
user 5, emp_avg: 0.5370771976613472, h: 1.9140432717495302, ucb: 2.373966669021102,num_of_obs: 6, privacy reward: 0.9953172477796345, g: -0.003004581185969992, curr_delay = 0.05, data_size = 972
user 7, emp_avg: 0.5297958330477556, h: 1.9140432717495302, ucb: 2.4345534350467073,num_of_obs: 6, privacy reward: 0.9953172477796345, g: -0.009526873756445337, curr_delay = 0.08539565964181803, data_size = 552
user 9, emp_avg: 0.4197720173092613, h: 1.9140432717495302, ucb: 2.361551798153437,num_of_obs: 6, privacy reward: 0.9953172477796345, g: -0.006059071944576292, curr_delay = 0.1973531292430074, data_size = 746
user 12, emp_avg: 0.26478404462201194, h: 2.0967293519564167, ucb: 2.3673313210574287,num_of_obs: 5, privacy reward: 0.9957416318719786, g: -0.002724737178759099, curr_delay = 0.2121390889422158, data_size = 746
num of fast users chosen: 5, num of slow users chosen: 0
max_delay = 0.21 seconds
after cleansing the weights updates who were almost zeros (meaning with absolute value of less than 10**-7, 0.00% of the weights upadtes) we get:
user No.3 has been picked 7, his deltas theta's mean
 is -0.001033125096000731,
the empirical var of deltas thetas is 0.0013739257119596004
the minimum of the deltas theta is -0.2698955535888672 and the maximum is 0.2751521170139313
the added laplace noise var is 0.0046827522203654725
global epoch 39 has been done artifficialy in 0.21 secs, the total time by now is 24.24 
 with avg train loss 1.579, val loss 1.576, avg val acc 43.45%
iteration: 40
user 0, emp_avg: 0.9120473308451289, h: 1.3581015157406195, ucb: 2.2628194574895093,num_of_obs: 12, privacy reward: 0.9917196435386996, g: 0.007884137231601755, curr_delay = 0.05, data_size = 3816
user 21, emp_avg: 0.0613897132395135, h: 2.103961821168988, ucb: 2.165579868986565,num_of_obs: 5, privacy reward: 0.9957416318719786, g: 0.004161005765344559, curr_delay = 0.8299025115207533, data_size = 1860
user 24, emp_avg: 0.061088428048624493, h: 2.103961821168988, ucb: 2.1651225688387816,num_of_obs: 5, privacy reward: 0.9957416318719786, g: 0.002019959839039552, curr_delay = 0.8233592968234104, data_size = 1668
user 26, emp_avg: 0.058432022150608054, h: 2.103961821168988, ucb: 2.1630135311676435,num_of_obs: 5, privacy reward: 0.9957416318719786, g: 0.002722521675188648, curr_delay = 0.9036103821614293, data_size = 1739
user 28, emp_avg: 0.05714707483744186, h: 2.103961821168988, ucb: 2.1616142210264773,num_of_obs: 5, privacy reward: 0.9957416318719786, g: 0.0015316676458963581, curr_delay = 0.9154080612767693, data_size = 1611
num of fast users chosen: 1, num of slow users chosen: 4
max_delay = 0.92 seconds
after cleansing the weights updates who were almost zeros (meaning with absolute value of less than 10**-7, 0.00% of the weights upadtes) we get:
user No.0 has been picked 13, his deltas theta's mean
 is -0.0007565811392851174,
the empirical var of deltas thetas is 0.004761335905641317
the minimum of the deltas theta is -0.40867990255355835 and the maximum is 0.48279455304145813
the added laplace noise var is 0.008280356461300431
global epoch 40 has been done artifficialy in 0.92 secs, the total time by now is 25.16 
 with avg train loss 1.629, val loss 1.992, avg val acc 27.20%
iteration: 41
user 0, emp_avg: 0.8833817630320552, h: 1.3091815529096456, ucb: 2.2212288837547742,num_of_obs: 13, privacy reward: 0.9908944326937303, g: 0.005143685756165187, curr_delay = 0.0978992041868864, data_size = 3816
user 10, emp_avg: 0.27656731567696935, h: 1.9270630676509546, ucb: 2.2130015766419895,num_of_obs: 6, privacy reward: 0.9953172477796345, g: 2.545198946638543e-06, curr_delay = 0.22692186914431225, data_size = 1452
user 15, emp_avg: 0.0733879842064204, h: 2.1109918237750636, ucb: 2.1842500762078485,num_of_obs: 5, privacy reward: 0.9957416318719786, g: -0.0003177264280561168, curr_delay = 0.6753412624289377, data_size = 1022
user 16, emp_avg: 0.06809979855302122, h: 2.1109918237750636, ucb: 2.179224495896049,num_of_obs: 5, privacy reward: 0.9957416318719786, g: 0.00026923670893297966, curr_delay = 0.7414499984829585, data_size = 1358
user 18, emp_avg: 0.06544354678427212, h: 2.1109918237750636, ucb: 2.176002130227956,num_of_obs: 5, privacy reward: 0.9957416318719786, g: -0.0003213689802126781, curr_delay = 0.7395383232864186, data_size = 1021
num of fast users chosen: 2, num of slow users chosen: 3
max_delay = 0.74 seconds
after cleansing the weights updates who were almost zeros (meaning with absolute value of less than 10**-7, 0.00% of the weights upadtes) we get:
user No.0 has been picked 14, his deltas theta's mean
 is -0.0016944759991019964,
the empirical var of deltas thetas is 0.004115797579288483
the minimum of the deltas theta is -0.3922921121120453 and the maximum is 0.4892241358757019
the added laplace noise var is 0.009105567306269659
global epoch 41 has been done artifficialy in 0.74 secs, the total time by now is 25.90 
 with avg train loss 1.557, val loss 1.787, avg val acc 37.76%
iteration: 42
user 4, emp_avg: 0.5745990081385443, h: 1.4278406363106562, ucb: 1.988464742201101,num_of_obs: 11, privacy reward: 0.9924700679463443, g: 0.022169731246791193, curr_delay = 0.06865086590522987, data_size = 4032
user 8, emp_avg: 0.45160473264805434, h: 1.5785372170215834, ucb: 2.0066579259815085,num_of_obs: 9, privacy reward: 0.9937730539102565, g: 0.008610964767162851, curr_delay = 0.075419223882873, data_size = 3014
user 14, emp_avg: 0.26993846298643753, h: 1.7898929620710449, ucb: 2.066607452818814,num_of_obs: 7, privacy reward: 0.9948505700545137, g: 0.011252781945126753, curr_delay = 0.2247127701244695, data_size = 2677
user 17, emp_avg: 0.07096757203076455, h: 1.933305360847936, ucb: 2.0044751632555995,num_of_obs: 6, privacy reward: 0.9953172477796345, g: 0.00655839477144307, curr_delay = 0.7168028209533337, data_size = 2197
user 27, emp_avg: 0.059393042233004005, h: 1.933305360847936, ucb: 1.9905472392381411,num_of_obs: 6, privacy reward: 0.9953172477796345, g: 0.008461696976418957, curr_delay = 0.6915626903253095, data_size = 2305
num of fast users chosen: 3, num of slow users chosen: 2
max_delay = 0.72 seconds
after cleansing the weights updates who were almost zeros (meaning with absolute value of less than 10**-7, 0.00% of the weights upadtes) we get:
user No.4 has been picked 12, his deltas theta's mean
 is -8.553241059416905e-05,
the empirical var of deltas thetas is 0.0028284075669944286
the minimum of the deltas theta is -0.32757169008255005 and the maximum is 0.4131525456905365
the added laplace noise var is 0.007529932053655754
global epoch 42 has been done artifficialy in 0.72 secs, the total time by now is 26.62 
 with avg train loss 1.602, val loss 1.918, avg val acc 29.50%
iteration: 43
user 1, emp_avg: 0.5448671503153886, h: 1.7955182576213544, ucb: 2.3280648963507575,num_of_obs: 7, privacy reward: 0.9948505700545137, g: -0.0027723545313497093, curr_delay = 0.07922539977685852, data_size = 1081
user 2, emp_avg: 0.5979171293500087, h: 1.7955182576213544, ucb: 2.3359949768785073,num_of_obs: 7, privacy reward: 0.9948505700545137, g: -0.0021565041924252095, curr_delay = 0.05, data_size = 1142
user 3, emp_avg: 0.5971538784715643, h: 1.7955182576213544, ucb: 2.4228520235761684,num_of_obs: 7, privacy reward: 0.9948505700545137, g: -0.0071475387064877365, curr_delay = 0.12956903630404654, data_size = 768
user 5, emp_avg: 0.5094476247187721, h: 1.7955182576213544, ucb: 2.3325954552827017,num_of_obs: 7, privacy reward: 0.9948505700545137, g: -0.0040651595764209, curr_delay = 0.1582075143699629, data_size = 972
user 7, emp_avg: 0.4853546381483139, h: 1.7955182576213544, ucb: 2.32531409066911,num_of_obs: 7, privacy reward: 0.9948505700545137, g: -0.011352955643151202, curr_delay = 0.28691724964751286, data_size = 552
num of fast users chosen: 5, num of slow users chosen: 0
max_delay = 0.29 seconds
after cleansing the weights updates who were almost zeros (meaning with absolute value of less than 10**-7, 0.00% of the weights upadtes) we get:
user No.1 has been picked 8, his deltas theta's mean
 is -0.0001753709657350555,
the empirical var of deltas thetas is 0.0007013902068138123
the minimum of the deltas theta is -0.22616781294345856 and the maximum is 0.25079575181007385
the added laplace noise var is 0.005149429945486311
global epoch 43 has been done artifficialy in 0.29 secs, the total time by now is 26.90 
 with avg train loss 1.570, val loss 1.502, avg val acc 46.24%
iteration: 44
user 19, emp_avg: 0.06511594986360707, h: 2.1309686906902017, ucb: 2.195342997784659,num_of_obs: 5, privacy reward: 0.9957416318719786, g: -0.00042920909271774744, curr_delay = 0.726489030962284, data_size = 912
user 20, emp_avg: 0.06572860080907621, h: 2.1309686906902017, ucb: 2.1963190140757844,num_of_obs: 5, privacy reward: 0.9957416318719786, g: -0.0014391328998872891, curr_delay = 0.7394263372882556, data_size = 743
user 22, emp_avg: 0.061643119355842595, h: 2.1309686906902017, ucb: 2.191697182652225,num_of_obs: 5, privacy reward: 0.9957416318719786, g: 0.0010212572459052565, curr_delay = 0.7551015834334989, data_size = 1429
user 23, emp_avg: 0.06246153877996028, h: 2.1309686906902017, ucb: 2.194028627529373,num_of_obs: 5, privacy reward: 0.9957416318719786, g: -0.0005365059919907068, curr_delay = 0.8407664304620324, data_size = 888
user 25, emp_avg: 0.06082447809692846, h: 2.1309686906902017, ucb: 2.191179599623102,num_of_obs: 5, privacy reward: 0.9957416318719786, g: -3.413096285740503e-05, curr_delay = 0.782566620442527, data_size = 1058
num of fast users chosen: 0, num of slow users chosen: 5
max_delay = 0.84 seconds
after cleansing the weights updates who were almost zeros (meaning with absolute value of less than 10**-7, 0.00% of the weights upadtes) we get:
user No.19 has been picked 6, his deltas theta's mean
 is -0.0002179995644837618,
the empirical var of deltas thetas is 0.0009480863809585571
the minimum of the deltas theta is -0.21689781546592712 and the maximum is 0.24054944515228271
the added laplace noise var is 0.004258368128021376
global epoch 44 has been done artifficialy in 0.84 secs, the total time by now is 27.74 
 with avg train loss 1.507, val loss 1.611, avg val acc 43.94%
iteration: 45
user 4, emp_avg: 0.5523961183543714, h: 1.3796127155419957, ucb: 1.9542117236805399,num_of_obs: 12, privacy reward: 0.9917196435386996, g: 0.020774359037795526, curr_delay = 0.1748487482609224, data_size = 4032
user 6, emp_avg: 0.5234406494776372, h: 1.4409584858893534, ucb: 1.975438892823294,num_of_obs: 11, privacy reward: 0.9924700679463443, g: 0.013508946984019493, curr_delay = 0.12437708304530704, data_size = 3540
user 8, emp_avg: 0.44154107134011683, h: 1.5112900098466184, ucb: 1.9628947424946728,num_of_obs: 10, privacy reward: 0.9931524835920207, g: 0.007201011906563506, curr_delay = 0.14666865976201873, data_size = 3014
user 13, emp_avg: 0.27953141839508744, h: 1.6896735978666826, ucb: 1.9663789043255788,num_of_obs: 8, privacy reward: 0.9943373837615944, g: 0.017304004897891356, curr_delay = 0.1654860265323425, data_size = 3036
user 14, emp_avg: 0.2616879208762247, h: 1.6896735978666826, ucb: 1.9596120608531202,num_of_obs: 8, privacy reward: 0.9943373837615944, g: 0.009018924722307054, curr_delay = 0.25551453514567485, data_size = 2677
num of fast users chosen: 5, num of slow users chosen: 0
max_delay = 0.26 seconds
after cleansing the weights updates who were almost zeros (meaning with absolute value of less than 10**-7, 0.00% of the weights upadtes) we get:
user No.4 has been picked 13, his deltas theta's mean
 is -0.0011584785534068942,
the empirical var of deltas thetas is 0.003722277469933033
the minimum of the deltas theta is -0.42836588621139526 and the maximum is 0.4917573928833008
the added laplace noise var is 0.008280356461300431
global epoch 45 has been done artifficialy in 0.26 secs, the total time by now is 28.00 
 with avg train loss 1.591, val loss 1.969, avg val acc 30.29%
iteration: 46
user 0, emp_avg: 0.8911563121632515, h: 1.2809552344953514, ucb: 2.1643369975274065,num_of_obs: 14, privacy reward: 0.9899869822807138, g: 0.007130930699028925, curr_delay = 0.05, data_size = 3816
user 2, emp_avg: 0.6250294072223794, h: 1.694544495540563, ucb: 2.2924616248905716,num_of_obs: 8, privacy reward: 0.9943373837615944, g: -0.0033132136730801183, curr_delay = 0.05938752715366122, data_size = 1142
user 11, emp_avg: 0.2770425899125485, h: 1.9566914413082854, ucb: 2.23606224961543,num_of_obs: 6, privacy reward: 0.9953172477796345, g: -0.0015887504908974892, curr_delay = 0.1900611118182862, data_size = 889
user 12, emp_avg: 0.31771926877544004, h: 1.9566914413082854, ucb: 2.221475485930297,num_of_obs: 6, privacy reward: 0.9953172477796345, g: -0.0029624800653352697, curr_delay = 0.07869918263363244, data_size = 746
user 29, emp_avg: 0.05552602547078333, h: 2.143448080963687, ucb: 2.199140475968539,num_of_obs: 5, privacy reward: 0.9957416318719786, g: -0.0007336444200922428, curr_delay = 0.9141740859956223, data_size = 801
num of fast users chosen: 4, num of slow users chosen: 1
max_delay = 0.91 seconds
after cleansing the weights updates who were almost zeros (meaning with absolute value of less than 10**-7, 0.00% of the weights upadtes) we get:
user No.0 has been picked 15, his deltas theta's mean
 is -0.001398818101733923,
the empirical var of deltas thetas is 0.004434656817466021
the minimum of the deltas theta is -0.4171020984649658 and the maximum is 0.5224473476409912
the added laplace noise var is 0.010013017719286166
global epoch 46 has been done artifficialy in 0.91 secs, the total time by now is 28.91 
 with avg train loss 1.480, val loss 1.710, avg val acc 42.79%
iteration: 47
user 1, emp_avg: 0.595437466947012, h: 1.69929711977704, ucb: 2.2441642700924285,num_of_obs: 8, privacy reward: 0.9943373837615944, g: -0.0036090322241943695, curr_delay = 0.05, data_size = 1081
user 2, emp_avg: 0.6114081847742299, h: 1.6021126888601518, ucb: 2.227142096082531,num_of_obs: 9, privacy reward: 0.9937730539102565, g: -0.005645544732938635, curr_delay = 0.102287729984534, data_size = 1142
user 3, emp_avg: 0.5771921794440547, h: 1.69929711977704, ucb: 2.2964509982486043,num_of_obs: 8, privacy reward: 0.9943373837615944, g: -0.00845759538508641, curr_delay = 0.11976088430013371, data_size = 768
user 5, emp_avg: 0.5163786495021301, h: 1.69929711977704, ucb: 2.208744744495812,num_of_obs: 8, privacy reward: 0.9943373837615944, g: -0.005066688098170313, curr_delay = 0.08743905641205403, data_size = 972
user 9, emp_avg: 0.41722546274009625, h: 1.8166250344392698, ucb: 2.236397051748531,num_of_obs: 7, privacy reward: 0.9948505700545137, g: -0.0053187932316081645, curr_delay = 0.12518791308034258, data_size = 746
num of fast users chosen: 5, num of slow users chosen: 0
max_delay = 0.13 seconds
after cleansing the weights updates who were almost zeros (meaning with absolute value of less than 10**-7, 0.00% of the weights upadtes) we get:
user No.1 has been picked 9, his deltas theta's mean
 is -0.0010548573918640614,
the empirical var of deltas thetas is 0.0006879792781546712
the minimum of the deltas theta is -0.23343342542648315 and the maximum is 0.27063697576522827
the added laplace noise var is 0.0056626162384055476
global epoch 47 has been done artifficialy in 0.13 secs, the total time by now is 29.04 
 with avg train loss 1.524, val loss 1.464, avg val acc 47.26%
iteration: 48
user 4, emp_avg: 0.5519432623294458, h: 1.3366780311206454, ucb: 1.8890741494750167,num_of_obs: 13, privacy reward: 0.9908944326937303, g: 0.0195906107358767, curr_delay = 0.091565677750457, data_size = 4032
user 6, emp_avg: 0.521594314240938, h: 1.3912586048085904, ucb: 1.9146992542862278,num_of_obs: 12, privacy reward: 0.9917196435386996, g: 0.012248389007125974, curr_delay = 0.10011246806845295, data_size = 3540
user 13, emp_avg: 0.2757488634713762, h: 1.6064870599972458, ucb: 1.8860184783923333,num_of_obs: 9, privacy reward: 0.9937730539102565, g: 0.014840713128239211, curr_delay = 0.20686299498718713, data_size = 3036
user 17, emp_avg: 0.06996411177319725, h: 1.8215851050840053, ucb: 1.8925526771147698,num_of_obs: 7, privacy reward: 0.9948505700545137, g: 0.006085205357708479, curr_delay = 0.7944087608613972, data_size = 2197
user 27, emp_avg: 0.0589669753867171, h: 1.8215851050840053, ucb: 1.8809781473170093,num_of_obs: 7, privacy reward: 0.9948505700545137, g: 0.00792301014619357, curr_delay = 0.893104222329811, data_size = 2305
num of fast users chosen: 3, num of slow users chosen: 2
max_delay = 0.89 seconds
after cleansing the weights updates who were almost zeros (meaning with absolute value of less than 10**-7, 0.00% of the weights upadtes) we get:
user No.4 has been picked 14, his deltas theta's mean
 is 6.952121475478634e-05,
the empirical var of deltas thetas is 0.003241203259676695
the minimum of the deltas theta is -0.3714176118373871 and the maximum is 0.36160793900489807
the added laplace noise var is 0.009105567306269659
global epoch 48 has been done artifficialy in 0.89 secs, the total time by now is 29.93 
 with avg train loss 1.561, val loss 1.820, avg val acc 35.76%
iteration: 49
user 0, emp_avg: 0.8704238419634972, h: 1.2476891116156503, ucb: 2.1388454237789016,num_of_obs: 15, privacy reward: 0.9889890963984523, g: 0.006834364499362276, curr_delay = 0.0893756023666386, data_size = 3816
user 21, emp_avg: 0.06083435826087288, h: 1.9727697022487511, ucb: 2.0341594154882645,num_of_obs: 6, privacy reward: 0.9953172477796345, g: 0.004496624992814519, curr_delay = 0.8695315190522162, data_size = 1860
user 24, emp_avg: 0.06080742533542681, h: 1.9727697022487511, ucb: 2.0338581302973755,num_of_obs: 6, privacy reward: 0.9953172477796345, g: 0.0022557734794759216, curr_delay = 0.8457173263992455, data_size = 1668
user 26, emp_avg: 0.0584725179794174, h: 1.9727697022487511, ucb: 2.0312017243993594,num_of_obs: 6, privacy reward: 0.9953172477796345, g: 0.002995242589996814, curr_delay = 0.8515639993117684, data_size = 1739
user 28, emp_avg: 0.05653945735818321, h: 1.9727697022487511, ucb: 2.029916777086193,num_of_obs: 6, privacy reward: 0.9953172477796345, g: 0.0017378515026821304, curr_delay = 0.9452912235035418, data_size = 1611
num of fast users chosen: 1, num of slow users chosen: 4
max_delay = 0.95 seconds
after cleansing the weights updates who were almost zeros (meaning with absolute value of less than 10**-7, 0.00% of the weights upadtes) we get:
user No.0 has been picked 16, his deltas theta's mean
 is -0.0019091928843408823,
the empirical var of deltas thetas is 0.00493601942434907
the minimum of the deltas theta is -0.4546580910682678 and the maximum is 0.4756196141242981
the added laplace noise var is 0.01101090360154761
global epoch 49 has been done artifficialy in 0.95 secs, the total time by now is 30.88 
 with avg train loss 1.556, val loss 1.846, avg val acc 34.05%
iteration: 50
user 0, emp_avg: 0.8477650094989425, h: 1.2112013156513473, ucb: 2.0816251576148446,num_of_obs: 16, privacy reward: 0.9878917623516182, g: 0.00473243066002763, curr_delay = 0.10304525731872653, data_size = 3816
user 10, emp_avg: 0.31483474971625947, h: 1.8311642679129767, ucb: 2.107731583589946,num_of_obs: 7, privacy reward: 0.9948505700545137, g: 6.299329236312394e-05, curr_delay = 0.0858064485096531, data_size = 1452
user 15, emp_avg: 0.07310765818039773, h: 1.977883466088977, ucb: 2.0512714502953973,num_of_obs: 6, privacy reward: 0.9953172477796345, g: -0.00025197316945249707, curr_delay = 0.7000281212919142, data_size = 1022
user 16, emp_avg: 0.07042489181210985, h: 1.977883466088977, ucb: 2.045983264641998,num_of_obs: 6, privacy reward: 0.9953172477796345, g: 0.0003370768799977373, curr_delay = 0.592589422517362, data_size = 1358
user 18, emp_avg: 0.06515586610910808, h: 1.977883466088977, ucb: 2.0433270128732492,num_of_obs: 6, privacy reward: 0.9953172477796345, g: -0.0002552181221159977, curr_delay = 0.7882732429094995, data_size = 1021
num of fast users chosen: 2, num of slow users chosen: 3
max_delay = 0.79 seconds
after cleansing the weights updates who were almost zeros (meaning with absolute value of less than 10**-7, 0.00% of the weights upadtes) we get:
user No.0 has been picked 17, his deltas theta's mean
 is -0.002212870866060257,
the empirical var of deltas thetas is 0.004779424984008074
the minimum of the deltas theta is -0.424905002117157 and the maximum is 0.432017058134079
the added laplace noise var is 0.012108237648381728
global epoch 50 has been done artifficialy in 0.79 secs, the total time by now is 31.66 
 with avg train loss 1.507, val loss 1.728, avg val acc 40.30%
iteration: 51
user 19, emp_avg: 0.06512056075758875, h: 1.98288316164224, ucb: 2.047999111505847,num_of_obs: 6, privacy reward: 0.9953172477796345, g: -0.0006114768175974813, curr_delay = 0.7674806050247222, data_size = 912
user 20, emp_avg: 0.06574972392757557, h: 1.98288316164224, ucb: 2.048611762451316,num_of_obs: 6, privacy reward: 0.9953172477796345, g: -0.0017595172802190896, curr_delay = 0.7589964305509656, data_size = 743
user 22, emp_avg: 0.061789196205530916, h: 1.98288316164224, ucb: 2.0445262809980824,num_of_obs: 6, privacy reward: 0.9953172477796345, g: 0.0007810024212659466, curr_delay = 0.7978851918478015, data_size = 1429
user 23, emp_avg: 0.06170173527334664, h: 1.98288316164224, ucb: 2.0453447004222003,num_of_obs: 6, privacy reward: 0.9953172477796345, g: -0.0007383879164612665, curr_delay = 0.874999125797882, data_size = 888
user 25, emp_avg: 0.061711145236783956, h: 1.98288316164224, ucb: 2.0437076397391682,num_of_obs: 6, privacy reward: 0.9953172477796345, g: -9.707897355961394e-05, curr_delay = 0.745921880129099, data_size = 1058
num of fast users chosen: 0, num of slow users chosen: 5
max_delay = 0.87 seconds
after cleansing the weights updates who were almost zeros (meaning with absolute value of less than 10**-7, 0.00% of the weights upadtes) we get:
user No.19 has been picked 7, his deltas theta's mean
 is -0.0018074349500238895,
the empirical var of deltas thetas is 0.001009354367852211
the minimum of the deltas theta is -0.26325103640556335 and the maximum is 0.2573414146900177
the added laplace noise var is 0.0046827522203654725
global epoch 51 has been done artifficialy in 0.87 secs, the total time by now is 32.54 
 with avg train loss 1.467, val loss 1.502, avg val acc 46.83%
iteration: 52
user 4, emp_avg: 0.5818137115074827, h: 1.301303256395805, ucb: 1.8532465187252507,num_of_obs: 14, privacy reward: 0.9899869822807138, g: 0.020041789405582495, curr_delay = 0.05, data_size = 4032
user 6, emp_avg: 0.5557661489380139, h: 1.3504262094011585, ucb: 1.8720205236420966,num_of_obs: 13, privacy reward: 0.9908944326937303, g: 0.012248389007125974, curr_delay = 0.05, data_size = 3540
user 8, emp_avg: 0.4266318929962476, h: 1.4680680660306458, ucb: 1.9096091373707627,num_of_obs: 11, privacy reward: 0.9924700679463443, g: 0.009128376363644383, curr_delay = 0.19038123106420424, data_size = 3014
user 13, emp_avg: 0.2863864373107221, h: 1.5397227773689837, ucb: 1.81547164084036,num_of_obs: 10, privacy reward: 0.9931524835920207, g: 0.013692457171892958, curr_delay = 0.12730350092993378, data_size = 3036
user 14, emp_avg: 0.2581847286418347, h: 1.6230103139087826, ucb: 1.8846982347850072,num_of_obs: 9, privacy reward: 0.9937730539102565, g: 0.009933884478750935, curr_delay = 0.2205986178339292, data_size = 2677
num of fast users chosen: 5, num of slow users chosen: 0
max_delay = 0.22 seconds
after cleansing the weights updates who were almost zeros (meaning with absolute value of less than 10**-7, 0.00% of the weights upadtes) we get:
user No.4 has been picked 15, his deltas theta's mean
 is -0.0016010792460292578,
the empirical var of deltas thetas is 0.0033529207576066256
the minimum of the deltas theta is -0.3246266841888428 and the maximum is 0.49889838695526123
the added laplace noise var is 0.010013017719286166
global epoch 52 has been done artifficialy in 0.22 secs, the total time by now is 32.76 
 with avg train loss 1.539, val loss 1.772, avg val acc 37.76%
iteration: 53
user 1, emp_avg: 0.6358937202523108, h: 1.6269177224744387, ucb: 2.222355189421451,num_of_obs: 9, privacy reward: 0.9937730539102565, g: -0.0035609595635910356, curr_delay = 0.05, data_size = 1081
user 2, emp_avg: 0.5996268074524601, h: 1.543429670613881, ucb: 2.154837855388111,num_of_obs: 10, privacy reward: 0.9931524835920207, g: -0.005231154951409718, curr_delay = 0.10377469359958737, data_size = 1142
user 5, emp_avg: 0.4995486247809751, h: 1.6269177224744387, ucb: 2.143296371976569,num_of_obs: 9, privacy reward: 0.9937730539102565, g: -0.005009698977638797, curr_delay = 0.14364579839187866, data_size = 972
user 9, emp_avg: 0.3986298177016627, h: 1.7256068309913737, ucb: 2.14283229373147,num_of_obs: 8, privacy reward: 0.9943373837615944, g: -0.005615596403536646, curr_delay = 0.20010833273278175, data_size = 746
user 12, emp_avg: 0.3080102195859663, h: 1.8447512988132702, ucb: 2.16247056758871,num_of_obs: 7, privacy reward: 0.9948505700545137, g: -0.0031437729744778413, curr_delay = 0.2082926509495981, data_size = 746
num of fast users chosen: 5, num of slow users chosen: 0
max_delay = 0.21 seconds
after cleansing the weights updates who were almost zeros (meaning with absolute value of less than 10**-7, 0.00% of the weights upadtes) we get:
user No.1 has been picked 10, his deltas theta's mean
 is -0.0006487288046628237,
the empirical var of deltas thetas is 0.0007559143123216927
the minimum of the deltas theta is -0.20463165640830994 and the maximum is 0.28690940141677856
the added laplace noise var is 0.006226946089743524
global epoch 53 has been done artifficialy in 0.21 secs, the total time by now is 32.97 
 with avg train loss 1.482, val loss 1.437, avg val acc 48.04%
iteration: 54
user 0, emp_avg: 0.8562225089712235, h: 1.1865398106750582, ucb: 2.034304820174001,num_of_obs: 17, privacy reward: 0.9866850692499858, g: 0.0054727222128774355, curr_delay = 0.05, data_size = 3816
user 10, emp_avg: 0.3821232292536751, h: 1.7296641393412786, ucb: 2.044498889057538,num_of_obs: 8, privacy reward: 0.9943373837615944, g: -4.465477627236137e-08, curr_delay = 0.054322373365309776, data_size = 1452
user 11, emp_avg: 0.26982707343117424, h: 1.849088743886939, ucb: 2.1261313337994876,num_of_obs: 7, privacy reward: 0.9948505700545137, g: -0.0015252133627121174, curr_delay = 0.22797898745926296, data_size = 889
user 12, emp_avg: 0.30043410218018174, h: 1.7296641393412786, ucb: 2.037674358927245,num_of_obs: 8, privacy reward: 0.9943373837615944, g: -0.005204473222012812, curr_delay = 0.2084852122618166, data_size = 746
user 29, emp_avg: 0.055266975313660587, h: 1.997244112912659, ucb: 2.0527701383834422,num_of_obs: 6, privacy reward: 0.9953172477796345, g: -0.0008703284814206618, curr_delay = 0.9308789887227458, data_size = 801
num of fast users chosen: 4, num of slow users chosen: 1
max_delay = 0.93 seconds
after cleansing the weights updates who were almost zeros (meaning with absolute value of less than 10**-7, 0.00% of the weights upadtes) we get:
user No.0 has been picked 18, his deltas theta's mean
 is -9.406747267348692e-05,
the empirical var of deltas thetas is 0.0047678519040346146
the minimum of the deltas theta is -0.37290331721305847 and the maximum is 0.45538365840911865
the added laplace noise var is 0.013314930750014227
global epoch 54 has been done artifficialy in 0.93 secs, the total time by now is 33.90 
 with avg train loss 1.410, val loss 1.747, avg val acc 38.30%
iteration: 55
user 4, emp_avg: 0.5810033141443143, h: 1.2660700115289787, ucb: 1.8478837230364613,num_of_obs: 15, privacy reward: 0.9889890963984523, g: 0.019064021746482925, curr_delay = 0.08789704245798692, data_size = 4032
user 6, emp_avg: 0.5530052284487066, h: 1.3105069660084883, ucb: 1.8662731149465022,num_of_obs: 14, privacy reward: 0.9899869822807138, g: 0.011262937071944966, curr_delay = 0.09720962841273292, data_size = 3540
user 8, emp_avg: 0.44431648517947675, h: 1.4155093050263694, ucb: 1.842141198022617,num_of_obs: 12, privacy reward: 0.9917196435386996, g: 0.007903064256217701, curr_delay = 0.07615779751746189, data_size = 3014
user 21, emp_avg: 0.060985047872039844, h: 1.853336724913621, ucb: 1.9141710831744938,num_of_obs: 7, privacy reward: 0.9948505700545137, g: 0.003872962607418802, curr_delay = 0.8059332788620525, data_size = 1860
user 26, emp_avg: 0.05823133407204569, h: 1.853336724913621, ucb: 1.9118092428930384,num_of_obs: 7, privacy reward: 0.9948505700545137, g: 0.002490515195816125, curr_delay = 0.8842820275887614, data_size = 1739
num of fast users chosen: 3, num of slow users chosen: 2
max_delay = 0.88 seconds
after cleansing the weights updates who were almost zeros (meaning with absolute value of less than 10**-7, 0.00% of the weights upadtes) we get:
user No.4 has been picked 16, his deltas theta's mean
 is -0.0011658953735604882,
the empirical var of deltas thetas is 0.002991665620356798
the minimum of the deltas theta is -0.33735209703445435 and the maximum is 0.38622042536735535
the added laplace noise var is 0.01101090360154761
global epoch 55 has been done artifficialy in 0.88 secs, the total time by now is 34.78 
 with avg train loss 1.534, val loss 1.689, avg val acc 40.51%
iteration: 56
user 4, emp_avg: 0.573955224897505, h: 1.2286199103163196, ucb: 1.8096232244606338,num_of_obs: 16, privacy reward: 0.9878917623516182, g: 0.01564638494104187, curr_delay = 0.10841617484932517, data_size = 4032
user 6, emp_avg: 0.5419456320297072, h: 1.2689131870597214, ucb: 1.821918415508428,num_of_obs: 15, privacy reward: 0.9889890963984523, g: 0.008614679410194998, curr_delay = 0.13296044638380558, data_size = 3540
user 14, emp_avg: 0.2742475788079328, h: 1.55409491809255, ucb: 1.812279646734385,num_of_obs: 10, privacy reward: 0.9931524835920207, g: 0.008868811715839586, curr_delay = 0.11497528202996718, data_size = 2677
user 17, emp_avg: 0.07034638077251398, h: 1.7375309401709549, ucb: 1.8074950519441522,num_of_obs: 8, privacy reward: 0.9943373837615944, g: 0.00655839477144307, curr_delay = 0.6811568457042974, data_size = 2197
user 27, emp_avg: 0.05878711456669968, h: 1.7375309401709549, ucb: 1.796497915557672,num_of_obs: 8, privacy reward: 0.9943373837615944, g: 0.008461696976418957, curr_delay = 0.8718665203444514, data_size = 2305
num of fast users chosen: 3, num of slow users chosen: 2
max_delay = 0.87 seconds
after cleansing the weights updates who were almost zeros (meaning with absolute value of less than 10**-7, 0.00% of the weights upadtes) we get:
user No.4 has been picked 17, his deltas theta's mean
 is 0.00033897723187692463,
the empirical var of deltas thetas is 0.0033228180836886168
the minimum of the deltas theta is -0.34509962797164917 and the maximum is 0.39813873171806335
the added laplace noise var is 0.012108237648381728
global epoch 56 has been done artifficialy in 0.87 secs, the total time by now is 35.66 
 with avg train loss 1.490, val loss 1.694, avg val acc 41.15%
iteration: 57
user 0, emp_avg: 0.863789745341159, h: 1.1608978232147953, ucb: 2.017120332186019,num_of_obs: 18, privacy reward: 0.985358118495356, g: 0.005329465838530773, curr_delay = 0.05, data_size = 3816
user 1, emp_avg: 0.6429584903568554, h: 1.5575078685838895, ucb: 2.1934015888362004,num_of_obs: 10, privacy reward: 0.9931524835920207, g: -0.004264227381414148, curr_delay = 0.07006665665518612, data_size = 1081
user 5, emp_avg: 0.545044204346341, h: 1.5575078685838895, ucb: 2.0570564933648647,num_of_obs: 10, privacy reward: 0.9931524835920207, g: -0.005837953663577999, curr_delay = 0.05, data_size = 972
user 10, emp_avg: 0.37393044580907364, h: 1.6417574461197673, ucb: 2.023880675373442,num_of_obs: 9, privacy reward: 0.9937730539102565, g: -9.915988118147153e-05, curr_delay = 0.1665581846518188, data_size = 1452
user 11, emp_avg: 0.2708615533688963, h: 1.741346734822193, ucb: 2.0111738082533672,num_of_obs: 8, privacy reward: 0.9943373837615944, g: -0.002477573290290774, curr_delay = 0.17912326072044926, data_size = 889
num of fast users chosen: 5, num of slow users chosen: 0
max_delay = 0.18 seconds
after cleansing the weights updates who were almost zeros (meaning with absolute value of less than 10**-7, 0.00% of the weights upadtes) we get:
user No.0 has been picked 19, his deltas theta's mean
 is -0.00044007349060848355,
the empirical var of deltas thetas is 0.005037040449678898
the minimum of the deltas theta is -0.4079363942146301 and the maximum is 0.4567100703716278
the added laplace noise var is 0.014641881504643989
global epoch 57 has been done artifficialy in 0.18 secs, the total time by now is 35.83 
 with avg train loss 1.462, val loss 1.543, avg val acc 47.13%
iteration: 58
user 16, emp_avg: 0.06919076217964279, h: 1.8655775843758153, ucb: 1.936002476187925,num_of_obs: 7, privacy reward: 0.9948505700545137, g: 0.0003122288441284476, curr_delay = 0.8257385377289406, data_size = 1358
user 22, emp_avg: 0.061819385404823804, h: 1.8655775843758153, ucb: 1.9273667805813464,num_of_obs: 7, privacy reward: 0.9948505700545137, g: 0.0006202004595802941, curr_delay = 0.8060523595701551, data_size = 1429
user 24, emp_avg: 0.06100314499295645, h: 1.8655775843758153, ucb: 1.926385009711242,num_of_obs: 7, privacy reward: 0.9948505700545137, g: 0.002425986871239895, curr_delay = 0.8016265631998695, data_size = 1668
user 25, emp_avg: 0.06197285062072279, h: 1.8655775843758153, ucb: 1.9272887296125993,num_of_obs: 7, privacy reward: 0.9948505700545137, g: -0.0001662929559261483, curr_delay = 0.7836402459076884, data_size = 1058
user 28, emp_avg: 0.05645727133910593, h: 1.8655775843758153, ucb: 1.9221170417339986,num_of_obs: 7, privacy reward: 0.9948505700545137, g: 0.0018876305608939682, curr_delay = 0.894742986169155, data_size = 1611
num of fast users chosen: 0, num of slow users chosen: 5
max_delay = 0.89 seconds
after cleansing the weights updates who were almost zeros (meaning with absolute value of less than 10**-7, 0.00% of the weights upadtes) we get:
user No.16 has been picked 8, his deltas theta's mean
 is -0.0001449921983294189,
the empirical var of deltas thetas is 0.0022074817679822445
the minimum of the deltas theta is -0.3039700388908386 and the maximum is 0.3330141305923462
the added laplace noise var is 0.005149429945486311
global epoch 58 has been done artifficialy in 0.89 secs, the total time by now is 36.73 
 with avg train loss 1.483, val loss 1.460, avg val acc 49.40%
iteration: 59
user 4, emp_avg: 0.5720328608098152, h: 1.199637804737313, ucb: 1.7735930296348181,num_of_obs: 17, privacy reward: 0.9866850692499858, g: 0.015046506700059066, curr_delay = 0.0927037218110283, data_size = 4032
user 6, emp_avg: 0.5423220660023331, h: 1.2365583453540092, ucb: 1.7785039773837164,num_of_obs: 16, privacy reward: 0.9878917623516182, g: 0.008007744100191408, curr_delay = 0.09118346867007027, data_size = 3540
user 8, emp_avg: 0.432612621580308, h: 1.371838313623627, ucb: 1.8161547988031037,num_of_obs: 13, privacy reward: 0.9908944326937303, g: 0.007524177239276093, curr_delay = 0.17827702012328428, data_size = 3014
user 13, emp_avg: 0.28484554926974687, h: 1.4913454774261676, ucb: 1.7777319147368897,num_of_obs: 11, privacy reward: 0.9924700679463443, g: 0.015099933735507868, curr_delay = 0.18663974418387047, data_size = 3036
user 14, emp_avg: 0.27885738775109914, h: 1.4913454774261676, ucb: 1.7655930562341005,num_of_obs: 11, privacy reward: 0.9924700679463443, g: 0.007448573614454036, curr_delay = 0.15171500793592285, data_size = 2677
num of fast users chosen: 5, num of slow users chosen: 0
max_delay = 0.19 seconds
after cleansing the weights updates who were almost zeros (meaning with absolute value of less than 10**-7, 0.00% of the weights upadtes) we get:
user No.4 has been picked 18, his deltas theta's mean
 is -0.0003814946976490319,
the empirical var of deltas thetas is 0.003739793784916401
the minimum of the deltas theta is -0.3810749053955078 and the maximum is 0.41004517674446106
the added laplace noise var is 0.013314930750014227
global epoch 59 has been done artifficialy in 0.19 secs, the total time by now is 36.92 
 with avg train loss 1.518, val loss 1.776, avg val acc 38.88%
iteration: 60
user 1, emp_avg: 0.6468773924759029, h: 1.4944158899453477, ucb: 2.137374380302203,num_of_obs: 11, privacy reward: 0.9924700679463443, g: -0.005357623492008622, curr_delay = 0.07246531028429767, data_size = 1081
user 2, emp_avg: 0.5849314893731944, h: 1.4944158899453477, ucb: 2.094042697397808,num_of_obs: 11, privacy reward: 0.9924700679463443, g: -0.004486429133686506, curr_delay = 0.11812428356922097, data_size = 1142
user 3, emp_avg: 0.6194729614996491, h: 1.6521389292312558, ucb: 2.2293311086753107,num_of_obs: 9, privacy reward: 0.9937730539102565, g: -0.005148409742228164, curr_delay = 0.05, data_size = 768
user 7, emp_avg: 0.46094125198401414, h: 1.7523579604825537, ucb: 2.2377125986308677,num_of_obs: 8, privacy reward: 0.9943373837615944, g: -0.005943312923775995, curr_delay = 0.18822880121103958, data_size = 552
user 9, emp_avg: 0.3875516504533667, h: 1.6521389292312558, ucb: 2.0507687469329188,num_of_obs: 9, privacy reward: 0.9937730539102565, g: -0.0054750952997234354, curr_delay = 0.17370269994969298, data_size = 746
num of fast users chosen: 5, num of slow users chosen: 0
max_delay = 0.19 seconds
after cleansing the weights updates who were almost zeros (meaning with absolute value of less than 10**-7, 0.00% of the weights upadtes) we get:
user No.1 has been picked 12, his deltas theta's mean
 is -0.0004069962596986443,
the empirical var of deltas thetas is 0.0009560022735968232
the minimum of the deltas theta is -0.25659334659576416 and the maximum is 0.2952391803264618
the added laplace noise var is 0.007529932053655754
global epoch 60 has been done artifficialy in 0.19 secs, the total time by now is 37.10 
 with avg train loss 1.451, val loss 1.330, avg val acc 52.14%
iteration: 61
user 0, emp_avg: 0.8494898061518041, h: 1.139372938922751, ucb: 2.00316268426391,num_of_obs: 19, privacy reward: 0.9838989253477112, g: 0.0059779578361944, curr_delay = 0.08653648694246954, data_size = 3816
user 10, emp_avg: 0.366907583432916, h: 1.5705172136923513, ucb: 1.9444476595014248,num_of_obs: 10, privacy reward: 0.9931524835920207, g: -0.00025592304095173405, curr_delay = 0.16853234235211673, data_size = 1452
user 15, emp_avg: 0.07251388740227603, h: 1.8771271052572358, ucb: 1.9502347634376336,num_of_obs: 7, privacy reward: 0.9948505700545137, g: -0.00011294930646067725, curr_delay = 0.7314487200993991, data_size = 1022
user 18, emp_avg: 0.0657568637662299, h: 1.8771271052572358, ucb: 1.9422829713663439,num_of_obs: 7, privacy reward: 0.9948505700545137, g: -0.00011512530311004755, curr_delay = 0.7146548093385613, data_size = 1021
user 19, emp_avg: 0.06434038979704391, h: 1.8771271052572358, ucb: 1.9422476660148245,num_of_obs: 7, privacy reward: 0.9948505700545137, g: -0.00047677145367952854, curr_delay = 0.8491964205048341, data_size = 912
num of fast users chosen: 2, num of slow users chosen: 3
max_delay = 0.85 seconds
after cleansing the weights updates who were almost zeros (meaning with absolute value of less than 10**-7, 0.00% of the weights upadtes) we get:
user No.0 has been picked 20, his deltas theta's mean
 is -0.0018569724634289742,
the empirical var of deltas thetas is 0.004811050370335579
the minimum of the deltas theta is -0.3801310360431671 and the maximum is 0.5564884543418884
the added laplace noise var is 0.01610107465228887
global epoch 61 has been done artifficialy in 0.85 secs, the total time by now is 37.95 
 with avg train loss 1.444, val loss 1.658, avg val acc 44.67%
iteration: 62
user 0, emp_avg: 0.832240964279018, h: 1.1127175362658428, ucb: 1.962207342417647,num_of_obs: 20, privacy reward: 0.9822943106815641, g: 0.004384031477014946, curr_delay = 0.10261375144928854, data_size = 3816
user 11, emp_avg: 0.2629128525720398, h: 1.6587413672310083, ucb: 1.9296029205999046,num_of_obs: 9, privacy reward: 0.9937730539102565, g: -0.002979592182259927, curr_delay = 0.26126776628211656, data_size = 889
user 20, emp_avg: 0.06627765134298332, h: 1.8808359201722191, ucb: 1.9465856440997946,num_of_obs: 7, privacy reward: 0.9948505700545137, g: -0.0013840458966035763, curr_delay = 0.7145598679304936, data_size = 743
user 23, emp_avg: 0.06159345293493585, h: 1.8808359201722191, ucb: 1.9425376554455658,num_of_obs: 7, privacy reward: 0.9948505700545137, g: -0.0005030807279504465, curr_delay = 0.8218888520698236, data_size = 888
user 29, emp_avg: 0.05461771133963038, h: 1.8808359201722191, ucb: 1.9361028954858797,num_of_obs: 7, privacy reward: 0.9948505700545137, g: -0.0009792796911384113, curr_delay = 0.9985448501185121, data_size = 801
num of fast users chosen: 2, num of slow users chosen: 3
max_delay = 1.00 seconds
after cleansing the weights updates who were almost zeros (meaning with absolute value of less than 10**-7, 0.00% of the weights upadtes) we get:
user No.0 has been picked 21, his deltas theta's mean
 is -0.000790520862210542,
the empirical var of deltas thetas is 0.0052659474313259125
the minimum of the deltas theta is -0.3530856966972351 and the maximum is 0.48651280999183655
the added laplace noise var is 0.017705689318435896
global epoch 62 has been done artifficialy in 1.00 secs, the total time by now is 38.95 
 with avg train loss 1.359, val loss 1.675, avg val acc 44.14%
iteration: 63
user 4, emp_avg: 0.5643048618219703, h: 1.175178671010148, ucb: 1.7472115318199632,num_of_obs: 18, privacy reward: 0.985358118495356, g: 0.01564638494104187, curr_delay = 0.11759147816252598, data_size = 4032
user 8, emp_avg: 0.46181031683099977, h: 1.3325273612401038, ucb: 1.7651399828204117,num_of_obs: 14, privacy reward: 0.9899869822807138, g: 0.007201011906563506, curr_delay = 0.0574331043384719, data_size = 3014
user 13, emp_avg: 0.2809169656663115, h: 1.4392940502884621, ucb: 1.724139599558209,num_of_obs: 12, privacy reward: 0.9917196435386996, g: 0.014124437114097778, curr_delay = 0.21388181763836323, data_size = 3036
user 17, emp_avg: 0.07039782111294893, h: 1.6619536147541407, ucb: 1.7322999955266547,num_of_obs: 9, privacy reward: 0.9937730539102565, g: 0.00655839477144307, curr_delay = 0.7056089003362371, data_size = 2197
user 27, emp_avg: 0.059016067403833826, h: 1.6619536147541407, ucb: 1.7207407293208403,num_of_obs: 9, privacy reward: 0.9937730539102565, g: 0.008461696976418957, curr_delay = 0.8186435533256505, data_size = 2305
num of fast users chosen: 3, num of slow users chosen: 2
max_delay = 0.82 seconds
after cleansing the weights updates who were almost zeros (meaning with absolute value of less than 10**-7, 0.00% of the weights upadtes) we get:
user No.4 has been picked 19, his deltas theta's mean
 is -0.0010408401722088456,
the empirical var of deltas thetas is 0.003440223401412368
the minimum of the deltas theta is -0.3544207811355591 and the maximum is 0.4421897530555725
the added laplace noise var is 0.014641881504643989
global epoch 63 has been done artifficialy in 0.82 secs, the total time by now is 39.77 
 with avg train loss 1.497, val loss 1.688, avg val acc 40.45%
iteration: 64
user 1, emp_avg: 0.6318736370649221, h: 1.442026886600883, ucb: 2.088904279076786,num_of_obs: 12, privacy reward: 0.9917196435386996, g: -0.005984949509442257, curr_delay = 0.11066143905849621, data_size = 1081
user 2, emp_avg: 0.5638328100694063, h: 1.442026886600883, ucb: 2.0269583759740772,num_of_obs: 12, privacy reward: 0.9917196435386996, g: -0.005061963675487607, curr_delay = 0.1609535359131142, data_size = 1142
user 3, emp_avg: 0.618820692663933, h: 1.5796613086404954, ucb: 2.1991342701401444,num_of_obs: 10, privacy reward: 0.9931524835920207, g: -0.006084377489298975, curr_delay = 0.08165958348436676, data_size = 768
user 5, emp_avg: 0.5549240390373583, h: 1.5061479614674476, ucb: 2.051192165813789,num_of_obs: 11, privacy reward: 0.9924700679463443, g: -0.005306088993265535, curr_delay = 0.07534634219862563, data_size = 972
user 7, emp_avg: 0.4382632614739997, h: 1.6651092223153954, ucb: 2.1260504742994097,num_of_obs: 9, privacy reward: 0.9937730539102565, g: -0.007120752566719053, curr_delay = 0.21352798258713948, data_size = 552
num of fast users chosen: 5, num of slow users chosen: 0
max_delay = 0.21 seconds
after cleansing the weights updates who were almost zeros (meaning with absolute value of less than 10**-7, 0.00% of the weights upadtes) we get:
user No.1 has been picked 13, his deltas theta's mean
 is -0.0011612239759415388,
the empirical var of deltas thetas is 0.0009367957827635109
the minimum of the deltas theta is -0.25156983733177185 and the maximum is 0.25586166977882385
the added laplace noise var is 0.008280356461300431
global epoch 64 has been done artifficialy in 0.21 secs, the total time by now is 39.98 
 with avg train loss 1.444, val loss 1.326, avg val acc 52.06%
iteration: 65
user 21, emp_avg: 0.06118450016005075, h: 1.7694039822555299, ucb: 1.8303890301275696,num_of_obs: 8, privacy reward: 0.9943373837615944, g: 0.004412803445504439, curr_delay = 0.7964304818660323, data_size = 1860
user 22, emp_avg: 0.06344237136909633, h: 1.7694039822555299, ucb: 1.8312233676603538,num_of_obs: 8, privacy reward: 0.9943373837615944, g: 0.0005069953072233665, curr_delay = 0.6542254010564401, data_size = 1429
user 24, emp_avg: 0.06053047321308612, h: 1.7694039822555299, ucb: 1.8304071272484863,num_of_obs: 8, privacy reward: 0.9943373837615944, g: 0.002196519461281802, curr_delay = 0.8810712575859413, data_size = 1668
user 26, emp_avg: 0.05792081399536267, h: 1.7694039822555299, ucb: 1.8276353163275756,num_of_obs: 8, privacy reward: 0.9943373837615944, g: 0.0029269037042650215, curr_delay = 0.9019303466165995, data_size = 1739
user 28, emp_avg: 0.05659875292016271, h: 1.7694039822555299, ucb: 1.8258612535946357,num_of_obs: 8, privacy reward: 0.9943373837615944, g: 0.001685890969694312, curr_delay = 0.8660917291188187, data_size = 1611
num of fast users chosen: 0, num of slow users chosen: 5
max_delay = 0.90 seconds
after cleansing the weights updates who were almost zeros (meaning with absolute value of less than 10**-7, 0.00% of the weights upadtes) we get:
user No.21 has been picked 9, his deltas theta's mean
 is -0.0026997218374162912,
the empirical var of deltas thetas is 0.005284053739160299
the minimum of the deltas theta is -0.47101014852523804 and the maximum is 0.5166006684303284
the added laplace noise var is 0.0056626162384055476
global epoch 65 has been done artifficialy in 0.90 secs, the total time by now is 40.89 
 with avg train loss 1.502, val loss 1.621, avg val acc 44.28%
iteration: 66
user 4, emp_avg: 0.5584977316477311, h: 1.1502386125943962, ucb: 1.7145434744163666,num_of_obs: 19, privacy reward: 0.9838989253477112, g: 0.015109574294142626, curr_delay = 0.11156673519433506, data_size = 4032
user 6, emp_avg: 0.541886370956774, h: 1.2160187801413207, ucb: 1.7583408461436538,num_of_obs: 17, privacy reward: 0.9866850692499858, g: 0.010628925956296277, curr_delay = 0.09354894778519418, data_size = 3540
user 8, emp_avg: 0.45445241026718974, h: 1.2945508475183856, ucb: 1.7563611643493853,num_of_obs: 15, privacy reward: 0.9889890963984523, g: 0.0063693601517730795, curr_delay = 0.14531343319227094, data_size = 3014
user 14, emp_avg: 0.27368469385161553, h: 1.4473518476905374, ucb: 1.7262092354416365,num_of_obs: 12, privacy reward: 0.9917196435386996, g: 0.008267831247954499, curr_delay = 0.236281086475159, data_size = 2677
user 21, emp_avg: 0.060756184492614176, h: 1.671257957752468, ucb: 1.7324424579125188,num_of_obs: 9, privacy reward: 0.9937730539102565, g: 0.0028240957608397332, curr_delay = 0.8787138745252799, data_size = 1860
num of fast users chosen: 4, num of slow users chosen: 1
max_delay = 0.88 seconds
after cleansing the weights updates who were almost zeros (meaning with absolute value of less than 10**-7, 0.00% of the weights upadtes) we get:
user No.4 has been picked 20, his deltas theta's mean
 is -7.886637467890978e-05,
the empirical var of deltas thetas is 0.003743772627785802
the minimum of the deltas theta is -0.42619800567626953 and the maximum is 0.45740461349487305
the added laplace noise var is 0.01610107465228887
global epoch 66 has been done artifficialy in 0.88 secs, the total time by now is 41.76 
 with avg train loss 1.468, val loss 1.620, avg val acc 44.71%
iteration: 67
user 1, emp_avg: 0.6261841807518367, h: 1.3930640196329207, ucb: 2.0249376566978428,num_of_obs: 13, privacy reward: 0.9908944326937303, g: -0.00703791903479585, curr_delay = 0.0905434191809189, data_size = 1081
user 3, emp_avg: 0.6184046917962547, h: 1.5144202526003083, ucb: 2.1332409452642414,num_of_obs: 11, privacy reward: 0.9924700679463443, g: -0.007384226858772858, curr_delay = 0.08145595252502394, data_size = 768
user 5, emp_avg: 0.5891606514190999, h: 1.449947002374736, ucb: 2.0048710414120943,num_of_obs: 12, privacy reward: 0.9917196435386996, g: -0.006411586659883341, curr_delay = 0.05, data_size = 972
user 9, emp_avg: 0.3733565692738788, h: 1.5883373607752793, ucb: 1.975889011228646,num_of_obs: 10, privacy reward: 0.9931524835920207, g: -0.0053652135794556195, curr_delay = 0.2160706827034652, data_size = 746
user 12, emp_avg: 0.2990673180721478, h: 1.6742545842634897, ucb: 1.9746886864436715,num_of_obs: 9, privacy reward: 0.9937730539102565, g: -0.0034014842754582003, curr_delay = 0.17435802875914932, data_size = 746
num of fast users chosen: 5, num of slow users chosen: 0
max_delay = 0.22 seconds
after cleansing the weights updates who were almost zeros (meaning with absolute value of less than 10**-7, 0.00% of the weights upadtes) we get:
user No.1 has been picked 14, his deltas theta's mean
 is -0.0005307203973643482,
the empirical var of deltas thetas is 0.0009279594523832202
the minimum of the deltas theta is -0.25509798526763916 and the maximum is 0.23576655983924866
the added laplace noise var is 0.009105567306269659
global epoch 67 has been done artifficialy in 0.22 secs, the total time by now is 41.98 
 with avg train loss 1.400, val loss 1.296, avg val acc 52.70%
iteration: 68
user 0, emp_avg: 0.8398663749936081, h: 1.097986170245471, ucb: 1.9302271345244888,num_of_obs: 21, privacy reward: 0.9805297819548703, g: 0.006395062533069915, curr_delay = 0.05, data_size = 3816
user 15, emp_avg: 0.07209953252222684, h: 1.7789409149497013, ucb: 1.8514548023519772,num_of_obs: 8, privacy reward: 0.9943373837615944, g: -0.0001828099121685222, curr_delay = 0.7269059069545103, data_size = 1022
user 16, emp_avg: 0.06916977540082898, h: 1.7789409149497013, ucb: 1.8481316771293441,num_of_obs: 8, privacy reward: 0.9943373837615944, g: 0.00042901158201974645, curr_delay = 0.7246179256560282, data_size = 1358
user 18, emp_avg: 0.06585859969892785, h: 1.7789409149497013, ucb: 1.844697778715931,num_of_obs: 8, privacy reward: 0.9943373837615944, g: -0.0001855754066198026, curr_delay = 0.7499345251606846, data_size = 1021
user 19, emp_avg: 0.06464093356786049, h: 1.7789409149497013, ucb: 1.8432813047467451,num_of_obs: 8, privacy reward: 0.9943373837615944, g: -0.0006114768175974813, curr_delay = 0.7457646118417545, data_size = 912
num of fast users chosen: 1, num of slow users chosen: 4
max_delay = 0.75 seconds
after cleansing the weights updates who were almost zeros (meaning with absolute value of less than 10**-7, 0.00% of the weights upadtes) we get:
user No.0 has been picked 22, his deltas theta's mean
 is -0.0013932585716247559,
the empirical var of deltas thetas is 0.005298298317939043
the minimum of the deltas theta is -0.39186525344848633 and the maximum is 0.4989371597766876
the added laplace noise var is 0.019470218045129682
global epoch 68 has been done artifficialy in 0.75 secs, the total time by now is 42.73 
 with avg train loss 1.403, val loss 1.485, avg val acc 48.68%
iteration: 69
user 10, emp_avg: 0.3648041530097916, h: 1.5197080768592475, ucb: 1.8866156602921635,num_of_obs: 11, privacy reward: 0.9924700679463443, g: -0.00013186981853631163, curr_delay = 0.146341569770509, data_size = 1452
user 20, emp_avg: 0.06592016180555225, h: 1.7820156785078924, ucb: 1.8482933298508757,num_of_obs: 8, privacy reward: 0.9943373837615944, g: -0.0016193839965955505, curr_delay = 0.7928925680310005, data_size = 743
user 23, emp_avg: 0.06183658671328369, h: 1.7820156785078924, ucb: 1.8436091314428282,num_of_obs: 8, privacy reward: 0.9943373837615944, g: -0.0006486324884695592, curr_delay = 0.7839244447190105, data_size = 888
user 25, emp_avg: 0.06111757520862022, h: 1.7820156785078924, ucb: 1.8439885291286153,num_of_obs: 8, privacy reward: 0.9943373837615944, g: -6.638723837764008e-05, curr_delay = 0.9212281415823853, data_size = 1058
user 29, emp_avg: 0.05426043282198664, h: 1.7820156785078924, ucb: 1.836633389847523,num_of_obs: 8, privacy reward: 0.9943373837615944, g: -0.0011787032553412407, curr_delay = 0.9727209233622711, data_size = 801
num of fast users chosen: 1, num of slow users chosen: 4
max_delay = 0.97 seconds
after cleansing the weights updates who were almost zeros (meaning with absolute value of less than 10**-7, 0.00% of the weights upadtes) we get:
user No.10 has been picked 12, his deltas theta's mean
 is -0.0031580072827637196,
the empirical var of deltas thetas is 0.003566698171198368
the minimum of the deltas theta is -0.35697418451309204 and the maximum is 0.4349651634693146
the added laplace noise var is 0.007529932053655754
global epoch 69 has been done artifficialy in 0.97 secs, the total time by now is 43.70 
 with avg train loss 1.343, val loss 1.385, avg val acc 51.90%
iteration: 70
user 4, emp_avg: 0.5536578223879278, h: 1.1289590659606785, ucb: 1.6874567976084096,num_of_obs: 20, privacy reward: 0.9822943106815641, g: 0.01564638494104187, curr_delay = 0.1094428045938361, data_size = 4032
user 6, emp_avg: 0.5354650135482576, h: 1.1900273445106713, ucb: 1.7319137154674453,num_of_obs: 18, privacy reward: 0.985358118495356, g: 0.01071837455610869, curr_delay = 0.11908147782587054, data_size = 3540
user 13, emp_avg: 0.2772103800750982, h: 1.4003013810851346, ucb: 1.681218346751446,num_of_obs: 13, privacy reward: 0.9908944326937303, g: 0.015278982138084615, curr_delay = 0.21831699937938925, data_size = 3036
user 14, emp_avg: 0.2734575783180097, h: 1.4003013810851346, ucb: 1.6739860749367501,num_of_obs: 13, privacy reward: 0.9908944326937303, g: 0.007574484000035995, curr_delay = 0.18483941473080287, data_size = 2677
user 17, emp_avg: 0.06973596485286482, h: 1.5965892224456533, ucb: 1.6669870435586023,num_of_obs: 10, privacy reward: 0.9931524835920207, g: 0.00655839477144307, curr_delay = 0.7921745543384883, data_size = 2197
num of fast users chosen: 4, num of slow users chosen: 1
max_delay = 0.79 seconds
after cleansing the weights updates who were almost zeros (meaning with absolute value of less than 10**-7, 0.00% of the weights upadtes) we get:
user No.4 has been picked 21, his deltas theta's mean
 is -0.00184797088149935,
the empirical var of deltas thetas is 0.003654401982203126
the minimum of the deltas theta is -0.42091575264930725 and the maximum is 0.3840904235839844
the added laplace noise var is 0.017705689318435896
global epoch 70 has been done artifficialy in 0.79 secs, the total time by now is 44.50 
 with avg train loss 1.461, val loss 1.632, avg val acc 43.97%
iteration: 71
user 1, emp_avg: 0.6511052353683808, h: 1.3516148876237928, ucb: 1.9777990683756295,num_of_obs: 14, privacy reward: 0.9899869822807138, g: -0.007576928474112296, curr_delay = 0.05, data_size = 1081
user 2, emp_avg: 0.5539907543381684, h: 1.4026370565761506, ucb: 1.966469866645557,num_of_obs: 13, privacy reward: 0.9908944326937303, g: -0.004455037846930274, curr_delay = 0.11735876223804265, data_size = 1142
user 3, emp_avg: 0.6246504703214506, h: 1.4599109351329134, ucb: 2.078315626929168,num_of_obs: 12, privacy reward: 0.9917196435386996, g: -0.008238558297887347, curr_delay = 0.07146943023394815, data_size = 768
user 5, emp_avg: 0.5769134293543476, h: 1.4026370565761506, ucb: 1.9917977079952505,num_of_obs: 13, privacy reward: 0.9908944326937303, g: -0.007067176054915597, curr_delay = 0.11970326732760445, data_size = 972
user 7, emp_avg: 0.43100713189008116, h: 1.599252302241516, ucb: 2.0375155637155156,num_of_obs: 10, privacy reward: 0.9931524835920207, g: -0.0071579420856089475, curr_delay = 0.139491088949072, data_size = 552
num of fast users chosen: 5, num of slow users chosen: 0
max_delay = 0.14 seconds
after cleansing the weights updates who were almost zeros (meaning with absolute value of less than 10**-7, 0.00% of the weights upadtes) we get:
user No.1 has been picked 15, his deltas theta's mean
 is -0.0007327702478505671,
the empirical var of deltas thetas is 0.0010182686382904649
the minimum of the deltas theta is -0.2165423184633255 and the maximum is 0.25381913781166077
the added laplace noise var is 0.010013017719286166
global epoch 71 has been done artifficialy in 0.14 secs, the total time by now is 44.63 
 with avg train loss 1.397, val loss 1.284, avg val acc 53.92%
iteration: 72
user 0, emp_avg: 0.8468287065156251, h: 1.0799830957030663, ucb: 1.9198494706966742,num_of_obs: 22, privacy reward: 0.9785894023154371, g: 0.006928416270362023, curr_delay = 0.05, data_size = 3816
user 2, emp_avg: 0.5442456534926834, h: 1.3538304576828437, ucb: 1.907821212021012,num_of_obs: 14, privacy reward: 0.9899869822807138, g: -0.006098348405649931, curr_delay = 0.12260484037286053, data_size = 1142
user 7, emp_avg: 0.4145341869079666, h: 1.5273267410769567, ucb: 1.9583338729670379,num_of_obs: 11, privacy reward: 0.9924700679463443, g: -0.00931945598396983, curr_delay = 0.2142871297091081, data_size = 552
user 9, emp_avg: 0.36566286166468487, h: 1.5273267410769567, ucb: 1.9006833103508354,num_of_obs: 11, privacy reward: 0.9924700679463443, g: -0.0058938884985939, curr_delay = 0.17791563284275583, data_size = 746
user 12, emp_avg: 0.30001466893891565, h: 1.6018738000883943, ucb: 1.9009411181605422,num_of_obs: 10, privacy reward: 0.9931524835920207, g: -0.003954243491895912, curr_delay = 0.16155705974513007, data_size = 746
num of fast users chosen: 5, num of slow users chosen: 0
max_delay = 0.21 seconds
after cleansing the weights updates who were almost zeros (meaning with absolute value of less than 10**-7, 0.00% of the weights upadtes) we get:
user No.0 has been picked 23, his deltas theta's mean
 is -0.0030586395878344774,
the empirical var of deltas thetas is 0.005112670827656984
the minimum of the deltas theta is -0.4188091456890106 and the maximum is 0.4950529634952545
the added laplace noise var is 0.0214105976845629
global epoch 72 has been done artifficialy in 0.21 secs, the total time by now is 44.85 
 with avg train loss 1.383, val loss 1.533, avg val acc 46.76%
iteration: 73
user 4, emp_avg: 0.5441006590593281, h: 1.1071790978038856, ucb: 1.6608369201918134,num_of_obs: 21, privacy reward: 0.9805297819548703, g: 0.015160643113508558, curr_delay = 0.14560269840963794, data_size = 4032
user 6, emp_avg: 0.5253880087444043, h: 1.163993955647409, ucb: 1.6994589691956667,num_of_obs: 19, privacy reward: 0.9838989253477112, g: 0.010079852284360176, curr_delay = 0.14973425876286572, data_size = 3540
user 8, emp_avg: 0.45196419431183465, h: 1.2684330058898052, ucb: 1.7228854161569949,num_of_obs: 16, privacy reward: 0.9878917623516182, g: 0.007726922690519216, curr_delay = 0.1213142489799813, data_size = 3014
user 13, emp_avg: 0.27198510650729374, h: 1.3560119217472755, ucb: 1.6332223018223737,num_of_obs: 14, privacy reward: 0.9899869822807138, g: 0.013816038002768732, curr_delay = 0.25146949144797515, data_size = 3036
user 27, emp_avg: 0.05893505919152687, h: 1.604454943178223, ucb: 1.6634710105820567,num_of_obs: 10, privacy reward: 0.9931524835920207, g: 0.009576251615866309, curr_delay = 0.8602153931366191, data_size = 2305
num of fast users chosen: 4, num of slow users chosen: 1
max_delay = 0.86 seconds
after cleansing the weights updates who were almost zeros (meaning with absolute value of less than 10**-7, 0.00% of the weights upadtes) we get:
user No.4 has been picked 22, his deltas theta's mean
 is -0.0003372402279637754,
the empirical var of deltas thetas is 0.004127076361328363
the minimum of the deltas theta is -0.3967292606830597 and the maximum is 0.4542226195335388
the added laplace noise var is 0.019470218045129682
global epoch 73 has been done artifficialy in 0.86 secs, the total time by now is 45.71 
 with avg train loss 1.477, val loss 1.670, avg val acc 42.44%
iteration: 74
user 16, emp_avg: 0.06938883677418271, h: 1.6939234719439897, ucb: 1.7630932473448186,num_of_obs: 9, privacy reward: 0.9937730539102565, g: 0.0002801617142227179, curr_delay = 0.7006688249114466, data_size = 1358
user 22, emp_avg: 0.06360932940241654, h: 1.6939234719439897, ucb: 1.757365843313086,num_of_obs: 9, privacy reward: 0.9937730539102565, g: 0.0005746499638276452, curr_delay = 0.7679081749631401, data_size = 1429
user 24, emp_avg: 0.060656576566205, h: 1.6939234719439897, ucb: 1.7544539451570758,num_of_obs: 9, privacy reward: 0.9937730539102565, g: 0.002335048707354659, curr_delay = 0.8091726943465839, data_size = 1668
user 26, emp_avg: 0.05751496625159067, h: 1.6939234719439897, ucb: 1.7518442859393524,num_of_obs: 9, privacy reward: 0.9937730539102565, g: 0.003086487744698837, curr_delay = 0.9282924432082656, data_size = 1739
user 28, emp_avg: 0.05658500076875378, h: 1.6939234719439897, ucb: 1.7505222248641525,num_of_obs: 9, privacy reward: 0.9937730539102565, g: 0.0018075170709985122, curr_delay = 0.885563399076372, data_size = 1611
num of fast users chosen: 0, num of slow users chosen: 5
max_delay = 0.93 seconds
after cleansing the weights updates who were almost zeros (meaning with absolute value of less than 10**-7, 0.00% of the weights upadtes) we get:
user No.16 has been picked 10, his deltas theta's mean
 is -0.0013654165668413043,
the empirical var of deltas thetas is 0.0023994771763682365
the minimum of the deltas theta is -0.31202954053878784 and the maximum is 0.407900333404541
the added laplace noise var is 0.006226946089743524
global epoch 74 has been done artifficialy in 0.93 secs, the total time by now is 46.64 
 with avg train loss 1.432, val loss 1.456, avg val acc 49.11%
iteration: 75
user 0, emp_avg: 0.8532108437441407, h: 1.061273408226868, ucb: 1.9081021147424932,num_of_obs: 23, privacy reward: 0.976455646662628, g: 0.006744679485521494, curr_delay = 0.05, data_size = 3816
user 9, emp_avg: 0.36212485335401695, h: 1.4692665029762828, ucb: 1.8349293646409677,num_of_obs: 12, privacy reward: 0.9917196435386996, g: -0.00705497303787932, curr_delay = 0.15641190899282523, data_size = 746
user 10, emp_avg: 0.36171813338234143, h: 1.4692665029762828, ucb: 1.8340706559860744,num_of_obs: 12, privacy reward: 0.9917196435386996, g: -0.00014552003714152507, curr_delay = 0.15399498509370602, data_size = 1452
user 11, emp_avg: 0.25882978652047517, h: 1.6095008133336828, ucb: 1.8724136659057224,num_of_obs: 10, privacy reward: 0.9931524835920207, g: -0.0018282195254190408, curr_delay = 0.2293587176991357, data_size = 889
user 12, emp_avg: 0.29481878439106485, h: 1.53459881287402, ucb: 1.8346134818129356,num_of_obs: 11, privacy reward: 0.9924700679463443, g: -0.004992913831449253, curr_delay = 0.21038099401970514, data_size = 746
num of fast users chosen: 5, num of slow users chosen: 0
max_delay = 0.23 seconds
after cleansing the weights updates who were almost zeros (meaning with absolute value of less than 10**-7, 0.00% of the weights upadtes) we get:
user No.0 has been picked 24, his deltas theta's mean
 is -0.0033296060282737017,
the empirical var of deltas thetas is 0.005508654750883579
the minimum of the deltas theta is -0.5064045786857605 and the maximum is 0.49598196148872375
the added laplace noise var is 0.023544353337372034
global epoch 75 has been done artifficialy in 0.23 secs, the total time by now is 46.87 
 with avg train loss 1.355, val loss 1.548, avg val acc 48.37%
iteration: 76
user 15, emp_avg: 0.07220914666939374, h: 1.6991631941019931, ucb: 1.77126272662422,num_of_obs: 9, privacy reward: 0.9937730539102565, g: -0.00020433888815711982, curr_delay = 0.6831004794650815, data_size = 1022
user 18, emp_avg: 0.06578553126893756, h: 1.6991631941019931, ucb: 1.765021793800921,num_of_obs: 9, privacy reward: 0.9937730539102565, g: -0.00020726209912557794, curr_delay = 0.7677199507102377, data_size = 1021
user 19, emp_avg: 0.06510308849664201, h: 1.6991631941019931, ucb: 1.7638041276698537,num_of_obs: 9, privacy reward: 0.9937730539102565, g: -0.0006503546104756251, curr_delay = 0.7218915340385135, data_size = 912
user 23, emp_avg: 0.06185020987419117, h: 1.6991631941019931, ucb: 1.7609997808152769,num_of_obs: 9, privacy reward: 0.9937730539102565, g: -0.0007810509057516751, curr_delay = 0.806805327779664, data_size = 888
user 25, emp_avg: 0.06072694673146374, h: 1.6991631941019931, ucb: 1.7602807693106133,num_of_obs: 9, privacy reward: 0.9937730539102565, g: -0.0001129301549298146, curr_delay = 0.8739533686101808, data_size = 1058
num of fast users chosen: 0, num of slow users chosen: 5
max_delay = 0.87 seconds
after cleansing the weights updates who were almost zeros (meaning with absolute value of less than 10**-7, 0.00% of the weights upadtes) we get:
user No.15 has been picked 10, his deltas theta's mean
 is -0.00030266892281360924,
the empirical var of deltas thetas is 0.0013023298233747482
the minimum of the deltas theta is -0.2964651584625244 and the maximum is 0.29429733753204346
the added laplace noise var is 0.006226946089743524
global epoch 76 has been done artifficialy in 0.87 secs, the total time by now is 47.74 
 with avg train loss 1.372, val loss 1.304, avg val acc 53.04%
iteration: 77
user 4, emp_avg: 0.5337272207242201, h: 1.0884274004085415, ucb: 1.6325280594678695,num_of_obs: 22, privacy reward: 0.9785894023154371, g: 0.01564638494104187, curr_delay = 0.16365991899029603, data_size = 4032
user 13, emp_avg: 0.2740637867021423, h: 1.3181510417025333, ucb: 1.590136148209827,num_of_obs: 15, privacy reward: 0.9889890963984523, g: 0.013114205313464323, curr_delay = 0.16380338909030578, data_size = 3036
user 14, emp_avg: 0.2787536691433873, h: 1.3644159538352483, ucb: 1.637873532153258,num_of_obs: 14, privacy reward: 0.9899869822807138, g: 0.008267831247954499, curr_delay = 0.14168362166519782, data_size = 2677
user 17, emp_avg: 0.06960645359985516, h: 1.5392687913162506, ucb: 1.6090047561691154,num_of_obs: 11, privacy reward: 0.9924700679463443, g: 0.00655839477144307, curr_delay = 0.7333332081932099, data_size = 2197
user 27, emp_avg: 0.05872393498564001, h: 1.5392687913162506, ucb: 1.5982038505077776,num_of_obs: 11, privacy reward: 0.9924700679463443, g: 0.008461696976418957, curr_delay = 0.8865001654020634, data_size = 2305
num of fast users chosen: 3, num of slow users chosen: 2
max_delay = 0.89 seconds
after cleansing the weights updates who were almost zeros (meaning with absolute value of less than 10**-7, 0.00% of the weights upadtes) we get:
user No.4 has been picked 23, his deltas theta's mean
 is 0.00010601463145576417,
the empirical var of deltas thetas is 0.0041251289658248425
the minimum of the deltas theta is -0.3703482747077942 and the maximum is 0.39717715978622437
the added laplace noise var is 0.0214105976845629
global epoch 77 has been done artifficialy in 0.89 secs, the total time by now is 48.63 
 with avg train loss 1.454, val loss 1.546, avg val acc 45.17%
iteration: 78
user 6, emp_avg: 0.5205442788590975, h: 1.1432465385938755, ucb: 1.6686345473382798,num_of_obs: 20, privacy reward: 0.9822943106815641, g: 0.010870602956645074, curr_delay = 0.1180164694908816, data_size = 3540
user 8, emp_avg: 0.4451779261003323, h: 1.2400249750838168, ucb: 1.6919891693956515,num_of_obs: 17, privacy reward: 0.9866850692499858, g: 0.007944563431232366, curr_delay = 0.15160180963403405, data_size = 3014
user 21, emp_avg: 0.06078180561477196, h: 1.6167947600155548, ucb: 1.6775509445081689,num_of_obs: 10, privacy reward: 0.9931524835920207, g: 0.0037577795199761855, curr_delay = 0.819161607659304, data_size = 1860
user 24, emp_avg: 0.060529388555391514, h: 1.6167947600155548, ucb: 1.6774513365817598,num_of_obs: 10, privacy reward: 0.9931524835920207, g: 0.001742130356867228, curr_delay = 0.8437749292902434, data_size = 1668
user 26, emp_avg: 0.057852175284055334, h: 1.6167947600155548, ucb: 1.6743097262671454,num_of_obs: 10, privacy reward: 0.9931524835920207, g: 0.0023983215149594515, curr_delay = 0.8166696570859862, data_size = 1739
num of fast users chosen: 2, num of slow users chosen: 3
max_delay = 0.84 seconds
after cleansing the weights updates who were almost zeros (meaning with absolute value of less than 10**-7, 0.00% of the weights upadtes) we get:
user No.6 has been picked 21, his deltas theta's mean
 is 2.5430887035327032e-05,
the empirical var of deltas thetas is 0.0033360507804900408
the minimum of the deltas theta is -0.3577096164226532 and the maximum is 0.4447871446609497
the added laplace noise var is 0.017705689318435896
global epoch 78 has been done artifficialy in 0.84 secs, the total time by now is 49.47 
 with avg train loss 1.444, val loss 1.500, avg val acc 49.32%
iteration: 79
user 0, emp_avg: 0.8411382252344083, h: 1.0451612139362785, ucb: 1.8983720576804193,num_of_obs: 24, privacy reward: 0.974109243364341, g: 0.007224183332015894, curr_delay = 0.09067903309100205, data_size = 3816
user 1, emp_avg: 0.6394258720859035, h: 1.322035983242063, ucb: 1.9731412186104438,num_of_obs: 15, privacy reward: 0.9889890963984523, g: -0.006357809466496668, curr_delay = 0.10770397418874028, data_size = 1081
user 3, emp_avg: 0.6206922946274644, h: 1.4200944474224817, ucb: 2.044744917743932,num_of_obs: 13, privacy reward: 0.9908944326937303, g: -0.007449309385141364, curr_delay = 0.08783702905022127, data_size = 768
user 5, emp_avg: 0.6051192007307244, h: 1.3684372503699802, ucb: 1.9453506797243278,num_of_obs: 14, privacy reward: 0.9899869822807138, g: -0.006112596521932848, curr_delay = 0.05, data_size = 972
user 7, emp_avg: 0.41428434190859426, h: 1.478081163615013, ucb: 1.8926153505229797,num_of_obs: 12, privacy reward: 0.9917196435386996, g: -0.009150507658224281, curr_delay = 0.12156984544353024, data_size = 552
num of fast users chosen: 5, num of slow users chosen: 0
max_delay = 0.12 seconds
after cleansing the weights updates who were almost zeros (meaning with absolute value of less than 10**-7, 0.00% of the weights upadtes) we get:
user No.0 has been picked 25, his deltas theta's mean
 is -0.001106259529478848,
the empirical var of deltas thetas is 0.004921682178974152
the minimum of the deltas theta is -0.47335612773895264 and the maximum is 0.47395187616348267
the added laplace noise var is 0.025890756635658964
global epoch 79 has been done artifficialy in 0.12 secs, the total time by now is 49.59 
 with avg train loss 1.383, val loss 1.428, avg val acc 49.25%
iteration: 80
user 0, emp_avg: 0.8310065571513392, h: 1.0255176216534416, ucb: 1.8666558468878498,num_of_obs: 25, privacy reward: 0.9715290001996827, g: 0.005820570624367926, curr_delay = 0.08654788700827595, data_size = 3816
user 10, emp_avg: 0.3652240117074697, h: 1.422137064908986, ucb: 1.7838551982913273,num_of_obs: 13, privacy reward: 0.9908944326937303, g: -0.00021208588023882526, curr_delay = 0.12171360192591918, data_size = 1452
user 11, emp_avg: 0.2647275282624948, h: 1.5460259849645974, ucb: 1.8048557714850726,num_of_obs: 11, privacy reward: 0.9924700679463443, g: -0.0022018946683408738, curr_delay = 0.15169779224394603, data_size = 889
user 20, emp_avg: 0.06515731625985874, h: 1.7091960360890694, ucb: 1.7751161978946217,num_of_obs: 9, privacy reward: 0.9937730539102565, g: -0.0013542062559412297, curr_delay = 0.8577549557560037, data_size = 743
user 29, emp_avg: 0.05422850582820861, h: 1.7091960360890694, ucb: 1.7634564689110561,num_of_obs: 9, privacy reward: 0.9937730539102565, g: -0.0009542056331096242, curr_delay = 0.9269358932311741, data_size = 801
num of fast users chosen: 3, num of slow users chosen: 2
max_delay = 0.93 seconds
after cleansing the weights updates who were almost zeros (meaning with absolute value of less than 10**-7, 0.00% of the weights upadtes) we get:
user No.0 has been picked 26, his deltas theta's mean
 is -0.0008964419248513877,
the empirical var of deltas thetas is 0.0059173451736569405
the minimum of the deltas theta is -0.4210229814052582 and the maximum is 0.5005874633789062
the added laplace noise var is 0.028470999800317295
global epoch 80 has been done artifficialy in 0.93 secs, the total time by now is 50.52 
 with avg train loss 1.285, val loss 1.471, avg val acc 47.97%
iteration: 81
user 4, emp_avg: 0.5287557278343291, h: 1.070690450293329, ucb: 1.604417671017549,num_of_obs: 23, privacy reward: 0.976455646662628, g: 0.016090714199352773, curr_delay = 0.12065305404633547, data_size = 4032
user 6, emp_avg: 0.519775853492082, h: 1.1205163547824648, ucb: 1.6410606336415623,num_of_obs: 21, privacy reward: 0.9805297819548703, g: 0.010284633256885067, curr_delay = 0.09927747427083568, data_size = 3540
user 8, emp_avg: 0.4472064445554507, h: 1.2102959906117234, ucb: 1.6554739167120558,num_of_obs: 18, privacy reward: 0.985358118495356, g: 0.007201011906563506, curr_delay = 0.10336563110193314, data_size = 3014
user 14, emp_avg: 0.28139597083584084, h: 1.3258128306322035, ucb: 1.6045664997755908,num_of_obs: 15, privacy reward: 0.9889890963984523, g: 0.007666860785008879, curr_delay = 0.15574844318006328, data_size = 2677
user 21, emp_avg: 0.06060173791084624, h: 1.5482158332044555, ucb: 1.6089976388192275,num_of_obs: 11, privacy reward: 0.9924700679463443, g: 0.0028840540163170745, curr_delay = 0.8529367603341986, data_size = 1860
num of fast users chosen: 4, num of slow users chosen: 1
max_delay = 0.85 seconds
after cleansing the weights updates who were almost zeros (meaning with absolute value of less than 10**-7, 0.00% of the weights upadtes) we get:
user No.4 has been picked 24, his deltas theta's mean
 is -0.002587666269391775,
the empirical var of deltas thetas is 0.004593301098793745
the minimum of the deltas theta is -0.5647047758102417 and the maximum is 0.5513737201690674
the added laplace noise var is 0.023544353337372034
global epoch 81 has been done artifficialy in 0.85 secs, the total time by now is 51.37 
 with avg train loss 1.411, val loss 1.544, avg val acc 47.49%
iteration: 82
user 15, emp_avg: 0.07221462547170804, h: 1.626047830895067, ucb: 1.6982569775644607,num_of_obs: 10, privacy reward: 0.9931524835920207, g: -0.0003177264280561168, curr_delay = 0.691855621653305, data_size = 1022
user 16, emp_avg: 0.06875853600105898, h: 1.626047830895067, ucb: 1.6954366676692496,num_of_obs: 10, privacy reward: 0.9931524835920207, g: 0.00026923670893297966, curr_delay = 0.8005696434747778, data_size = 1358
user 22, emp_avg: 0.06350307034395476, h: 1.626047830895067, ucb: 1.6896571602974835,num_of_obs: 10, privacy reward: 0.9931524835920207, g: 0.0005589564511042407, curr_delay = 0.8007625853086642, data_size = 1429
user 25, emp_avg: 0.06044141163069205, h: 1.626047830895067, ucb: 1.6867747776265307,num_of_obs: 10, privacy reward: 0.9931524835920207, g: -0.00020042141205709843, curr_delay = 0.86826567851824, data_size = 1058
user 28, emp_avg: 0.05676595843289931, h: 1.626047830895067, ucb: 1.6826328316638208,num_of_obs: 10, privacy reward: 0.9931524835920207, g: 0.0017796000603465542, curr_delay = 0.8535986899057931, data_size = 1611
num of fast users chosen: 0, num of slow users chosen: 5
max_delay = 0.87 seconds
after cleansing the weights updates who were almost zeros (meaning with absolute value of less than 10**-7, 0.00% of the weights upadtes) we get:
user No.15 has been picked 11, his deltas theta's mean
 is -0.00010779852163977921,
the empirical var of deltas thetas is 0.0014863194664940238
the minimum of the deltas theta is -0.39623233675956726 and the maximum is 0.2742931544780731
the added laplace noise var is 0.006847516407979326
global epoch 82 has been done artifficialy in 0.87 secs, the total time by now is 52.24 
 with avg train loss 1.388, val loss 1.320, avg val acc 53.00%
iteration: 83
user 0, emp_avg: 0.8372655735531415, h: 1.0098180271479913, ucb: 1.8408245842993305,num_of_obs: 26, privacy reward: 0.9686916129552876, g: 0.00570623906071543, curr_delay = 0.05, data_size = 3816
user 1, emp_avg: 0.6606361149043798, h: 1.287270456401344, ucb: 1.9266963284872474,num_of_obs: 16, privacy reward: 0.9878917623516182, g: -0.0068283018937168195, curr_delay = 0.05, data_size = 1081
user 2, emp_avg: 0.5368834726280595, h: 1.3294872105885935, ucb: 1.873732864081277,num_of_obs: 15, privacy reward: 0.9889890963984523, g: -0.00414354452308794, curr_delay = 0.11724683065406222, data_size = 1142
user 3, emp_avg: 0.6014876494227936, h: 1.376150003419986, ucb: 1.9968422980474505,num_of_obs: 14, privacy reward: 0.9899869822807138, g: -0.00817706377121721, curr_delay = 0.15032050591596244, data_size = 768
user 5, emp_avg: 0.6297992506850542, h: 1.3294872105885935, ucb: 1.934606411319318,num_of_obs: 15, privacy reward: 0.9889890963984523, g: -0.006673386450458851, curr_delay = 0.05, data_size = 972
num of fast users chosen: 5, num of slow users chosen: 0
max_delay = 0.15 seconds
after cleansing the weights updates who were almost zeros (meaning with absolute value of less than 10**-7, 0.00% of the weights upadtes) we get:
user No.0 has been picked 27, his deltas theta's mean
 is -0.0031724777072668076,
the empirical var of deltas thetas is 0.005282714031636715
the minimum of the deltas theta is -0.4651447534561157 and the maximum is 0.4880940318107605
the added laplace noise var is 0.031308387044712414
global epoch 83 has been done artifficialy in 0.15 secs, the total time by now is 52.39 
 with avg train loss 1.371, val loss 1.386, avg val acc 52.08%
iteration: 84
user 4, emp_avg: 0.5187863530745639, h: 1.0524752727313018, ucb: 1.581231000565631,num_of_obs: 24, privacy reward: 0.974109243364341, g: 0.01564638494104187, curr_delay = 0.17887720712099475, data_size = 4032
user 13, emp_avg: 0.2694130453122546, h: 1.289013692544126, ucb: 1.5630774792462683,num_of_obs: 16, privacy reward: 0.9878917623516182, g: 0.014124437114097778, curr_delay = 0.2564087007667677, data_size = 3036
user 14, emp_avg: 0.28552924846103694, h: 1.289013692544126, ucb: 1.570409663379967,num_of_obs: 16, privacy reward: 0.9878917623516182, g: 0.006768288198570564, curr_delay = 0.14218210671171685, data_size = 2677
user 17, emp_avg: 0.06971457442406923, h: 1.4884248047589292, ucb: 1.5580312583587843,num_of_obs: 12, privacy reward: 0.9917196435386996, g: 0.00655839477144307, curr_delay = 0.704106107135624, data_size = 2197
user 27, emp_avg: 0.058762469033900436, h: 1.4884248047589292, ucb: 1.5471487397445693,num_of_obs: 12, privacy reward: 0.9917196435386996, g: 0.008461696976418957, curr_delay = 0.8442398197375655, data_size = 2305
num of fast users chosen: 3, num of slow users chosen: 2
max_delay = 0.84 seconds
after cleansing the weights updates who were almost zeros (meaning with absolute value of less than 10**-7, 0.00% of the weights upadtes) we get:
user No.4 has been picked 25, his deltas theta's mean
 is -0.000899386708624661,
the empirical var of deltas thetas is 0.004660740029066801
the minimum of the deltas theta is -0.4611543118953705 and the maximum is 0.44608739018440247
the added laplace noise var is 0.025890756635658964
global epoch 84 has been done artifficialy in 0.84 secs, the total time by now is 53.24 
 with avg train loss 1.425, val loss 1.473, avg val acc 48.50%
iteration: 85
user 10, emp_avg: 0.36439169426829293, h: 1.3798526717148853, ucb: 1.745076683422355,num_of_obs: 14, privacy reward: 0.9899869822807138, g: -0.0002812010705149895, curr_delay = 0.14174776405805714, data_size = 1452
user 18, emp_avg: 0.06591763532065684, h: 1.632663698957685, ucb: 1.6984492302266225,num_of_obs: 10, privacy reward: 0.9931524835920207, g: -0.0001855754066198026, curr_delay = 0.7436196411805949, data_size = 1021
user 19, emp_avg: 0.06634475813149682, h: 1.632663698957685, ucb: 1.697766787454327,num_of_obs: 10, privacy reward: 0.9931524835920207, g: -0.0006114768175974813, curr_delay = 0.6348282967865723, data_size = 912
user 20, emp_avg: 0.06528523621153391, h: 1.632663698957685, ucb: 1.6978210152175437,num_of_obs: 10, privacy reward: 0.9931524835920207, g: -0.0017595172802190896, curr_delay = 0.7511518643994652, data_size = 743
user 23, emp_avg: 0.06151260302828885, h: 1.632663698957685, ucb: 1.6945139088318761,num_of_obs: 10, privacy reward: 0.9931524835920207, g: -0.0007383879164612665, curr_delay = 0.8600443829418218, data_size = 888
num of fast users chosen: 1, num of slow users chosen: 4
max_delay = 0.86 seconds
after cleansing the weights updates who were almost zeros (meaning with absolute value of less than 10**-7, 0.00% of the weights upadtes) we get:
user No.10 has been picked 15, his deltas theta's mean
 is -0.0020364015363156796,
the empirical var of deltas thetas is 0.0031888459343463182
the minimum of the deltas theta is -0.40875738859176636 and the maximum is 0.5225796103477478
the added laplace noise var is 0.010013017719286166
global epoch 85 has been done artifficialy in 0.86 secs, the total time by now is 54.10 
 with avg train loss 1.313, val loss 1.242, avg val acc 55.36%
iteration: 86
user 6, emp_avg: 0.5265320661235369, h: 1.10218963426777, ucb: 1.621965487759852,num_of_obs: 22, privacy reward: 0.9785894023154371, g: 0.010995302223423032, curr_delay = 0.07405556084043038, data_size = 3540
user 8, emp_avg: 0.44024712034499747, h: 1.1860168583500748, ucb: 1.6332233029055254,num_of_obs: 19, privacy reward: 0.9838989253477112, g: 0.007421954467497731, curr_delay = 0.1623271425130118, data_size = 3014
user 24, emp_avg: 0.060340774295106425, h: 1.5587315290885215, ucb: 1.619260917643913,num_of_obs: 11, privacy reward: 0.9924700679463443, g: 0.001767108240496797, curr_delay = 0.8581331315183568, data_size = 1668
user 26, emp_avg: 0.058012235270676914, h: 1.5587315290885215, ucb: 1.6165837043725768,num_of_obs: 11, privacy reward: 0.9924700679463443, g: 0.0024276129500361713, curr_delay = 0.8364995521244261, data_size = 1739
user 28, emp_avg: 0.05729945865884405, h: 1.5587315290885215, ucb: 1.6154974875214207,num_of_obs: 11, privacy reward: 0.9924700679463443, g: 0.001312580219420563, curr_delay = 0.7915405071541125, data_size = 1611
num of fast users chosen: 2, num of slow users chosen: 3
max_delay = 0.86 seconds
after cleansing the weights updates who were almost zeros (meaning with absolute value of less than 10**-7, 0.00% of the weights upadtes) we get:
user No.6 has been picked 23, his deltas theta's mean
 is -0.000571688637137413,
the empirical var of deltas thetas is 0.004346536006778479
the minimum of the deltas theta is -0.40039026737213135 and the maximum is 0.4912347197532654
the added laplace noise var is 0.0214105976845629
global epoch 86 has been done artifficialy in 0.86 secs, the total time by now is 54.95 
 with avg train loss 1.415, val loss 1.418, avg val acc 51.21%
iteration: 87
user 0, emp_avg: 0.843077517354815, h: 0.9962048114557996, ucb: 1.833470385008941,num_of_obs: 27, privacy reward: 0.9655714549465666, g: 0.006154063083403483, curr_delay = 0.05, data_size = 3816
user 1, emp_avg: 0.6437067739912852, h: 1.2554691813849914, ucb: 1.9161052962893712,num_of_obs: 17, privacy reward: 0.9866850692499858, g: -0.007270078321737121, curr_delay = 0.14048575200569863, data_size = 1081
user 2, emp_avg: 0.5625326521413299, h: 1.2941080111395142, ucb: 1.8309914837675736,num_of_obs: 16, privacy reward: 0.9878917623516182, g: -0.0045637488670251716, curr_delay = 0.05139171200538578, data_size = 1142
user 5, emp_avg: 0.6406656492644768, h: 1.2941080111395142, ucb: 1.9239072618245685,num_of_obs: 16, privacy reward: 0.9878917623516182, g: -0.007203927269144304, curr_delay = 0.06138524196973944, data_size = 972
user 7, emp_avg: 0.4202531541311493, h: 1.435683935431459, ucb: 1.8499682773400532,num_of_obs: 13, privacy reward: 0.9908944326937303, g: -0.00868341423117735, curr_delay = 0.10043231834139818, data_size = 552
num of fast users chosen: 5, num of slow users chosen: 0
max_delay = 0.14 seconds
after cleansing the weights updates who were almost zeros (meaning with absolute value of less than 10**-7, 0.00% of the weights upadtes) we get:
user No.0 has been picked 28, his deltas theta's mean
 is -0.0003714013146236539,
the empirical var of deltas thetas is 0.005080783739686012
the minimum of the deltas theta is -0.4065670073032379 and the maximum is 0.48354512453079224
the added laplace noise var is 0.03442854505343338
global epoch 87 has been done artifficialy in 0.14 secs, the total time by now is 55.09 
 with avg train loss 1.366, val loss 1.391, avg val acc 51.79%
iteration: 88
user 0, emp_avg: 0.8484886374460282, h: 0.9795046285690472, ucb: 1.822582145923862,num_of_obs: 28, privacy reward: 0.962140345562884, g: 0.004985891588021973, curr_delay = 0.05, data_size = 3816
user 2, emp_avg: 0.5868363936890337, h: 1.2570745891779906, ucb: 1.8196072413193205,num_of_obs: 17, privacy reward: 0.9866850692499858, g: -0.005902740805491858, curr_delay = 0.05, data_size = 1142
user 9, emp_avg: 0.3660746673426997, h: 1.4375197894790137, ucb: 1.7996446428330306,num_of_obs: 13, privacy reward: 0.9908944326937303, g: -0.0051439247393987525, curr_delay = 0.11978278612689208, data_size = 746
user 11, emp_avg: 0.28238408706173473, h: 1.4962180346590879, ucb: 1.7609455629215827,num_of_obs: 12, privacy reward: 0.9917196435386996, g: -0.002096539739555028, curr_delay = 0.10116076051701074, data_size = 889
user 12, emp_avg: 0.2866130006082855, h: 1.4962180346590879, ucb: 1.7910368190501527,num_of_obs: 12, privacy reward: 0.9917196435386996, g: -0.0036430306154612794, curr_delay = 0.26575446239815176, data_size = 746
num of fast users chosen: 5, num of slow users chosen: 0
max_delay = 0.27 seconds
after cleansing the weights updates who were almost zeros (meaning with absolute value of less than 10**-7, 0.00% of the weights upadtes) we get:
user No.0 has been picked 29, his deltas theta's mean
 is -0.0011756869498640299,
the empirical var of deltas thetas is 0.005697426851838827
the minimum of the deltas theta is -0.3850613236427307 and the maximum is 0.5104244947433472
the added laplace noise var is 0.03785965443711599
global epoch 88 has been done artifficialy in 0.27 secs, the total time by now is 55.36 
 with avg train loss 1.308, val loss 1.352, avg val acc 53.06%
iteration: 89
user 4, emp_avg: 0.5091724612668898, h: 1.0379174961121493, ucb: 1.5567038491867131,num_of_obs: 25, privacy reward: 0.9715290001996827, g: 0.016874248971579933, curr_delay = 0.18599449125251805, data_size = 4032
user 6, emp_avg: 0.5215416083901224, h: 1.082103792707055, ucb: 1.6086358588305918,num_of_obs: 23, privacy reward: 0.976455646662628, g: 0.010454136922914092, curr_delay = 0.12292228139399432, data_size = 3540
user 13, emp_avg: 0.2666005110749814, h: 1.2586598432785292, ucb: 1.5280728885907837,num_of_obs: 17, privacy reward: 0.9866850692499858, g: 0.013997547063377358, curr_delay = 0.22853232573318072, data_size = 3036
user 14, emp_avg: 0.27944988541967036, h: 1.2586598432785292, ucb: 1.5441890917395662,num_of_obs: 17, privacy reward: 0.9866850692499858, g: 0.0066805385099312, curr_delay = 0.2839284347280454, data_size = 2677
user 21, emp_avg: 0.06050413375409725, h: 1.4981048644424295, ucb: 1.5587066023532758,num_of_obs: 12, privacy reward: 0.9917196435386996, g: 0.0029892897644999993, curr_delay = 0.8427030128340135, data_size = 1860
num of fast users chosen: 4, num of slow users chosen: 1
max_delay = 0.84 seconds
after cleansing the weights updates who were almost zeros (meaning with absolute value of less than 10**-7, 0.00% of the weights upadtes) we get:
user No.4 has been picked 26, his deltas theta's mean
 is -0.0016767177730798721,
the empirical var of deltas thetas is 0.005238892510533333
the minimum of the deltas theta is -0.4125535488128662 and the maximum is 0.5825693607330322
the added laplace noise var is 0.028470999800317295
global epoch 89 has been done artifficialy in 0.84 secs, the total time by now is 56.20 
 with avg train loss 1.404, val loss 1.502, avg val acc 47.55%
iteration: 90
user 15, emp_avg: 0.07259964141216638, h: 1.566665771108172, ucb: 1.63888039657988,num_of_obs: 11, privacy reward: 0.9924700679463443, g: -0.0003274610533289019, curr_delay = 0.6507466551003308, data_size = 1022
user 16, emp_avg: 0.06849678633923484, h: 1.566665771108172, ucb: 1.635424307109231,num_of_obs: 11, privacy reward: 0.9924700679463443, g: 0.00026041669119626805, curr_delay = 0.7619913814951534, data_size = 1358
user 18, emp_avg: 0.0658535656624302, h: 1.566665771108172, ucb: 1.6325834064288287,num_of_obs: 11, privacy reward: 0.9924700679463443, g: -0.0003311588276372772, curr_delay = 0.767473851301146, data_size = 1021
user 22, emp_avg: 0.06346134515245232, h: 1.566665771108172, ucb: 1.6301688414521267,num_of_obs: 11, privacy reward: 0.9924700679463443, g: 0.0005462156605887366, curr_delay = 0.7936209630017801, data_size = 1429
user 29, emp_avg: 0.05391970683318669, h: 1.643132922863564, ucb: 1.6973614286917726,num_of_obs: 10, privacy reward: 0.9931524835920207, g: -0.0008703284814206618, curr_delay = 0.9836378360998033, data_size = 801
num of fast users chosen: 0, num of slow users chosen: 5
max_delay = 0.98 seconds
after cleansing the weights updates who were almost zeros (meaning with absolute value of less than 10**-7, 0.00% of the weights upadtes) we get:
user No.15 has been picked 12, his deltas theta's mean
 is -0.00046239624498412013,
the empirical var of deltas thetas is 0.0013611582107841969
the minimum of the deltas theta is -0.2453959584236145 and the maximum is 0.2604637145996094
the added laplace noise var is 0.007529932053655754
global epoch 90 has been done artifficialy in 0.98 secs, the total time by now is 57.19 
 with avg train loss 1.320, val loss 1.272, avg val acc 54.99%
iteration: 91
user 4, emp_avg: 0.5179986887642647, h: 1.0202781867838622, ucb: 1.529450648050752,num_of_obs: 26, privacy reward: 0.9686916129552876, g: 0.01564638494104187, curr_delay = 0.06689136781980527, data_size = 4032
user 8, emp_avg: 0.4395154508999108, h: 1.1632961153356676, ucb: 1.603543235680665,num_of_obs: 20, privacy reward: 0.9822943106815641, g: 0.007621425960143509, curr_delay = 0.11767971508341643, data_size = 3014
user 13, emp_avg: 0.2636353726607747, h: 1.2262217725622133, ucb: 1.4928222836371947,num_of_obs: 18, privacy reward: 0.985358118495356, g: 0.012436770132784047, curr_delay = 0.23779755948097522, data_size = 3036
user 17, emp_avg: 0.06983397586667316, h: 1.4428912491431678, ucb: 1.512605823567237,num_of_obs: 13, privacy reward: 0.9908944326937303, g: 0.00655839477144307, curr_delay = 0.7004155392480395, data_size = 2197
user 27, emp_avg: 0.058690992650276906, h: 1.4428912491431678, ucb: 1.5016537181770682,num_of_obs: 13, privacy reward: 0.9908944326937303, g: 0.008461696976418957, curr_delay = 0.8656239987598582, data_size = 2305
num of fast users chosen: 3, num of slow users chosen: 2
max_delay = 0.87 seconds
after cleansing the weights updates who were almost zeros (meaning with absolute value of less than 10**-7, 0.00% of the weights upadtes) we get:
user No.4 has been picked 27, his deltas theta's mean
 is -0.0007830149843357503,
the empirical var of deltas thetas is 0.004510277882218361
the minimum of the deltas theta is -0.49282148480415344 and the maximum is 0.5946323871612549
the added laplace noise var is 0.031308387044712414
global epoch 91 has been done artifficialy in 0.87 secs, the total time by now is 58.05 
 with avg train loss 1.400, val loss 1.408, avg val acc 53.14%
iteration: 92
user 1, emp_avg: 0.6318467119865824, h: 1.2277063407087, ucb: 1.8714131146999853,num_of_obs: 18, privacy reward: 0.985358118495356, g: -0.007312751830886134, curr_delay = 0.11951269533100012, data_size = 1081
user 2, emp_avg: 0.6085818466527687, h: 1.2277063407087, ucb: 1.8145427343977338,num_of_obs: 18, privacy reward: 0.985358118495356, g: -0.006288434848954785, curr_delay = 0.05, data_size = 1142
user 3, emp_avg: 0.6103657029254144, h: 1.3448849135965562, ucb: 1.9463725630193498,num_of_obs: 15, privacy reward: 0.9889890963984523, g: -0.0071903443221264145, curr_delay = 0.0672461938755099, data_size = 768
user 5, emp_avg: 0.6323140677668362, h: 1.2632994024121738, ucb: 1.9039650516766504,num_of_obs: 17, privacy reward: 0.9866850692499858, g: -0.007353150816174727, curr_delay = 0.10197064755472816, data_size = 972
user 7, emp_avg: 0.4105182249520407, h: 1.3920881402281517, ucb: 1.812341294359301,num_of_obs: 14, privacy reward: 0.9899869822807138, g: -0.009203229658949057, curr_delay = 0.1823292231523237, data_size = 552
num of fast users chosen: 5, num of slow users chosen: 0
max_delay = 0.18 seconds
after cleansing the weights updates who were almost zeros (meaning with absolute value of less than 10**-7, 0.00% of the weights upadtes) we get:
user No.1 has been picked 19, his deltas theta's mean
 is -0.0011499508982524276,
the empirical var of deltas thetas is 0.0011230665259063244
the minimum of the deltas theta is -0.2916770279407501 and the maximum is 0.28231918811798096
the added laplace noise var is 0.014641881504643989
global epoch 92 has been done artifficialy in 0.18 secs, the total time by now is 58.23 
 with avg train loss 1.343, val loss 1.204, avg val acc 56.91%
iteration: 93
user 10, emp_avg: 0.3750328403716348, h: 1.3464916625294427, ucb: 1.7108833567977357,num_of_obs: 15, privacy reward: 0.9889890963984523, g: -0.0001783157272312864, curr_delay = 0.09351911907734935, data_size = 1452
user 19, emp_avg: 0.06624504505812108, h: 1.5723635064021972, ucb: 1.6387082645336941,num_of_obs: 11, privacy reward: 0.9924700679463443, g: -0.0006431584277552656, curr_delay = 0.7674808980123871, data_size = 912
user 20, emp_avg: 0.06444127008997254, h: 1.5723635064021972, ucb: 1.6376487426137312,num_of_obs: 11, privacy reward: 0.9924700679463443, g: -0.0018129807285126838, curr_delay = 0.9064926908513369, data_size = 743
user 23, emp_avg: 0.06152000960551183, h: 1.5723635064021972, ucb: 1.6338761094304861,num_of_obs: 11, privacy reward: 0.9924700679463443, g: -0.0007731628054075683, curr_delay = 0.8116687847956943, data_size = 888
user 25, emp_avg: 0.06015106752012342, h: 1.5723635064021972, ucb: 1.6328049180328892,num_of_obs: 11, privacy reward: 0.9924700679463443, g: -0.00010994313775391743, curr_delay = 0.8778508731025603, data_size = 1058
num of fast users chosen: 1, num of slow users chosen: 4
max_delay = 0.91 seconds
after cleansing the weights updates who were almost zeros (meaning with absolute value of less than 10**-7, 0.00% of the weights upadtes) we get:
user No.10 has been picked 16, his deltas theta's mean
 is -0.0027063447050750256,
the empirical var of deltas thetas is 0.0035405182279646397
the minimum of the deltas theta is -0.35523250699043274 and the maximum is 0.397879421710968
the added laplace noise var is 0.01101090360154761
global epoch 93 has been done artifficialy in 0.91 secs, the total time by now is 59.14 
 with avg train loss 1.301, val loss 1.231, avg val acc 56.44%
iteration: 94
user 6, emp_avg: 0.5119496394926949, h: 1.065750297005589, ucb: 1.5872919053957113,num_of_obs: 24, privacy reward: 0.974109243364341, g: 0.011099315968034982, curr_delay = 0.17746708515518256, data_size = 3540
user 8, emp_avg: 0.43377685662434473, h: 1.1393349917849953, ucb: 1.5788504426849062,num_of_obs: 21, privacy reward: 0.9805297819548703, g: 0.00700179734462251, curr_delay = 0.15960857499221257, data_size = 3014
user 24, emp_avg: 0.06011548755054464, h: 1.507198524128458, ucb: 1.5675392984235645,num_of_obs: 12, privacy reward: 0.9917196435386996, g: 0.0017879695407022962, curr_delay = 0.8708973629627937, data_size = 1668
user 26, emp_avg: 0.057875458141534004, h: 1.507198524128458, ucb: 1.565210759399135,num_of_obs: 12, privacy reward: 0.9917196435386996, g: 0.0024520535801659023, curr_delay = 0.8891397038686423, data_size = 1739
user 28, emp_avg: 0.05710582725088065, h: 1.507198524128458, ucb: 1.564497982787302,num_of_obs: 12, privacy reward: 0.9917196435386996, g: 0.0013305679730671717, curr_delay = 0.9127043828192164, data_size = 1611
num of fast users chosen: 2, num of slow users chosen: 3
max_delay = 0.91 seconds
after cleansing the weights updates who were almost zeros (meaning with absolute value of less than 10**-7, 0.00% of the weights upadtes) we get:
user No.6 has been picked 25, his deltas theta's mean
 is -0.0016507758991792798,
the empirical var of deltas thetas is 0.00490908557549119
the minimum of the deltas theta is -0.3816164433956146 and the maximum is 0.4970417320728302
the added laplace noise var is 0.025890756635658964
global epoch 94 has been done artifficialy in 0.91 secs, the total time by now is 60.05 
 with avg train loss 1.406, val loss 1.388, avg val acc 51.42%
iteration: 95
user 0, emp_avg: 0.8535390161978272, h: 0.9706603040448227, ucb: 1.8191489414908508,num_of_obs: 29, privacy reward: 0.9583672957462112, g: 0.006977178438528229, curr_delay = 0.05, data_size = 3816
user 3, emp_avg: 0.5897348908079177, h: 1.3067914272561643, ucb: 1.9171571301815786,num_of_obs: 16, privacy reward: 0.9878917623516182, g: -0.008131255124176479, curr_delay = 0.19257292675638826, data_size = 768
user 9, emp_avg: 0.35920318554943625, h: 1.3970187990759682, ucb: 1.763093466418668,num_of_obs: 14, privacy reward: 0.9899869822807138, g: -0.005092578997438645, curr_delay = 0.19011230434074333, data_size = 746
user 11, emp_avg: 0.28533684344830873, h: 1.449754922248883, ucb: 1.7321390093106177,num_of_obs: 13, privacy reward: 0.9908944326937303, g: -0.002140584927399384, curr_delay = 0.15445318982481362, data_size = 889
user 12, emp_avg: 0.28395545843002384, h: 1.449754922248883, ucb: 1.7363679228571685,num_of_obs: 13, privacy reward: 0.9908944326937303, g: -0.003701017943424144, curr_delay = 0.20047519830073215, data_size = 746
num of fast users chosen: 5, num of slow users chosen: 0
max_delay = 0.20 seconds
after cleansing the weights updates who were almost zeros (meaning with absolute value of less than 10**-7, 0.00% of the weights upadtes) we get:
user No.0 has been picked 30, his deltas theta's mean
 is -0.004201319068670273,
the empirical var of deltas thetas is 0.006486203987151384
the minimum of the deltas theta is -0.4831392467021942 and the maximum is 0.5348818302154541
the added laplace noise var is 0.04163270425378887
global epoch 95 has been done artifficialy in 0.20 secs, the total time by now is 60.25 
 with avg train loss 1.302, val loss 1.336, avg val acc 52.69%
iteration: 96
user 0, emp_avg: 0.8582635640624134, h: 0.955442116663049, ucb: 1.8089811328608763,num_of_obs: 30, privacy reward: 0.9542182281044749, g: 0.005820570624367926, curr_delay = 0.05, data_size = 3816
user 1, emp_avg: 0.6502543763872533, h: 1.2005719941324244, ucb: 1.832418706119007,num_of_obs: 19, privacy reward: 0.9838989253477112, g: -0.007705174275248561, curr_delay = 0.05, data_size = 1081
user 2, emp_avg: 0.6281527543201303, h: 1.2005719941324244, ucb: 1.8091538407851933,num_of_obs: 19, privacy reward: 0.9838989253477112, g: -0.006652709752212572, curr_delay = 0.05, data_size = 1142
user 3, emp_avg: 0.5793447642671617, h: 1.2692306411830987, ucb: 1.8589655319910166,num_of_obs: 17, privacy reward: 0.9866850692499858, g: -0.00976850609064612, curr_delay = 0.1241580183404239, data_size = 768
user 5, emp_avg: 0.6377345729508828, h: 1.2334704687003841, ucb: 1.8657845364672203,num_of_obs: 18, privacy reward: 0.985358118495356, g: -0.00782657043907552, curr_delay = 0.06799911695539859, data_size = 972
num of fast users chosen: 5, num of slow users chosen: 0
max_delay = 0.12 seconds
after cleansing the weights updates who were almost zeros (meaning with absolute value of less than 10**-7, 0.00% of the weights upadtes) we get:
user No.0 has been picked 31, his deltas theta's mean
 is -0.00237246323376894,
the empirical var of deltas thetas is 0.005755426827818155
the minimum of the deltas theta is -0.40626829862594604 and the maximum is 0.5253696441650391
the added laplace noise var is 0.045781771895525084
global epoch 96 has been done artifficialy in 0.12 secs, the total time by now is 60.38 
 with avg train loss 1.347, val loss 1.329, avg val acc 52.99%
iteration: 97
user 4, emp_avg: 0.5352130213083981, h: 1.0082670477940943, ucb: 1.526265736558359,num_of_obs: 27, privacy reward: 0.9655714549465666, g: 0.017542811975521364, curr_delay = 0.05, data_size = 4032
user 13, emp_avg: 0.2819633577883157, h: 1.2019340964291525, ucb: 1.4655694690899272,num_of_obs: 19, privacy reward: 0.9838989253477112, g: 0.01287003506549247, curr_delay = 0.07934051211557305, data_size = 3036
user 14, emp_avg: 0.278333420148063, h: 1.2348698957789552, ucb: 1.5143197811986255,num_of_obs: 18, privacy reward: 0.985358118495356, g: 0.007600140892300303, curr_delay = 0.1936205549046111, data_size = 2677
user 17, emp_avg: 0.07054178026202913, h: 1.4002108481791564, ucb: 1.4700448240458295,num_of_obs: 14, privacy reward: 0.9899869822807138, g: 0.006322024993179539, curr_delay = 0.6214959916386882, data_size = 2197
user 27, emp_avg: 0.058843111213821714, h: 1.4002108481791564, ucb: 1.4589018408294334,num_of_obs: 14, privacy reward: 0.9899869822807138, g: 0.00819291610545895, curr_delay = 0.820038175978059, data_size = 2305
num of fast users chosen: 3, num of slow users chosen: 2
max_delay = 0.82 seconds
after cleansing the weights updates who were almost zeros (meaning with absolute value of less than 10**-7, 0.00% of the weights upadtes) we get:
user No.4 has been picked 28, his deltas theta's mean
 is -0.0024064630270004272,
the empirical var of deltas thetas is 0.005245493724942207
the minimum of the deltas theta is -0.4871079921722412 and the maximum is 0.6680794954299927
the added laplace noise var is 0.03442854505343338
global epoch 97 has been done artifficialy in 0.82 secs, the total time by now is 61.20 
 with avg train loss 1.384, val loss 1.410, avg val acc 50.84%
iteration: 98
user 15, emp_avg: 0.07212439666294644, h: 1.5140950232185846, ucb: 1.586694664630751,num_of_obs: 12, privacy reward: 0.9917196435386996, g: -0.0003357192227928972, curr_delay = 0.7527687624854513, data_size = 1022
user 16, emp_avg: 0.06882325792206888, h: 1.5140950232185846, ucb: 1.5825918095578193,num_of_obs: 12, privacy reward: 0.9917196435386996, g: 0.0002531495471217047, curr_delay = 0.6873710439708361, data_size = 1358
user 18, emp_avg: 0.06590623023686347, h: 1.5140950232185846, ucb: 1.5799485888810147,num_of_obs: 12, privacy reward: 0.9917196435386996, g: -0.00033946320339156577, curr_delay = 0.7514479824375283, data_size = 1021
user 22, emp_avg: 0.06358147713338849, h: 1.5140950232185846, ucb: 1.577556368371037,num_of_obs: 12, privacy reward: 0.9917196435386996, g: 0.0005356678699033468, curr_delay = 0.7689579559064619, data_size = 1429
user 29, emp_avg: 0.05424145661708105, h: 1.5814206752164746, ucb: 1.6353403820496613,num_of_obs: 11, privacy reward: 0.9924700679463443, g: -0.0009385103943177554, curr_delay = 0.8653407856087778, data_size = 801
num of fast users chosen: 0, num of slow users chosen: 5
max_delay = 0.87 seconds
after cleansing the weights updates who were almost zeros (meaning with absolute value of less than 10**-7, 0.00% of the weights upadtes) we get:
user No.15 has been picked 13, his deltas theta's mean
 is 0.0004334757395554334,
the empirical var of deltas thetas is 0.0015594710130244493
the minimum of the deltas theta is -0.32157254219055176 and the maximum is 0.31396108865737915
the added laplace noise var is 0.008280356461300431
global epoch 98 has been done artifficialy in 0.87 secs, the total time by now is 62.06 
 with avg train loss 1.289, val loss 1.243, avg val acc 55.78%
iteration: 99
user 7, emp_avg: 0.4375003954466221, h: 1.3557462668411946, ucb: 1.7662644917932353,num_of_obs: 15, privacy reward: 0.9889890963984523, g: -0.009077269073987414, curr_delay = 0.05936599824299922, data_size = 552
user 9, emp_avg: 0.3523148744335263, h: 1.3557462668411946, ucb: 1.7149494523906308,num_of_obs: 15, privacy reward: 0.9889890963984523, g: -0.005701614883557891, curr_delay = 0.2008111100548663, data_size = 746
user 10, emp_avg: 0.3705170181975205, h: 1.312695678289706, ucb: 1.6877285186613407,num_of_obs: 16, privacy reward: 0.9878917623516182, g: -0.00018712407569519267, curr_delay = 0.16763680128083575, data_size = 1452
user 11, emp_avg: 0.2885619317030131, h: 1.4033307089311164, ucb: 1.6886675523794252,num_of_obs: 14, privacy reward: 0.9899869822807138, g: -0.0025845522584726243, curr_delay = 0.14982926927697407, data_size = 889
user 12, emp_avg: 0.29135840428014453, h: 1.4033307089311164, ucb: 1.6872861673611403,num_of_obs: 14, privacy reward: 0.9899869822807138, g: -0.004278210168963129, curr_delay = 0.12658239186620165, data_size = 746
num of fast users chosen: 5, num of slow users chosen: 0
max_delay = 0.20 seconds
after cleansing the weights updates who were almost zeros (meaning with absolute value of less than 10**-7, 0.00% of the weights upadtes) we get:
user No.7 has been picked 16, his deltas theta's mean
 is -0.0006689605070278049,
the empirical var of deltas thetas is 0.0005688745295628905
the minimum of the deltas theta is -0.18224626779556274 and the maximum is 0.21277450025081635
the added laplace noise var is 0.01101090360154761
global epoch 99 has been done artifficialy in 0.20 secs, the total time by now is 62.26 
 with avg train loss 1.268, val loss 1.240, avg val acc 56.13%
iteration: 100
user 6, emp_avg: 0.5307208072045143, h: 1.0513043539513864, ucb: 1.5632539934440812,num_of_obs: 25, privacy reward: 0.9715290001996827, g: 0.012248389007125974, curr_delay = 0.05, data_size = 3540
user 8, emp_avg: 0.4272461474072537, h: 1.120694206851039, ucb: 1.5544710634753838,num_of_obs: 22, privacy reward: 0.9785894023154371, g: 0.007583100294832908, curr_delay = 0.17632296776457848, data_size = 3014
user 19, emp_avg: 0.0653127908663975, h: 1.5174271293851465, ucb: 1.5836721744432676,num_of_obs: 12, privacy reward: 0.9917196435386996, g: -0.0007333804782256771, curr_delay = 0.923774889311577, data_size = 912
user 23, emp_avg: 0.06155480552660358, h: 1.5174271293851465, ucb: 1.5789471389906582,num_of_obs: 12, privacy reward: 0.9917196435386996, g: -0.0008717985741827469, curr_delay = 0.8068113391120348, data_size = 888
user 25, emp_avg: 0.060352667247059386, h: 1.5174271293851465, ucb: 1.5775781969052698,num_of_obs: 12, privacy reward: 0.9917196435386996, g: -0.000148981735203662, curr_delay = 0.7965352123949079, data_size = 1058
num of fast users chosen: 2, num of slow users chosen: 3
max_delay = 0.92 seconds
after cleansing the weights updates who were almost zeros (meaning with absolute value of less than 10**-7, 0.00% of the weights upadtes) we get:
user No.6 has been picked 26, his deltas theta's mean
 is -0.0014803278027102351,
the empirical var of deltas thetas is 0.005262134131044149
the minimum of the deltas theta is -0.5750338435173035 and the maximum is 0.7552980780601501
the added laplace noise var is 0.028470999800317295
global epoch 100 has been done artifficialy in 0.92 secs, the total time by now is 63.19 
 with avg train loss 1.306, val loss 1.350, avg val acc 53.70%
iteration: 101
user 4, emp_avg: 0.5251392843991194, h: 0.9944618627508972, ucb: 1.5296748840592953,num_of_obs: 28, privacy reward: 0.962140345562884, g: 0.01784149880786469, curr_delay = 0.20569812527462125, data_size = 4032
user 21, emp_avg: 0.06050881290179357, h: 1.4594710079879987, ucb: 1.519975141742096,num_of_obs: 13, privacy reward: 0.9908944326937303, g: 0.0036957872796777305, curr_delay = 0.8254960487807668, data_size = 1860
user 24, emp_avg: 0.06022870209698037, h: 1.4594710079879987, ucb: 1.5195864955385434,num_of_obs: 13, privacy reward: 0.9908944326937303, g: 0.001700002950342405, curr_delay = 0.8103663200573911, data_size = 1668
user 26, emp_avg: 0.058227100717744125, h: 1.4594710079879987, ucb: 1.5173464661295326,num_of_obs: 13, privacy reward: 0.9908944326937303, g: 0.0023488482584454206, curr_delay = 0.7961979419750048, data_size = 1739
user 28, emp_avg: 0.057013711078834454, h: 1.4594710079879987, ucb: 1.5165768352388793,num_of_obs: 13, privacy reward: 0.9908944326937303, g: 0.0012548352937995853, curr_delay = 0.8957972639758558, data_size = 1611
num of fast users chosen: 1, num of slow users chosen: 4
max_delay = 0.90 seconds
after cleansing the weights updates who were almost zeros (meaning with absolute value of less than 10**-7, 0.00% of the weights upadtes) we get:
user No.4 has been picked 29, his deltas theta's mean
 is -0.0002932304923888296,
the empirical var of deltas thetas is 0.005223393440246582
the minimum of the deltas theta is -0.4298340976238251 and the maximum is 0.5653181076049805
the added laplace noise var is 0.03785965443711599
global epoch 101 has been done artifficialy in 0.90 secs, the total time by now is 64.08 
 with avg train loss 1.394, val loss 1.363, avg val acc 52.83%
iteration: 102
user 0, emp_avg: 0.8626928276854631, h: 0.9461268563874513, ucb: 1.8043904204498649,num_of_obs: 31, privacy reward: 0.9496556691317225, g: 0.0072031028788517365, curr_delay = 0.05, data_size = 3816
user 1, emp_avg: 0.6564533284720689, h: 1.1779184368984472, ucb: 1.8281728132857005,num_of_obs: 20, privacy reward: 0.9822943106815641, g: -0.007385836023612617, curr_delay = 0.06406705040849633, data_size = 1081
user 2, emp_avg: 0.6458597660191717, h: 1.1779184368984472, ucb: 1.8060711912185776,num_of_obs: 20, privacy reward: 0.9822943106815641, g: -0.0063562206810027465, curr_delay = 0.05, data_size = 1142
user 3, emp_avg: 0.5677250382964366, h: 1.2416350528348055, ucb: 1.8209798171019673,num_of_obs: 18, privacy reward: 0.985358118495356, g: -0.009647759300756441, curr_delay = 0.13944279797102066, data_size = 768
user 5, emp_avg: 0.6201890101729653, h: 1.2085188167797896, ucb: 1.8462533897306723,num_of_obs: 19, privacy reward: 0.9838989253477112, g: -0.007611239161703265, curr_delay = 0.17432334460999216, data_size = 972
num of fast users chosen: 5, num of slow users chosen: 0
max_delay = 0.17 seconds
after cleansing the weights updates who were almost zeros (meaning with absolute value of less than 10**-7, 0.00% of the weights upadtes) we get:
user No.0 has been picked 32, his deltas theta's mean
 is -0.0025609685108065605,
the empirical var of deltas thetas is 0.006849097553640604
the minimum of the deltas theta is -0.4912898540496826 and the maximum is 0.5795813202857971
the added laplace noise var is 0.05034433086827752
global epoch 102 has been done artifficialy in 0.17 secs, the total time by now is 64.26 
 with avg train loss 1.324, val loss 1.337, avg val acc 52.94%
iteration: 103
user 6, emp_avg: 0.5260263104669539, h: 1.0341918794100098, ucb: 1.564912686614524,num_of_obs: 26, privacy reward: 0.9686916129552876, g: 0.011717035376496708, curr_delay = 0.12377175247164075, data_size = 3540
user 10, emp_avg: 0.36885574413837446, h: 1.2789787729779203, ucb: 1.6494957911754407,num_of_obs: 17, privacy reward: 0.9866850692499858, g: -0.0002928106981384673, curr_delay = 0.14679369463095537, data_size = 1452
user 11, emp_avg: 0.28365234717088056, h: 1.3615768782157893, ucb: 1.6501388099188024,num_of_obs: 15, privacy reward: 0.9889890963984523, g: -0.0030310991001670584, curr_delay = 0.23808551152106733, data_size = 889
user 20, emp_avg: 0.06437976510644512, h: 1.5222892281412288, ucb: 1.5867304982312014,num_of_obs: 12, privacy reward: 0.9917196435386996, g: -0.0016649987237043777, curr_delay = 0.7856483380052709, data_size = 743
user 29, emp_avg: 0.05486099637518195, h: 1.5222892281412288, ucb: 1.5765306847583098,num_of_obs: 12, privacy reward: 0.9917196435386996, g: -0.0012176661490850883, curr_delay = 0.8026265346896881, data_size = 801
num of fast users chosen: 3, num of slow users chosen: 2
max_delay = 0.80 seconds
after cleansing the weights updates who were almost zeros (meaning with absolute value of less than 10**-7, 0.00% of the weights upadtes) we get:
user No.6 has been picked 27, his deltas theta's mean
 is -0.0007969210273586214,
the empirical var of deltas thetas is 0.005047787446528673
the minimum of the deltas theta is -0.4127455949783325 and the maximum is 0.427492618560791
the added laplace noise var is 0.031308387044712414
global epoch 103 has been done artifficialy in 0.80 secs, the total time by now is 65.06 
 with avg train loss 1.239, val loss 1.343, avg val acc 52.54%
iteration: 104
user 13, emp_avg: 0.2794143737957714, h: 1.1803886096292235, ucb: 1.4623519674175394,num_of_obs: 20, privacy reward: 0.9822943106815641, g: 0.013692457171892958, curr_delay = 0.2188809376392873, data_size = 3036
user 14, emp_avg: 0.2787897839811165, h: 1.211053160527477, ucb: 1.48938658067554,num_of_obs: 19, privacy reward: 0.9838989253477112, g: 0.00810963098135684, curr_delay = 0.1739368218160235, data_size = 2677
user 17, emp_avg: 0.07042462638282004, h: 1.3629953630356006, ucb: 1.4335371432976298,num_of_obs: 15, privacy reward: 0.9889890963984523, g: 0.006337798333095014, curr_delay = 0.728148430935389, data_size = 2197
user 21, emp_avg: 0.060469150378009526, h: 1.4108342363612953, ucb: 1.471343049263089,num_of_obs: 14, privacy reward: 0.9899869822807138, g: 0.0030129641101072856, curr_delay = 0.8345312327473166, data_size = 1860
user 27, emp_avg: 0.058472981680961315, h: 1.3629953630356006, ucb: 1.4218384742494223,num_of_obs: 15, privacy reward: 0.9889890963984523, g: 0.008210870961228996, curr_delay = 0.9448038292431579, data_size = 2305
num of fast users chosen: 2, num of slow users chosen: 3
max_delay = 0.94 seconds
after cleansing the weights updates who were almost zeros (meaning with absolute value of less than 10**-7, 0.00% of the weights upadtes) we get:
user No.13 has been picked 21, his deltas theta's mean
 is -0.0036362765822559595,
the empirical var of deltas thetas is 0.006564101669937372
the minimum of the deltas theta is -0.49874404072761536 and the maximum is 0.5188688039779663
the added laplace noise var is 0.017705689318435896
global epoch 104 has been done artifficialy in 0.94 secs, the total time by now is 66.01 
 with avg train loss 1.359, val loss 1.406, avg val acc 52.04%
iteration: 105
user 8, emp_avg: 0.42501169771299024, h: 1.101851447829775, ucb: 1.5290975952370287,num_of_obs: 23, privacy reward: 0.976455646662628, g: 0.007749875892828941, curr_delay = 0.1338260434450322, data_size = 3014
user 15, emp_avg: 0.07137310381110792, h: 1.465599433703733, ucb: 1.5377238303666794,num_of_obs: 13, privacy reward: 0.9908944326937303, g: -0.0003874278335731975, curr_delay = 0.8116053495843766, data_size = 1022
user 16, emp_avg: 0.0687590251327198, h: 1.465599433703733, ucb: 1.534422691625802,num_of_obs: 13, privacy reward: 0.9908944326937303, g: 0.00021170627667065303, curr_delay = 0.7361168486976944, data_size = 1358
user 18, emp_avg: 0.06543272725904584, h: 1.465599433703733, ucb: 1.5315056639405964,num_of_obs: 13, privacy reward: 0.9908944326937303, g: -0.00039144905191362605, curr_delay = 0.8434947949666052, data_size = 1021
user 22, emp_avg: 0.06336630620036333, h: 1.465599433703733, ucb: 1.5291809108371215,num_of_obs: 13, privacy reward: 0.9908944326937303, g: 0.0004745407197873369, curr_delay = 0.8255036503665669, data_size = 1429
num of fast users chosen: 1, num of slow users chosen: 4
max_delay = 0.84 seconds
after cleansing the weights updates who were almost zeros (meaning with absolute value of less than 10**-7, 0.00% of the weights upadtes) we get:
user No.8 has been picked 24, his deltas theta's mean
 is -0.0024997491855174303,
the empirical var of deltas thetas is 0.00532765407115221
the minimum of the deltas theta is -0.45104873180389404 and the maximum is 0.558140218257904
the added laplace noise var is 0.023544353337372034
global epoch 105 has been done artifficialy in 0.84 secs, the total time by now is 66.85 
 with avg train loss 1.323, val loss 1.292, avg val acc 53.73%
iteration: 106
user 0, emp_avg: 0.8668536510889339, h: 0.9350908138496563, ucb: 1.7977836415351194,num_of_obs: 32, privacy reward: 0.9446384107553002, g: 0.00755263055966614, curr_delay = 0.05, data_size = 3816
user 1, emp_avg: 0.6484324765732893, h: 1.1543011607662468, ucb: 1.8107544892383158,num_of_obs: 21, privacy reward: 0.9805297819548703, g: -0.007739717275457797, curr_delay = 0.10416784144143529, data_size = 1081
user 2, emp_avg: 0.6551337408426551, h: 1.1543011607662468, ucb: 1.8001609267854186,num_of_obs: 21, privacy reward: 0.9805297819548703, g: -0.006684809758288199, curr_delay = 0.058831335836137366, data_size = 1142
user 3, emp_avg: 0.5640269471414934, h: 1.2135340856721006, ucb: 1.7812591239685371,num_of_obs: 19, privacy reward: 0.9838989253477112, g: -0.010200535967752807, curr_delay = 0.10126311248194819, data_size = 768
user 5, emp_avg: 0.6124685011196082, h: 1.1828067163461746, ucb: 1.80299572651914,num_of_obs: 20, privacy reward: 0.9822943106815641, g: -0.008036611780838327, curr_delay = 0.10915640609753204, data_size = 972
num of fast users chosen: 5, num of slow users chosen: 0
max_delay = 0.11 seconds
after cleansing the weights updates who were almost zeros (meaning with absolute value of less than 10**-7, 0.00% of the weights upadtes) we get:
user No.0 has been picked 33, his deltas theta's mean
 is -0.00022579159121960402,
the empirical var of deltas thetas is 0.006847791839390993
the minimum of the deltas theta is -0.4889755845069885 and the maximum is 0.5504868626594543
the added laplace noise var is 0.0553615892446998
global epoch 106 has been done artifficialy in 0.11 secs, the total time by now is 66.96 
 with avg train loss 1.311, val loss 1.284, avg val acc 55.01%
iteration: 107
user 4, emp_avg: 0.520087625778405, h: 0.983255903947335, ucb: 1.5083951883464544,num_of_obs: 29, privacy reward: 0.9583672957462112, g: 0.019536144571206917, curr_delay = 0.13383672868214683, data_size = 4032
user 6, emp_avg: 0.5231695059797498, h: 1.0190222802560311, ucb: 1.5450485907229852,num_of_obs: 27, privacy reward: 0.9655714549465666, g: 0.011736687063931711, curr_delay = 0.11209862908105103, data_size = 3540
user 19, emp_avg: 0.06571943941053486, h: 1.4685674078128352, ucb: 1.5338801986792328,num_of_obs: 13, privacy reward: 0.9908944326937303, g: -0.0008166063833415766, curr_delay = 0.7041671295479861, data_size = 912
user 23, emp_avg: 0.061894933990935305, h: 1.4685674078128352, ucb: 1.5301222133394388,num_of_obs: 13, privacy reward: 0.9908944326937303, g: -0.0009623373372644722, curr_delay = 0.7539589931272168, data_size = 888
user 25, emp_avg: 0.05990849689266652, h: 1.4685674078128352, ucb: 1.5289200750598946,num_of_obs: 13, privacy reward: 0.9908944326937303, g: -0.00018772108769412156, curr_delay = 0.9236291290655547, data_size = 1058
num of fast users chosen: 2, num of slow users chosen: 3
max_delay = 0.92 seconds
after cleansing the weights updates who were almost zeros (meaning with absolute value of less than 10**-7, 0.00% of the weights upadtes) we get:
user No.4 has been picked 30, his deltas theta's mean
 is -0.0021811791229993105,
the empirical var of deltas thetas is 0.006310529541224241
the minimum of the deltas theta is -0.4403461217880249 and the maximum is 0.4824548363685608
the added laplace noise var is 0.04163270425378887
global epoch 107 has been done artifficialy in 0.92 secs, the total time by now is 67.88 
 with avg train loss 1.304, val loss 1.310, avg val acc 55.80%
iteration: 108
user 13, emp_avg: 0.28149945769195633, h: 1.1566121991308707, ucb: 1.4360265729266422,num_of_obs: 21, privacy reward: 0.9805297819548703, g: 0.013196959747799848, curr_delay = 0.15371078453626283, data_size = 3036
user 14, emp_avg: 0.2761872740261413, h: 1.185174825980229, ucb: 1.4639646099613455,num_of_obs: 20, privacy reward: 0.9822943106815641, g: 0.007666860785008879, curr_delay = 0.22307777513544036, data_size = 2677
user 24, emp_avg: 0.0604398453747506, h: 1.416554859074481, ucb: 1.4767835611714613,num_of_obs: 14, privacy reward: 0.9899869822807138, g: 0.0016252455010151825, curr_delay = 0.7886951433486102, data_size = 1668
user 26, emp_avg: 0.058369145556652985, h: 1.416554859074481, ucb: 1.4747819597922251,num_of_obs: 14, privacy reward: 0.9899869822807138, g: 0.002260827468859907, curr_delay = 0.8283937141011007, data_size = 1739
user 28, emp_avg: 0.057006956267545296, h: 1.416554859074481, ucb: 1.4735685701533154,num_of_obs: 14, privacy reward: 0.9899869822807138, g: 0.0011907258782008503, curr_delay = 0.8785433357842467, data_size = 1611
num of fast users chosen: 2, num of slow users chosen: 3
max_delay = 0.88 seconds
after cleansing the weights updates who were almost zeros (meaning with absolute value of less than 10**-7, 0.00% of the weights upadtes) we get:
user No.13 has been picked 22, his deltas theta's mean
 is -0.0023448998108506203,
the empirical var of deltas thetas is 0.006805751472711563
the minimum of the deltas theta is -0.4599841237068176 and the maximum is 0.5339266657829285
the added laplace noise var is 0.019470218045129682
global epoch 108 has been done artifficialy in 0.88 secs, the total time by now is 68.76 
 with avg train loss 1.372, val loss 1.343, avg val acc 53.28%
iteration: 109
user 7, emp_avg: 0.46143925744410597, h: 1.32636927581874, ucb: 1.763869671265362,num_of_obs: 16, privacy reward: 0.9878917623516182, g: -0.008199038554716436, curr_delay = 0.05920936203664791, data_size = 552
user 9, emp_avg: 0.3531684666026964, h: 1.32636927581874, ucb: 1.6786841502522662,num_of_obs: 16, privacy reward: 0.9878917623516182, g: -0.0050102157802331, curr_delay = 0.13630442771173865, data_size = 746
user 10, emp_avg: 0.36112825279125343, h: 1.2505129457185618, ucb: 1.6193686898569362,num_of_obs: 18, privacy reward: 0.985358118495356, g: -0.00029586694607710976, curr_delay = 0.22519133642133843, data_size = 1452
user 11, emp_avg: 0.2919022691470317, h: 1.32636927581874, ucb: 1.6100216229896205,num_of_obs: 16, privacy reward: 0.9878917623516182, g: -0.0031599397411942154, curr_delay = 0.11795206321917683, data_size = 889
user 12, emp_avg: 0.29106779164559043, h: 1.369868297644579, ucb: 1.6612267019247235,num_of_obs: 15, privacy reward: 0.9889890963984523, g: -0.003795615380780265, curr_delay = 0.17439309329757563, data_size = 746
num of fast users chosen: 5, num of slow users chosen: 0
max_delay = 0.23 seconds
after cleansing the weights updates who were almost zeros (meaning with absolute value of less than 10**-7, 0.00% of the weights upadtes) we get:
user No.7 has been picked 17, his deltas theta's mean
 is -0.0005702810594812036,
the empirical var of deltas thetas is 0.0005498433019965887
the minimum of the deltas theta is -0.17785415053367615 and the maximum is 0.18329448997974396
the added laplace noise var is 0.012108237648381728
global epoch 109 has been done artifficialy in 0.23 secs, the total time by now is 68.99 
 with avg train loss 1.257, val loss 1.195, avg val acc 57.43%
iteration: 110
user 4, emp_avg: 0.5190782452281275, h: 0.969585516165791, ucb: 1.489673141944196,num_of_obs: 30, privacy reward: 0.9542182281044749, g: 0.019064021746482925, curr_delay = 0.10229198935466434, data_size = 4032
user 8, emp_avg: 0.4196733753388171, h: 1.084029562072965, ucb: 1.5090412597859553,num_of_obs: 24, privacy reward: 0.974109243364341, g: 0.007903064256217701, curr_delay = 0.171495030147733, data_size = 3014
user 15, emp_avg: 0.07123360029005481, h: 1.419327863934055, ucb: 1.4907009677451628,num_of_obs: 14, privacy reward: 0.9899869822807138, g: -0.0005357553715971311, curr_delay = 0.7217032671028265, data_size = 1022
user 16, emp_avg: 0.06861632696568518, h: 1.419327863934055, ucb: 1.4880868890667747,num_of_obs: 14, privacy reward: 0.9899869822807138, g: 0.00012291993519660232, curr_delay = 0.7505416738757691, data_size = 1358
user 29, emp_avg: 0.054934599820748296, h: 1.4729061329628501, ucb: 1.5277671293380322,num_of_obs: 13, privacy reward: 0.9908944326937303, g: -0.0013375139074662124, curr_delay = 0.8945912982945367, data_size = 801
num of fast users chosen: 2, num of slow users chosen: 3
max_delay = 0.89 seconds
after cleansing the weights updates who were almost zeros (meaning with absolute value of less than 10**-7, 0.00% of the weights upadtes) we get:
user No.4 has been picked 31, his deltas theta's mean
 is -0.0022032479755580425,
the empirical var of deltas thetas is 0.016303526237607002
the minimum of the deltas theta is -0.5331867337226868 and the maximum is 0.6081776022911072
the added laplace noise var is 0.045781771895525084
global epoch 110 has been done artifficialy in 0.89 secs, the total time by now is 69.88 
 with avg train loss 1.298, val loss 1.509, avg val acc 49.53%
iteration: 111
user 1, emp_avg: 0.6637180210701028, h: 1.1333213699699818, ucb: 1.7817538465432712,num_of_obs: 22, privacy reward: 0.9785894023154371, g: -0.007754678716609938, curr_delay = 0.05, data_size = 1081
user 2, emp_avg: 0.6701279260234092, h: 1.1333213699699818, ucb: 1.7884551108126368,num_of_obs: 22, privacy reward: 0.9785894023154371, g: -0.006698714769544724, curr_delay = 0.05, data_size = 1142
user 3, emp_avg: 0.5516687735780158, h: 1.188637480644835, ucb: 1.7526644277863284,num_of_obs: 20, privacy reward: 0.9822943106815641, g: -0.010390254931719673, curr_delay = 0.1642007532248152, data_size = 768
user 5, emp_avg: 0.5984253786916383, h: 1.1599914040706552, ucb: 1.7724599051902632,num_of_obs: 21, privacy reward: 0.9805297819548703, g: -0.008128301860901584, curr_delay = 0.16473389456254747, data_size = 972
user 7, emp_avg: 0.4606505852040396, h: 1.2892583642834905, ucb: 1.7506976217275965,num_of_obs: 17, privacy reward: 0.9866850692499858, g: -0.009392072363228112, curr_delay = 0.11179600895773767, data_size = 552
num of fast users chosen: 5, num of slow users chosen: 0
max_delay = 0.16 seconds
after cleansing the weights updates who were almost zeros (meaning with absolute value of less than 10**-7, 0.00% of the weights upadtes) we get:
user No.1 has been picked 23, his deltas theta's mean
 is -0.00012355268700048327,
the empirical var of deltas thetas is 0.0014688667142763734
the minimum of the deltas theta is -0.24124448001384735 and the maximum is 0.2903525233268738
the added laplace noise var is 0.0214105976845629
global epoch 111 has been done artifficialy in 0.16 secs, the total time by now is 70.04 
 with avg train loss 1.308, val loss 1.173, avg val acc 58.13%
iteration: 112
user 13, emp_avg: 0.2830364918749196, h: 1.1343999861314464, ucb: 1.4158994438234027,num_of_obs: 22, privacy reward: 0.9785894023154371, g: 0.012745031344318309, curr_delay = 0.1578027574850322, data_size = 3036
user 14, emp_avg: 0.27696846961580435, h: 1.1610954029087106, ucb: 1.437282676934852,num_of_obs: 21, privacy reward: 0.9805297819548703, g: 0.0072668459486361185, curr_delay = 0.17043116326804286, data_size = 2677
user 17, emp_avg: 0.07058598385620887, h: 1.330201893223604, ucb: 1.400626519606424,num_of_obs: 16, privacy reward: 0.9878917623516182, g: 0.00655839477144307, curr_delay = 0.683361615245193, data_size = 2197
user 21, emp_avg: 0.06066551862009231, h: 1.3738266078796253, ucb: 1.4342957582576348,num_of_obs: 15, privacy reward: 0.9889890963984523, g: 0.00308883482488483, curr_delay = 0.7860270517569046, data_size = 1860
user 27, emp_avg: 0.05851844178309307, h: 1.330201893223604, ucb: 1.3886748749045652,num_of_obs: 16, privacy reward: 0.9878917623516182, g: 0.008461696976418957, curr_delay = 0.8439416315769517, data_size = 2305
num of fast users chosen: 2, num of slow users chosen: 3
max_delay = 0.84 seconds
after cleansing the weights updates who were almost zeros (meaning with absolute value of less than 10**-7, 0.00% of the weights upadtes) we get:
user No.13 has been picked 23, his deltas theta's mean
 is -0.0012497229035943747,
the empirical var of deltas thetas is 0.006765020079910755
the minimum of the deltas theta is -0.47976481914520264 and the maximum is 0.61468106508255
the added laplace noise var is 0.0214105976845629
global epoch 112 has been done artifficialy in 0.84 secs, the total time by now is 70.89 
 with avg train loss 1.364, val loss 1.437, avg val acc 52.32%
iteration: 113
user 18, emp_avg: 0.06549017462040933, h: 1.4233844705056737, ucb: 1.4888171977647195,num_of_obs: 14, privacy reward: 0.9899869822807138, g: -0.0003947911862905, curr_delay = 0.7542110884434365, data_size = 1021
user 19, emp_avg: 0.0655017180903848, h: 1.4233844705056737, ucb: 1.4891039099162087,num_of_obs: 14, privacy reward: 0.9899869822807138, g: -0.0009594384693000392, curr_delay = 0.8005941098947585, data_size = 912
user 20, emp_avg: 0.06446465920392339, h: 1.4771158725516957, ucb: 1.5414956376581408,num_of_obs: 13, privacy reward: 0.9908944326937303, g: -0.0015479337569309346, curr_delay = 0.7625638207315697, data_size = 743
user 22, emp_avg: 0.06331571301690102, h: 1.4233844705056737, ucb: 1.486750776706037,num_of_obs: 14, privacy reward: 0.9899869822807138, g: 0.00047087585424857866, curr_delay = 0.7986275304972321, data_size = 1429
user 25, emp_avg: 0.060036908720650844, h: 1.4233844705056737, ucb: 1.4832929673983402,num_of_obs: 14, privacy reward: 0.9899869822807138, g: -0.0002591975306139916, curr_delay = 0.808607800655107, data_size = 1058
num of fast users chosen: 0, num of slow users chosen: 5
max_delay = 0.81 seconds
after cleansing the weights updates who were almost zeros (meaning with absolute value of less than 10**-7, 0.00% of the weights upadtes) we get:
user No.18 has been picked 15, his deltas theta's mean
 is 0.0005551644135266542,
the empirical var of deltas thetas is 0.004478858318179846
the minimum of the deltas theta is -0.41613954305648804 and the maximum is 0.3863527774810791
the added laplace noise var is 0.010013017719286166
global epoch 113 has been done artifficialy in 0.81 secs, the total time by now is 71.70 
 with avg train loss 1.290, val loss 1.220, avg val acc 56.88%
iteration: 114
user 4, emp_avg: 0.5334900910265629, h: 0.9574359355366807, ucb: 1.4765141807648083,num_of_obs: 31, privacy reward: 0.9496556691317225, g: 0.019284869031308948, curr_delay = 0.05100701565828025, data_size = 4032
user 6, emp_avg: 0.5396119368080342, h: 1.0074222885727246, ucb: 1.5305917945524743,num_of_obs: 28, privacy reward: 0.962140345562884, g: 0.013238436573781934, curr_delay = 0.05, data_size = 3540
user 8, emp_avg: 0.4187346214333896, h: 1.0661555363147908, ucb: 1.4858289116536079,num_of_obs: 25, privacy reward: 0.9715290001996827, g: 0.007705811699274607, curr_delay = 0.12649716548842954, data_size = 3014
user 23, emp_avg: 0.061714336483545414, h: 1.424710263536489, ucb: 1.4866051975274244,num_of_obs: 14, privacy reward: 0.9899869822807138, g: -0.001045439242960177, curr_delay = 0.8447947855566063, data_size = 888
user 29, emp_avg: 0.054996529046980415, h: 1.424710263536489, ucb: 1.4796448633572372,num_of_obs: 14, privacy reward: 0.9899869822807138, g: -0.0016972123031740202, curr_delay = 0.895038187668241, data_size = 801
num of fast users chosen: 3, num of slow users chosen: 2
max_delay = 0.90 seconds
after cleansing the weights updates who were almost zeros (meaning with absolute value of less than 10**-7, 0.00% of the weights upadtes) we get:
user No.4 has been picked 32, his deltas theta's mean
 is -0.0013475007144734263,
the empirical var of deltas thetas is 0.005680806469172239
the minimum of the deltas theta is -0.4856930375099182 and the maximum is 0.6272740364074707
the added laplace noise var is 0.05034433086827752
global epoch 114 has been done artifficialy in 0.90 secs, the total time by now is 72.59 
 with avg train loss 1.280, val loss 1.407, avg val acc 53.50%
iteration: 115
user 7, emp_avg: 0.4553051029733421, h: 1.2576343040756124, ucb: 1.718284889279652,num_of_obs: 18, privacy reward: 0.985358118495356, g: -0.010056337291936258, curr_delay = 0.13924224593964696, data_size = 552
user 9, emp_avg: 0.3501662906421179, h: 1.2940950226539076, ucb: 1.647263489256604,num_of_obs: 17, privacy reward: 0.9866850692499858, g: -0.005158108645871024, curr_delay = 0.1671517972828244, data_size = 746
user 10, emp_avg: 0.36113617328033437, h: 1.2240913444196604, ucb: 1.5852195972109138,num_of_obs: 19, privacy reward: 0.9838989253477112, g: -0.0002986177512803135, curr_delay = 0.13839425912910597, data_size = 1452
user 11, emp_avg: 0.3164461556153822, h: 1.2940950226539076, ucb: 1.5859972918009393,num_of_obs: 17, privacy reward: 0.9866850692499858, g: -0.003277612587125728, curr_delay = 0.06814846642358131, data_size = 889
user 12, emp_avg: 0.29345794023062777, h: 1.333922616997035, ucb: 1.6249904086426255,num_of_obs: 16, privacy reward: 0.9878917623516182, g: -0.003984679988873468, curr_delay = 0.15073847490739536, data_size = 746
num of fast users chosen: 5, num of slow users chosen: 0
max_delay = 0.17 seconds
after cleansing the weights updates who were almost zeros (meaning with absolute value of less than 10**-7, 0.00% of the weights upadtes) we get:
user No.7 has been picked 19, his deltas theta's mean
 is -0.0004898449406027794,
the empirical var of deltas thetas is 0.0007187439478002489
the minimum of the deltas theta is -0.2211296409368515 and the maximum is 0.24505174160003662
the added laplace noise var is 0.014641881504643989
global epoch 115 has been done artifficialy in 0.17 secs, the total time by now is 72.76 
 with avg train loss 1.224, val loss 1.203, avg val acc 56.73%
iteration: 116
user 16, emp_avg: 0.06862600105310349, h: 1.3789256964907666, ucb: 1.4475420234564518,num_of_obs: 15, privacy reward: 0.9889890963984523, g: 8.188998910359117e-05, curr_delay = 0.7270494584278225, data_size = 1358
user 22, emp_avg: 0.06312807461990878, h: 1.3789256964907666, ucb: 1.4422414095076677,num_of_obs: 15, privacy reward: 0.9889890963984523, g: 0.00026514047047143554, curr_delay = 0.8290018172829718, data_size = 1429
user 24, emp_avg: 0.06046013675094912, h: 1.3789256964907666, ucb: 1.4393655418655171,num_of_obs: 15, privacy reward: 0.9889890963984523, g: 0.0016510909519046057, curr_delay = 0.8228487672229075, data_size = 1668
user 26, emp_avg: 0.0582656252193985, h: 1.3789256964907666, ucb: 1.4372948420474196,num_of_obs: 15, privacy reward: 0.9889890963984523, g: 0.0022912922210117, curr_delay = 0.8816348730044808, data_size = 1739
user 28, emp_avg: 0.05706348434367281, h: 1.3789256964907666, ucb: 1.4359326527583118,num_of_obs: 15, privacy reward: 0.9889890963984523, g: 0.0012128628759641453, curr_delay = 0.8633877831275443, data_size = 1611
num of fast users chosen: 0, num of slow users chosen: 5
max_delay = 0.88 seconds
after cleansing the weights updates who were almost zeros (meaning with absolute value of less than 10**-7, 0.00% of the weights upadtes) we get:
user No.16 has been picked 16, his deltas theta's mean
 is -0.0001748231879901141,
the empirical var of deltas thetas is 0.003080906579270959
the minimum of the deltas theta is -0.4412969648838043 and the maximum is 0.392117977142334
the added laplace noise var is 0.01101090360154761
global epoch 116 has been done artifficialy in 0.88 secs, the total time by now is 73.64 
 with avg train loss 1.355, val loss 1.294, avg val acc 53.99%
iteration: 117
user 0, emp_avg: 0.8707697201745535, h: 0.9305105084451571, ucb: 1.797364159534091,num_of_obs: 33, privacy reward: 0.9391211381532119, g: 0.01139372268209398, curr_delay = 0.05, data_size = 3816
user 1, emp_avg: 0.6522180633433728, h: 1.1145879255851843, ucb: 1.778305946655287,num_of_obs: 23, privacy reward: 0.976455646662628, g: -0.0074725049722322665, curr_delay = 0.12895936336718256, data_size = 1081
user 2, emp_avg: 0.6554433225903209, h: 1.1145879255851843, ucb: 1.7847158516085935,num_of_obs: 23, privacy reward: 0.976455646662628, g: -0.006436640281129783, curr_delay = 0.1573824435878785, data_size = 1142
user 3, emp_avg: 0.5578953136086127, h: 1.16645665338577, ucb: 1.7181254269637858,num_of_obs: 21, privacy reward: 0.9805297819548703, g: -0.01024945645687651, curr_delay = 0.07260554314478175, data_size = 768
user 5, emp_avg: 0.5954916816281208, h: 1.1396379729941861, ucb: 1.7380633516858244,num_of_obs: 22, privacy reward: 0.9785894023154371, g: -0.007921372789805235, curr_delay = 0.09417076446969934, data_size = 972
num of fast users chosen: 5, num of slow users chosen: 0
max_delay = 0.16 seconds
after cleansing the weights updates who were almost zeros (meaning with absolute value of less than 10**-7, 0.00% of the weights upadtes) we get:
user No.0 has been picked 34, his deltas theta's mean
 is -0.0028176135383546352,
the empirical var of deltas thetas is 0.0069131553173065186
the minimum of the deltas theta is -0.44587242603302 and the maximum is 0.4813463091850281
the added laplace noise var is 0.06087886184678814
global epoch 117 has been done artifficialy in 0.16 secs, the total time by now is 73.80 
 with avg train loss 1.279, val loss 1.302, avg val acc 53.22%
iteration: 118
user 13, emp_avg: 0.2868077198696409, h: 1.1155834454551805, ucb: 1.3986199373301,num_of_obs: 23, privacy reward: 0.976455646662628, g: 0.013089010014962757, curr_delay = 0.1338523363986873, data_size = 3036
user 14, emp_avg: 0.27895700335507057, h: 1.1406558668908227, ucb: 1.417624336506627,num_of_obs: 22, privacy reward: 0.9785894023154371, g: 0.007448573614454036, curr_delay = 0.1549403926617293, data_size = 2677
user 17, emp_avg: 0.07030125121558337, h: 1.2976020360376512, ucb: 1.36818801989386,num_of_obs: 17, privacy reward: 0.9866850692499858, g: 0.006363773488467299, curr_delay = 0.763815944917598, data_size = 2197
user 21, emp_avg: 0.060492020045065376, h: 1.3375375636499427, ucb: 1.398203082270035,num_of_obs: 16, privacy reward: 0.9878917623516182, g: 0.0029065725405450034, curr_delay = 0.8663102585635464, data_size = 1860
user 27, emp_avg: 0.0583646613542268, h: 1.2976020360376512, ucb: 1.3561204778207443,num_of_obs: 17, privacy reward: 0.9866850692499858, g: 0.008240432676565573, curr_delay = 0.8968546472164753, data_size = 2305
num of fast users chosen: 2, num of slow users chosen: 3
max_delay = 0.90 seconds
after cleansing the weights updates who were almost zeros (meaning with absolute value of less than 10**-7, 0.00% of the weights upadtes) we get:
user No.13 has been picked 24, his deltas theta's mean
 is -0.00088220473844558,
the empirical var of deltas thetas is 0.0072065978311002254
the minimum of the deltas theta is -0.5477568507194519 and the maximum is 0.48684096336364746
the added laplace noise var is 0.023544353337372034
global epoch 118 has been done artifficialy in 0.90 secs, the total time by now is 74.70 
 with avg train loss 1.332, val loss 1.408, avg val acc 51.10%
iteration: 119
user 6, emp_avg: 0.5334450084693495, h: 0.9943762723378874, ucb: 1.5339882091459216,num_of_obs: 29, privacy reward: 0.9583672957462112, g: 0.013683141536287831, curr_delay = 0.14100232310549884, data_size = 3540
user 9, emp_avg: 0.3473936201629458, h: 1.2621573453300146, ucb: 1.6123236359721325,num_of_obs: 18, privacy reward: 0.985358118495356, g: -0.005663223381257808, curr_delay = 0.16807538968372, data_size = 746
user 10, emp_avg: 0.3796987142621856, h: 1.1973875930263596, ucb: 1.558523766306694,num_of_obs: 20, privacy reward: 0.9822943106815641, g: -0.00040523282339773807, curr_delay = 0.06658237037631726, data_size = 1452
user 11, emp_avg: 0.31118862565771316, h: 1.2621573453300146, ucb: 1.5786035009453967,num_of_obs: 18, privacy reward: 0.985358118495356, g: -0.00368265158821649, curr_delay = 0.23089026726269943, data_size = 889
user 12, emp_avg: 0.2980926123509733, h: 1.2987491937079347, ucb: 1.5922071339385626,num_of_obs: 17, privacy reward: 0.9866850692499858, g: -0.004469060180632497, curr_delay = 0.13266750576038694, data_size = 746
num of fast users chosen: 5, num of slow users chosen: 0
max_delay = 0.23 seconds
after cleansing the weights updates who were almost zeros (meaning with absolute value of less than 10**-7, 0.00% of the weights upadtes) we get:
user No.6 has been picked 30, his deltas theta's mean
 is -0.0013392219552770257,
the empirical var of deltas thetas is 0.005193337332457304
the minimum of the deltas theta is -0.4775295555591583 and the maximum is 0.44892627000808716
the added laplace noise var is 0.04163270425378887
global epoch 119 has been done artifficialy in 0.23 secs, the total time by now is 74.93 
 with avg train loss 1.230, val loss 1.367, avg val acc 52.23%
iteration: 120
user 4, emp_avg: 0.5369422303905952, h: 0.9474464110289477, ucb: 1.4809365020555105,num_of_obs: 32, privacy reward: 0.9446384107553002, g: 0.020774359037795526, curr_delay = 0.07723072968866103, data_size = 4032
user 15, emp_avg: 0.07170927985369907, h: 1.3838340569276428, ucb: 1.4550676572176977,num_of_obs: 15, privacy reward: 0.9889890963984523, g: -0.00043570979706329704, curr_delay = 0.6341598580340377, data_size = 1022
user 18, emp_avg: 0.06544642010127166, h: 1.3838340569276428, ucb: 1.4493242315480521,num_of_obs: 15, privacy reward: 0.9889890963984523, g: -0.0004399735984277656, curr_delay = 0.7717228128074197, data_size = 1021
user 19, emp_avg: 0.06579322246981804, h: 1.3838340569276428, ucb: 1.4493357750180276,num_of_obs: 15, privacy reward: 0.9889890963984523, g: -0.001029190462942947, curr_delay = 0.7125979955508533, data_size = 912
user 20, emp_avg: 0.06466532301016617, h: 1.4324043337961596, ucb: 1.496868993000083,num_of_obs: 14, privacy reward: 0.9899869822807138, g: -0.0016782302130363789, curr_delay = 0.7410194046824714, data_size = 743
num of fast users chosen: 1, num of slow users chosen: 4
max_delay = 0.77 seconds
after cleansing the weights updates who were almost zeros (meaning with absolute value of less than 10**-7, 0.00% of the weights upadtes) we get:
user No.4 has been picked 33, his deltas theta's mean
 is -0.0023185762111097574,
the empirical var of deltas thetas is 0.0060997046530246735
the minimum of the deltas theta is -0.39730921387672424 and the maximum is 0.49327367544174194
the added laplace noise var is 0.0553615892446998
global epoch 120 has been done artifficialy in 0.77 secs, the total time by now is 75.70 
 with avg train loss 1.273, val loss 1.256, avg val acc 55.62%
iteration: 121
user 13, emp_avg: 0.286218933300383, h: 1.0949646735850365, ucb: 1.3817723934546773,num_of_obs: 24, privacy reward: 0.974109243364341, g: 0.012315530122255936, curr_delay = 0.18376403875106906, data_size = 3036
user 14, emp_avg: 0.27613105932904664, h: 1.1185149952072604, ucb: 1.397471998562331,num_of_obs: 23, privacy reward: 0.976455646662628, g: 0.006833196801244284, curr_delay = 0.23681604047030205, data_size = 2677
user 24, emp_avg: 0.060306566930993157, h: 1.3410523683282387, ucb: 1.401512505079188,num_of_obs: 16, privacy reward: 0.9878917623516182, g: 0.0014222370582652635, curr_delay = 0.8643124552221662, data_size = 1668
user 26, emp_avg: 0.058212185520827284, h: 1.3410523683282387, ucb: 1.3993179935476372,num_of_obs: 16, privacy reward: 0.9878917623516182, g: 0.0020201774472281917, curr_delay = 0.871730894934576, data_size = 1739
user 28, emp_avg: 0.05703645608381955, h: 1.3410523683282387, ucb: 1.3981158526719115,num_of_obs: 16, privacy reward: 0.9878917623516182, g: 0.001017936731172936, curr_delay = 0.8833297387446044, data_size = 1611
num of fast users chosen: 2, num of slow users chosen: 3
max_delay = 0.88 seconds
after cleansing the weights updates who were almost zeros (meaning with absolute value of less than 10**-7, 0.00% of the weights upadtes) we get:
user No.13 has been picked 25, his deltas theta's mean
 is -0.0011942422715947032,
the empirical var of deltas thetas is 0.006229736376553774
the minimum of the deltas theta is -0.4490913450717926 and the maximum is 0.501416027545929
the added laplace noise var is 0.025890756635658964
global epoch 121 has been done artifficialy in 0.88 secs, the total time by now is 76.58 
 with avg train loss 1.364, val loss 1.308, avg val acc 54.55%
iteration: 122
user 8, emp_avg: 0.41948153456471365, h: 1.0529103670741826, ucb: 1.4716449885075722,num_of_obs: 26, privacy reward: 0.9686916129552876, g: 0.008829655081635192, curr_delay = 0.11392083535974143, data_size = 3014
user 20, emp_avg: 0.06450497313529412, h: 1.3862209123705005, ucb: 1.4508862353806666,num_of_obs: 15, privacy reward: 0.9889890963984523, g: -0.002232596632605843, curr_delay = 0.8051565444157195, data_size = 743
user 23, emp_avg: 0.0620876006034034, h: 1.3862209123705005, ucb: 1.447935248854046,num_of_obs: 15, privacy reward: 0.9889890963984523, g: -0.0010547591031735927, curr_delay = 0.7386990596978444, data_size = 888
user 25, emp_avg: 0.060373101217471005, h: 1.3862209123705005, ucb: 1.4462578210911514,num_of_obs: 15, privacy reward: 0.9889890963984523, g: -0.00022972334534330125, curr_delay = 0.7643391320187045, data_size = 1058
user 29, emp_avg: 0.05524890470865856, h: 1.3862209123705005, ucb: 1.441217441417481,num_of_obs: 15, privacy reward: 0.9889890963984523, g: -0.0017090814828290295, curr_delay = 0.8469618008394993, data_size = 801
num of fast users chosen: 1, num of slow users chosen: 4
max_delay = 0.85 seconds
after cleansing the weights updates who were almost zeros (meaning with absolute value of less than 10**-7, 0.00% of the weights upadtes) we get:
user No.8 has been picked 27, his deltas theta's mean
 is -0.0003586622478906065,
the empirical var of deltas thetas is 0.0059608700685203075
the minimum of the deltas theta is -0.47283297777175903 and the maximum is 0.5282995700836182
the added laplace noise var is 0.031308387044712414
global epoch 122 has been done artifficialy in 0.85 secs, the total time by now is 77.43 
 with avg train loss 1.230, val loss 1.243, avg val acc 55.82%
iteration: 123
user 0, emp_avg: 0.860211939393451, h: 0.921525368011782, ucb: 1.7922950881863353,num_of_obs: 34, privacy reward: 0.9330540204801807, g: 0.012626994439878867, curr_delay = 0.0997511422794817, data_size = 3816
user 1, emp_avg: 0.6661293408096379, h: 1.0968345767904586, ucb: 1.7490526401338315,num_of_obs: 24, privacy reward: 0.974109243364341, g: -0.007222349372782585, curr_delay = 0.05, data_size = 1081
user 2, emp_avg: 0.6692255896867081, h: 1.0968345767904586, ucb: 1.7522778993807795,num_of_obs: 24, privacy reward: 0.974109243364341, g: -0.006204623034622077, curr_delay = 0.05, data_size = 1142
user 3, emp_avg: 0.5548581075278115, h: 1.1456063525930573, ucb: 1.70350166620167,num_of_obs: 22, privacy reward: 0.9785894023154371, g: -0.01012321892864862, curr_delay = 0.10245070828127859, data_size = 768
user 5, emp_avg: 0.5902272587666497, h: 1.1204251159858631, ucb: 1.715916797613984,num_of_obs: 23, privacy reward: 0.976455646662628, g: -0.007736922226448212, curr_delay = 0.1065767368289725, data_size = 972
num of fast users chosen: 5, num of slow users chosen: 0
max_delay = 0.11 seconds
after cleansing the weights updates who were almost zeros (meaning with absolute value of less than 10**-7, 0.00% of the weights upadtes) we get:
user No.0 has been picked 35, his deltas theta's mean
 is -0.0011942097917199135,
the empirical var of deltas thetas is 0.006466839462518692
the minimum of the deltas theta is -0.4454529285430908 and the maximum is 0.7232661247253418
the added laplace noise var is 0.06694597951981923
global epoch 123 has been done artifficialy in 0.11 secs, the total time by now is 77.54 
 with avg train loss 1.279, val loss 1.222, avg val acc 56.74%
iteration: 124
user 6, emp_avg: 0.5265205414976684, h: 0.9818636937584603, ucb: 1.5153087022278098,num_of_obs: 30, privacy reward: 0.9542182281044749, g: 0.01409846478466073, curr_delay = 0.1568447689174583, data_size = 3540
user 9, emp_avg: 0.36001844657473403, h: 1.2337723366213547, ucb: 1.5811659567843004,num_of_obs: 19, privacy reward: 0.9838989253477112, g: -0.00596288104252086, curr_delay = 0.08334859329406435, data_size = 746
user 10, emp_avg: 0.373347179827174, h: 1.1735515772468554, ucb: 1.5532502915090411,num_of_obs: 21, privacy reward: 0.9805297819548703, g: -0.0004587310379509846, curr_delay = 0.20836375731390824, data_size = 1452
user 11, emp_avg: 0.3089299887521474, h: 1.2337723366213547, ucb: 1.5449609622790679,num_of_obs: 19, privacy reward: 0.9838989253477112, g: -0.003925042164051053, curr_delay = 0.18795869848667965, data_size = 889
user 12, emp_avg: 0.29509083876978115, h: 1.2675805780574054, ucb: 1.5656731904083787,num_of_obs: 18, privacy reward: 0.985358118495356, g: -0.004782438537764555, curr_delay = 0.20741817469586799, data_size = 746
num of fast users chosen: 5, num of slow users chosen: 0
max_delay = 0.21 seconds
after cleansing the weights updates who were almost zeros (meaning with absolute value of less than 10**-7, 0.00% of the weights upadtes) we get:
user No.6 has been picked 31, his deltas theta's mean
 is -0.0008276921580545604,
the empirical var of deltas thetas is 0.005993534345179796
the minimum of the deltas theta is -0.5632131099700928 and the maximum is 0.695317804813385
the added laplace noise var is 0.045781771895525084
global epoch 124 has been done artifficialy in 0.21 secs, the total time by now is 77.74 
 with avg train loss 1.221, val loss 1.313, avg val acc 52.67%
iteration: 125
user 13, emp_avg: 0.28775467211551625, h: 1.076473546796461, ucb: 1.362692480096844,num_of_obs: 25, privacy reward: 0.9715290001996827, g: 0.011951401487892801, curr_delay = 0.15330456772705117, data_size = 3036
user 17, emp_avg: 0.07020792140509104, h: 1.2686362411795198, ucb: 1.3389374923951032,num_of_obs: 18, privacy reward: 0.985358118495356, g: 0.0063745947984737514, curr_delay = 0.7296289265485432, data_size = 2197
user 21, emp_avg: 0.06021456886137079, h: 1.3054159225367894, ucb: 1.3659079425818548,num_of_obs: 17, privacy reward: 0.9866850692499858, g: 0.0028628768809838855, curr_delay = 0.9009350108107315, data_size = 1860
user 26, emp_avg: 0.0583139633774685, h: 1.3054159225367894, ucb: 1.3636281080576167,num_of_obs: 17, privacy reward: 0.9866850692499858, g: 0.001695610315025631, curr_delay = 0.8327200774598856, data_size = 1739
user 27, emp_avg: 0.05847234951331625, h: 1.2686362411795198, ucb: 1.3270009025337466,num_of_obs: 18, privacy reward: 0.985358118495356, g: 0.008252745995517173, curr_delay = 0.8276674478528173, data_size = 2305
num of fast users chosen: 1, num of slow users chosen: 4
max_delay = 0.90 seconds
after cleansing the weights updates who were almost zeros (meaning with absolute value of less than 10**-7, 0.00% of the weights upadtes) we get:
user No.13 has been picked 26, his deltas theta's mean
 is -0.002138479147106409,
the empirical var of deltas thetas is 0.006501965690404177
the minimum of the deltas theta is -0.4708392024040222 and the maximum is 0.6057600975036621
the added laplace noise var is 0.028470999800317295
global epoch 125 has been done artifficialy in 0.90 secs, the total time by now is 78.64 
 with avg train loss 1.349, val loss 1.304, avg val acc 54.76%
iteration: 126
user 15, emp_avg: 0.07112876811841229, h: 1.3467017914545165, ucb: 1.4184110713082156,num_of_obs: 16, privacy reward: 0.9878917623516182, g: -0.0005224785520360882, curr_delay = 0.8085305751324225, data_size = 1022
user 16, emp_avg: 0.06817952952871185, h: 1.3467017914545165, ucb: 1.41532779250762,num_of_obs: 16, privacy reward: 0.9878917623516182, g: 0.0001294026055937246, curr_delay = 0.8191888749986888, data_size = 1358
user 18, emp_avg: 0.06514180983044882, h: 1.3467017914545165, ucb: 1.4121482115557882,num_of_obs: 16, privacy reward: 0.9878917623516182, g: -0.0005271466584406235, curr_delay = 0.8296270368059949, data_size = 1021
user 22, emp_avg: 0.0634720725829705, h: 1.3467017914545165, ucb: 1.4098298660744253,num_of_obs: 16, privacy reward: 0.9878917623516182, g: 0.00034630799615883957, curr_delay = 0.7248893964604176, data_size = 1429
user 25, emp_avg: 0.060228701817347935, h: 1.3467017914545165, ucb: 1.4070748926719876,num_of_obs: 16, privacy reward: 0.9878917623516182, g: -0.0003682535831100099, curr_delay = 0.8632848364899626, data_size = 1058
num of fast users chosen: 0, num of slow users chosen: 5
max_delay = 0.86 seconds
after cleansing the weights updates who were almost zeros (meaning with absolute value of less than 10**-7, 0.00% of the weights upadtes) we get:
user No.15 has been picked 17, his deltas theta's mean
 is -0.0011460891691967845,
the empirical var of deltas thetas is 0.002307038987055421
the minimum of the deltas theta is -0.3181522488594055 and the maximum is 0.36287838220596313
the added laplace noise var is 0.012108237648381728
global epoch 126 has been done artifficialy in 0.86 secs, the total time by now is 79.51 
 with avg train loss 1.271, val loss 1.224, avg val acc 56.30%
iteration: 127
user 0, emp_avg: 0.8528858510061731, h: 0.911280457358946, ucb: 1.771492396752397,num_of_obs: 35, privacy reward: 0.9263822608059401, g: 0.01281471841217318, curr_delay = 0.08382612512537119, data_size = 3816
user 1, emp_avg: 0.6530856892262309, h: 1.0782415781030066, ucb: 1.7443709189126446,num_of_obs: 25, privacy reward: 0.9715290001996827, g: -0.0075191182035756225, curr_delay = 0.1529078175494304, data_size = 1081
user 2, emp_avg: 0.6649352335719135, h: 1.0782415781030066, ucb: 1.7474671677897147,num_of_obs: 25, privacy reward: 0.9715290001996827, g: -0.006479907404618826, curr_delay = 0.08965774096429036, data_size = 1142
user 5, emp_avg: 0.6066181684159837, h: 1.1004757024190257, ucb: 1.6907029611856754,num_of_obs: 24, privacy reward: 0.974109243364341, g: -0.008089974263609863, curr_delay = 0.05, data_size = 972
user 7, emp_avg: 0.4628020862996758, h: 1.2368279146512693, ucb: 1.6921330176246114,num_of_obs: 19, privacy reward: 0.9838989253477112, g: -0.008717182117860682, curr_delay = 0.08261120544883731, data_size = 552
num of fast users chosen: 5, num of slow users chosen: 0
max_delay = 0.15 seconds
after cleansing the weights updates who were almost zeros (meaning with absolute value of less than 10**-7, 0.00% of the weights upadtes) we get:
user No.0 has been picked 36, his deltas theta's mean
 is -0.00228540669195354,
the empirical var of deltas thetas is 0.006866376847028732
the minimum of the deltas theta is -0.4780443608760834 and the maximum is 0.5039988160133362
the added laplace noise var is 0.07361773919405994
global epoch 127 has been done artifficialy in 0.15 secs, the total time by now is 79.66 
 with avg train loss 1.285, val loss 1.263, avg val acc 55.76%
iteration: 128
user 4, emp_avg: 0.5410387472704006, h: 0.9392482742665316, ucb: 1.4761905046571266,num_of_obs: 33, privacy reward: 0.9391211381532119, g: 0.023405112807845265, curr_delay = 0.0739400176121626, data_size = 4032
user 8, emp_avg: 0.4160423858706919, h: 1.0383780369103022, ucb: 1.4578595714750158,num_of_obs: 27, privacy reward: 0.9655714549465666, g: 0.00924357229838296, curr_delay = 0.1547099728705296, data_size = 3014
user 19, emp_avg: 0.0655715200753032, h: 1.3488926380442057, ucb: 1.4146858605140238,num_of_obs: 16, privacy reward: 0.9878917623516182, g: -0.001029190462942947, curr_delay = 0.8061358967605816, data_size = 912
user 20, emp_avg: 0.06469284604908543, h: 1.3488926380442057, ucb: 1.4133976111794997,num_of_obs: 16, privacy reward: 0.9878917623516182, g: -0.0024304447938933438, curr_delay = 0.7385653902663529, data_size = 743
user 23, emp_avg: 0.06207008673953912, h: 1.3488926380442057, ucb: 1.4109802386476091,num_of_obs: 16, privacy reward: 0.9878917623516182, g: -0.0011920609277232463, curr_delay = 0.8091941949798404, data_size = 888
num of fast users chosen: 2, num of slow users chosen: 3
max_delay = 0.81 seconds
after cleansing the weights updates who were almost zeros (meaning with absolute value of less than 10**-7, 0.00% of the weights upadtes) we get:
user No.4 has been picked 34, his deltas theta's mean
 is -0.0012148190289735794,
the empirical var of deltas thetas is 0.006128414999693632
the minimum of the deltas theta is -0.46673300862312317 and the maximum is 0.5026445388793945
the added laplace noise var is 0.06087886184678814
global epoch 128 has been done artifficialy in 0.81 secs, the total time by now is 80.47 
 with avg train loss 1.278, val loss 1.333, avg val acc 53.41%
iteration: 129
user 14, emp_avg: 0.2781452444691935, h: 1.102249110269733, ucb: 1.3783801695987796,num_of_obs: 24, privacy reward: 0.974109243364341, g: 0.007516766127226686, curr_delay = 0.15314606999133912, data_size = 2677
user 16, emp_avg: 0.06865828973417948, h: 1.3096670979381617, ucb: 1.3778466274668735,num_of_obs: 17, privacy reward: 0.9866850692499858, g: 4.325308621011804e-05, curr_delay = 0.6510652912902444, data_size = 1358
user 22, emp_avg: 0.0636514885074363, h: 1.3096670979381617, ucb: 1.3731391705211322,num_of_obs: 17, privacy reward: 0.9866850692499858, g: 0.00019073083919727955, curr_delay = 0.7496076640813083, data_size = 1429
user 24, emp_avg: 0.06018744336021145, h: 1.3096670979381617, ucb: 1.369973664869155,num_of_obs: 17, privacy reward: 0.9866850692499858, g: 0.001456263263123644, curr_delay = 0.8596627597160428, data_size = 1668
user 28, emp_avg: 0.0571092376805772, h: 1.3096670979381617, ucb: 1.3667035540219812,num_of_obs: 17, privacy reward: 0.9866850692499858, g: 0.0010467541381366894, curr_delay = 0.8569490667965977, data_size = 1611
num of fast users chosen: 1, num of slow users chosen: 4
max_delay = 0.86 seconds
after cleansing the weights updates who were almost zeros (meaning with absolute value of less than 10**-7, 0.00% of the weights upadtes) we get:
user No.14 has been picked 25, his deltas theta's mean
 is -0.001004134421236813,
the empirical var of deltas thetas is 0.005114363506436348
the minimum of the deltas theta is -0.4182630777359009 and the maximum is 0.48269331455230713
the added laplace noise var is 0.025890756635658964
global epoch 129 has been done artifficialy in 0.86 secs, the total time by now is 81.33 
 with avg train loss 1.317, val loss 1.275, avg val acc 55.32%
iteration: 130
user 6, emp_avg: 0.5256154556331244, h: 0.970620132710867, ucb: 1.4971406742085354,num_of_obs: 31, privacy reward: 0.9496556691317225, g: 0.014935504489707577, curr_delay = 0.1004908386921105, data_size = 3540
user 9, emp_avg: 0.35959461152349276, h: 1.2084123200036792, ucb: 1.5684307665784132,num_of_obs: 20, privacy reward: 0.9822943106815641, g: -0.006059071944576292, curr_delay = 0.14240230562146097, data_size = 746
user 10, emp_avg: 0.3722083339869041, h: 1.1521759395069813, ucb: 1.5255231193341552,num_of_obs: 22, privacy reward: 0.9785894023154371, g: -0.00045343178916942633, curr_delay = 0.14402841256520146, data_size = 1452
user 11, emp_avg: 0.3063436759858315, h: 1.2084123200036792, ucb: 1.5173423087558264,num_of_obs: 20, privacy reward: 0.9822943106815641, g: -0.004003156718186087, curr_delay = 0.19637305204997085, data_size = 889
user 12, emp_avg: 0.29330939120101285, h: 1.2398048807167728, ucb: 1.534895719486554,num_of_obs: 19, privacy reward: 0.9838989253477112, g: -0.004920704453687151, curr_delay = 0.19270653004999427, data_size = 746
num of fast users chosen: 5, num of slow users chosen: 0
max_delay = 0.20 seconds
after cleansing the weights updates who were almost zeros (meaning with absolute value of less than 10**-7, 0.00% of the weights upadtes) we get:
user No.6 has been picked 32, his deltas theta's mean
 is -0.0017534882063046098,
the empirical var of deltas thetas is 0.005411476828157902
the minimum of the deltas theta is -0.44023942947387695 and the maximum is 0.4720250368118286
the added laplace noise var is 0.05034433086827752
global epoch 130 has been done artifficialy in 0.20 secs, the total time by now is 81.53 
 with avg train loss 1.215, val loss 1.269, avg val acc 55.11%
iteration: 131
user 1, emp_avg: 0.6659343674030372, h: 1.060681637497012, ucb: 1.713767326723243,num_of_obs: 26, privacy reward: 0.9686916129552876, g: -0.007803202584704755, curr_delay = 0.05, data_size = 1081
user 2, emp_avg: 0.6653804920371914, h: 1.060681637497012, ucb: 1.7256168710689255,num_of_obs: 26, privacy reward: 0.9686916129552876, g: -0.0067438193530919, curr_delay = 0.07385991182862518, data_size = 1142
user 3, emp_avg: 0.5483797999185108, h: 1.1277369400939539, ucb: 1.6825950476217653,num_of_obs: 23, privacy reward: 0.976455646662628, g: -0.009472143722085047, curr_delay = 0.12519445048542382, data_size = 768
user 5, emp_avg: 0.5965474828213361, h: 1.0816872734613625, ucb: 1.6883054418773462,num_of_obs: 25, privacy reward: 0.9715290001996827, g: -0.008428635587128143, curr_delay = 0.1450198685094559, data_size = 972
user 7, emp_avg: 0.48838293933302457, h: 1.2093631369280053, ucb: 1.6721652232276811,num_of_obs: 20, privacy reward: 0.9822943106815641, g: -0.009298997052999079, curr_delay = 0.05, data_size = 552
num of fast users chosen: 5, num of slow users chosen: 0
max_delay = 0.15 seconds
after cleansing the weights updates who were almost zeros (meaning with absolute value of less than 10**-7, 0.00% of the weights upadtes) we get:
user No.1 has been picked 27, his deltas theta's mean
 is -0.0004969690926373005,
the empirical var of deltas thetas is 0.0020448968280106783
the minimum of the deltas theta is -0.3510668873786926 and the maximum is 0.33219385147094727
the added laplace noise var is 0.031308387044712414
global epoch 131 has been done artifficialy in 0.15 secs, the total time by now is 81.67 
 with avg train loss 1.325, val loss 1.197, avg val acc 57.37%
iteration: 132
user 13, emp_avg: 0.28495646040885736, h: 1.0615085697599327, ucb: 1.3492632418754489,num_of_obs: 26, privacy reward: 0.9686916129552876, g: 0.012623144622008003, curr_delay = 0.23562348486597995, data_size = 3036
user 17, emp_avg: 0.07010630495066135, h: 1.241747739775596, ucb: 1.311955661180687,num_of_obs: 19, privacy reward: 0.9838989253477112, g: 0.006384276175762591, curr_delay = 0.7334003020887699, data_size = 2197
user 21, emp_avg: 0.060058058264951406, h: 1.2757745258712934, ucb: 1.3359890947326643,num_of_obs: 18, privacy reward: 0.985358118495356, g: 0.0028240957608397332, curr_delay = 0.8735017856659306, data_size = 1860
user 26, emp_avg: 0.05814999214265293, h: 1.2757745258712934, ucb: 1.3340884892487619,num_of_obs: 18, privacy reward: 0.985358118495356, g: 0.0016657950634499958, curr_delay = 0.9058215534461673, data_size = 1739
user 27, emp_avg: 0.05840012280595883, h: 1.241747739775596, ucb: 1.3002200892889122,num_of_obs: 19, privacy reward: 0.9838989253477112, g: 0.008263761138378187, curr_delay = 0.876765130821807, data_size = 2305
num of fast users chosen: 1, num of slow users chosen: 4
max_delay = 0.91 seconds
after cleansing the weights updates who were almost zeros (meaning with absolute value of less than 10**-7, 0.00% of the weights upadtes) we get:
user No.13 has been picked 27, his deltas theta's mean
 is -0.0021111692767590284,
the empirical var of deltas thetas is 0.007789426017552614
the minimum of the deltas theta is -0.5002676248550415 and the maximum is 0.5939883589744568
the added laplace noise var is 0.031308387044712414
global epoch 132 has been done artifficialy in 0.91 secs, the total time by now is 82.58 
 with avg train loss 1.389, val loss 1.497, avg val acc 44.94%
iteration: 133
user 15, emp_avg: 0.07113175351905904, h: 1.313775313615879, ucb: 1.3849040817342912,num_of_obs: 17, privacy reward: 0.9866850692499858, g: -0.000561368277498467, curr_delay = 0.7024197837398909, data_size = 1022
user 18, emp_avg: 0.06520365874552649, h: 1.313775313615879, ucb: 1.3789171234463278,num_of_obs: 17, privacy reward: 0.9866850692499858, g: -0.000566206617604083, curr_delay = 0.7546589971005789, data_size = 1021
user 19, emp_avg: 0.06561973200451804, h: 1.313775313615879, ucb: 1.3793468336911823,num_of_obs: 17, privacy reward: 0.9866850692499858, g: -0.0012180482049043214, curr_delay = 0.7525662342892581, data_size = 912
user 25, emp_avg: 0.05997973082242149, h: 1.313775313615879, ucb: 1.374004015433227,num_of_obs: 17, privacy reward: 0.9866850692499858, g: -0.000401014895333484, curr_delay = 0.8969056482868588, data_size = 1058
user 29, emp_avg: 0.055472111907196, h: 1.3542085965918094, ucb: 1.409457501300468,num_of_obs: 16, privacy reward: 0.9878917623516182, g: -0.0014969912316740194, curr_delay = 0.8468343128023268, data_size = 801
num of fast users chosen: 0, num of slow users chosen: 5
max_delay = 0.90 seconds
after cleansing the weights updates who were almost zeros (meaning with absolute value of less than 10**-7, 0.00% of the weights upadtes) we get:
user No.15 has been picked 18, his deltas theta's mean
 is 1.4826801816525403e-05,
the empirical var of deltas thetas is 0.002182662021368742
the minimum of the deltas theta is -0.4020836055278778 and the maximum is 0.324991911649704
the added laplace noise var is 0.013314930750014227
global epoch 133 has been done artifficialy in 0.90 secs, the total time by now is 83.47 
 with avg train loss 1.196, val loss 1.180, avg val acc 57.84%
iteration: 134
user 4, emp_avg: 0.5414596688527687, h: 0.9296906316509662, ucb: 1.4707293789213667,num_of_obs: 34, privacy reward: 0.9330540204801807, g: 0.024670498911062707, curr_delay = 0.08996511110024943, data_size = 4032
user 6, emp_avg: 0.5296562430637746, h: 0.9583031683610337, ucb: 1.4839186239941582,num_of_obs: 32, privacy reward: 0.9446384107553002, g: 0.014851436508648631, curr_delay = 0.07587697382705122, data_size = 3540
user 10, emp_avg: 0.3775848479860549, h: 1.1303527498606925, ucb: 1.5025610838475965,num_of_obs: 23, privacy reward: 0.976455646662628, g: -0.0005619251126830622, curr_delay = 0.09975168414925872, data_size = 1452
user 11, emp_avg: 0.30448533724542776, h: 1.1829551132591525, ucb: 1.489298789244984,num_of_obs: 21, privacy reward: 0.9805297819548703, g: -0.004374601243801781, curr_delay = 0.18835213541099222, data_size = 889
user 12, emp_avg: 0.2972940291001266, h: 1.2121682803906697, ucb: 1.5054776715916827,num_of_obs: 20, privacy reward: 0.9822943106815641, g: -0.0053652135794556195, curr_delay = 0.1326306430709755, data_size = 746
num of fast users chosen: 5, num of slow users chosen: 0
max_delay = 0.19 seconds
after cleansing the weights updates who were almost zeros (meaning with absolute value of less than 10**-7, 0.00% of the weights upadtes) we get:
user No.4 has been picked 35, his deltas theta's mean
 is 0.0016654904466122389,
the empirical var of deltas thetas is 0.007368985563516617
the minimum of the deltas theta is -0.506468653678894 and the maximum is 0.5038989782333374
the added laplace noise var is 0.06694597951981923
global epoch 134 has been done artifficialy in 0.19 secs, the total time by now is 83.66 
 with avg train loss 1.241, val loss 1.337, avg val acc 52.78%
iteration: 135
user 13, emp_avg: 0.28576910684051676, h: 1.044059893816062, ucb: 1.3290163542249194,num_of_obs: 27, privacy reward: 0.9655714549465666, g: 0.011951401487892801, curr_delay = 0.16249036081022078, data_size = 3036
user 14, emp_avg: 0.2802701072493207, h: 1.0850188693406317, ucb: 1.3631641138098252,num_of_obs: 25, privacy reward: 0.9715290001996827, g: 0.007666860785008879, curr_delay = 0.1499737500559084, data_size = 2677
user 22, emp_avg: 0.06348493486259772, h: 1.278707000376869, ucb: 1.3423584888843054,num_of_obs: 18, privacy reward: 0.985358118495356, g: 0.00015031118079904715, curr_delay = 0.8266243228156227, data_size = 1429
user 24, emp_avg: 0.06008100370373317, h: 1.278707000376869, ucb: 1.3388944437370804,num_of_obs: 18, privacy reward: 0.985358118495356, g: 0.0013403382281265504, curr_delay = 0.8596221564692933, data_size = 1668
user 28, emp_avg: 0.056901194719989695, h: 1.278707000376869, ucb: 1.3358162380574463,num_of_obs: 18, privacy reward: 0.985358118495356, g: 0.0009488366615753074, curr_delay = 0.9406201293364715, data_size = 1611
num of fast users chosen: 2, num of slow users chosen: 3
max_delay = 0.94 seconds
after cleansing the weights updates who were almost zeros (meaning with absolute value of less than 10**-7, 0.00% of the weights upadtes) we get:
user No.13 has been picked 28, his deltas theta's mean
 is -0.00011467752483440563,
the empirical var of deltas thetas is 0.006859380751848221
the minimum of the deltas theta is -0.5085119605064392 and the maximum is 0.48363196849823
the added laplace noise var is 0.03442854505343338
global epoch 135 has been done artifficialy in 0.94 secs, the total time by now is 84.60 
 with avg train loss 1.307, val loss 1.282, avg val acc 56.55%
iteration: 136
user 1, emp_avg: 0.6557167734770912, h: 1.044845005596104, ucb: 1.7107793729991414,num_of_obs: 27, privacy reward: 0.9655714549465666, g: -0.007813122185347894, curr_delay = 0.13163377024381562, data_size = 1081
user 2, emp_avg: 0.674916842918277, h: 1.044845005596104, ucb: 1.7102254976332953,num_of_obs: 27, privacy reward: 0.9655714549465666, g: -0.0067530412688365325, curr_delay = 0.05362515043630284, data_size = 1142
user 3, emp_avg: 0.5396208648617358, h: 1.108225483118852, ucb: 1.6566052830373628,num_of_obs: 24, privacy reward: 0.974109243364341, g: -0.009647759300756441, curr_delay = 0.15178817543651077, data_size = 768
user 5, emp_avg: 0.5974537386090405, h: 1.0647486036694351, ucb: 1.661296086490771,num_of_obs: 26, privacy reward: 0.9686916129552876, g: -0.008490586185840497, curr_delay = 0.08051317304736329, data_size = 972
user 7, emp_avg: 0.47883149790107976, h: 1.1847428757493637, ucb: 1.6731258150823882,num_of_obs: 21, privacy reward: 0.9805297819548703, g: -0.009637607366154148, curr_delay = 0.1796937263849379, data_size = 552
num of fast users chosen: 5, num of slow users chosen: 0
max_delay = 0.18 seconds
after cleansing the weights updates who were almost zeros (meaning with absolute value of less than 10**-7, 0.00% of the weights upadtes) we get:
user No.1 has been picked 28, his deltas theta's mean
 is -0.00016933743609115481,
the empirical var of deltas thetas is 0.002071090741083026
the minimum of the deltas theta is -0.30485999584198 and the maximum is 0.3543124794960022
the added laplace noise var is 0.03442854505343338
global epoch 136 has been done artifficialy in 0.18 secs, the total time by now is 84.78 
 with avg train loss 1.268, val loss 1.175, avg val acc 57.73%
iteration: 137
user 8, emp_avg: 0.41494743846627513, h: 1.0267821711362004, ucb: 1.4428245570068923,num_of_obs: 28, privacy reward: 0.962140345562884, g: 0.010547585044360416, curr_delay = 0.13011044178020986, data_size = 3014
user 15, emp_avg: 0.0710503221814158, h: 1.2806223650798498, ucb: 1.3517541185989088,num_of_obs: 18, privacy reward: 0.985358118495356, g: -0.000743136172840852, curr_delay = 0.7185502266952306, data_size = 1022
user 16, emp_avg: 0.06864248970105272, h: 1.2806223650798498, ucb: 1.3492806548140293,num_of_obs: 18, privacy reward: 0.985358118495356, g: 4.861983214618241e-05, curr_delay = 0.7314423304514277, data_size = 1358
user 23, emp_avg: 0.0620145801004023, h: 1.3177495422782861, ucb: 1.3798196290178253,num_of_obs: 17, privacy reward: 0.9866850692499858, g: -0.001129889338353743, curr_delay = 0.8187196349378015, data_size = 888
user 29, emp_avg: 0.055585891245526806, h: 1.3177495422782861, ucb: 1.373221654185482,num_of_obs: 17, privacy reward: 0.9866850692499858, g: -0.0018043643673175437, curr_delay = 0.8692607494084167, data_size = 801
num of fast users chosen: 1, num of slow users chosen: 4
max_delay = 0.87 seconds
after cleansing the weights updates who were almost zeros (meaning with absolute value of less than 10**-7, 0.00% of the weights upadtes) we get:
user No.8 has been picked 29, his deltas theta's mean
 is -0.0014757632743567228,
the empirical var of deltas thetas is 0.006145096849650145
the minimum of the deltas theta is -0.4192506670951843 and the maximum is 0.455446720123291
the added laplace noise var is 0.03785965443711599
global epoch 137 has been done artifficialy in 0.87 secs, the total time by now is 85.65 
 with avg train loss 1.224, val loss 1.287, avg val acc 55.68%
iteration: 138
user 17, emp_avg: 0.06985375016782476, h: 1.215802658965328, ucb: 1.2859089639159893,num_of_obs: 20, privacy reward: 0.9822943106815641, g: 0.006227344170788263, curr_delay = 0.7715733310190417, data_size = 2197
user 21, emp_avg: 0.06031456233320433, h: 1.2473872085059958, ucb: 1.3074452667709473,num_of_obs: 19, privacy reward: 0.9838989253477112, g: 0.0026857994222677494, curr_delay = 0.7670106906530301, data_size = 1860
user 24, emp_avg: 0.05987693861580682, h: 1.2473872085059958, ucb: 1.307468212209729,num_of_obs: 19, privacy reward: 0.9838989253477112, g: 0.0010408885155645052, curr_delay = 0.8928618950315734, data_size = 1668
user 26, emp_avg: 0.05815716929128404, h: 1.2473872085059958, ucb: 1.3055372006486488,num_of_obs: 19, privacy reward: 0.9838989253477112, g: 0.0015599837559233656, curr_delay = 0.8577280465342398, data_size = 1739
user 27, emp_avg: 0.05827302522134792, h: 1.215802658965328, ucb: 1.2742027817712867,num_of_obs: 20, privacy reward: 0.9822943106815641, g: 0.00808508295559664, curr_delay = 0.8971655637292882, data_size = 2305
num of fast users chosen: 0, num of slow users chosen: 5
max_delay = 0.90 seconds
after cleansing the weights updates who were almost zeros (meaning with absolute value of less than 10**-7, 0.00% of the weights upadtes) we get:
user No.17 has been picked 21, his deltas theta's mean
 is -0.00014843278040643781,
the empirical var of deltas thetas is 0.0038565932773053646
the minimum of the deltas theta is -0.427194744348526 and the maximum is 0.44949617981910706
the added laplace noise var is 0.017705689318435896
global epoch 138 has been done artifficialy in 0.90 secs, the total time by now is 86.55 
 with avg train loss 1.311, val loss 1.256, avg val acc 56.82%
iteration: 139
user 4, emp_avg: 0.5383116906318356, h: 0.9197335576720677, ucb: 1.4611932265248364,num_of_obs: 35, privacy reward: 0.9263822608059401, g: 0.025281392756704876, curr_delay = 0.11678628812512622, data_size = 4032
user 6, emp_avg: 0.5430285381873458, h: 0.9471943194250242, ucb: 1.4768505624887989,num_of_obs: 33, privacy reward: 0.9391211381532119, g: 0.015193611414319899, curr_delay = 0.05079678427394099, data_size = 3540
user 10, emp_avg: 0.37173089445789004, h: 1.1106837908615903, ucb: 1.4882686388476452,num_of_obs: 24, privacy reward: 0.974109243364341, g: -0.0006113275596367068, curr_delay = 0.2162292977082274, data_size = 1452
user 11, emp_avg: 0.3076309375726326, h: 1.160071384927045, ucb: 1.4645567221724727,num_of_obs: 22, privacy reward: 0.9785894023154371, g: -0.004582982888010209, curr_delay = 0.13268436709833242, data_size = 889
user 12, emp_avg: 0.29383613796772157, h: 1.1873709172706721, ucb: 1.4846649463707986,num_of_obs: 21, privacy reward: 0.9805297819548703, g: -0.00563595887221218, curr_delay = 0.2260189138670373, data_size = 746
num of fast users chosen: 5, num of slow users chosen: 0
max_delay = 0.23 seconds
after cleansing the weights updates who were almost zeros (meaning with absolute value of less than 10**-7, 0.00% of the weights upadtes) we get:
user No.4 has been picked 36, his deltas theta's mean
 is -0.0012607044773176312,
the empirical var of deltas thetas is 0.005084649659693241
the minimum of the deltas theta is -0.4459822177886963 and the maximum is 0.5563846826553345
the added laplace noise var is 0.07361773919405994
global epoch 139 has been done artifficialy in 0.23 secs, the total time by now is 86.77 
 with avg train loss 1.227, val loss 1.334, avg val acc 54.15%
iteration: 140
user 14, emp_avg: 0.28045980360542777, h: 1.067885303111784, ucb: 1.3481554103611049,num_of_obs: 26, privacy reward: 0.9686916129552876, g: 0.007574484000035995, curr_delay = 0.17519767886548576, data_size = 2677
user 18, emp_avg: 0.06536578095477792, h: 1.283438405561314, ucb: 1.3486420643068404,num_of_obs: 18, privacy reward: 0.985358118495356, g: -0.0006025540406912726, curr_delay = 0.7322361624474036, data_size = 1021
user 19, emp_avg: 0.06533038526744082, h: 1.283438405561314, ucb: 1.349058137565832,num_of_obs: 18, privacy reward: 0.985358118495356, g: -0.001271095554067526, curr_delay = 0.8316403353805468, data_size = 912
user 20, emp_avg: 0.06463732452214255, h: 1.3206472240279368, ucb: 1.3853400700770222,num_of_obs: 17, privacy reward: 0.9866850692499858, g: -0.002091060313662127, curr_delay = 0.7850099700532063, data_size = 743
user 25, emp_avg: 0.05973873757773682, h: 1.283438405561314, ucb: 1.3434181363837354,num_of_obs: 18, privacy reward: 0.985358118495356, g: -0.00043169353617468676, curr_delay = 0.9025130791472532, data_size = 1058
num of fast users chosen: 1, num of slow users chosen: 4
max_delay = 0.90 seconds
after cleansing the weights updates who were almost zeros (meaning with absolute value of less than 10**-7, 0.00% of the weights upadtes) we get:
user No.14 has been picked 27, his deltas theta's mean
 is -0.0011516916565597057,
the empirical var of deltas thetas is 0.0054530552588403225
the minimum of the deltas theta is -0.4748416543006897 and the maximum is 0.49968743324279785
the added laplace noise var is 0.031308387044712414
global epoch 140 has been done artifficialy in 0.90 secs, the total time by now is 87.68 
 with avg train loss 1.231, val loss 1.198, avg val acc 58.18%
iteration: 141
user 0, emp_avg: 0.8502876430664582, h: 0.9081813227891378, ucb: 1.7610671737953107,num_of_obs: 36, privacy reward: 0.919045601200888, g: 0.01781517930073634, curr_delay = 0.0660718301518622, data_size = 3816
user 1, emp_avg: 0.6616052242078934, h: 1.029780825194458, ucb: 1.6854975986715492,num_of_obs: 28, privacy reward: 0.962140345562884, g: -0.007822343914743972, curr_delay = 0.06049739667293325, data_size = 1081
user 2, emp_avg: 0.6758612482919278, h: 1.029780825194458, ucb: 1.704697668112735,num_of_obs: 28, privacy reward: 0.962140345562884, g: -0.006761614794532579, curr_delay = 0.07119417997361444, data_size = 1142
user 5, emp_avg: 0.5884139725477876, h: 1.0486774623705983, ucb: 1.6461312009796387,num_of_obs: 27, privacy reward: 0.9655714549465666, g: -0.008548346400115281, curr_delay = 0.1452051984988527, data_size = 972
user 7, emp_avg: 0.46923943600579443, h: 1.1617494515965803, ucb: 1.64058094949766,num_of_obs: 22, privacy reward: 0.9785894023154371, g: -0.009957629077893505, curr_delay = 0.19363777955831235, data_size = 552
num of fast users chosen: 5, num of slow users chosen: 0
max_delay = 0.19 seconds
after cleansing the weights updates who were almost zeros (meaning with absolute value of less than 10**-7, 0.00% of the weights upadtes) we get:
user No.0 has been picked 37, his deltas theta's mean
 is -0.0011735872831195593,
the empirical var of deltas thetas is 0.006667157635092735
the minimum of the deltas theta is -0.45546314120292664 and the maximum is 0.5544124245643616
the added laplace noise var is 0.08095439879911201
global epoch 141 has been done artifficialy in 0.19 secs, the total time by now is 87.87 
 with avg train loss 1.258, val loss 1.285, avg val acc 55.58%
iteration: 142
user 13, emp_avg: 0.28447379255958605, h: 1.030515861554084, ucb: 1.3162849683946007,num_of_obs: 28, privacy reward: 0.962140345562884, g: 0.012575237636163689, curr_delay = 0.20144639097464997, data_size = 3036
user 16, emp_avg: 0.06864200833815162, h: 1.2509988082287975, ucb: 1.3196412979298502,num_of_obs: 19, privacy reward: 0.9838989253477112, g: 2.0764760619633036e-05, curr_delay = 0.7285139832467712, data_size = 1358
user 22, emp_avg: 0.06339263360570753, h: 1.2509988082287975, ucb: 1.3144837430913952,num_of_obs: 19, privacy reward: 0.9838989253477112, g: 0.00013901972140849066, curr_delay = 0.811175931294707, data_size = 1429
user 23, emp_avg: 0.06192505179259006, h: 1.2852790951905169, ucb: 1.3472936752909193,num_of_obs: 18, privacy reward: 0.985358118495356, g: -0.0013167317623858897, curr_delay = 0.8290012181860691, data_size = 888
user 28, emp_avg: 0.056732204503001996, h: 1.2509988082287975, ucb: 1.3079000029487873,num_of_obs: 19, privacy reward: 0.9838989253477112, g: 0.0009201338910508396, curr_delay = 0.934205924860726, data_size = 1611
num of fast users chosen: 1, num of slow users chosen: 4
max_delay = 0.93 seconds
after cleansing the weights updates who were almost zeros (meaning with absolute value of less than 10**-7, 0.00% of the weights upadtes) we get:
user No.13 has been picked 29, his deltas theta's mean
 is -0.003105269744992256,
the empirical var of deltas thetas is 0.007143213879317045
the minimum of the deltas theta is -0.5603007078170776 and the maximum is 0.5576874017715454
the added laplace noise var is 0.03785965443711599
global epoch 142 has been done artifficialy in 0.93 secs, the total time by now is 88.80 
 with avg train loss 1.282, val loss 1.280, avg val acc 55.83%
iteration: 143
user 4, emp_avg: 0.5338094719379637, h: 0.9094727987740945, ucb: 1.44778448940593,num_of_obs: 36, privacy reward: 0.919045601200888, g: 0.02529739380211218, curr_delay = 0.1345063727507263, data_size = 4032
user 8, emp_avg: 0.4180078294480645, h: 1.013309153587112, ucb: 1.428256592053387,num_of_obs: 29, privacy reward: 0.9583672957462112, g: 0.0108751100402859, curr_delay = 0.09866619721006697, data_size = 3014
user 9, emp_avg: 0.3532932577440832, h: 1.1907794122530369, ucb: 1.5503740237765296,num_of_obs: 21, privacy reward: 0.9805297819548703, g: -0.005019302192723919, curr_delay = 0.22628035587097695, data_size = 746
user 10, emp_avg: 0.3754784252598497, h: 1.0913673585289134, ucb: 1.4630982529868035,num_of_obs: 25, privacy reward: 0.9715290001996827, g: -0.0007229830131966372, curr_delay = 0.10657192955072425, data_size = 1452
user 11, emp_avg: 0.3036222530685983, h: 1.137829126423369, ucb: 1.4454600639960016,num_of_obs: 23, privacy reward: 0.976455646662628, g: -0.004936961023453364, curr_delay = 0.2364932670791179, data_size = 889
num of fast users chosen: 5, num of slow users chosen: 0
max_delay = 0.24 seconds
after cleansing the weights updates who were almost zeros (meaning with absolute value of less than 10**-7, 0.00% of the weights upadtes) we get:
user No.4 has been picked 37, his deltas theta's mean
 is -0.0008214686531573534,
the empirical var of deltas thetas is 0.011929663829505444
the minimum of the deltas theta is -0.5550640821456909 and the maximum is 0.6249122619628906
the added laplace noise var is 0.08095439879911201
global epoch 143 has been done artifficialy in 0.24 secs, the total time by now is 89.04 
 with avg train loss 1.235, val loss 1.392, avg val acc 52.07%
iteration: 144
user 17, emp_avg: 0.06986418830494658, h: 1.1916151463546083, ucb: 1.261468896522433,num_of_obs: 21, privacy reward: 0.9805297819548703, g: 0.006085205357708479, curr_delay = 0.7134358167007012, data_size = 2197
user 21, emp_avg: 0.060338920156598856, h: 1.2210421736667412, ucb: 1.2813567359999456,num_of_obs: 20, privacy reward: 0.9822943106815641, g: 0.0025620776004671663, curr_delay = 0.8220158651473705, data_size = 1860
user 24, emp_avg: 0.06006581951078992, h: 1.2210421736667412, ucb: 1.280919112282548,num_of_obs: 20, privacy reward: 0.9822943106815641, g: 0.0009644176480117093, curr_delay = 0.7831658511515917, data_size = 1668
user 26, emp_avg: 0.05790854885760775, h: 1.2210421736667412, ucb: 1.2791993429580253,num_of_obs: 20, privacy reward: 0.9822943106815641, g: 0.00146603987924769, curr_delay = 0.9445342978564015, data_size = 1739
user 27, emp_avg: 0.058403547956139897, h: 1.1916151463546083, ucb: 1.2498881715759562,num_of_obs: 21, privacy reward: 0.9805297819548703, g: 0.00792301014619357, curr_delay = 0.8177346979753861, data_size = 2305
num of fast users chosen: 0, num of slow users chosen: 5
max_delay = 0.94 seconds
after cleansing the weights updates who were almost zeros (meaning with absolute value of less than 10**-7, 0.00% of the weights upadtes) we get:
user No.17 has been picked 22, his deltas theta's mean
 is -0.0015889570349827409,
the empirical var of deltas thetas is 0.004114803858101368
the minimum of the deltas theta is -0.3954951763153076 and the maximum is 0.4230266213417053
the added laplace noise var is 0.019470218045129682
global epoch 144 has been done artifficialy in 0.94 secs, the total time by now is 89.99 
 with avg train loss 1.304, val loss 1.323, avg val acc 54.55%
iteration: 145
user 15, emp_avg: 0.07098311978469161, h: 1.253634767061541, ucb: 1.324685089242957,num_of_obs: 19, privacy reward: 0.9838989253477112, g: -0.0007240482953093878, curr_delay = 0.7172955453461302, data_size = 1022
user 18, emp_avg: 0.06517935818538374, h: 1.253634767061541, ucb: 1.319000548016319,num_of_obs: 19, privacy reward: 0.9838989253477112, g: -0.0007295417416577833, curr_delay = 0.8111967795509806, data_size = 1021
user 19, emp_avg: 0.06541852998214806, h: 1.253634767061541, ucb: 1.3189651523289818,num_of_obs: 19, privacy reward: 0.9838989253477112, g: -0.001452789909420984, curr_delay = 0.7452311219055032, data_size = 912
user 20, emp_avg: 0.06476783514527702, h: 1.2879872854471526, ucb: 1.3526246099692951,num_of_obs: 18, privacy reward: 0.985358118495356, g: -0.0023461887472807125, curr_delay = 0.7449674502941631, data_size = 743
user 29, emp_avg: 0.05556578929444404, h: 1.2879872854471526, ucb: 1.3435731766926793,num_of_obs: 18, privacy reward: 0.985358118495356, g: -0.0018086435498184394, curr_delay = 0.9057322205858367, data_size = 801
num of fast users chosen: 0, num of slow users chosen: 5
max_delay = 0.91 seconds
after cleansing the weights updates who were almost zeros (meaning with absolute value of less than 10**-7, 0.00% of the weights upadtes) we get:
user No.15 has been picked 20, his deltas theta's mean
 is -0.0005085154552944005,
the empirical var of deltas thetas is 0.002608381910249591
the minimum of the deltas theta is -0.31325244903564453 and the maximum is 0.38144585490226746
the added laplace noise var is 0.01610107465228887
global epoch 145 has been done artifficialy in 0.91 secs, the total time by now is 90.89 
 with avg train loss 1.205, val loss 1.182, avg val acc 57.98%
iteration: 146
user 14, emp_avg: 0.2784589656923923, h: 1.0523631208653257, ucb: 1.3328229244707535,num_of_obs: 27, privacy reward: 0.9655714549465666, g: 0.007711349598419259, curr_delay = 0.22278031955712269, data_size = 2677
user 20, emp_avg: 0.0648452545261395, h: 1.2545001044712678, ucb: 1.3192679396165448,num_of_obs: 19, privacy reward: 0.9838989253477112, g: -0.002963335561038235, curr_delay = 0.7539633277824997, data_size = 743
user 23, emp_avg: 0.061734299611477715, h: 1.2545001044712678, ucb: 1.3164251562638578,num_of_obs: 19, privacy reward: 0.9838989253477112, g: -0.00157317115208696, curr_delay = 0.8604369810692575, data_size = 888
user 25, emp_avg: 0.0599484902997768, h: 1.2545001044712678, ucb: 1.3142388420490045,num_of_obs: 19, privacy reward: 0.9838989253477112, g: -0.0004992004320619503, curr_delay = 0.7820590398502139, data_size = 1058
user 29, emp_avg: 0.05530801943763054, h: 1.2545001044712678, ucb: 1.310065893765712,num_of_obs: 19, privacy reward: 0.9838989253477112, g: -0.0023548896594538116, curr_delay = 0.9918589770758723, data_size = 801
num of fast users chosen: 1, num of slow users chosen: 4
max_delay = 0.99 seconds
after cleansing the weights updates who were almost zeros (meaning with absolute value of less than 10**-7, 0.07% of the weights upadtes) we get:
user No.14 has been picked 28, his deltas theta's mean
 is -0.0018527661450207233,
the empirical var of deltas thetas is 0.006431365851312876
the minimum of the deltas theta is -0.451582133769989 and the maximum is 0.584450364112854
the added laplace noise var is 0.03442854505343338
global epoch 146 has been done artifficialy in 0.99 secs, the total time by now is 91.88 
 with avg train loss 1.160, val loss 1.250, avg val acc 56.38%
iteration: 147
user 0, emp_avg: 0.847077067295304, h: 0.899588427224668, ucb: 1.7498760702911262,num_of_obs: 37, privacy reward: 0.9109777784991466, g: 0.01879421208178434, curr_delay = 0.0686543696003085, data_size = 3816
user 2, emp_avg: 0.6777947596176364, h: 1.0161216924248246, ucb: 1.6919829407167524,num_of_obs: 29, privacy reward: 0.9583672957462112, g: -0.0065490805845274825, curr_delay = 0.06813227473941788, data_size = 1142
user 3, emp_avg: 0.5383171033190332, h: 1.0943965555624235, ucb: 1.6340174204241593,num_of_obs: 25, privacy reward: 0.9715290001996827, g: -0.008430994482973273, curr_delay = 0.09886834017462093, data_size = 768
user 5, emp_avg: 0.5913500996895122, h: 1.0341075434656621, ucb: 1.6225215160134496,num_of_obs: 28, privacy reward: 0.962140345562884, g: -0.008362022828980367, curr_delay = 0.07423225369656919, data_size = 972
user 7, emp_avg: 0.4637827310099128, h: 1.140987282645898, ucb: 1.6102267186516923,num_of_obs: 23, privacy reward: 0.976455646662628, g: -0.010044476692848556, curr_delay = 0.14780719915578142, data_size = 552
num of fast users chosen: 5, num of slow users chosen: 0
max_delay = 0.15 seconds
after cleansing the weights updates who were almost zeros (meaning with absolute value of less than 10**-7, 0.00% of the weights upadtes) we get:
user No.0 has been picked 38, his deltas theta's mean
 is -0.000864047440700233,
the empirical var of deltas thetas is 0.0065207090228796005
the minimum of the deltas theta is -0.44043952226638794 and the maximum is 0.484552800655365
the added laplace noise var is 0.08902222150085345
global epoch 147 has been done artifficialy in 0.15 secs, the total time by now is 92.03 
 with avg train loss 1.267, val loss 1.304, avg val acc 52.70%
iteration: 148
user 6, emp_avg: 0.5383290292383003, h: 0.9390745388347961, ucb: 1.482103077022142,num_of_obs: 34, privacy reward: 0.9330540204801807, g: 0.01714599341027897, curr_delay = 0.13208443974334358, data_size = 3540
user 8, emp_avg: 0.4202755410762701, h: 0.9997211885084876, ucb: 1.417729017956552,num_of_obs: 30, privacy reward: 0.9542182281044749, g: 0.010894828627645898, curr_delay = 0.102394623200877, data_size = 3014
user 9, emp_avg: 0.37388763875139724, h: 1.1674228345646407, ucb: 1.520716092308724,num_of_obs: 22, privacy reward: 0.9785894023154371, g: -0.005276937972069063, curr_delay = 0.06046212257800536, data_size = 746
user 10, emp_avg: 0.3726136936104885, h: 1.0738728194749616, ucb: 1.4493512447348114,num_of_obs: 26, privacy reward: 0.9686916129552876, g: -0.0007694434828297827, curr_delay = 0.1677116946004154, data_size = 1452
user 12, emp_avg: 0.291406933638436, h: 1.1674228345646407, ucb: 1.4612589725323621,num_of_obs: 22, privacy reward: 0.9785894023154371, g: -0.005276937972069063, curr_delay = 0.210115428748149, data_size = 746
num of fast users chosen: 5, num of slow users chosen: 0
max_delay = 0.21 seconds
after cleansing the weights updates who were almost zeros (meaning with absolute value of less than 10**-7, 0.08% of the weights upadtes) we get:
user No.6 has been picked 35, his deltas theta's mean
 is -0.0009765296708792448,
the empirical var of deltas thetas is 0.0054335822351276875
the minimum of the deltas theta is -0.3913727402687073 and the maximum is 0.44197994470596313
the added laplace noise var is 0.06694597951981923
global epoch 148 has been done artifficialy in 0.21 secs, the total time by now is 92.24 
 with avg train loss 1.241, val loss 1.413, avg val acc 50.47%
iteration: 149
user 13, emp_avg: 0.2823395226152635, h: 1.0174965531700113, ucb: 1.3019703457295972,num_of_obs: 29, privacy reward: 0.9583672957462112, g: 0.013154161534843093, curr_delay = 0.22681323023643737, data_size = 3036
user 16, emp_avg: 0.06867265516389458, h: 1.2252280978591854, ucb: 1.293870106197337,num_of_obs: 20, privacy reward: 0.9822943106815641, g: 1.7069008598737457e-05, curr_delay = 0.721650761558443, data_size = 1358
user 22, emp_avg: 0.06320300291567474, h: 1.2252280978591854, ucb: 1.288620731464893,num_of_obs: 20, privacy reward: 0.9822943106815641, g: 0.000129169849717319, curr_delay = 0.8416036444938905, data_size = 1429
user 25, emp_avg: 0.059790734476599425, h: 1.2252280978591854, ucb: 1.2851765881589623,num_of_obs: 20, privacy reward: 0.9822943106815641, g: -0.0006987561105369959, curr_delay = 0.8828366627601252, data_size = 1058
user 28, emp_avg: 0.0567251745211244, h: 1.2252280978591854, ucb: 1.2819603023621875,num_of_obs: 20, privacy reward: 0.9822943106815641, g: 0.0008945086703457207, curr_delay = 0.8836330413876791, data_size = 1611
num of fast users chosen: 1, num of slow users chosen: 4
max_delay = 0.88 seconds
after cleansing the weights updates who were almost zeros (meaning with absolute value of less than 10**-7, 0.00% of the weights upadtes) we get:
user No.13 has been picked 30, his deltas theta's mean
 is -0.0028995107859373093,
the empirical var of deltas thetas is 0.007164965383708477
the minimum of the deltas theta is -0.5258483290672302 and the maximum is 0.612223744392395
the added laplace noise var is 0.04163270425378887
global epoch 149 has been done artifficialy in 0.88 secs, the total time by now is 93.13 
 with avg train loss 1.266, val loss 1.314, avg val acc 54.27%
iteration: 150
user 17, emp_avg: 0.06950774445144454, h: 1.1689896913103588, ucb: 1.2388538796153055,num_of_obs: 22, privacy reward: 0.9785894023154371, g: 0.005955886925037399, curr_delay = 0.8108198436804698, data_size = 2197
user 21, emp_avg: 0.060564900038117736, h: 1.1964990948711585, ucb: 1.2568380150277574,num_of_obs: 21, privacy reward: 0.9805297819548703, g: 0.0024508300139436407, curr_delay = 0.7655739457992842, data_size = 1860
user 24, emp_avg: 0.06039432347677329, h: 1.1964990948711585, ucb: 1.2565649143819484,num_of_obs: 21, privacy reward: 0.9805297819548703, g: 0.0008966409393961482, curr_delay = 0.7430203628522657, data_size = 1668
user 26, emp_avg: 0.057838327648944324, h: 1.1964990948711585, ucb: 1.2544076437287661,num_of_obs: 21, privacy reward: 0.9805297819548703, g: 0.0013821880022390795, curr_delay = 0.8870960517294522, data_size = 1739
user 27, emp_avg: 0.058239780672205706, h: 1.1689896913103588, ucb: 1.2273932392664988,num_of_obs: 22, privacy reward: 0.9785894023154371, g: 0.007775352436905069, curr_delay = 0.9151324399896538, data_size = 2305
num of fast users chosen: 0, num of slow users chosen: 5
max_delay = 0.92 seconds
after cleansing the weights updates who were almost zeros (meaning with absolute value of less than 10**-7, 0.08% of the weights upadtes) we get:
user No.17 has been picked 23, his deltas theta's mean
 is -0.0010391282849013805,
the empirical var of deltas thetas is 0.003984494600445032
the minimum of the deltas theta is -0.4390259087085724 and the maximum is 0.4645201861858368
the added laplace noise var is 0.0214105976845629
global epoch 150 has been done artifficialy in 0.92 secs, the total time by now is 94.04 
 with avg train loss 1.296, val loss 1.358, avg val acc 51.90%
iteration: 151
user 14, emp_avg: 0.28104587818310134, h: 1.0368854293523455, ucb: 1.3153443950447379,num_of_obs: 28, privacy reward: 0.962140345562884, g: 0.007623967494418523, curr_delay = 0.14145094749587028, data_size = 2677
user 15, emp_avg: 0.07081527866628463, h: 1.2268593851963954, ucb: 1.2978425049810869,num_of_obs: 20, privacy reward: 0.9822943106815641, g: -0.0008022486297055906, curr_delay = 0.7411969194642681, data_size = 1022
user 18, emp_avg: 0.06511756255052326, h: 1.2268593851963954, ucb: 1.292038743381779,num_of_obs: 20, privacy reward: 0.9822943106815641, g: -0.0008080305831079254, curr_delay = 0.7826973804654583, data_size = 1021
user 19, emp_avg: 0.06580792836320823, h: 1.2268593851963954, ucb: 1.2922779151785435,num_of_obs: 20, privacy reward: 0.9822943106815641, g: -0.00156272601975051, curr_delay = 0.6793857093687743, data_size = 912
user 23, emp_avg: 0.06137515836000602, h: 1.2268593851963954, ucb: 1.2885936848078732,num_of_obs: 20, privacy reward: 0.9822943106815641, g: -0.0017620321334395957, curr_delay = 0.9226397338346941, data_size = 888
num of fast users chosen: 1, num of slow users chosen: 4
max_delay = 0.92 seconds
after cleansing the weights updates who were almost zeros (meaning with absolute value of less than 10**-7, 0.08% of the weights upadtes) we get:
user No.14 has been picked 29, his deltas theta's mean
 is -0.0024438335094600916,
the empirical var of deltas thetas is 0.006169135216623545
the minimum of the deltas theta is -0.4152124524116516 and the maximum is 0.4700177311897278
the added laplace noise var is 0.03785965443711599
global epoch 151 has been done artifficialy in 0.92 secs, the total time by now is 94.96 
 with avg train loss 1.232, val loss 1.206, avg val acc 57.27%
iteration: 152
user 4, emp_avg: 0.54607764372907, h: 0.9025980986600856, ucb: 1.4364075705980492,num_of_obs: 37, privacy reward: 0.9109777784991466, g: 0.028015643808672944, curr_delay = 0.05, data_size = 4032
user 9, emp_avg: 0.3715861226241068, h: 1.1448045803443003, ucb: 1.5186922190956975,num_of_obs: 23, privacy reward: 0.976455646662628, g: -0.005671547356683005, curr_delay = 0.15691135601637032, data_size = 746
user 10, emp_avg: 0.3683589464079961, h: 1.056606782829542, ucb: 1.4292204764400305,num_of_obs: 27, privacy reward: 0.9655714549465666, g: -0.0008817780330576635, curr_delay = 0.1972536205298317, data_size = 1452
user 11, emp_avg: 0.30162585793937446, h: 1.1207007317797062, ucb: 1.4243229848483046,num_of_obs: 24, privacy reward: 0.974109243364341, g: -0.004531859518413475, curr_delay = 0.19707355635264268, data_size = 889
user 12, emp_avg: 0.28702888471986737, h: 1.1448045803443003, ucb: 1.4362115139827363,num_of_obs: 23, privacy reward: 0.976455646662628, g: -0.005671547356683005, curr_delay = 0.2683357009984082, data_size = 746
num of fast users chosen: 5, num of slow users chosen: 0
max_delay = 0.27 seconds
after cleansing the weights updates who were almost zeros (meaning with absolute value of less than 10**-7, 0.00% of the weights upadtes) we get:
user No.4 has been picked 38, his deltas theta's mean
 is -0.0018130046082660556,
the empirical var of deltas thetas is 0.005820332560688257
the minimum of the deltas theta is -0.4251309037208557 and the maximum is 0.5025365352630615
the added laplace noise var is 0.08902222150085345
global epoch 152 has been done artifficialy in 0.27 secs, the total time by now is 95.23 
 with avg train loss 1.194, val loss 1.216, avg val acc 57.78%
iteration: 153
user 13, emp_avg: 0.27984092577247743, h: 1.003039173850397, ucb: 1.2853786964656604,num_of_obs: 30, privacy reward: 0.9542182281044749, g: 0.012824211291246387, curr_delay = 0.2440416969678068, data_size = 3036
user 16, emp_avg: 0.06872791397938104, h: 1.1988611168691292, ucb: 1.2675337720330238,num_of_obs: 21, privacy reward: 0.9805297819548703, g: 1.220476165440067e-06, curr_delay = 0.7154268292296996, data_size = 1358
user 22, emp_avg: 0.06296309562393992, h: 1.1988611168691292, ucb: 1.262064119784804,num_of_obs: 21, privacy reward: 0.9805297819548703, g: 6.953187318136087e-05, curr_delay = 0.8631845199276339, data_size = 1429
user 25, emp_avg: 0.05979359339265064, h: 1.1988611168691292, ucb: 1.2586518513457285,num_of_obs: 21, privacy reward: 0.9805297819548703, g: -0.0008679333982557865, curr_delay = 0.8353712126389813, data_size = 1058
user 28, emp_avg: 0.05655179188150036, h: 1.1988611168691292, ucb: 1.2555862913902536,num_of_obs: 21, privacy reward: 0.9805297819548703, g: 0.0007226216962508291, curr_delay = 0.9449874346026528, data_size = 1611
num of fast users chosen: 1, num of slow users chosen: 4
max_delay = 0.94 seconds
after cleansing the weights updates who were almost zeros (meaning with absolute value of less than 10**-7, 0.08% of the weights upadtes) we get:
user No.13 has been picked 31, his deltas theta's mean
 is -0.0028604755643755198,
the empirical var of deltas thetas is 0.00824047066271305
the minimum of the deltas theta is -0.47647321224212646 and the maximum is 0.5097781419754028
the added laplace noise var is 0.045781771895525084
global epoch 153 has been done artifficialy in 0.94 secs, the total time by now is 96.18 
 with avg train loss 1.264, val loss 1.249, avg val acc 55.17%
iteration: 154
user 0, emp_avg: 0.850998168133886, h: 0.8918005974679862, ucb: 1.7388776647632902,num_of_obs: 38, privacy reward: 0.9021059258235892, g: 0.02017519613399634, curr_delay = 0.05, data_size = 3816
user 1, emp_avg: 0.6516354964636505, h: 1.0208467684414262, ucb: 1.6824519926493195,num_of_obs: 29, privacy reward: 0.9583672957462112, g: -0.00611119674902215, curr_delay = 0.1379259390683905, data_size = 1081
user 2, emp_avg: 0.6809822615107521, h: 1.0036884578805945, ucb: 1.6814832174982308,num_of_obs: 30, privacy reward: 0.9542182281044749, g: -0.006154821925111898, curr_delay = 0.0643826021485072, data_size = 1142
user 3, emp_avg: 0.5340517238471439, h: 1.0781343503849918, ucb: 1.616451453704025,num_of_obs: 26, privacy reward: 0.9686916129552876, g: -0.008205386523080407, curr_delay = 0.11816088977177754, data_size = 768
user 5, emp_avg: 0.6049717630331951, h: 1.0208467684414262, ucb: 1.6121968681309384,num_of_obs: 29, privacy reward: 0.9583672957462112, g: -0.00797084600794202, curr_delay = 0.05, data_size = 972
num of fast users chosen: 5, num of slow users chosen: 0
max_delay = 0.14 seconds
after cleansing the weights updates who were almost zeros (meaning with absolute value of less than 10**-7, 0.03% of the weights upadtes) we get:
user No.0 has been picked 39, his deltas theta's mean
 is -0.0018494069809094071,
the empirical var of deltas thetas is 0.007073733024299145
the minimum of the deltas theta is -0.5042166113853455 and the maximum is 0.44044411182403564
the added laplace noise var is 0.09789407417641087
global epoch 154 has been done artifficialy in 0.14 secs, the total time by now is 96.31 
 with avg train loss 1.264, val loss 1.358, avg val acc 50.79%
iteration: 155
user 17, emp_avg: 0.06925820339361864, h: 1.1470292574547498, ucb: 1.2165370019061943,num_of_obs: 23, privacy reward: 0.976455646662628, g: 0.005693300506517938, curr_delay = 0.7871690306468031, data_size = 2197
user 21, emp_avg: 0.060686511395738225, h: 1.1728084145936253, ucb: 1.233373314631743,num_of_obs: 22, privacy reward: 0.9785894023154371, g: 0.0022629405309324935, curr_delay = 0.789116987590633, data_size = 1860
user 24, emp_avg: 0.0600577617958059, h: 1.1728084145936253, ucb: 1.2332027380703985,num_of_obs: 22, privacy reward: 0.9785894023154371, g: 0.0007844749211279055, curr_delay = 0.9496062064006976, data_size = 1668
user 26, emp_avg: 0.057582996702563144, h: 1.1728084145936253, ucb: 1.2306467422425695,num_of_obs: 22, privacy reward: 0.9785894023154371, g: 0.0012420200777377834, curr_delay = 0.9621728316678263, data_size = 1739
user 27, emp_avg: 0.05810586197879169, h: 1.1470292574547498, ucb: 1.2052690381269555,num_of_obs: 23, privacy reward: 0.976455646662628, g: 0.007474904286014155, curr_delay = 0.9086657851729331, data_size = 2305
num of fast users chosen: 0, num of slow users chosen: 5
max_delay = 0.96 seconds
after cleansing the weights updates who were almost zeros (meaning with absolute value of less than 10**-7, 0.08% of the weights upadtes) we get:
user No.17 has been picked 24, his deltas theta's mean
 is 0.00024287780979648232,
the empirical var of deltas thetas is 0.004208422265946865
the minimum of the deltas theta is -0.41096246242523193 and the maximum is 0.41533055901527405
the added laplace noise var is 0.023544353337372034
global epoch 155 has been done artifficialy in 0.96 secs, the total time by now is 97.28 
 with avg train loss 1.301, val loss 1.267, avg val acc 55.76%
iteration: 156
user 6, emp_avg: 0.5439345214155209, h: 0.9304244199518721, ucb: 1.4687534491901724,num_of_obs: 35, privacy reward: 0.9263822608059401, g: 0.01858136095395426, curr_delay = 0.06755599653829851, data_size = 3540
user 8, emp_avg: 0.42491284773989957, h: 0.9886311168854154, ucb: 1.4089066579616856,num_of_obs: 31, privacy reward: 0.9496556691317225, g: 0.011742550551939814, curr_delay = 0.08792455514058026, data_size = 3014
user 9, emp_avg: 0.37515683296915414, h: 1.1235942336147797, ucb: 1.4951803562388866,num_of_obs: 24, privacy reward: 0.974109243364341, g: -0.006059071944576292, curr_delay = 0.10849425823289309, data_size = 746
user 10, emp_avg: 0.3669035181061125, h: 1.040246125469099, ucb: 1.408605071877095,num_of_obs: 28, privacy reward: 0.962140345562884, g: -0.0009954244656501313, curr_delay = 0.15330297750358948, data_size = 1452
user 12, emp_avg: 0.28779646045885116, h: 1.1235942336147797, ucb: 1.4106231183346472,num_of_obs: 24, privacy reward: 0.974109243364341, g: -0.006059071944576292, curr_delay = 0.16328221912425425, data_size = 746
num of fast users chosen: 5, num of slow users chosen: 0
max_delay = 0.16 seconds
after cleansing the weights updates who were almost zeros (meaning with absolute value of less than 10**-7, 0.08% of the weights upadtes) we get:
user No.6 has been picked 36, his deltas theta's mean
 is -0.0018270546570420265,
the empirical var of deltas thetas is 0.005800082813948393
the minimum of the deltas theta is -0.5037385821342468 and the maximum is 0.48952051997184753
the added laplace noise var is 0.07361773919405994
global epoch 156 has been done artifficialy in 0.16 secs, the total time by now is 97.44 
 with avg train loss 1.218, val loss 1.244, avg val acc 57.68%
iteration: 157
user 15, emp_avg: 0.07048381764587716, h: 1.20193246843196, ucb: 1.2727477470982447,num_of_obs: 21, privacy reward: 0.9805297819548703, g: -0.0008780331731473685, curr_delay = 0.7871147896247477, data_size = 1022
user 18, emp_avg: 0.06527056474516402, h: 1.20193246843196, ucb: 1.2670500309824835,num_of_obs: 21, privacy reward: 0.9805297819548703, g: -0.0008840815821090739, curr_delay = 0.7301016899094952, data_size = 1021
user 19, emp_avg: 0.06560276603264824, h: 1.20193246843196, ucb: 1.2677403967951684,num_of_obs: 21, privacy reward: 0.9805297819548703, g: -0.0016678206747230639, curr_delay = 0.8157357768816944, data_size = 912
user 20, emp_avg: 0.06470228045954812, h: 1.2316142828030585, ucb: 1.296459537329198,num_of_obs: 20, privacy reward: 0.9822943106815641, g: -0.002671657257431599, curr_delay = 0.8085015669607347, data_size = 743
user 29, emp_avg: 0.05554837143575185, h: 1.2316142828030585, ucb: 1.286922302240689,num_of_obs: 20, privacy reward: 0.9822943106815641, g: -0.002095694325512447, curr_delay = 0.8284261318366097, data_size = 801
num of fast users chosen: 0, num of slow users chosen: 5
max_delay = 0.83 seconds
after cleansing the weights updates who were almost zeros (meaning with absolute value of less than 10**-7, 0.08% of the weights upadtes) we get:
user No.15 has been picked 22, his deltas theta's mean
 is -0.0009808350587263703,
the empirical var of deltas thetas is 0.0026618908159434795
the minimum of the deltas theta is -0.3455038070678711 and the maximum is 0.40127983689308167
the added laplace noise var is 0.019470218045129682
global epoch 157 has been done artifficialy in 0.83 secs, the total time by now is 98.27 
 with avg train loss 1.184, val loss 1.156, avg val acc 59.23%
iteration: 158
user 1, emp_avg: 0.6431524195634648, h: 1.0062400342887345, ucb: 1.657875530752385,num_of_obs: 30, privacy reward: 0.9542182281044749, g: -0.006357809466496668, curr_delay = 0.12864710934943646, data_size = 1081
user 2, emp_avg: 0.6682776993805974, h: 0.9898773172300241, ucb: 1.6708595787407763,num_of_obs: 31, privacy reward: 0.9496556691317225, g: -0.006376024096207145, curr_delay = 0.18219165925270303, data_size = 1142
user 3, emp_avg: 0.5273079465951717, h: 1.0606701270661096, ucb: 1.5947218509132535,num_of_obs: 27, privacy reward: 0.9655714549465666, g: -0.00858189088834398, curr_delay = 0.14483267679320608, data_size = 768
user 5, emp_avg: 0.617714609386963, h: 1.0062400342887345, ucb: 1.6112117973219298,num_of_obs: 30, privacy reward: 0.9542182281044749, g: -0.008252146143790771, curr_delay = 0.05, data_size = 972
user 7, emp_avg: 0.45951266835128307, h: 1.1250105591756647, ucb: 1.5887932901855775,num_of_obs: 24, privacy reward: 0.974109243364341, g: -0.009150507658224281, curr_delay = 0.14004379719578902, data_size = 552
num of fast users chosen: 5, num of slow users chosen: 0
max_delay = 0.18 seconds
after cleansing the weights updates who were almost zeros (meaning with absolute value of less than 10**-7, 0.04% of the weights upadtes) we get:
user No.1 has been picked 31, his deltas theta's mean
 is -0.0008251354447565973,
the empirical var of deltas thetas is 0.0028583856765180826
the minimum of the deltas theta is -0.4287503957748413 and the maximum is 0.40293216705322266
the added laplace noise var is 0.045781771895525084
global epoch 158 has been done artifficialy in 0.18 secs, the total time by now is 98.45 
 with avg train loss 1.241, val loss 1.153, avg val acc 58.70%
iteration: 159
user 16, emp_avg: 0.06908332075229186, h: 1.1757671618085512, ucb: 1.2444950757879323,num_of_obs: 22, privacy reward: 0.9785894023154371, g: -2.6278775060154502e-11, curr_delay = 0.65017586813014, data_size = 1358
user 22, emp_avg: 0.06322937420329437, h: 1.1757671618085512, ucb: 1.2387302574324912,num_of_obs: 22, privacy reward: 0.9785894023154371, g: 5.225409637600102e-05, curr_delay = 0.7237198894978585, data_size = 1429
user 23, emp_avg: 0.061539572084245896, h: 1.203436057084669, ucb: 1.264811215444675,num_of_obs: 21, privacy reward: 0.9805297819548703, g: -0.0017307020296539989, curr_delay = 0.7693223743007332, data_size = 888
user 25, emp_avg: 0.05993538583520519, h: 1.1757671618085512, ucb: 1.2355607552012018,num_of_obs: 22, privacy reward: 0.9785894023154371, g: -0.000934560808588959, curr_delay = 0.7929607972849465, data_size = 1058
user 28, emp_avg: 0.056382553998166066, h: 1.1757671618085512, ucb: 1.2323189536900516,num_of_obs: 22, privacy reward: 0.9785894023154371, g: 0.0006641828842454345, curr_delay = 0.9494995275995164, data_size = 1611
num of fast users chosen: 0, num of slow users chosen: 5
max_delay = 0.95 seconds
after cleansing the weights updates who were almost zeros (meaning with absolute value of less than 10**-7, 0.06% of the weights upadtes) we get:
user No.16 has been picked 23, his deltas theta's mean
 is -4.704987441073172e-05,
the empirical var of deltas thetas is 0.003918320406228304
the minimum of the deltas theta is -0.36728909611701965 and the maximum is 0.4088374376296997
the added laplace noise var is 0.0214105976845629
global epoch 159 has been done artifficialy in 0.95 secs, the total time by now is 99.40 
 with avg train loss 1.236, val loss 1.213, avg val acc 57.03%
iteration: 160
user 4, emp_avg: 0.5402576168763142, h: 0.8951777666945758, ucb: 1.4412554104236457,num_of_obs: 38, privacy reward: 0.9021059258235892, g: 0.030032819373449576, curr_delay = 0.15669236385744537, data_size = 4032
user 6, emp_avg: 0.5562606154313177, h: 0.9197077266930898, ucb: 1.4636422481086107,num_of_obs: 36, privacy reward: 0.919045601200888, g: 0.018407011014257915, curr_delay = 0.05, data_size = 3540
user 8, emp_avg: 0.41862957266567363, h: 0.9754973553815215, ucb: 1.400410203121421,num_of_obs: 32, privacy reward: 0.9446384107553002, g: 0.011466340233701983, curr_delay = 0.2298166193600701, data_size = 3014
user 9, emp_avg: 0.36920139991104856, h: 1.1036492720317077, ucb: 1.4788061050008618,num_of_obs: 25, privacy reward: 0.9715290001996827, g: -0.006439081386070864, curr_delay = 0.2269471885946323, data_size = 746
user 11, emp_avg: 0.2993550730607604, h: 1.1036492720317077, ucb: 1.4052751299710822,num_of_obs: 25, privacy reward: 0.9715290001996827, g: -0.004313120311489115, curr_delay = 0.20611293782962625, data_size = 889
num of fast users chosen: 5, num of slow users chosen: 0
max_delay = 0.23 seconds
after cleansing the weights updates who were almost zeros (meaning with absolute value of less than 10**-7, 0.08% of the weights upadtes) we get:
user No.4 has been picked 39, his deltas theta's mean
 is -0.001868667546659708,
the empirical var of deltas thetas is 0.006776643916964531
the minimum of the deltas theta is -0.46706894040107727 and the maximum is 0.5735508799552917
the added laplace noise var is 0.09789407417641087
global epoch 160 has been done artifficialy in 0.23 secs, the total time by now is 99.63 
 with avg train loss 1.234, val loss 1.286, avg val acc 55.89%
iteration: 161
user 17, emp_avg: 0.06902485177372596, h: 1.1270985277455188, ucb: 1.1963567311391374,num_of_obs: 24, privacy reward: 0.974109243364341, g: 0.005590962141835686, curr_delay = 0.7883399737850091, data_size = 2197
user 21, emp_avg: 0.06065359355973385, h: 1.151339979062332, ucb: 1.2120264904580702,num_of_obs: 23, privacy reward: 0.976455646662628, g: 0.002176102659935305, curr_delay = 0.834773549611609, data_size = 1860
user 24, emp_avg: 0.060201705915320376, h: 1.151339979062332, ucb: 1.2113977408581378,num_of_obs: 23, privacy reward: 0.976455646662628, g: 0.0007336958428654332, curr_delay = 0.7872475883795153, data_size = 1668
user 26, emp_avg: 0.057541225715483535, h: 1.151339979062332, ucb: 1.2089229757648952,num_of_obs: 23, privacy reward: 0.976455646662628, g: 0.0011779067584119524, curr_delay = 0.8836967890827504, data_size = 1739
user 27, emp_avg: 0.05793958890413859, h: 1.1270985277455188, ucb: 1.1852043897243105,num_of_obs: 24, privacy reward: 0.974109243364341, g: 0.007357574086309045, curr_delay = 0.9268006350024238, data_size = 2305
num of fast users chosen: 0, num of slow users chosen: 5
max_delay = 0.93 seconds
after cleansing the weights updates who were almost zeros (meaning with absolute value of less than 10**-7, 0.08% of the weights upadtes) we get:
user No.17 has been picked 25, his deltas theta's mean
 is -0.0007727626943960786,
the empirical var of deltas thetas is 0.004584433976560831
the minimum of the deltas theta is -0.4360904097557068 and the maximum is 0.45173707604408264
the added laplace noise var is 0.025890756635658964
global epoch 161 has been done artifficialy in 0.93 secs, the total time by now is 100.56 
 with avg train loss 1.289, val loss 1.256, avg val acc 57.23%
iteration: 162
user 13, emp_avg: 0.2817516602224705, h: 0.9923185299507851, ucb: 1.2721594557232625,num_of_obs: 31, privacy reward: 0.9496556691317225, g: 0.013915609322157598, curr_delay = 0.14663426206296262, data_size = 3036
user 14, emp_avg: 0.27864035888474603, h: 1.025965953784014, ucb: 1.3070118319671153,num_of_obs: 29, privacy reward: 0.9583672957462112, g: 0.008785959943243568, curr_delay = 0.23937154525214427, data_size = 2677
user 15, emp_avg: 0.07060570596485544, h: 1.1779330512576662, ucb: 1.2484168689035433,num_of_obs: 22, privacy reward: 0.9785894023154371, g: -0.001003377331948693, curr_delay = 0.682246921453183, data_size = 1022
user 20, emp_avg: 0.06449419595843463, h: 1.2056529156119262, ucb: 1.2703551960714743,num_of_obs: 21, privacy reward: 0.9805297819548703, g: -0.002908355500679448, curr_delay = 0.8316088339246978, data_size = 743
user 29, emp_avg: 0.05569913543949969, h: 1.2056529156119262, ucb: 1.261201287047678,num_of_obs: 21, privacy reward: 0.9805297819548703, g: -0.0023059058674518122, curr_delay = 0.8493985817971961, data_size = 801
num of fast users chosen: 2, num of slow users chosen: 3
max_delay = 0.85 seconds
after cleansing the weights updates who were almost zeros (meaning with absolute value of less than 10**-7, 0.08% of the weights upadtes) we get:
user No.13 has been picked 32, his deltas theta's mean
 is -0.0011066744336858392,
the empirical var of deltas thetas is 0.00705392612144351
the minimum of the deltas theta is -0.45700228214263916 and the maximum is 0.4480254650115967
the added laplace noise var is 0.05034433086827752
global epoch 162 has been done artifficialy in 0.85 secs, the total time by now is 101.41 
 with avg train loss 1.182, val loss 1.299, avg val acc 52.36%
iteration: 163
user 13, emp_avg: 0.27885845981370244, h: 0.9772810049577695, ucb: 1.25903266518024,num_of_obs: 32, privacy reward: 0.9446384107553002, g: 0.01276977908110558, curr_delay = 0.26841883793912813, data_size = 3036
user 18, emp_avg: 0.0654416421588284, h: 1.1786452393405007, ucb: 1.2439158040856646,num_of_obs: 22, privacy reward: 0.9785894023154371, g: -0.0009575851516520455, curr_delay = 0.7224875450379499, data_size = 1021
user 19, emp_avg: 0.06569439271916151, h: 1.1786452393405007, ucb: 1.2442480053731488,num_of_obs: 22, privacy reward: 0.9785894023154371, g: -0.0017682297169757425, curr_delay = 0.7384414002607562, data_size = 912
user 20, emp_avg: 0.06427558207038321, h: 1.1786452393405007, ucb: 1.2431394352989353,num_of_obs: 22, privacy reward: 0.9785894023154371, g: -0.003512798556519159, curr_delay = 0.840815518946188, data_size = 743
user 23, emp_avg: 0.06148106904999, h: 1.1786452393405007, ucb: 1.2401848114247467,num_of_obs: 22, privacy reward: 0.9785894023154371, g: -0.0019798549048698436, curr_delay = 0.8306475411591525, data_size = 888
num of fast users chosen: 1, num of slow users chosen: 4
max_delay = 0.84 seconds
after cleansing the weights updates who were almost zeros (meaning with absolute value of less than 10**-7, 0.08% of the weights upadtes) we get:
user No.13 has been picked 33, his deltas theta's mean
 is -0.003203216241672635,
the empirical var of deltas thetas is 0.007567217573523521
the minimum of the deltas theta is -0.45109158754348755 and the maximum is 0.46702200174331665
the added laplace noise var is 0.0553615892446998
global epoch 163 has been done artifficialy in 0.84 secs, the total time by now is 102.25 
 with avg train loss 1.226, val loss 1.217, avg val acc 56.75%
iteration: 164
user 0, emp_avg: 0.8547232139305387, h: 0.8857735800134686, ucb: 1.7367717481473546,num_of_obs: 39, privacy reward: 0.8923499144675382, g: 0.022797311593828837, curr_delay = 0.05, data_size = 3816
user 1, emp_avg: 0.6345271309401137, h: 0.9935144294444651, ucb: 1.63666684900793,num_of_obs: 31, privacy reward: 0.9496556691317225, g: -0.0062231344196475025, curr_delay = 0.13618664932715835, data_size = 1081
user 3, emp_avg: 0.5436076725746485, h: 1.0453843887527892, ucb: 1.572692335347961,num_of_obs: 28, privacy reward: 0.962140345562884, g: -0.008553313762256029, curr_delay = 0.05, data_size = 768
user 5, emp_avg: 0.6247850735606492, h: 0.9935144294444651, ucb: 1.611229038831428,num_of_obs: 31, privacy reward: 0.9496556691317225, g: -0.008098613431111712, curr_delay = 0.05924384968329495, data_size = 972
user 7, emp_avg: 0.455309665036437, h: 1.106330846843659, ucb: 1.5658435151949421,num_of_obs: 25, privacy reward: 0.9715290001996827, g: -0.009254166043054799, curr_delay = 0.1427614591651133, data_size = 552
num of fast users chosen: 5, num of slow users chosen: 0
max_delay = 0.14 seconds
after cleansing the weights updates who were almost zeros (meaning with absolute value of less than 10**-7, 0.08% of the weights upadtes) we get:
user No.0 has been picked 40, his deltas theta's mean
 is -0.002499124500900507,
the empirical var of deltas thetas is 0.007213362026959658
the minimum of the deltas theta is -0.4799278974533081 and the maximum is 0.5121322870254517
the added laplace noise var is 0.10765008553246175
global epoch 164 has been done artifficialy in 0.14 secs, the total time by now is 102.39 
 with avg train loss 1.229, val loss 1.290, avg val acc 55.00%
iteration: 165
user 8, emp_avg: 0.41637172693761637, h: 0.9635111429181181, ucb: 1.3821407155837917,num_of_obs: 33, privacy reward: 0.9391211381532119, g: 0.011466340233701983, curr_delay = 0.1462574968094678, data_size = 3014
user 9, emp_avg: 0.36468735802740637, h: 1.085493025938754, ucb: 1.4546944258498027,num_of_obs: 26, privacy reward: 0.9686916129552876, g: -0.0066536069011730245, curr_delay = 0.20216537795609488, data_size = 746
user 10, emp_avg: 0.36798783584912775, h: 1.0278144345364584, ucb: 1.3947179526425708,num_of_obs: 29, privacy reward: 0.9583672957462112, g: -0.0007739938176923675, curr_delay = 0.12517742322614106, data_size = 1452
user 11, emp_avg: 0.3099520598686603, h: 1.085493025938754, ucb: 1.3848480989995144,num_of_obs: 26, privacy reward: 0.9686916129552876, g: -0.00448901448001291, curr_delay = 0.08540093015098682, data_size = 889
user 12, emp_avg: 0.28704261655308233, h: 1.106990024226117, ucb: 1.3947864846849682,num_of_obs: 25, privacy reward: 0.9715290001996827, g: -0.005701614883557891, curr_delay = 0.18643045854368756, data_size = 746
num of fast users chosen: 5, num of slow users chosen: 0
max_delay = 0.20 seconds
after cleansing the weights updates who were almost zeros (meaning with absolute value of less than 10**-7, 0.00% of the weights upadtes) we get:
user No.8 has been picked 34, his deltas theta's mean
 is -0.0016338488785549998,
the empirical var of deltas thetas is 0.006837987806648016
the minimum of the deltas theta is -0.46361953020095825 and the maximum is 0.5615615844726562
the added laplace noise var is 0.06087886184678814
global epoch 165 has been done artifficialy in 0.20 secs, the total time by now is 102.59 
 with avg train loss 1.217, val loss 1.246, avg val acc 56.55%
iteration: 166
user 15, emp_avg: 0.07103366044271665, h: 1.1547995634503787, ucb: 1.2254052694152342,num_of_obs: 23, privacy reward: 0.976455646662628, g: -0.0011852788957179184, curr_delay = 0.6182256882095681, data_size = 1022
user 16, emp_avg: 0.06897514396559164, h: 1.1547995634503787, ucb: 1.2238828842026706,num_of_obs: 23, privacy reward: 0.976455646662628, g: -3.785486837882905e-08, curr_delay = 0.7520258311945285, data_size = 1358
user 22, emp_avg: 0.06341752397267365, h: 1.1547995634503787, ucb: 1.218028937653673,num_of_obs: 23, privacy reward: 0.976455646662628, g: 4.9551216555787293e-05, curr_delay = 0.7380621909317508, data_size = 1429
user 25, emp_avg: 0.059804517709778356, h: 1.1547995634503787, ucb: 1.214734949285584,num_of_obs: 23, privacy reward: 0.976455646662628, g: -0.0009461790952482142, curr_delay = 0.8803661491064202, data_size = 1058
user 28, emp_avg: 0.056213513275819756, h: 1.1547995634503787, ucb: 1.2111821174485449,num_of_obs: 23, privacy reward: 0.976455646662628, g: 0.0006544545265296322, curr_delay = 0.955555641997349, data_size = 1611
num of fast users chosen: 0, num of slow users chosen: 5
max_delay = 0.96 seconds
after cleansing the weights updates who were almost zeros (meaning with absolute value of less than 10**-7, 0.01% of the weights upadtes) we get:
user No.15 has been picked 24, his deltas theta's mean
 is -0.000989888096228242,
the empirical var of deltas thetas is 0.003111468395218253
the minimum of the deltas theta is -0.3599877953529358 and the maximum is 0.34549346566200256
the added laplace noise var is 0.023544353337372034
global epoch 166 has been done artifficialy in 0.96 secs, the total time by now is 103.55 
 with avg train loss 1.249, val loss 1.215, avg val acc 57.28%
iteration: 167
user 17, emp_avg: 0.06876832049893102, h: 1.1082953193892056, ucb: 1.1773201711629315,num_of_obs: 25, privacy reward: 0.9715290001996827, g: 0.00549680792767397, curr_delay = 0.801859819179071, data_size = 2197
user 21, emp_avg: 0.06074664457779996, h: 1.1311491736743606, ucb: 1.1918027672340945,num_of_obs: 24, privacy reward: 0.974109243364341, g: 0.0020970248164343475, curr_delay = 0.7939044774920071, data_size = 1860
user 24, emp_avg: 0.06007527503790867, h: 1.1311491736743606, ucb: 1.191350879589681,num_of_obs: 24, privacy reward: 0.974109243364341, g: 0.0006880857411242429, curr_delay = 0.876563487153054, data_size = 1668
user 26, emp_avg: 0.057412309419266, h: 1.1311491736743606, ucb: 1.188690399389844,num_of_obs: 24, privacy reward: 0.974109243364341, g: 0.0011199205646658483, curr_delay = 0.9204997789991144, data_size = 1739
user 27, emp_avg: 0.05791648314626823, h: 1.1082953193892056, ucb: 1.166234908293344,num_of_obs: 25, privacy reward: 0.9715290001996827, g: 0.007249505294730905, curr_delay = 0.872009281981207, data_size = 2305
num of fast users chosen: 0, num of slow users chosen: 5
max_delay = 0.92 seconds
after cleansing the weights updates who were almost zeros (meaning with absolute value of less than 10**-7, 0.08% of the weights upadtes) we get:
user No.17 has been picked 26, his deltas theta's mean
 is -0.002331048483029008,
the empirical var of deltas thetas is 0.005153583362698555
the minimum of the deltas theta is -0.4470890164375305 and the maximum is 0.4298645853996277
the added laplace noise var is 0.028470999800317295
global epoch 167 has been done artifficialy in 0.92 secs, the total time by now is 104.47 
 with avg train loss 1.287, val loss 1.242, avg val acc 57.63%
iteration: 168
user 14, emp_avg: 0.27676864838138104, h: 1.0123205005731395, ucb: 1.2909608594578854,num_of_obs: 30, privacy reward: 0.9542182281044749, g: 0.008868811715839586, curr_delay = 0.22663677081276246, data_size = 2677
user 18, emp_avg: 0.06537377279862042, h: 1.1561514846664784, ucb: 1.2215931268253069,num_of_obs: 23, privacy reward: 0.976455646662628, g: -0.001081114755179141, curr_delay = 0.783542136042558, data_size = 1021
user 19, emp_avg: 0.06576232207005307, h: 1.1561514846664784, ucb: 1.22184587738564,num_of_obs: 23, privacy reward: 0.976455646662628, g: -0.001934747115897898, curr_delay = 0.7426695124318373, data_size = 912
user 23, emp_avg: 0.06139865180390482, h: 1.1561514846664784, ucb: 1.2176325537164685,num_of_obs: 23, privacy reward: 0.976455646662628, g: -0.002155837506447792, curr_delay = 0.8402929879658031, data_size = 888
user 29, emp_avg: 0.05569552673921407, h: 1.1821356612738803, ucb: 1.23783479671338,num_of_obs: 22, privacy reward: 0.9785894023154371, g: -0.002434692175238787, curr_delay = 0.8990196765864648, data_size = 801
num of fast users chosen: 1, num of slow users chosen: 4
max_delay = 0.90 seconds
after cleansing the weights updates who were almost zeros (meaning with absolute value of less than 10**-7, 0.00% of the weights upadtes) we get:
user No.14 has been picked 31, his deltas theta's mean
 is -0.002594339894130826,
the empirical var of deltas thetas is 0.006201444659382105
the minimum of the deltas theta is -0.4134441018104553 and the maximum is 0.4692274332046509
the added laplace noise var is 0.045781771895525084
global epoch 168 has been done artifficialy in 0.90 secs, the total time by now is 105.37 
 with avg train loss 1.167, val loss 1.189, avg val acc 59.18%
iteration: 169
user 3, emp_avg: 0.536311830790552, h: 1.0302224783082878, ucb: 1.5738301508829364,num_of_obs: 29, privacy reward: 0.9583672957462112, g: -0.00871423237676129, curr_delay = 0.15397292375674831, data_size = 768
user 4, emp_avg: 0.5438444262230565, h: 0.888377840173449, ucb: 1.4286354570497632,num_of_obs: 39, privacy reward: 0.8923499144675382, g: 0.03241100450021785, curr_delay = 0.07312828262139856, data_size = 4032
user 6, emp_avg: 0.5499835791637688, h: 0.9120720735143811, ucb: 1.468332688945699,num_of_obs: 37, privacy reward: 0.9109777784991466, g: 0.020089527098688335, curr_delay = 0.157364713967218, data_size = 3540
user 7, emp_avg: 0.46039681014273687, h: 1.0880362036103686, ucb: 1.5433458686468056,num_of_obs: 26, privacy reward: 0.9686916129552876, g: -0.009526873756445337, curr_delay = 0.08436503575911664, data_size = 552
user 9, emp_avg: 0.3591523435169583, h: 1.0676972849104411, ucb: 1.4323846429378475,num_of_obs: 27, privacy reward: 0.9655714549465666, g: -0.007015268638488776, curr_delay = 0.2384279566621941, data_size = 746
num of fast users chosen: 5, num of slow users chosen: 0
max_delay = 0.24 seconds
after cleansing the weights updates who were almost zeros (meaning with absolute value of less than 10**-7, 0.08% of the weights upadtes) we get:
user No.3 has been picked 30, his deltas theta's mean
 is -0.0008567129843868315,
the empirical var of deltas thetas is 0.0021037196274846792
the minimum of the deltas theta is -0.29241010546684265 and the maximum is 0.2603294849395752
the added laplace noise var is 0.04163270425378887
global epoch 169 has been done artifficialy in 0.24 secs, the total time by now is 105.61 
 with avg train loss 1.227, val loss 1.282, avg val acc 54.99%
iteration: 170
user 15, emp_avg: 0.07142501024230442, h: 1.133115002664145, ucb: 1.2041486631068616,num_of_obs: 24, privacy reward: 0.974109243364341, g: -0.0013727123812020436, curr_delay = 0.6186786092980425, data_size = 1022
user 16, emp_avg: 0.06858105810688465, h: 1.133115002664145, ucb: 1.2020901466297367,num_of_obs: 24, privacy reward: 0.974109243364341, g: -7.934457993425427e-06, curr_delay = 0.8456946047392397, data_size = 1358
user 22, emp_avg: 0.06361566027158111, h: 1.133115002664145, ucb: 1.1965325266368187,num_of_obs: 24, privacy reward: 0.974109243364341, g: 1.9509966563290576e-05, curr_delay = 0.7313049411935902, data_size = 1429
user 25, emp_avg: 0.05983722507157037, h: 1.133115002664145, ucb: 1.1929195203739233,num_of_obs: 24, privacy reward: 0.974109243364341, g: -0.0011143764861938667, curr_delay = 0.8247803371183844, data_size = 1058
user 28, emp_avg: 0.056259571619014286, h: 1.133115002664145, ucb: 1.1893285159399647,num_of_obs: 24, privacy reward: 0.974109243364341, g: 0.0005271641319259679, curr_delay = 0.8716120374954333, data_size = 1611
num of fast users chosen: 0, num of slow users chosen: 5
max_delay = 0.87 seconds
after cleansing the weights updates who were almost zeros (meaning with absolute value of less than 10**-7, 0.08% of the weights upadtes) we get:
user No.15 has been picked 25, his deltas theta's mean
 is -0.0007534991018474102,
the empirical var of deltas thetas is 0.0029953792691230774
the minimum of the deltas theta is -0.31341850757598877 and the maximum is 0.42776405811309814
the added laplace noise var is 0.025890756635658964
global epoch 170 has been done artifficialy in 0.87 secs, the total time by now is 106.48 
 with avg train loss 1.240, val loss 1.190, avg val acc 58.05%
iteration: 171
user 17, emp_avg: 0.0687834255073853, h: 1.0892831329862342, ucb: 1.1580514534851654,num_of_obs: 26, privacy reward: 0.9686916129552876, g: 0.0051544180630498666, curr_delay = 0.7227924054811671, data_size = 2197
user 21, emp_avg: 0.06081527538722349, h: 1.1108551901848587, ucb: 1.1716018347626587,num_of_obs: 25, privacy reward: 0.9715290001996827, g: 0.0018754986716527267, curr_delay = 0.7996028133225352, data_size = 1860
user 24, emp_avg: 0.06007141003311314, h: 1.1108551901848587, ucb: 1.1709304652227674,num_of_obs: 25, privacy reward: 0.9715290001996827, g: 0.0005638313370128218, curr_delay = 0.8336836901098165, data_size = 1668
user 26, emp_avg: 0.05751867336718561, h: 1.1108551901848587, ucb: 1.1682674996041247,num_of_obs: 25, privacy reward: 0.9715290001996827, g: 0.0009596958814524262, curr_delay = 0.8308715707495322, data_size = 1739
user 27, emp_avg: 0.0579140565371154, h: 1.0892831329862342, ucb: 1.1471996161325024,num_of_obs: 26, privacy reward: 0.9686916129552876, g: 0.006855482631141897, curr_delay = 0.8642898223051032, data_size = 2305
num of fast users chosen: 0, num of slow users chosen: 5
max_delay = 0.86 seconds
after cleansing the weights updates who were almost zeros (meaning with absolute value of less than 10**-7, 0.08% of the weights upadtes) we get:
user No.17 has been picked 27, his deltas theta's mean
 is -0.0012048975331708789,
the empirical var of deltas thetas is 0.0053397007286548615
the minimum of the deltas theta is -0.4022752344608307 and the maximum is 0.46729934215545654
the added laplace noise var is 0.031308387044712414
global epoch 171 has been done artifficialy in 0.86 secs, the total time by now is 107.34 
 with avg train loss 1.273, val loss 1.251, avg val acc 55.86%
iteration: 172
user 8, emp_avg: 0.4160975503006857, h: 0.9530904355102917, ucb: 1.369462162447908,num_of_obs: 34, privacy reward: 0.9330540204801807, g: 0.01196979971821083, curr_delay = 0.12291791052392469, data_size = 3014
user 9, emp_avg: 0.3642449249240415, h: 1.0502545076055327, ucb: 1.409406851122491,num_of_obs: 28, privacy reward: 0.962140345562884, g: -0.0075315641211072485, curr_delay = 0.09865100583302447, data_size = 746
user 10, emp_avg: 0.3825877801576239, h: 1.014642249939697, ucb: 1.3826300857888247,num_of_obs: 30, privacy reward: 0.9542182281044749, g: -0.0007012843155566731, curr_delay = 0.06093205749704578, data_size = 1452
user 11, emp_avg: 0.3077155365969258, h: 1.0695268400157616, ucb: 1.3794788998844218,num_of_obs: 27, privacy reward: 0.9655714549465666, g: -0.004409105373374255, curr_delay = 0.202159542416483, data_size = 889
user 12, emp_avg: 0.2848390551135515, h: 1.0899006105159794, ucb: 1.3769432270690618,num_of_obs: 26, privacy reward: 0.9686916129552876, g: -0.005648526188692345, curr_delay = 0.219735347711068, data_size = 746
num of fast users chosen: 5, num of slow users chosen: 0
max_delay = 0.22 seconds
after cleansing the weights updates who were almost zeros (meaning with absolute value of less than 10**-7, 0.08% of the weights upadtes) we get:
user No.8 has been picked 35, his deltas theta's mean
 is -0.002336534671485424,
the empirical var of deltas thetas is 0.007270742207765579
the minimum of the deltas theta is -0.49545127153396606 and the maximum is 0.5889597535133362
the added laplace noise var is 0.06694597951981923
global epoch 172 has been done artifficialy in 0.22 secs, the total time by now is 107.56 
 with avg train loss 1.179, val loss 1.210, avg val acc 57.39%
iteration: 173
user 18, emp_avg: 0.06518601492534543, h: 1.135043126328002, ucb: 1.2004168991266224,num_of_obs: 24, privacy reward: 0.974109243364341, g: -0.0012043586853307522, curr_delay = 0.823997089698336, data_size = 1021
user 19, emp_avg: 0.06574649787429622, h: 1.135043126328002, ucb: 1.2008054483980553,num_of_obs: 24, privacy reward: 0.974109243364341, g: -0.002098493997780114, curr_delay = 0.7649152681979451, data_size = 912
user 20, emp_avg: 0.06445895798952989, h: 1.1594554487754467, ucb: 1.22373103084583,num_of_obs: 23, privacy reward: 0.976455646662628, g: -0.0032772783625801922, curr_delay = 0.7280499761669033, data_size = 743
user 23, emp_avg: 0.06155365974789016, h: 1.135043126328002, ucb: 1.196441778131907,num_of_obs: 24, privacy reward: 0.974109243364341, g: -0.002328502469445004, curr_delay = 0.7660035326687207, data_size = 888
user 29, emp_avg: 0.05572459058458556, h: 1.1594554487754467, ucb: 1.2151509755146608,num_of_obs: 23, privacy reward: 0.976455646662628, g: -0.002635610361458309, curr_delay = 0.8866339379649373, data_size = 801
num of fast users chosen: 0, num of slow users chosen: 5
max_delay = 0.89 seconds
after cleansing the weights updates who were almost zeros (meaning with absolute value of less than 10**-7, 0.08% of the weights upadtes) we get:
user No.18 has been picked 25, his deltas theta's mean
 is 0.0003824032028205693,
the empirical var of deltas thetas is 0.002505848417058587
the minimum of the deltas theta is -0.37351033091545105 and the maximum is 0.290993869304657
the added laplace noise var is 0.025890756635658964
global epoch 173 has been done artifficialy in 0.89 secs, the total time by now is 108.45 
 with avg train loss 1.157, val loss 1.188, avg val acc 57.57%
iteration: 174
user 0, emp_avg: 0.8582665501761354, h: 0.8796921591569288, ucb: 1.7344153730874674,num_of_obs: 40, privacy reward: 0.8816216301891461, g: 0.025251627504652267, curr_delay = 0.05, data_size = 3816
user 1, emp_avg: 0.6231085982550945, h: 0.9835257335742285, ucb: 1.6180528645143422,num_of_obs: 32, privacy reward: 0.9446384107553002, g: -0.005442086877158672, curr_delay = 0.1940123502329703, data_size = 1081
user 2, emp_avg: 0.6783298903084581, h: 0.9835257335742285, ucb: 1.651803432954826,num_of_obs: 32, privacy reward: 0.9446384107553002, g: -0.0045637488670251716, curr_delay = 0.05, data_size = 1142
user 3, emp_avg: 0.5318761774450609, h: 1.0157810097865119, ucb: 1.552092840577064,num_of_obs: 30, privacy reward: 0.9542182281044749, g: -0.008867275646111119, curr_delay = 0.1253740606939108, data_size = 768
user 7, emp_avg: 0.4749450374680437, h: 1.070727198290388, ucb: 1.531124008433125,num_of_obs: 27, privacy reward: 0.9655714549465666, g: -0.009787533797628891, curr_delay = 0.05762046990878231, data_size = 552
num of fast users chosen: 5, num of slow users chosen: 0
max_delay = 0.19 seconds
after cleansing the weights updates who were almost zeros (meaning with absolute value of less than 10**-7, 0.08% of the weights upadtes) we get:
user No.0 has been picked 41, his deltas theta's mean
 is -0.0008405972039327025,
the empirical var of deltas thetas is 0.007561735343188047
the minimum of the deltas theta is -0.5234500169754028 and the maximum is 0.5604274868965149
the added laplace noise var is 0.11837836981085395
global epoch 174 has been done artifficialy in 0.19 secs, the total time by now is 108.64 
 with avg train loss 1.241, val loss 1.329, avg val acc 51.32%
iteration: 175
user 15, emp_avg: 0.0715803058815217, h: 1.1133501846865808, ucb: 1.1847751949288852,num_of_obs: 25, privacy reward: 0.9715290001996827, g: -0.001500075303836561, curr_delay = 0.6625790235335316, data_size = 1022
user 16, emp_avg: 0.06851261762769013, h: 1.1133501846865808, ucb: 1.1819312427934654,num_of_obs: 25, privacy reward: 0.9715290001996827, g: -2.022740969509731e-05, curr_delay = 0.7484850029443335, data_size = 1358
user 22, emp_avg: 0.06375989825297435, h: 1.1133501846865808, ucb: 1.176965844958162,num_of_obs: 25, privacy reward: 0.9715290001996827, g: 7.487537502367178e-06, curr_delay = 0.7422158503444412, data_size = 1429
user 25, emp_avg: 0.05974651148888648, h: 1.1133501846865808, ucb: 1.1731874097581512,num_of_obs: 25, privacy reward: 0.9715290001996827, g: -0.0012294104833712935, curr_delay = 0.8698878788994013, data_size = 1058
user 28, emp_avg: 0.05634588878189432, h: 1.1133501846865808, ucb: 1.169609756305595,num_of_obs: 25, privacy reward: 0.9715290001996827, g: 0.00045281213527641976, curr_delay = 0.8546450784608266, data_size = 1611
num of fast users chosen: 0, num of slow users chosen: 5
max_delay = 0.87 seconds
after cleansing the weights updates who were almost zeros (meaning with absolute value of less than 10**-7, 0.08% of the weights upadtes) we get:
user No.15 has been picked 26, his deltas theta's mean
 is -0.00029963350971229374,
the empirical var of deltas thetas is 0.002933426760137081
the minimum of the deltas theta is -0.32725128531455994 and the maximum is 0.37331002950668335
the added laplace noise var is 0.028470999800317295
global epoch 175 has been done artifficialy in 0.87 secs, the total time by now is 109.51 
 with avg train loss 1.265, val loss 1.233, avg val acc 55.46%
iteration: 176
user 4, emp_avg: 0.5379153845229836, h: 0.8806659975585084, ucb: 1.424510423781565,num_of_obs: 40, privacy reward: 0.8816216301891461, g: 0.033682185040142906, curr_delay = 0.1662489846460925, data_size = 4032
user 8, emp_avg: 0.41370945931281555, h: 0.9414715528701243, ucb: 1.35756910317081,num_of_obs: 35, privacy reward: 0.9263822608059401, g: 0.011710997461633598, curr_delay = 0.15145719631004334, data_size = 3014
user 10, emp_avg: 0.3796181332378363, h: 1.0003693506647031, ucb: 1.382957130822327,num_of_obs: 31, privacy reward: 0.9496556691317225, g: -0.0007952136194472394, curr_delay = 0.17387731321784142, data_size = 1452
user 11, emp_avg: 0.30787546971016627, h: 1.0525971955499425, ucb: 1.3603127321468682,num_of_obs: 28, privacy reward: 0.962140345562884, g: -0.0046943407946107496, curr_delay = 0.1600749935306972, data_size = 889
user 12, emp_avg: 0.28489792955210486, h: 1.0719125166457435, ucb: 1.356751571759295,num_of_obs: 27, privacy reward: 0.9655714549465666, g: -0.0059912209749212065, curr_delay = 0.1745276604557761, data_size = 746
num of fast users chosen: 5, num of slow users chosen: 0
max_delay = 0.17 seconds
after cleansing the weights updates who were almost zeros (meaning with absolute value of less than 10**-7, 0.08% of the weights upadtes) we get:
user No.4 has been picked 41, his deltas theta's mean
 is -0.0011749116238206625,
the empirical var of deltas thetas is 0.007388771511614323
the minimum of the deltas theta is -0.5331602096557617 and the maximum is 0.5438451170921326
the added laplace noise var is 0.11837836981085395
global epoch 176 has been done artifficialy in 0.17 secs, the total time by now is 109.69 
 with avg train loss 1.268, val loss 1.355, avg val acc 52.32%
iteration: 177
user 17, emp_avg: 0.06882963726863216, h: 1.0724996485442397, ucb: 1.141283074051625,num_of_obs: 27, privacy reward: 0.9655714549465666, g: 0.00508350272818109, curr_delay = 0.7134972506709232, data_size = 2197
user 21, emp_avg: 0.060879223753825804, h: 1.0929300490573135, ucb: 1.153745324444537,num_of_obs: 26, privacy reward: 0.9686916129552876, g: 0.0018158850710100146, curr_delay = 0.7994642785330395, data_size = 1860
user 24, emp_avg: 0.05989925848097824, h: 1.0929300490573135, ucb: 1.1530014590904267,num_of_obs: 26, privacy reward: 0.9686916129552876, g: 0.0005313627984000611, curr_delay = 0.9021473576664398, data_size = 1668
user 26, emp_avg: 0.05752437091998183, h: 1.0929300490573135, ucb: 1.150448722424499,num_of_obs: 26, privacy reward: 0.9686916129552876, g: 0.0009171893251098397, curr_delay = 0.8669642147904848, data_size = 1739
user 27, emp_avg: 0.05787411978026391, h: 1.0724996485442397, ucb: 1.1304137050813552,num_of_obs: 27, privacy reward: 0.9655714549465666, g: 0.0067736607981360875, curr_delay = 0.88034636234876, data_size = 2305
num of fast users chosen: 0, num of slow users chosen: 5
max_delay = 0.90 seconds
after cleansing the weights updates who were almost zeros (meaning with absolute value of less than 10**-7, 0.08% of the weights upadtes) we get:
user No.17 has been picked 28, his deltas theta's mean
 is -0.0002564085298217833,
the empirical var of deltas thetas is 0.008835449814796448
the minimum of the deltas theta is -0.6047240495681763 and the maximum is 0.5323205590248108
the added laplace noise var is 0.03442854505343338
global epoch 177 has been done artifficialy in 0.90 secs, the total time by now is 110.59 
 with avg train loss 1.299, val loss 1.379, avg val acc 49.26%
iteration: 178
user 13, emp_avg: 0.27679077015570863, h: 0.970640233912375, ucb: 1.2494986937260775,num_of_obs: 33, privacy reward: 0.9391211381532119, g: 0.01535844839397112, curr_delay = 0.23974259917857765, data_size = 3036
user 14, emp_avg: 0.2737612472641483, h: 1.001461855710755, ucb: 1.2782305040921362,num_of_obs: 31, privacy reward: 0.9496556691317225, g: 0.009719691125195934, curr_delay = 0.2769594968976107, data_size = 2677
user 18, emp_avg: 0.06486471609010004, h: 1.1151807261919928, ucb: 1.1803667411173382,num_of_obs: 25, privacy reward: 0.9715290001996827, g: -0.0013267795929651372, curr_delay = 0.8797822401025319, data_size = 1021
user 20, emp_avg: 0.06424664557253303, h: 1.138176562565326, ucb: 1.2026355205548558,num_of_obs: 24, privacy reward: 0.974109243364341, g: -0.003496475420258912, curr_delay = 0.8452921381683629, data_size = 743
user 29, emp_avg: 0.055632318190020166, h: 1.138176562565326, ucb: 1.1939011531499115,num_of_obs: 24, privacy reward: 0.974109243364341, g: -0.002832547192923766, curr_delay = 0.936017919981795, data_size = 801
num of fast users chosen: 2, num of slow users chosen: 3
max_delay = 0.94 seconds
after cleansing the weights updates who were almost zeros (meaning with absolute value of less than 10**-7, 0.00% of the weights upadtes) we get:
user No.13 has been picked 34, his deltas theta's mean
 is -0.0008032554760575294,
the empirical var of deltas thetas is 0.006666120607405901
the minimum of the deltas theta is -0.4915038049221039 and the maximum is 0.6167207360267639
the added laplace noise var is 0.06087886184678814
global epoch 178 has been done artifficialy in 0.94 secs, the total time by now is 111.52 
 with avg train loss 1.199, val loss 1.292, avg val acc 54.42%
iteration: 179
user 1, emp_avg: 0.6180075943739916, h: 0.9711647932289401, ucb: 1.5942733914840346,num_of_obs: 33, privacy reward: 0.9391211381532119, g: -0.005508608002894904, curr_delay = 0.11119154799176392, data_size = 1081
user 2, emp_avg: 0.6661900740090297, h: 0.9711647932289401, ucb: 1.6494946835373983,num_of_obs: 33, privacy reward: 0.9391211381532119, g: -0.004624682779054176, curr_delay = 0.1882699278971406, data_size = 1142
user 3, emp_avg: 0.5311151963031133, h: 1.0020030718361987, ucb: 1.5338792492812596,num_of_obs: 31, privacy reward: 0.9496556691317225, g: -0.009012991685546047, curr_delay = 0.09851735694770355, data_size = 768
user 5, emp_avg: 0.6361552228466901, h: 0.9862225096777814, ucb: 1.6110075832384305,num_of_obs: 32, privacy reward: 0.9446384107553002, g: -0.006358285154050124, curr_delay = 0.05, data_size = 972
user 7, emp_avg: 0.46876063240096394, h: 1.0543162109538873, ucb: 1.529261248421931,num_of_obs: 28, privacy reward: 0.962140345562884, g: -0.010036860447287322, curr_delay = 0.16914904704160297, data_size = 552
num of fast users chosen: 5, num of slow users chosen: 0
max_delay = 0.19 seconds
after cleansing the weights updates who were almost zeros (meaning with absolute value of less than 10**-7, 0.08% of the weights upadtes) we get:
user No.1 has been picked 34, his deltas theta's mean
 is 3.181679130648263e-05,
the empirical var of deltas thetas is 0.0022004202473908663
the minimum of the deltas theta is -0.2997335195541382 and the maximum is 0.3018922805786133
the added laplace noise var is 0.06087886184678814
global epoch 179 has been done artifficialy in 0.19 secs, the total time by now is 111.71 
 with avg train loss 1.257, val loss 1.193, avg val acc 57.50%
iteration: 180
user 16, emp_avg: 0.06839541670197832, h: 1.094702999857834, ucb: 1.1632156174855242,num_of_obs: 26, privacy reward: 0.9686916129552876, g: -3.7024679724786036e-05, curr_delay = 0.7651321021293268, data_size = 1358
user 19, emp_avg: 0.06551568894538526, h: 1.1163823915727311, ucb: 1.1821288894470274,num_of_obs: 25, privacy reward: 0.9715290001996827, g: -0.0021132305439477083, curr_delay = 0.8368835926753347, data_size = 912
user 22, emp_avg: 0.06375117281943045, h: 1.094702999857834, ucb: 1.1584628981108083,num_of_obs: 26, privacy reward: 0.9686916129552876, g: 1.320281256271473e-06, curr_delay = 0.7871002263877932, data_size = 1429
user 23, emp_avg: 0.061680944437939624, h: 1.1163823915727311, ucb: 1.1779360513206212,num_of_obs: 25, privacy reward: 0.9715290001996827, g: -0.0023440242554592016, curr_delay = 0.7708547622929082, data_size = 888
user 28, emp_avg: 0.056326647537216105, h: 1.094702999857834, ucb: 1.1510488886397283,num_of_obs: 26, privacy reward: 0.9686916129552876, g: 0.0003877780651966229, curr_delay = 0.8956340053020156, data_size = 1611
num of fast users chosen: 0, num of slow users chosen: 5
max_delay = 0.90 seconds
after cleansing the weights updates who were almost zeros (meaning with absolute value of less than 10**-7, 0.07% of the weights upadtes) we get:
user No.16 has been picked 27, his deltas theta's mean
 is -0.0008914361242204905,
the empirical var of deltas thetas is 0.0035162700805813074
the minimum of the deltas theta is -0.34032994508743286 and the maximum is 0.3467293977737427
the added laplace noise var is 0.031308387044712414
global epoch 180 has been done artifficialy in 0.90 secs, the total time by now is 112.61 
 with avg train loss 1.236, val loss 1.241, avg val acc 55.50%
iteration: 181
user 17, emp_avg: 0.06880209288089105, h: 1.0554447638588023, ucb: 1.1242744011274344,num_of_obs: 28, privacy reward: 0.962140345562884, g: 0.004781020930660078, curr_delay = 0.7349606830174532, data_size = 2197
user 21, emp_avg: 0.06085970654061631, h: 1.074812338272834, ucb: 1.1356915620266599,num_of_obs: 27, privacy reward: 0.9655714549465666, g: 0.0016268789618473086, curr_delay = 0.8287374072777988, data_size = 1860
user 24, emp_avg: 0.05988276501226286, h: 1.074812338272834, ucb: 1.1347115967538124,num_of_obs: 27, privacy reward: 0.9655714549465666, g: 0.0004315047579876511, curr_delay = 0.8412205986413241, data_size = 1668
user 26, emp_avg: 0.057600042963138906, h: 1.074812338272834, ucb: 1.1323367091928158,num_of_obs: 27, privacy reward: 0.9655714549465666, g: 0.000784365071774143, curr_delay = 0.8383187010791037, data_size = 1739
user 27, emp_avg: 0.057899399466634555, h: 1.0554447638588023, ucb: 1.1133188836390662,num_of_obs: 28, privacy reward: 0.962140345562884, g: 0.006423780926390817, curr_delay = 0.853137051786793, data_size = 2305
num of fast users chosen: 0, num of slow users chosen: 5
max_delay = 0.85 seconds
after cleansing the weights updates who were almost zeros (meaning with absolute value of less than 10**-7, 0.08% of the weights upadtes) we get:
user No.17 has been picked 29, his deltas theta's mean
 is -0.0015154324937611818,
the empirical var of deltas thetas is 0.006682539824396372
the minimum of the deltas theta is -0.41826677322387695 and the maximum is 0.4339495897293091
the added laplace noise var is 0.03785965443711599
global epoch 181 has been done artifficialy in 0.85 secs, the total time by now is 113.46 
 with avg train loss 1.270, val loss 1.298, avg val acc 53.24%
iteration: 182
user 6, emp_avg: 0.5508220030325685, h: 0.9064685688872762, ucb: 1.456452148051045,num_of_obs: 38, privacy reward: 0.9021059258235892, g: 0.02306790843682661, curr_delay = 0.08581008261257717, data_size = 3540
user 9, emp_avg: 0.362987981532749, h: 1.0376372384921158, ucb: 1.4018821634161571,num_of_obs: 29, privacy reward: 0.9583672957462112, g: -0.006944646598435638, curr_delay = 0.1531221812495788, data_size = 746
user 10, emp_avg: 0.37902323451887, h: 0.9878012218188936, ucb: 1.36741935505673,num_of_obs: 32, privacy reward: 0.9446384107553002, g: -0.0007777039801179878, curr_delay = 0.1388941068658017, data_size = 1452
user 11, emp_avg: 0.3094419086664232, h: 1.0376372384921158, ucb: 1.345512708202282,num_of_obs: 29, privacy reward: 0.9583672957462112, g: -0.004728626576179049, curr_delay = 0.14089720699393257, data_size = 889
user 12, emp_avg: 0.28600877167316296, h: 1.0560039252237108, ucb: 1.3409018547758156,num_of_obs: 28, privacy reward: 0.962140345562884, g: -0.006059071944576292, curr_delay = 0.15767282426063467, data_size = 746
num of fast users chosen: 5, num of slow users chosen: 0
max_delay = 0.16 seconds
after cleansing the weights updates who were almost zeros (meaning with absolute value of less than 10**-7, 0.01% of the weights upadtes) we get:
user No.6 has been picked 39, his deltas theta's mean
 is -0.00011940504919039086,
the empirical var of deltas thetas is 0.005983936600387096
the minimum of the deltas theta is -0.40057072043418884 and the maximum is 0.4399554133415222
the added laplace noise var is 0.09789407417641087
global epoch 182 has been done artifficialy in 0.16 secs, the total time by now is 113.62 
 with avg train loss 1.162, val loss 1.241, avg val acc 57.00%
iteration: 183
user 13, emp_avg: 0.2763103529016249, h: 0.9588123308528864, ucb: 1.235603101008595,num_of_obs: 34, privacy reward: 0.9330540204801807, g: 0.015259689531075508, curr_delay = 0.19232532242767536, data_size = 3036
user 14, emp_avg: 0.27298193751404276, h: 0.9883211288127794, ucb: 1.2620823760769277,num_of_obs: 32, privacy reward: 0.9446384107553002, g: 0.009580966044688978, curr_delay = 0.2015771188080884, data_size = 2677
user 15, emp_avg: 0.07194671537243219, h: 1.0964438481719774, ucb: 1.168024154053499,num_of_obs: 26, privacy reward: 0.9686916129552876, g: -0.0014402150609704068, curr_delay = 0.6136975164529568, data_size = 1022
user 20, emp_avg: 0.06416791874367825, h: 1.1181577154775355, ucb: 1.1824043610500685,num_of_obs: 25, privacy reward: 0.9715290001996827, g: -0.003710218552909448, curr_delay = 0.8038617774153489, data_size = 743
user 29, emp_avg: 0.05561436760371397, h: 1.1181577154775355, ucb: 1.1737900336675557,num_of_obs: 25, privacy reward: 0.9715290001996827, g: -0.0030252465051650427, curr_delay = 0.9063618872957842, data_size = 801
num of fast users chosen: 2, num of slow users chosen: 3
max_delay = 0.91 seconds
after cleansing the weights updates who were almost zeros (meaning with absolute value of less than 10**-7, 0.00% of the weights upadtes) we get:
user No.13 has been picked 35, his deltas theta's mean
 is -0.0017837687628343701,
the empirical var of deltas thetas is 0.008872550912201405
the minimum of the deltas theta is -0.5256651639938354 and the maximum is 0.5204440951347351
the added laplace noise var is 0.06694597951981923
global epoch 183 has been done artifficialy in 0.91 secs, the total time by now is 114.52 
 with avg train loss 1.180, val loss 1.275, avg val acc 54.68%
iteration: 184
user 18, emp_avg: 0.06500071709715777, h: 1.0970171891517386, ucb: 1.1618819052418388,num_of_obs: 26, privacy reward: 0.9686916129552876, g: -0.0013897906053045121, curr_delay = 0.7295356856285042, data_size = 1021
user 19, emp_avg: 0.0655095801952223, h: 1.0970171891517386, ucb: 1.1625328780971238,num_of_obs: 26, privacy reward: 0.9686916129552876, g: -0.002341141736359373, curr_delay = 0.7651021287609031, data_size = 912
user 20, emp_avg: 0.06420959001501446, h: 1.0970171891517386, ucb: 1.161185107895417,num_of_obs: 26, privacy reward: 0.9686916129552876, g: -0.0043038702970823, curr_delay = 0.76577836855578, data_size = 743
user 23, emp_avg: 0.06153048075100539, h: 1.0970171891517386, ucb: 1.1586981335896782,num_of_obs: 26, privacy reward: 0.9686916129552876, g: -0.0025837481864328126, curr_delay = 0.8677779737095385, data_size = 888
user 25, emp_avg: 0.059882173802935326, h: 1.0970171891517386, ucb: 1.156763700640625,num_of_obs: 26, privacy reward: 0.9686916129552876, g: -0.0011229305057961056, curr_delay = 0.7885266972441185, data_size = 1058
num of fast users chosen: 0, num of slow users chosen: 5
max_delay = 0.87 seconds
after cleansing the weights updates who were almost zeros (meaning with absolute value of less than 10**-7, 0.08% of the weights upadtes) we get:
user No.18 has been picked 27, his deltas theta's mean
 is -0.0005252531846053898,
the empirical var of deltas thetas is 0.002764190547168255
the minimum of the deltas theta is -0.37947362661361694 and the maximum is 0.36630722880363464
the added laplace noise var is 0.031308387044712414
global epoch 184 has been done artifficialy in 0.87 secs, the total time by now is 115.39 
 with avg train loss 1.170, val loss 1.152, avg val acc 59.07%
iteration: 185
user 0, emp_avg: 0.8616411561243227, h: 0.8740449135983069, ucb: 1.7323114637744423,num_of_obs: 41, privacy reward: 0.8698241773821018, g: 0.027946157506616477, curr_delay = 0.05, data_size = 3816
user 2, emp_avg: 0.6757275004659147, h: 0.9598120978864123, ucb: 1.626002171895442,num_of_obs: 34, privacy reward: 0.9330540204801807, g: -0.004546975112882928, curr_delay = 0.05, data_size = 1142
user 3, emp_avg: 0.5304033689679603, h: 0.9893516650828389, ucb: 1.5204668613859522,num_of_obs: 32, privacy reward: 0.9446384107553002, g: -0.008972900029489172, curr_delay = 0.09849792744021521, data_size = 768
user 5, emp_avg: 0.6335119911066428, h: 0.9742461724634567, ucb: 1.6104013953101468,num_of_obs: 33, privacy reward: 0.9391211381532119, g: -0.006295832886853944, curr_delay = 0.09152725874487952, data_size = 972
user 7, emp_avg: 0.46335144249979304, h: 1.039265903886836, ucb: 1.5080265362877998,num_of_obs: 29, privacy reward: 0.9583672957462112, g: -0.010103528267094973, curr_delay = 0.16314015545435245, data_size = 552
num of fast users chosen: 5, num of slow users chosen: 0
max_delay = 0.16 seconds
after cleansing the weights updates who were almost zeros (meaning with absolute value of less than 10**-7, 0.08% of the weights upadtes) we get:
user No.0 has been picked 42, his deltas theta's mean
 is -0.0022479230538010597,
the empirical var of deltas thetas is 0.007701650261878967
the minimum of the deltas theta is -0.481039434671402 and the maximum is 0.48669689893722534
the added laplace noise var is 0.13017582261789815
global epoch 185 has been done artifficialy in 0.16 secs, the total time by now is 115.56 
 with avg train loss 1.210, val loss 1.302, avg val acc 53.67%
iteration: 186
user 15, emp_avg: 0.0717582436104285, h: 1.077625648638215, ucb: 1.1495723640106472,num_of_obs: 27, privacy reward: 0.9655714549465666, g: -0.0016838673745782292, curr_delay = 0.7499680584517096, data_size = 1022
user 16, emp_avg: 0.06837995866913935, h: 1.077625648638215, ucb: 1.1460210653401932,num_of_obs: 27, privacy reward: 0.9655714549465666, g: -4.626226222237898e-05, curr_delay = 0.7356988409156633, data_size = 1358
user 22, emp_avg: 0.06369662421691984, h: 1.077625648638215, ucb: 1.1413768214576454,num_of_obs: 27, privacy reward: 0.9655714549465666, g: 1.867873712517213e-07, curr_delay = 0.8035508985028759, data_size = 1429
user 25, emp_avg: 0.05997586463474473, h: 1.077625648638215, ucb: 1.1375078224411503,num_of_obs: 27, privacy reward: 0.9655714549465666, g: -0.0013962999950185631, curr_delay = 0.7999293874351546, data_size = 1058
user 28, emp_avg: 0.05642307289906591, h: 1.077625648638215, ucb: 1.1339522961754311,num_of_obs: 27, privacy reward: 0.9655714549465666, g: 0.0003600595586125114, curr_delay = 0.8470763326632237, data_size = 1611
num of fast users chosen: 0, num of slow users chosen: 5
max_delay = 0.85 seconds
after cleansing the weights updates who were almost zeros (meaning with absolute value of less than 10**-7, 0.00% of the weights upadtes) we get:
user No.15 has been picked 28, his deltas theta's mean
 is -0.0008057219674810767,
the empirical var of deltas thetas is 0.003148382995277643
the minimum of the deltas theta is -0.34172534942626953 and the maximum is 0.4211582541465759
the added laplace noise var is 0.03442854505343338
global epoch 186 has been done artifficialy in 0.85 secs, the total time by now is 116.40 
 with avg train loss 1.258, val loss 1.265, avg val acc 54.99%
iteration: 187
user 4, emp_avg: 0.5489173991771983, h: 0.8749446212597703, ucb: 1.412860005782754,num_of_obs: 41, privacy reward: 0.8698241773821018, g: 0.03669081227241079, curr_delay = 0.05, data_size = 4032
user 8, emp_avg: 0.41155196773630626, h: 0.9337298517999899, ucb: 1.3474393111128053,num_of_obs: 36, privacy reward: 0.919045601200888, g: 0.013125741726446882, curr_delay = 0.14975338418822387, data_size = 3014
user 9, emp_avg: 0.36682658237939036, h: 1.0228498048936203, ucb: 1.3858377864263693,num_of_obs: 30, privacy reward: 0.9542182281044749, g: -0.007127022484425725, curr_delay = 0.10373775260259838, data_size = 746
user 11, emp_avg: 0.30814499266981943, h: 1.0228498048936203, ucb: 1.3322917135600436,num_of_obs: 30, privacy reward: 0.9542182281044749, g: -0.004879323973147443, curr_delay = 0.18570963416377986, data_size = 889
user 12, emp_avg: 0.28540499014537823, h: 1.0403356835760458, ucb: 1.3263444552492087,num_of_obs: 29, privacy reward: 0.9583672957462112, g: -0.006252713419153197, curr_delay = 0.18664006116304255, data_size = 746
num of fast users chosen: 5, num of slow users chosen: 0
max_delay = 0.19 seconds
after cleansing the weights updates who were almost zeros (meaning with absolute value of less than 10**-7, 0.00% of the weights upadtes) we get:
user No.4 has been picked 42, his deltas theta's mean
 is -0.0021251130383461714,
the empirical var of deltas thetas is 0.006512242369353771
the minimum of the deltas theta is -0.5734641551971436 and the maximum is 0.5410053730010986
the added laplace noise var is 0.13017582261789815
global epoch 187 has been done artifficialy in 0.19 secs, the total time by now is 116.59 
 with avg train loss 1.244, val loss 1.399, avg val acc 50.65%
iteration: 188
user 17, emp_avg: 0.0686115348119332, h: 1.040865882529105, ucb: 1.109667975409996,num_of_obs: 29, privacy reward: 0.9583672957462112, g: 0.004842175274491486, curr_delay = 0.7925770302662004, data_size = 2197
user 21, emp_avg: 0.060744348263214266, h: 1.059289717839602, ucb: 1.1201494243802181,num_of_obs: 28, privacy reward: 0.962140345562884, g: 0.0016458995979890902, curr_delay = 0.8693487647291209, data_size = 1860
user 24, emp_avg: 0.05971648812784194, h: 1.059289717839602, ucb: 1.1191724828518648,num_of_obs: 28, privacy reward: 0.962140345562884, g: 0.00044132737129713696, curr_delay = 0.9080881261284506, data_size = 1668
user 26, emp_avg: 0.05760909354761835, h: 1.059289717839602, ucb: 1.1168897608027408,num_of_obs: 28, privacy reward: 0.962140345562884, g: 0.0007975890372768216, curr_delay = 0.8641173719415436, data_size = 1739
user 27, emp_avg: 0.05792140177136134, h: 1.040865882529105, ucb: 1.0987652819957396,num_of_obs: 29, privacy reward: 0.9583672957462112, g: 0.00649463630992816, curr_delay = 0.8538328845558402, data_size = 2305
num of fast users chosen: 0, num of slow users chosen: 5
max_delay = 0.91 seconds
after cleansing the weights updates who were almost zeros (meaning with absolute value of less than 10**-7, 0.08% of the weights upadtes) we get:
user No.17 has been picked 30, his deltas theta's mean
 is 4.5458418753696606e-05,
the empirical var of deltas thetas is 0.004853514954447746
the minimum of the deltas theta is -0.45526760816574097 and the maximum is 0.3892136812210083
the added laplace noise var is 0.04163270425378887
global epoch 188 has been done artifficialy in 0.91 secs, the total time by now is 117.50 
 with avg train loss 1.300, val loss 1.494, avg val acc 48.45%
iteration: 189
user 14, emp_avg: 0.2750616520076507, h: 0.9762401916685391, ucb: 1.249222129182582,num_of_obs: 33, privacy reward: 0.9391211381532119, g: 0.009631974379822184, curr_delay = 0.1454789942642424, data_size = 2677
user 18, emp_avg: 0.0649567084429601, h: 1.0792741403430612, ucb: 1.144274857440219,num_of_obs: 27, privacy reward: 0.9655714549465666, g: -0.0015079778505616293, curr_delay = 0.784086496859062, data_size = 1021
user 19, emp_avg: 0.06523908564940904, h: 1.0792741403430612, ucb: 1.1447837205382836,num_of_obs: 27, privacy reward: 0.9655714549465666, g: -0.0024938179593821737, curr_delay = 0.8630252434288995, data_size = 912
user 23, emp_avg: 0.061479454572141955, h: 1.0792741403430612, ucb: 1.1408046210940666,num_of_obs: 27, privacy reward: 0.9655714549465666, g: -0.002744018312816865, curr_delay = 0.8319225626174155, data_size = 888
user 29, emp_avg: 0.05564911078447194, h: 1.0998335903909395, ucb: 1.1554479579946535,num_of_obs: 26, privacy reward: 0.9686916129552876, g: -0.0031311138460288646, curr_delay = 0.8841352514739739, data_size = 801
num of fast users chosen: 1, num of slow users chosen: 4
max_delay = 0.88 seconds
after cleansing the weights updates who were almost zeros (meaning with absolute value of less than 10**-7, 0.08% of the weights upadtes) we get:
user No.14 has been picked 34, his deltas theta's mean
 is -0.0008502222481183708,
the empirical var of deltas thetas is 0.00631080474704504
the minimum of the deltas theta is -0.5061757564544678 and the maximum is 0.5098409056663513
the added laplace noise var is 0.06087886184678814
global epoch 189 has been done artifficialy in 0.88 secs, the total time by now is 118.38 
 with avg train loss 1.189, val loss 1.486, avg val acc 48.84%
iteration: 190
user 1, emp_avg: 0.6289216631061633, h: 0.9622605803517618, ucb: 1.5802681747257532,num_of_obs: 34, privacy reward: 0.9330540204801807, g: -0.004734791857775621, curr_delay = 0.05, data_size = 1081
user 3, emp_avg: 0.522371471551037, h: 0.9767314762801761, ucb: 1.5071348452481363,num_of_obs: 33, privacy reward: 0.9391211381532119, g: -0.009108150401488189, curr_delay = 0.19431144931716587, data_size = 768
user 5, emp_avg: 0.6439830770750244, h: 0.9622605803517618, ucb: 1.5957725714584046,num_of_obs: 34, privacy reward: 0.9330540204801807, g: -0.00638645112829421, curr_delay = 0.05, data_size = 972
user 6, emp_avg: 0.5479777108683025, h: 0.8984622822579003, ucb: 1.4492842852904686,num_of_obs: 39, privacy reward: 0.8923499144675382, g: 0.024152045008808062, curr_delay = 0.11440330350236777, data_size = 3540
user 7, emp_avg: 0.4579024222448484, h: 1.0244046146089432, ucb: 1.4877560571087363,num_of_obs: 30, privacy reward: 0.9542182281044749, g: -0.01033359438033765, curr_delay = 0.16981860492392936, data_size = 552
num of fast users chosen: 5, num of slow users chosen: 0
max_delay = 0.19 seconds
after cleansing the weights updates who were almost zeros (meaning with absolute value of less than 10**-7, 0.08% of the weights upadtes) we get:
user No.1 has been picked 35, his deltas theta's mean
 is -0.0003377272223588079,
the empirical var of deltas thetas is 0.002679923316463828
the minimum of the deltas theta is -0.45874565839767456 and the maximum is 0.45758870244026184
the added laplace noise var is 0.06694597951981923
global epoch 190 has been done artifficialy in 0.19 secs, the total time by now is 118.58 
 with avg train loss 1.276, val loss 1.407, avg val acc 49.18%
iteration: 191
user 15, emp_avg: 0.07155618387805178, h: 1.0608897978361604, ucb: 1.132648041446589,num_of_obs: 28, privacy reward: 0.962140345562884, g: -0.0018037451879728591, curr_delay = 0.7587424808145423, data_size = 1022
user 16, emp_avg: 0.06826735390021499, h: 1.0608897978361604, ucb: 1.1292697565052998,num_of_obs: 28, privacy reward: 0.962140345562884, g: -6.785154699129377e-05, curr_delay = 0.7678790614372205, data_size = 1358
user 22, emp_avg: 0.06354271777183895, h: 1.0608897978361604, ucb: 1.1245864220530803,num_of_obs: 28, privacy reward: 0.962140345562884, g: -1.006769960327936e-06, curr_delay = 0.8441192455303084, data_size = 1429
user 25, emp_avg: 0.059991823117632875, h: 1.0608897978361604, ucb: 1.1208656624709052,num_of_obs: 28, privacy reward: 0.962140345562884, g: -0.0015056468946318664, curr_delay = 0.8272850435760435, data_size = 1058
user 28, emp_avg: 0.056574928397476125, h: 1.0608897978361604, ucb: 1.1173128707352264,num_of_obs: 28, privacy reward: 0.962140345562884, g: 0.0003076399215293252, curr_delay = 0.8220049765145508, data_size = 1611
num of fast users chosen: 0, num of slow users chosen: 5
max_delay = 0.84 seconds
after cleansing the weights updates who were almost zeros (meaning with absolute value of less than 10**-7, 0.08% of the weights upadtes) we get:
user No.15 has been picked 29, his deltas theta's mean
 is -0.0014175192918628454,
the empirical var of deltas thetas is 0.002947126282379031
the minimum of the deltas theta is -0.3647838234901428 and the maximum is 0.32917851209640503
the added laplace noise var is 0.03785965443711599
global epoch 191 has been done artifficialy in 0.84 secs, the total time by now is 119.42 
 with avg train loss 1.247, val loss 1.244, avg val acc 56.45%
iteration: 192
user 13, emp_avg: 0.2870107715398459, h: 0.9493602692966713, ucb: 1.2256706221982963,num_of_obs: 35, privacy reward: 0.9263822608059401, g: 0.01613682388116133, curr_delay = 0.07558288494328957, data_size = 3036
user 18, emp_avg: 0.06486496280947783, h: 1.0614170486424317, ucb: 1.1263737570853918,num_of_obs: 28, privacy reward: 0.962140345562884, g: -0.0017479825275045764, curr_delay = 0.8026186548036247, data_size = 1021
user 19, emp_avg: 0.06503138767181435, h: 1.0614170486424317, ucb: 1.1266561342918406,num_of_obs: 28, privacy reward: 0.962140345562884, g: -0.002799926510376015, curr_delay = 0.844368607621234, data_size = 912
user 20, emp_avg: 0.06421657001263302, h: 1.0808942154045706, ucb: 1.145103805419585,num_of_obs: 27, privacy reward: 0.9655714549465666, g: -0.004215196091333486, curr_delay = 0.776336879900685, data_size = 743
user 29, emp_avg: 0.0556040217342759, h: 1.0808942154045706, ucb: 1.1365433261890425,num_of_obs: 27, privacy reward: 0.9655714549465666, g: -0.003482796079811101, curr_delay = 0.9193438093710559, data_size = 801
num of fast users chosen: 1, num of slow users chosen: 4
max_delay = 0.92 seconds
after cleansing the weights updates who were almost zeros (meaning with absolute value of less than 10**-7, 0.05% of the weights upadtes) we get:
user No.13 has been picked 36, his deltas theta's mean
 is -0.0010781640885397792,
the empirical var of deltas thetas is 0.007144905161112547
the minimum of the deltas theta is -0.5538918972015381 and the maximum is 0.4837806224822998
the added laplace noise var is 0.07361773919405994
global epoch 192 has been done artifficialy in 0.92 secs, the total time by now is 120.34 
 with avg train loss 1.190, val loss 1.319, avg val acc 52.95%
iteration: 193
user 17, emp_avg: 0.06866697881622788, h: 1.0259327647467826, ucb: 1.0945442995587158,num_of_obs: 30, privacy reward: 0.9542182281044749, g: 0.004678648249395318, curr_delay = 0.710931145608424, data_size = 2197
user 21, emp_avg: 0.060714872450971076, h: 1.043471347415382, ucb: 1.1042156956785962,num_of_obs: 29, privacy reward: 0.9583672957462112, g: 0.0015403106055651681, curr_delay = 0.8352812942886984, data_size = 1860
user 24, emp_avg: 0.05992640993484437, h: 1.043471347415382, ucb: 1.103187835543224,num_of_obs: 29, privacy reward: 0.9583672957462112, g: 0.0003874951291108973, curr_delay = 0.7574134606499702, data_size = 1668
user 26, emp_avg: 0.05772743323849814, h: 1.043471347415382, ucb: 1.1010804409630004,num_of_obs: 29, privacy reward: 0.9583672957462112, g: 0.000724617580158939, curr_delay = 0.8175373631905982, data_size = 1739
user 27, emp_avg: 0.05785143144922315, h: 1.0259327647467826, ucb: 1.083854166518144,num_of_obs: 30, privacy reward: 0.9542182281044749, g: 0.006305028734907536, curr_delay = 0.8968236370988772, data_size = 2305
num of fast users chosen: 0, num of slow users chosen: 5
max_delay = 0.90 seconds
after cleansing the weights updates who were almost zeros (meaning with absolute value of less than 10**-7, 0.08% of the weights upadtes) we get:
user No.17 has been picked 31, his deltas theta's mean
 is -0.0008070403127931058,
the empirical var of deltas thetas is 0.010671394877135754
the minimum of the deltas theta is -0.5273864269256592 and the maximum is 0.5165644288063049
the added laplace noise var is 0.045781771895525084
global epoch 193 has been done artifficialy in 0.90 secs, the total time by now is 121.24 
 with avg train loss 1.304, val loss 1.380, avg val acc 51.50%
iteration: 194
user 8, emp_avg: 0.4169887167912857, h: 0.924254980531507, ucb: 1.3358069482678132,num_of_obs: 37, privacy reward: 0.9109777784991466, g: 0.013539498096722875, curr_delay = 0.08088672141792758, data_size = 3014
user 9, emp_avg: 0.3640011273511144, h: 1.0097452402171991, ucb: 1.3765718225965895,num_of_obs: 31, privacy reward: 0.9496556691317225, g: -0.007020378895972394, curr_delay = 0.18088938293373746, data_size = 746
user 10, emp_avg: 0.3780974099126414, h: 0.9786686837520494, ucb: 1.3576919182709193,num_of_obs: 33, privacy reward: 0.9391211381532119, g: -0.000491343144584584, curr_delay = 0.143866179999315, data_size = 1452
user 11, emp_avg: 0.3067034683073833, h: 1.0097452402171991, ucb: 1.3178902328870186,num_of_obs: 31, privacy reward: 0.9496556691317225, g: -0.004791154354469093, curr_delay = 0.19082788585409616, data_size = 889
user 12, emp_avg: 0.28342717551648344, h: 1.0264363749461851, ucb: 1.3118413650915635,num_of_obs: 30, privacy reward: 0.9542182281044749, g: -0.0061831584655275005, curr_delay = 0.2231219125953786, data_size = 746
num of fast users chosen: 5, num of slow users chosen: 0
max_delay = 0.22 seconds
after cleansing the weights updates who were almost zeros (meaning with absolute value of less than 10**-7, 0.00% of the weights upadtes) we get:
user No.8 has been picked 38, his deltas theta's mean
 is -0.0021389212924987078,
the empirical var of deltas thetas is 0.0068389661610126495
the minimum of the deltas theta is -0.40645045042037964 and the maximum is 0.513930082321167
the added laplace noise var is 0.08902222150085345
global epoch 194 has been done artifficialy in 0.22 secs, the total time by now is 121.46 
 with avg train loss 1.208, val loss 1.441, avg val acc 47.95%
iteration: 195
user 16, emp_avg: 0.0683378977597837, h: 1.0444929037144008, ucb: 1.1127602576146158,num_of_obs: 29, privacy reward: 0.9583672957462112, g: -0.00010729427792781959, curr_delay = 0.7103920585862666, data_size = 1358
user 22, emp_avg: 0.06344700925264919, h: 1.0444929037144008, ucb: 1.10803562148624,num_of_obs: 29, privacy reward: 0.9583672957462112, g: -9.762308716808079e-06, curr_delay = 0.8241106805429201, data_size = 1429
user 23, emp_avg: 0.061684158325728836, h: 1.0629809390742095, ucb: 1.1244603936463515,num_of_obs: 28, privacy reward: 0.962140345562884, g: -0.002821307219157514, curr_delay = 0.7416652025048003, data_size = 888
user 25, emp_avg: 0.06018510533892493, h: 1.0444929037144008, ucb: 1.1044847268320337,num_of_obs: 29, privacy reward: 0.9583672957462112, g: -0.0016747538178784448, curr_delay = 0.7599905728510679, data_size = 1058
user 28, emp_avg: 0.056428664905468745, h: 1.0444929037144008, ucb: 1.101067832111877,num_of_obs: 29, privacy reward: 0.9583672957462112, g: 0.00023773251695104013, curr_delay = 0.9580925777170867, data_size = 1611
num of fast users chosen: 0, num of slow users chosen: 5
max_delay = 0.96 seconds
after cleansing the weights updates who were almost zeros (meaning with absolute value of less than 10**-7, 0.08% of the weights upadtes) we get:
user No.16 has been picked 30, his deltas theta's mean
 is 8.730466652195901e-05,
the empirical var of deltas thetas is 0.0037324167788028717
the minimum of the deltas theta is -0.3406892418861389 and the maximum is 0.47577041387557983
the added laplace noise var is 0.04163270425378887
global epoch 195 has been done artifficialy in 0.96 secs, the total time by now is 122.42 
 with avg train loss 1.229, val loss 1.305, avg val acc 53.92%
iteration: 196
user 0, emp_avg: 0.8648588036563152, h: 0.8683411656083534, ucb: 1.7299823217326762,num_of_obs: 42, privacy reward: 0.8568510039349035, g: 0.030452675599572484, curr_delay = 0.05, data_size = 3816
user 2, emp_avg: 0.6841988062289387, h: 0.9512200880280486, ucb: 1.6269475884939633,num_of_obs: 35, privacy reward: 0.9263822608059401, g: -0.003871192378430832, curr_delay = 0.05098427654631582, data_size = 1142
user 4, emp_avg: 0.546846009178648, h: 0.8683411656083534, ucb: 1.4172585647855516,num_of_obs: 42, privacy reward: 0.8568510039349035, g: 0.03861778440250756, curr_delay = 0.10873166853700389, data_size = 4032
user 6, emp_avg: 0.5486684659896179, h: 0.8897849172044767, ucb: 1.4377626280727793,num_of_obs: 40, privacy reward: 0.8816216301891461, g: 0.02452068099023795, curr_delay = 0.0867605679654388, data_size = 3540
user 7, emp_avg: 0.4649813268149504, h: 1.0107277473216545, ucb: 1.468630169566503,num_of_obs: 31, privacy reward: 0.9496556691317225, g: -0.010388260627803113, curr_delay = 0.07305377064398974, data_size = 552
num of fast users chosen: 5, num of slow users chosen: 0
max_delay = 0.11 seconds
after cleansing the weights updates who were almost zeros (meaning with absolute value of less than 10**-7, 0.08% of the weights upadtes) we get:
user No.0 has been picked 43, his deltas theta's mean
 is -0.0016483856597915292,
the empirical var of deltas thetas is 0.007642919663339853
the minimum of the deltas theta is -0.6190791130065918 and the maximum is 0.5349633693695068
the added laplace noise var is 0.14314899606509648
global epoch 196 has been done artifficialy in 0.11 secs, the total time by now is 122.53 
 with avg train loss 1.251, val loss 1.421, avg val acc 49.78%
iteration: 197
user 14, emp_avg: 0.280448739417115, h: 0.9655724052484579, ucb: 1.2406340572561085,num_of_obs: 34, privacy reward: 0.9330540204801807, g: 0.010031417590296224, curr_delay = 0.10784933701151406, data_size = 2677
user 15, emp_avg: 0.07133236055955691, h: 1.0455030528563738, ucb: 1.1170592367344256,num_of_obs: 29, privacy reward: 0.9583672957462112, g: -0.001856040163329153, curr_delay = 0.7711112804076543, data_size = 1022
user 18, emp_avg: 0.06489435660814115, h: 1.0455030528563738, ucb: 1.1103680156658515,num_of_obs: 29, privacy reward: 0.9583672957462112, g: -0.0018648293079085807, curr_delay = 0.7604935550739935, data_size = 1021
user 20, emp_avg: 0.0640876133101974, h: 1.0640089683501588, ucb: 1.1282255383627917,num_of_obs: 28, privacy reward: 0.962140345562884, g: -0.004413147010741832, curr_delay = 0.8267629702653555, data_size = 743
user 29, emp_avg: 0.05564779920779122, h: 1.0640089683501588, ucb: 1.1196129900844347,num_of_obs: 28, privacy reward: 0.962140345562884, g: -0.0036629365412805728, curr_delay = 0.8791430069962496, data_size = 801
num of fast users chosen: 1, num of slow users chosen: 4
max_delay = 0.88 seconds
after cleansing the weights updates who were almost zeros (meaning with absolute value of less than 10**-7, 0.08% of the weights upadtes) we get:
user No.14 has been picked 35, his deltas theta's mean
 is -0.00011138878471683711,
the empirical var of deltas thetas is 0.006245040334761143
the minimum of the deltas theta is -0.4234928786754608 and the maximum is 0.5257633328437805
the added laplace noise var is 0.06694597951981923
global epoch 197 has been done artifficialy in 0.88 secs, the total time by now is 123.41 
 with avg train loss 1.218, val loss 1.301, avg val acc 55.56%
iteration: 198
user 17, emp_avg: 0.0683960638123689, h: 1.0116993398870906, ucb: 1.0803663187033186,num_of_obs: 31, privacy reward: 0.9496556691317225, g: 0.004525979853789769, curr_delay = 0.8333652971601323, data_size = 2197
user 21, emp_avg: 0.0607465989666992, h: 1.0284227759724631, ucb: 1.0891376484234343,num_of_obs: 30, privacy reward: 0.9542182281044749, g: 0.0014432938080931677, curr_delay = 0.8103938595971804, data_size = 1860
user 24, emp_avg: 0.0598919344641223, h: 1.0284227759724631, ucb: 1.0883491859073076,num_of_obs: 30, privacy reward: 0.9542182281044749, g: 0.0003396211045918469, curr_delay = 0.8495069497157747, data_size = 1668
user 26, emp_avg: 0.05769312117103133, h: 1.0284227759724631, ucb: 1.0861502092109612,num_of_obs: 30, privacy reward: 0.9542182281044749, g: 0.0006585709677249954, curr_delay = 0.8823982162966582, data_size = 1739
user 27, emp_avg: 0.057774523007418574, h: 1.0116993398870906, ucb: 1.0695507713363137,num_of_obs: 31, privacy reward: 0.9496556691317225, g: 0.006127596988868664, curr_delay = 0.9026841279989999, data_size = 2305
num of fast users chosen: 0, num of slow users chosen: 5
max_delay = 0.90 seconds
after cleansing the weights updates who were almost zeros (meaning with absolute value of less than 10**-7, 0.08% of the weights upadtes) we get:
user No.17 has been picked 32, his deltas theta's mean
 is -0.0009688795544207096,
the empirical var of deltas thetas is 0.004426625557243824
the minimum of the deltas theta is -0.43675389885902405 and the maximum is 0.528485894203186
the added laplace noise var is 0.05034433086827752
global epoch 198 has been done artifficialy in 0.90 secs, the total time by now is 124.31 
 with avg train loss 1.283, val loss 1.343, avg val acc 55.14%
iteration: 199
user 10, emp_avg: 0.3780042424670224, h: 0.9664950160905391, ucb: 1.3445924260031805,num_of_obs: 34, privacy reward: 0.9330540204801807, g: -0.0005252090550647435, curr_delay = 0.1333914744739883, data_size = 1452
user 11, emp_avg: 0.3047959670963556, h: 0.9962402594935833, ucb: 1.3029437278009666,num_of_obs: 32, privacy reward: 0.9446384107553002, g: -0.004932024034947635, curr_delay = 0.20512321624254715, data_size = 889
user 12, emp_avg: 0.28330346277257396, h: 1.0121811158271026, ucb: 1.295608291343586,num_of_obs: 31, privacy reward: 0.9496556691317225, g: -0.0063636966491261646, curr_delay = 0.1789111247525427, data_size = 746
user 13, emp_avg: 0.28584757078778705, h: 0.9392643242386114, ucb: 1.2262750957784574,num_of_obs: 36, privacy reward: 0.919045601200888, g: 0.01649116808455441, curr_delay = 0.2049412619435307, data_size = 3036
user 14, emp_avg: 0.2785850512807315, h: 0.9525878879339609, ucb: 1.2330366273510758,num_of_obs: 35, privacy reward: 0.9263822608059401, g: 0.009383099500141084, curr_delay = 0.23435013709020014, data_size = 2677
num of fast users chosen: 5, num of slow users chosen: 0
max_delay = 0.23 seconds
after cleansing the weights updates who were almost zeros (meaning with absolute value of less than 10**-7, 0.08% of the weights upadtes) we get:
user No.10 has been picked 35, his deltas theta's mean
 is -0.000611034978646785,
the empirical var of deltas thetas is 0.0048043690621852875
the minimum of the deltas theta is -0.4581140875816345 and the maximum is 0.4088085889816284
the added laplace noise var is 0.06694597951981923
global epoch 199 has been done artifficialy in 0.23 secs, the total time by now is 124.54 
 with avg train loss 1.211, val loss 1.333, avg val acc 53.97%
iteration: 200
user 1, emp_avg: 0.6221236316811152, h: 0.9530388119706985, ucb: 1.5819604750768619,num_of_obs: 35, privacy reward: 0.9263822608059401, g: -0.004207138123808022, curr_delay = 0.13014308155644275, data_size = 1081
user 2, emp_avg: 0.6759500633608645, h: 0.9397089413348544, ucb: 1.623907747563793,num_of_obs: 36, privacy reward: 0.919045601200888, g: -0.004051001500245629, curr_delay = 0.1319277504151304, data_size = 1142
user 3, emp_avg: 0.5195456760624917, h: 0.9669525233081542, ucb: 1.4893239948591912,num_of_obs: 34, privacy reward: 0.9330540204801807, g: -0.00841850653285476, curr_delay = 0.11807250058808177, data_size = 768
user 5, emp_avg: 0.635835915478618, h: 0.9530388119706985, ucb: 1.597021889045723,num_of_obs: 35, privacy reward: 0.9263822608059401, g: -0.005771122782427531, curr_delay = 0.14257799160536458, data_size = 972
user 7, emp_avg: 0.4589886500569575, h: 0.9967118471392605, ucb: 1.461693173954211,num_of_obs: 32, privacy reward: 0.9446384107553002, g: -0.010766044570348703, curr_delay = 0.18710964684873005, data_size = 552
num of fast users chosen: 5, num of slow users chosen: 0
max_delay = 0.19 seconds
after cleansing the weights updates who were almost zeros (meaning with absolute value of less than 10**-7, 0.08% of the weights upadtes) we get:
user No.1 has been picked 36, his deltas theta's mean
 is -0.0003684961993712932,
the empirical var of deltas thetas is 0.0023369030095636845
the minimum of the deltas theta is -0.28958985209465027 and the maximum is 0.34741103649139404
the added laplace noise var is 0.07361773919405994
global epoch 200 has been done artifficialy in 0.19 secs, the total time by now is 124.73 
 with avg train loss 1.261, val loss 1.207, avg val acc 57.77%
iteration: 201
user 16, emp_avg: 0.06823789927173424, h: 1.0298839651202534, ucb: 1.098221862880037,num_of_obs: 30, privacy reward: 0.9542182281044749, g: -0.00011868093006317659, curr_delay = 0.7664251270236278, data_size = 1358
user 19, emp_avg: 0.06500683219265929, h: 1.047490094568497, ucb: 1.1125214822403113,num_of_obs: 29, privacy reward: 0.9583672957462112, g: -0.0026378090706341596, curr_delay = 0.7776687951343385, data_size = 912
user 22, emp_avg: 0.0635554561941548, h: 1.0298839651202534, ucb: 1.0933309743729025,num_of_obs: 30, privacy reward: 0.9542182281044749, g: -1.3397444520270137e-05, curr_delay = 0.7484036799549383, data_size = 1429
user 23, emp_avg: 0.06169860069426806, h: 1.047490094568497, ucb: 1.1091742528942259,num_of_obs: 29, privacy reward: 0.9583672957462112, g: -0.002894961056996564, curr_delay = 0.8049270631048483, data_size = 888
user 28, emp_avg: 0.056379549286700505, h: 1.0298839651202534, ucb: 1.0863126300257222,num_of_obs: 30, privacy reward: 0.9542182281044749, g: 0.00022149756863612356, curr_delay = 0.9106459492465717, data_size = 1611
num of fast users chosen: 0, num of slow users chosen: 5
max_delay = 0.91 seconds
after cleansing the weights updates who were almost zeros (meaning with absolute value of less than 10**-7, 0.08% of the weights upadtes) we get:
user No.16 has been picked 31, his deltas theta's mean
 is -0.00043203652603551745,
the empirical var of deltas thetas is 0.004399122204631567
the minimum of the deltas theta is -0.41378483176231384 and the maximum is 0.397948682308197
the added laplace noise var is 0.045781771895525084
global epoch 201 has been done artifficialy in 0.91 secs, the total time by now is 125.64 
 with avg train loss 1.230, val loss 1.278, avg val acc 56.06%
iteration: 202
user 15, emp_avg: 0.07140584790890454, h: 1.0303657309325853, ucb: 1.1016980914921422,num_of_obs: 30, privacy reward: 0.9542182281044749, g: -0.0019703401969876294, curr_delay = 0.6792512137749871, data_size = 1022
user 18, emp_avg: 0.06487671596301216, h: 1.0303657309325853, ucb: 1.0952600875407266,num_of_obs: 30, privacy reward: 0.9542182281044749, g: -0.0019793956135299175, curr_delay = 0.7770310056303935, data_size = 1021
user 20, emp_avg: 0.06416209051027891, h: 1.047980096290449, ucb: 1.1120677096006464,num_of_obs: 29, privacy reward: 0.9583672957462112, g: -0.0046055086454740235, curr_delay = 0.7538984543754653, data_size = 743
user 25, emp_avg: 0.060178560887225854, h: 1.0303657309325853, ucb: 1.0905508362715102,num_of_obs: 30, privacy reward: 0.9542182281044749, g: -0.0016581720631024528, curr_delay = 0.8335802490245272, data_size = 1058
user 29, emp_avg: 0.055472927705530785, h: 1.047980096290449, ucb: 1.1036278954982404,num_of_obs: 29, privacy reward: 0.9583672957462112, g: -0.0038383694239124476, curr_delay = 0.9920309333724914, data_size = 801
num of fast users chosen: 0, num of slow users chosen: 5
max_delay = 0.99 seconds
after cleansing the weights updates who were almost zeros (meaning with absolute value of less than 10**-7, 0.08% of the weights upadtes) we get:
user No.15 has been picked 31, his deltas theta's mean
 is -0.0002439819072606042,
the empirical var of deltas thetas is 0.0030544460751116276
the minimum of the deltas theta is -0.3179222643375397 and the maximum is 0.3177185356616974
the added laplace noise var is 0.045781771895525084
global epoch 202 has been done artifficialy in 0.99 secs, the total time by now is 126.63 
 with avg train loss 1.150, val loss 1.211, avg val acc 57.61%
iteration: 203
user 4, emp_avg: 0.5458578713508253, h: 0.8610328556280226, ucb: 1.4078788648066705,num_of_obs: 43, privacy reward: 0.8425849388746051, g: 0.039591900703188056, curr_delay = 0.09933091791212578, data_size = 4032
user 6, emp_avg: 0.5476099321084466, h: 0.8817836120026041, ucb: 1.430452077992222,num_of_obs: 41, privacy reward: 0.8698241773821018, g: 0.025186323786048924, curr_delay = 0.09916502199053132, data_size = 3540
user 8, emp_avg: 0.4231772730139727, h: 0.9159297242958672, ucb: 1.3329184410871528,num_of_obs: 38, privacy reward: 0.9021059258235892, g: 0.014373343606430151, curr_delay = 0.0759483200236045, data_size = 3014
user 9, emp_avg: 0.3587027954487079, h: 0.998111276897689, ucb: 1.3621124042488033,num_of_obs: 32, privacy reward: 0.9446384107553002, g: -0.006663351579445703, curr_delay = 0.26433184173455093, data_size = 746
user 10, emp_avg: 0.37802189275879966, h: 0.9543769227579205, ucb: 1.3323811652249429,num_of_obs: 35, privacy reward: 0.9263822608059401, g: -0.0005991216551847184, curr_delay = 0.13205167395351747, data_size = 1452
num of fast users chosen: 5, num of slow users chosen: 0
max_delay = 0.26 seconds
after cleansing the weights updates who were almost zeros (meaning with absolute value of less than 10**-7, 0.08% of the weights upadtes) we get:
user No.4 has been picked 44, his deltas theta's mean
 is -0.0015469877980649471,
the empirical var of deltas thetas is 0.006370410788804293
the minimum of the deltas theta is -0.4486042857170105 and the maximum is 0.41401299834251404
the added laplace noise var is 0.15741506112539497
global epoch 203 has been done artifficialy in 0.26 secs, the total time by now is 126.90 
 with avg train loss 1.248, val loss 1.428, avg val acc 49.67%
iteration: 204
user 17, emp_avg: 0.06821003780693022, h: 0.9985727308743166, ucb: 1.0669687946866855,num_of_obs: 32, privacy reward: 0.9446384107553002, g: 0.004486094613878421, curr_delay = 0.8031198877577581, data_size = 2197
user 21, emp_avg: 0.06089473239090322, h: 1.0145509091197222, ucb: 1.0752975080864213,num_of_obs: 31, privacy reward: 0.9496556691317225, g: 0.0014096325866443345, curr_delay = 0.763511847700003, data_size = 1860
user 24, emp_avg: 0.0597624632294546, h: 1.0145509091197222, ucb: 1.0744428435838445,num_of_obs: 31, privacy reward: 0.9496556691317225, g: 0.00032339472722374744, curr_delay = 0.8968794074887892, data_size = 1668
user 26, emp_avg: 0.057578778105176684, h: 1.0145509091197222, ucb: 1.0722440302907537,num_of_obs: 31, privacy reward: 0.9496556691317225, g: 0.0006358973303062081, curr_delay = 0.9253408523768332, data_size = 1739
user 27, emp_avg: 0.05766612353260437, h: 0.9985727308743166, ucb: 1.0563472538817351,num_of_obs: 32, privacy reward: 0.9446384107553002, g: 0.006081173682427041, curr_delay = 0.9225544959894602, data_size = 2305
num of fast users chosen: 0, num of slow users chosen: 5
max_delay = 0.93 seconds
after cleansing the weights updates who were almost zeros (meaning with absolute value of less than 10**-7, 0.08% of the weights upadtes) we get:
user No.17 has been picked 33, his deltas theta's mean
 is -0.0007349211955443025,
the empirical var of deltas thetas is 0.00557210948318243
the minimum of the deltas theta is -0.4320465326309204 and the maximum is 0.5579899549484253
the added laplace noise var is 0.0553615892446998
global epoch 204 has been done artifficialy in 0.93 secs, the total time by now is 127.82 
 with avg train loss 1.299, val loss 1.364, avg val acc 53.47%
iteration: 205
user 16, emp_avg: 0.06818977373520894, h: 1.0150172392438823, ucb: 1.0832551385156166,num_of_obs: 31, privacy reward: 0.9496556691317225, g: -0.00016537596330664959, curr_delay = 0.7496489906957231, data_size = 1358
user 19, emp_avg: 0.0648925628888256, h: 1.0317955203564715, ucb: 1.0968023525491308,num_of_obs: 30, privacy reward: 0.9542182281044749, g: -0.002853959433999703, curr_delay = 0.8134779132612063, data_size = 912
user 22, emp_avg: 0.06354666811863634, h: 1.0150172392438823, ucb: 1.078572695438037,num_of_obs: 31, privacy reward: 0.9496556691317225, g: -3.165224536832294e-05, curr_delay = 0.7902110204119955, data_size = 1429
user 23, emp_avg: 0.06180137481083484, h: 1.0317955203564715, ucb: 1.0934941210507396,num_of_obs: 30, privacy reward: 0.9542182281044749, g: -0.003121199765708422, curr_delay = 0.7705988987213899, data_size = 888
user 28, emp_avg: 0.05632883907227509, h: 1.0150172392438823, ucb: 1.0713967885305828,num_of_obs: 31, privacy reward: 0.9496556691317225, g: 0.00016684923855507085, curr_delay = 0.9131282237643535, data_size = 1611
num of fast users chosen: 0, num of slow users chosen: 5
max_delay = 0.91 seconds
after cleansing the weights updates who were almost zeros (meaning with absolute value of less than 10**-7, 0.08% of the weights upadtes) we get:
user No.16 has been picked 32, his deltas theta's mean
 is -0.00016395885904785246,
the empirical var of deltas thetas is 0.0038560782559216022
the minimum of the deltas theta is -0.3617136776447296 and the maximum is 0.4462399184703827
the added laplace noise var is 0.05034433086827752
global epoch 205 has been done artifficialy in 0.91 secs, the total time by now is 128.74 
 with avg train loss 1.218, val loss 1.235, avg val acc 57.67%
iteration: 206
user 9, emp_avg: 0.35532953638478704, h: 0.9842280010047174, ucb: 1.3429307964534254,num_of_obs: 33, privacy reward: 0.9391211381532119, g: -0.0070876297269225974, curr_delay = 0.2049079660318858, data_size = 746
user 11, emp_avg: 0.30565629730589694, h: 0.9842280010047174, ucb: 1.289023968101073,num_of_obs: 33, privacy reward: 0.9391211381532119, g: -0.004846739056764433, curr_delay = 0.14967944908693462, data_size = 889
user 12, emp_avg: 0.28451731720624746, h: 0.9994882598850506, ucb: 1.2827917226576246,num_of_obs: 32, privacy reward: 0.9446384107553002, g: -0.006293834802659911, curr_delay = 0.15462610739868116, data_size = 746
user 13, emp_avg: 0.28656028641230796, h: 0.9295052013104473, ucb: 1.2153527720982344,num_of_obs: 37, privacy reward: 0.9109777784991466, g: 0.01682489556127901, curr_delay = 0.15977975216582319, data_size = 3036
user 14, emp_avg: 0.28462899046387147, h: 0.9423265683747488, ucb: 1.2209116196554803,num_of_obs: 36, privacy reward: 0.919045601200888, g: 0.009601749208248495, curr_delay = 0.09955978623871505, data_size = 2677
num of fast users chosen: 5, num of slow users chosen: 0
max_delay = 0.20 seconds
after cleansing the weights updates who were almost zeros (meaning with absolute value of less than 10**-7, 0.08% of the weights upadtes) we get:
user No.9 has been picked 34, his deltas theta's mean
 is -0.0002118388219969347,
the empirical var of deltas thetas is 0.0021138787269592285
the minimum of the deltas theta is -0.275356650352478 and the maximum is 0.3303469717502594
the added laplace noise var is 0.06087886184678814
global epoch 206 has been done artifficialy in 0.20 secs, the total time by now is 128.94 
 with avg train loss 1.195, val loss 1.273, avg val acc 55.59%
iteration: 207
user 0, emp_avg: 0.867930194482308, h: 0.8626124835258894, ucb: 1.7274712871822047,num_of_obs: 43, privacy reward: 0.8425849388746051, g: 0.03278388083359084, curr_delay = 0.05, data_size = 3816
user 1, emp_avg: 0.6139811652481456, h: 0.9427547218360819, ucb: 1.564878353517197,num_of_obs: 36, privacy reward: 0.919045601200888, g: -0.004067314260406936, curr_delay = 0.15583490759145963, data_size = 1081
user 2, emp_avg: 0.6672369486987102, h: 0.929927529283174, ucb: 1.6058775926440385,num_of_obs: 37, privacy reward: 0.9109777784991466, g: -0.003892691748103538, curr_delay = 0.1449898582527147, data_size = 1142
user 3, emp_avg: 0.5180695195694138, h: 0.9561277971901965, ucb: 1.4756734732526882,num_of_obs: 35, privacy reward: 0.9263822608059401, g: -0.00825091463248912, curr_delay = 0.10720318750279222, data_size = 768
user 5, emp_avg: 0.6307815791825838, h: 0.9427547218360819, ucb: 1.5785906373146998,num_of_obs: 36, privacy reward: 0.919045601200888, g: -0.005607156634590466, curr_delay = 0.11140187681120324, data_size = 972
num of fast users chosen: 5, num of slow users chosen: 0
max_delay = 0.16 seconds
after cleansing the weights updates who were almost zeros (meaning with absolute value of less than 10**-7, 0.08% of the weights upadtes) we get:
user No.0 has been picked 44, his deltas theta's mean
 is -0.0009333881898783147,
the empirical var of deltas thetas is 0.006537952460348606
the minimum of the deltas theta is -0.5143649578094482 and the maximum is 0.45496681332588196
the added laplace noise var is 0.15741506112539497
global epoch 207 has been done artifficialy in 0.16 secs, the total time by now is 129.10 
 with avg train loss 1.274, val loss 1.358, avg val acc 51.10%
iteration: 208
user 15, emp_avg: 0.07132490861942624, h: 1.0164014395866445, ucb: 1.0878072874955491,num_of_obs: 31, privacy reward: 0.9496556691317225, g: -0.002017098909097467, curr_delay = 0.7265774254850902, data_size = 1022
user 18, emp_avg: 0.06503014129066713, h: 1.0164014395866445, ucb: 1.0812781555496567,num_of_obs: 31, privacy reward: 0.9496556691317225, g: -0.002026261021524282, curr_delay = 0.7164727324811556, data_size = 1021
user 20, emp_avg: 0.06422075529780052, h: 1.0332026015938325, ucb: 1.0973646921041114,num_of_obs: 30, privacy reward: 0.9542182281044749, g: -0.0046964034913344645, curr_delay = 0.7577973682578014, data_size = 743
user 25, emp_avg: 0.06026008523079987, h: 1.0164014395866445, ucb: 1.0765800004738704,num_of_obs: 31, privacy reward: 0.9496556691317225, g: -0.0017010897233693425, curr_delay = 0.796338881282295, data_size = 1058
user 29, emp_avg: 0.055541285677559095, h: 1.0332026015938325, ucb: 1.0886755292993633,num_of_obs: 30, privacy reward: 0.9542182281044749, g: -0.003921388173569671, curr_delay = 0.868175761145571, data_size = 801
num of fast users chosen: 0, num of slow users chosen: 5
max_delay = 0.87 seconds
after cleansing the weights updates who were almost zeros (meaning with absolute value of less than 10**-7, 0.08% of the weights upadtes) we get:
user No.15 has been picked 32, his deltas theta's mean
 is -0.0007792089018039405,
the empirical var of deltas thetas is 0.0031160672660917044
the minimum of the deltas theta is -0.32993462681770325 and the maximum is 0.381819486618042
the added laplace noise var is 0.05034433086827752
global epoch 208 has been done artifficialy in 0.87 secs, the total time by now is 129.96 
 with avg train loss 1.207, val loss 1.280, avg val acc 55.26%
iteration: 209
user 17, emp_avg: 0.06794612027395645, h: 0.9855625299072801, ucb: 1.0537725677142102,num_of_obs: 33, privacy reward: 0.9391211381532119, g: 0.004348917485637809, curr_delay = 0.8440693085088479, data_size = 2197
user 21, emp_avg: 0.06089974352360446, h: 1.0008434803921151, ucb: 1.0617382127830184,num_of_obs: 32, privacy reward: 0.9446384107553002, g: 0.0013246550243642694, curr_delay = 0.8188653505038933, data_size = 1860
user 24, emp_avg: 0.0596293454672873, h: 1.0008434803921151, ucb: 1.0606059436215698,num_of_obs: 32, privacy reward: 0.9446384107553002, g: 0.0002833807102045234, curr_delay = 0.9030229710735228, data_size = 1668
user 26, emp_avg: 0.057800722947877324, h: 1.0008434803921151, ucb: 1.0584222584972918,num_of_obs: 32, privacy reward: 0.9446384107553002, g: 0.0005792561689457354, curr_delay = 0.7703809133941666, data_size = 1739
user 27, emp_avg: 0.0576215380204655, h: 0.9855625299072801, ucb: 1.0432286534398845,num_of_obs: 33, privacy reward: 0.9391211381532119, g: 0.005921285375712841, curr_delay = 0.8904685227434936, data_size = 2305
num of fast users chosen: 0, num of slow users chosen: 5
max_delay = 0.90 seconds
after cleansing the weights updates who were almost zeros (meaning with absolute value of less than 10**-7, 0.00% of the weights upadtes) we get:
user No.17 has been picked 34, his deltas theta's mean
 is -0.0008828346035443246,
the empirical var of deltas thetas is 0.005006829742342234
the minimum of the deltas theta is -0.49593448638916016 and the maximum is 0.4494490623474121
the added laplace noise var is 0.06087886184678814
global epoch 209 has been done artifficialy in 0.90 secs, the total time by now is 130.87 
 with avg train loss 1.307, val loss 1.416, avg val acc 52.36%
iteration: 210
user 16, emp_avg: 0.06813495456145122, h: 1.0012904983118163, ucb: 1.0694802720470251,num_of_obs: 32, privacy reward: 0.9446384107553002, g: -0.00019659681974473485, curr_delay = 0.7532305190611408, data_size = 1358
user 19, emp_avg: 0.06492404081408162, h: 1.0173121635974776, ucb: 1.082204726486303,num_of_obs: 31, privacy reward: 0.9496556691317225, g: -0.002992095042332862, curr_delay = 0.7587269936204204, data_size = 912
user 22, emp_avg: 0.06365830288475381, h: 1.0012904983118163, ucb: 1.0648371664304526,num_of_obs: 32, privacy reward: 0.9446384107553002, g: -4.606978989729732e-05, curr_delay = 0.7437087954964415, data_size = 1429
user 23, emp_avg: 0.061608385697242765, h: 1.0173121635974776, ucb: 1.0791135384083124,num_of_obs: 31, privacy reward: 0.9496556691317225, g: -0.0032655833660753916, curr_delay = 0.8988647184307197, data_size = 888
user 28, emp_avg: 0.05638943226790832, h: 1.0012904983118163, ucb: 1.0576193373840914,num_of_obs: 32, privacy reward: 0.9446384107553002, g: 0.00013819350466914116, curr_delay = 0.8572151395586247, data_size = 1611
num of fast users chosen: 0, num of slow users chosen: 5
max_delay = 0.90 seconds
after cleansing the weights updates who were almost zeros (meaning with absolute value of less than 10**-7, 0.00% of the weights upadtes) we get:
user No.16 has been picked 33, his deltas theta's mean
 is -0.00024088178179226816,
the empirical var of deltas thetas is 0.00365439779125154
the minimum of the deltas theta is -0.3290017247200012 and the maximum is 0.35724902153015137
the added laplace noise var is 0.0553615892446998
global epoch 210 has been done artifficialy in 0.90 secs, the total time by now is 131.77 
 with avg train loss 1.251, val loss 1.257, avg val acc 56.52%
iteration: 211
user 6, emp_avg: 0.5417983066867909, h: 0.8743861629309744, ucb: 1.4219960950394208,num_of_obs: 42, privacy reward: 0.8568510039349035, g: 0.02612112377739351, curr_delay = 0.16794865289652197, data_size = 3540
user 7, emp_avg: 0.4591537616083925, h: 0.9864406293221436, ucb: 1.445429279379101,num_of_obs: 33, privacy reward: 0.9391211381532119, g: -0.010031556049800385, curr_delay = 0.10761889175194267, data_size = 552
user 8, emp_avg: 0.42219881570231815, h: 0.9073934040787097, ucb: 1.3305706770926824,num_of_obs: 39, privacy reward: 0.8923499144675382, g: 0.01494429850813922, curr_delay = 0.1301951169870305, data_size = 3014
user 9, emp_avg: 0.35220727268409524, h: 0.9718258861372054, ucb: 1.3271554225219924,num_of_obs: 34, privacy reward: 0.9330540204801807, g: -0.007247342950190844, curr_delay = 0.2032104760931378, data_size = 746
user 10, emp_avg: 0.37403622362109296, h: 0.9444449987052419, ucb: 1.3224668914640416,num_of_obs: 36, privacy reward: 0.919045601200888, g: -0.0005143498485249889, curr_delay = 0.21687068772078005, data_size = 1452
num of fast users chosen: 5, num of slow users chosen: 0
max_delay = 0.22 seconds
after cleansing the weights updates who were almost zeros (meaning with absolute value of less than 10**-7, 0.00% of the weights upadtes) we get:
user No.6 has been picked 43, his deltas theta's mean
 is 0.00020414379832800478,
the empirical var of deltas thetas is 0.0055224779061973095
the minimum of the deltas theta is -0.44309860467910767 and the maximum is 0.47121143341064453
the added laplace noise var is 0.14314899606509648
global epoch 211 has been done artifficialy in 0.22 secs, the total time by now is 131.98 
 with avg train loss 1.233, val loss 1.368, avg val acc 54.06%
iteration: 212
user 15, emp_avg: 0.0712038004287956, h: 1.0021775922963965, ucb: 1.0735025009158228,num_of_obs: 32, privacy reward: 0.9446384107553002, g: -0.0021918370122385924, curr_delay = 0.7426293480757058, data_size = 1022
user 18, emp_avg: 0.0650303156073636, h: 1.0021775922963965, ucb: 1.0672077335870636,num_of_obs: 32, privacy reward: 0.9446384107553002, g: -0.0022013872927118573, curr_delay = 0.7688062256608762, data_size = 1021
user 20, emp_avg: 0.06415052992785912, h: 1.0182134519871, ucb: 1.0824342072849005,num_of_obs: 31, privacy reward: 0.9496556691317225, g: -0.0049739105560975385, curr_delay = 0.8067958875473003, data_size = 743
user 25, emp_avg: 0.0601917684571055, h: 1.0021775922963965, ucb: 1.0624376775271964,num_of_obs: 32, privacy reward: 0.9446384107553002, g: -0.0018618537768382664, curr_delay = 0.8619852682504356, data_size = 1058
user 29, emp_avg: 0.05562773189191507, h: 1.0182134519871, ucb: 1.073754737664659,num_of_obs: 31, privacy reward: 0.9496556691317225, g: -0.004175309408462734, curr_delay = 0.8575216680215564, data_size = 801
num of fast users chosen: 0, num of slow users chosen: 5
max_delay = 0.86 seconds
after cleansing the weights updates who were almost zeros (meaning with absolute value of less than 10**-7, 0.08% of the weights upadtes) we get:
user No.15 has been picked 33, his deltas theta's mean
 is -0.0005392908933572471,
the empirical var of deltas thetas is 0.011883944272994995
the minimum of the deltas theta is -0.4276319146156311 and the maximum is 0.4736882150173187
the added laplace noise var is 0.0553615892446998
global epoch 212 has been done artifficialy in 0.86 secs, the total time by now is 132.84 
 with avg train loss 1.240, val loss 1.255, avg val acc 56.46%
iteration: 213
user 7, emp_avg: 0.45281896000060057, h: 0.9726820560614945, ucb: 1.4318358176698869,num_of_obs: 34, privacy reward: 0.9330540204801807, g: -0.010688244188542624, curr_delay = 0.21058332372257424, data_size = 552
user 11, emp_avg: 0.3036762945669654, h: 0.9726820560614945, ucb: 1.2783383533673915,num_of_obs: 34, privacy reward: 0.9330540204801807, g: -0.004767731758761601, curr_delay = 0.2115451157815139, data_size = 889
user 12, emp_avg: 0.28381719255163795, h: 0.9873096747046238, ucb: 1.2718269919108713,num_of_obs: 33, privacy reward: 0.9391211381532119, g: -0.006228913228570363, curr_delay = 0.19178170961526778, data_size = 746
user 13, emp_avg: 0.2877710624994647, h: 0.9200651148904246, ucb: 1.2066254013027327,num_of_obs: 38, privacy reward: 0.9021059258235892, g: 0.017139708561377184, curr_delay = 0.1497990204313966, data_size = 3036
user 14, emp_avg: 0.2845649534085454, h: 0.9324155348204476, ucb: 1.2170445252843192,num_of_obs: 37, privacy reward: 0.9109777784991466, g: 0.009808303018058039, curr_delay = 0.17718207911544182, data_size = 2677
num of fast users chosen: 5, num of slow users chosen: 0
max_delay = 0.21 seconds
after cleansing the weights updates who were almost zeros (meaning with absolute value of less than 10**-7, 0.08% of the weights upadtes) we get:
user No.7 has been picked 35, his deltas theta's mean
 is -8.65808833623305e-05,
the empirical var of deltas thetas is 0.0013629469322040677
the minimum of the deltas theta is -0.23685726523399353 and the maximum is 0.23180949687957764
the added laplace noise var is 0.06694597951981923
global epoch 213 has been done artifficialy in 0.21 secs, the total time by now is 133.06 
 with avg train loss 1.260, val loss 1.312, avg val acc 55.11%
iteration: 214
user 0, emp_avg: 0.8604291715300352, h: 0.8554086754577804, ucb: 1.7233388699400884,num_of_obs: 44, privacy reward: 0.8268971341032425, g: 0.033556812975772225, curr_delay = 0.09427129167344381, data_size = 3816
user 1, emp_avg: 0.6241395556363523, h: 0.9328227445266578, ucb: 1.5468039097748034,num_of_obs: 37, privacy reward: 0.9109777784991466, g: -0.003938773879880035, curr_delay = 0.05, data_size = 1081
user 2, emp_avg: 0.6757693346295125, h: 0.9204669308524472, ucb: 1.5877038795511575,num_of_obs: 38, privacy reward: 0.9021059258235892, g: -0.0037475910979952805, curr_delay = 0.05, data_size = 1142
user 3, emp_avg: 0.5310946676891594, h: 0.9456898729694504, ucb: 1.4637593925388641,num_of_obs: 36, privacy reward: 0.919045601200888, g: -0.008095809931608189, curr_delay = 0.05, data_size = 768
user 5, emp_avg: 0.6335114319041226, h: 0.9328227445266578, ucb: 1.5636043237092416,num_of_obs: 37, privacy reward: 0.9109777784991466, g: -0.005456053371413117, curr_delay = 0.06807203816442611, data_size = 972
num of fast users chosen: 5, num of slow users chosen: 0
max_delay = 0.09 seconds
after cleansing the weights updates who were almost zeros (meaning with absolute value of less than 10**-7, 0.08% of the weights upadtes) we get:
user No.0 has been picked 45, his deltas theta's mean
 is -0.0017302657943218946,
the empirical var of deltas thetas is 0.006980191916227341
the minimum of the deltas theta is -0.44718000292778015 and the maximum is 0.5509217977523804
the added laplace noise var is 0.17310286589675744
global epoch 214 has been done artifficialy in 0.09 secs, the total time by now is 133.15 
 with avg train loss 1.285, val loss 1.391, avg val acc 50.44%
iteration: 215
user 17, emp_avg: 0.0679710840899103, h: 0.9735294818455827, ucb: 1.0414756021195393,num_of_obs: 34, privacy reward: 0.9330540204801807, g: 0.004316690350391916, curr_delay = 0.7265345276932689, data_size = 2197
user 21, emp_avg: 0.06102476228691193, h: 0.9881698444486944, ucb: 1.0490695879722989,num_of_obs: 33, privacy reward: 0.9391211381532119, g: 0.0012972593184347584, curr_delay = 0.7674552146463522, data_size = 1860
user 24, emp_avg: 0.05969268401605, h: 0.9881698444486944, ucb: 1.0477991899159818,num_of_obs: 33, privacy reward: 0.9391211381532119, g: 0.00027078648267696824, curr_delay = 0.8092859918722747, data_size = 1668
user 26, emp_avg: 0.05778082817972772, h: 0.9881698444486944, ucb: 1.0459705673965718,num_of_obs: 33, privacy reward: 0.9391211381532119, g: 0.0005611884780507904, curr_delay = 0.8752842358299713, data_size = 1739
user 27, emp_avg: 0.05754342251613266, h: 0.9735294818455827, ucb: 1.0311510198660483,num_of_obs: 34, privacy reward: 0.9330540204801807, g: 0.005883670937666236, curr_delay = 0.9109543014128357, data_size = 2305
num of fast users chosen: 0, num of slow users chosen: 5
max_delay = 0.91 seconds
after cleansing the weights updates who were almost zeros (meaning with absolute value of less than 10**-7, 0.00% of the weights upadtes) we get:
user No.17 has been picked 35, his deltas theta's mean
 is -0.0010487756226211786,
the empirical var of deltas thetas is 0.004681873135268688
the minimum of the deltas theta is -0.4375878870487213 and the maximum is 0.3993113040924072
the added laplace noise var is 0.06694597951981923
global epoch 215 has been done artifficialy in 0.91 secs, the total time by now is 134.06 
 with avg train loss 1.329, val loss 1.432, avg val acc 49.42%
iteration: 216
user 16, emp_avg: 0.06812799784938678, h: 0.9885966552905521, ucb: 1.0567316098520032,num_of_obs: 33, privacy reward: 0.9391211381532119, g: -0.00020788230505261053, curr_delay = 0.7363940916882854, data_size = 1358
user 19, emp_avg: 0.06522527716947805, h: 1.0039246492843878, ucb: 1.0688486900984695,num_of_obs: 32, privacy reward: 0.9446384107553002, g: -0.00305025863635966, curr_delay = 0.6678702530841563, data_size = 912
user 22, emp_avg: 0.0635399226326161, h: 0.9885966552905521, ucb: 1.0522549581753058,num_of_obs: 33, privacy reward: 0.9391211381532119, g: -5.1614143636226906e-05, curr_delay = 0.8384566625115302, data_size = 1429
user 23, emp_avg: 0.06166690209971912, h: 1.0039246492843878, ucb: 1.0655330349816305,num_of_obs: 32, privacy reward: 0.9446384107553002, g: -0.0033263345123586154, curr_delay = 0.786912982651776, data_size = 888
user 29, emp_avg: 0.05558534274129028, h: 1.0039246492843878, ucb: 1.059552381176303,num_of_obs: 32, privacy reward: 0.9446384107553002, g: -0.004427354309724389, curr_delay = 0.9220177671452542, data_size = 801
num of fast users chosen: 0, num of slow users chosen: 5
max_delay = 0.92 seconds
after cleansing the weights updates who were almost zeros (meaning with absolute value of less than 10**-7, 0.06% of the weights upadtes) we get:
user No.16 has been picked 34, his deltas theta's mean
 is 0.00035986743750981987,
the empirical var of deltas thetas is 0.006395761389285326
the minimum of the deltas theta is -0.42227935791015625 and the maximum is 0.4753009080886841
the added laplace noise var is 0.06087886184678814
global epoch 216 has been done artifficialy in 0.92 secs, the total time by now is 134.98 
 with avg train loss 1.228, val loss 1.343, avg val acc 53.16%
iteration: 217
user 4, emp_avg: 0.5559499186541403, h: 0.8565175809006379, ucb: 1.402375452251463,num_of_obs: 44, privacy reward: 0.8268971341032425, g: 0.04327848602942322, curr_delay = 0.05, data_size = 4032
user 7, emp_avg: 0.4465896659370759, h: 0.9603479149505105, ucb: 1.413166874951111,num_of_obs: 35, privacy reward: 0.9263822608059401, g: -0.01103547608776004, curr_delay = 0.21875675192769783, data_size = 552
user 8, emp_avg: 0.4195974240772578, h: 0.8983232174618826, ucb: 1.3205220331642007,num_of_obs: 40, privacy reward: 0.8816216301891461, g: 0.015067366404248826, curr_delay = 0.15845763218978767, data_size = 3014
user 9, emp_avg: 0.3493360262857949, h: 0.9603479149505105, ucb: 1.3125551876346058,num_of_obs: 35, privacy reward: 0.9263822608059401, g: -0.007273396388068007, curr_delay = 0.20093038617519002, data_size = 746
user 10, emp_avg: 0.370636183638361, h: 0.9340320053727362, ucb: 1.3080682289938292,num_of_obs: 37, privacy reward: 0.9109777784991466, g: -0.0005094085591387665, curr_delay = 0.2042194146765012, data_size = 1452
num of fast users chosen: 5, num of slow users chosen: 0
max_delay = 0.22 seconds
after cleansing the weights updates who were almost zeros (meaning with absolute value of less than 10**-7, 0.01% of the weights upadtes) we get:
user No.4 has been picked 45, his deltas theta's mean
 is -0.0014525000005960464,
the empirical var of deltas thetas is 0.005979740526527166
the minimum of the deltas theta is -0.4969990849494934 and the maximum is 0.588345468044281
the added laplace noise var is 0.17310286589675744
global epoch 217 has been done artifficialy in 0.22 secs, the total time by now is 135.20 
 with avg train loss 1.257, val loss 1.429, avg val acc 50.78%
iteration: 218
user 15, emp_avg: 0.071521341367354, h: 0.9894438348513214, ucb: 1.0606476352801169,num_of_obs: 33, privacy reward: 0.9391211381532119, g: -0.002232544502517963, curr_delay = 0.6097546673161087, data_size = 1022
user 18, emp_avg: 0.06507666733897256, h: 0.9894438348513214, ucb: 1.054474150458685,num_of_obs: 33, privacy reward: 0.9391211381532119, g: -0.0022421829644609322, curr_delay = 0.7506800281024658, data_size = 1021
user 20, emp_avg: 0.06442359562700173, h: 1.004784964195302, ucb: 1.068935494123161,num_of_obs: 32, privacy reward: 0.9446384107553002, g: -0.00505357943079161, curr_delay = 0.6834177085433035, data_size = 743
user 25, emp_avg: 0.06009582128745506, h: 0.9894438348513214, ucb: 1.0496356033084269,num_of_obs: 33, privacy reward: 0.9391211381532119, g: -0.001899386734208268, curr_delay = 0.8782782772563424, data_size = 1058
user 28, emp_avg: 0.05642539589621402, h: 0.9894438348513214, ucb: 1.0458332671192296,num_of_obs: 33, privacy reward: 0.9391211381532119, g: 0.00016282727061427333, curr_delay = 0.8678718013257175, data_size = 1611
num of fast users chosen: 0, num of slow users chosen: 5
max_delay = 0.88 seconds
after cleansing the weights updates who were almost zeros (meaning with absolute value of less than 10**-7, 0.08% of the weights upadtes) we get:
user No.15 has been picked 34, his deltas theta's mean
 is 0.0005414301995187998,
the empirical var of deltas thetas is 0.0023592885117977858
the minimum of the deltas theta is -0.316369891166687 and the maximum is 0.29139405488967896
the added laplace noise var is 0.06087886184678814
global epoch 218 has been done artifficialy in 0.88 secs, the total time by now is 136.08 
 with avg train loss 1.281, val loss 1.294, avg val acc 55.29%
iteration: 219
user 9, emp_avg: 0.3494559484075352, h: 0.9477228611973457, ucb: 1.2970588874831406,num_of_obs: 36, privacy reward: 0.919045601200888, g: -0.007810573412495971, curr_delay = 0.1413335091606626, data_size = 746
user 11, emp_avg: 0.3065234369480995, h: 0.9611664101333042, ucb: 1.2648427047002695,num_of_obs: 35, privacy reward: 0.9263822608059401, g: -0.004794413307229981, curr_delay = 0.12310012793198652, data_size = 889
user 12, emp_avg: 0.2829175523474745, h: 0.9751987788153306, ucb: 1.2590159713669684,num_of_obs: 34, privacy reward: 0.9330540204801807, g: -0.006279774535674644, curr_delay = 0.198153380583137, data_size = 746
user 13, emp_avg: 0.2849662526890913, h: 0.910542672494435, ucb: 1.1983137349938997,num_of_obs: 39, privacy reward: 0.8923499144675382, g: 0.017224009475769863, curr_delay = 0.28477263198273844, data_size = 3036
user 14, emp_avg: 0.28300274693654676, h: 0.9224456962892751, ucb: 1.2070106496978203,num_of_obs: 38, privacy reward: 0.9021059258235892, g: 0.009846556286932297, curr_delay = 0.2235746991077655, data_size = 2677
num of fast users chosen: 5, num of slow users chosen: 0
max_delay = 0.28 seconds
after cleansing the weights updates who were almost zeros (meaning with absolute value of less than 10**-7, 0.08% of the weights upadtes) we get:
user No.9 has been picked 37, his deltas theta's mean
 is -0.0002958551049232483,
the empirical var of deltas thetas is 0.002057945355772972
the minimum of the deltas theta is -0.31037628650665283 and the maximum is 0.273132860660553
the added laplace noise var is 0.08095439879911201
global epoch 219 has been done artifficialy in 0.28 secs, the total time by now is 136.37 
 with avg train loss 1.246, val loss 1.414, avg val acc 47.89%
iteration: 220
user 17, emp_avg: 0.06813420917381748, h: 0.9615726000094721, ucb: 1.0295436840993824,num_of_obs: 35, privacy reward: 0.9263822608059401, g: 0.004192581991292972, curr_delay = 0.6771068681310544, data_size = 2197
user 21, emp_avg: 0.06095283567789942, h: 0.975610898784391, ucb: 1.036635661071303,num_of_obs: 34, privacy reward: 0.9330540204801807, g: 0.0012222298362766378, curr_delay = 0.8545937606413424, data_size = 1860
user 24, emp_avg: 0.05975948288342114, h: 0.975610898784391, ucb: 1.035303582800441,num_of_obs: 34, privacy reward: 0.9330540204801807, g: 0.00023711407252430941, curr_delay = 0.8060532097410417, data_size = 1668
user 26, emp_avg: 0.057659682852125915, h: 0.975610898784391, ucb: 1.0333917269641186,num_of_obs: 34, privacy reward: 0.9330540204801807, g: 0.0005122225673127785, curr_delay = 0.9338682730134689, data_size = 1739
user 28, emp_avg: 0.056363927894709454, h: 0.975610898784391, ucb: 1.032036294680605,num_of_obs: 34, privacy reward: 0.9330540204801807, g: 9.198864638894136e-05, curr_delay = 0.9212511590099745, data_size = 1611
num of fast users chosen: 0, num of slow users chosen: 5
max_delay = 0.93 seconds
after cleansing the weights updates who were almost zeros (meaning with absolute value of less than 10**-7, 0.06% of the weights upadtes) we get:
user No.17 has been picked 36, his deltas theta's mean
 is -0.0010055433958768845,
the empirical var of deltas thetas is 0.004611374344676733
the minimum of the deltas theta is -0.4329533576965332 and the maximum is 0.4155798554420471
the added laplace noise var is 0.07361773919405994
global epoch 220 has been done artifficialy in 0.93 secs, the total time by now is 137.30 
 with avg train loss 1.306, val loss 1.372, avg val acc 51.68%
iteration: 221
user 16, emp_avg: 0.06816977711392247, h: 0.9760209768886436, ucb: 1.0441489747380304,num_of_obs: 34, privacy reward: 0.9330540204801807, g: -0.00023983169013920048, curr_delay = 0.718491227082795, data_size = 1358
user 19, emp_avg: 0.0653853197147667, h: 0.9906988076851018, ucb: 1.05592408485458,num_of_obs: 33, privacy reward: 0.9391211381532119, g: -0.0031812155467701676, curr_delay = 0.7075465986747792, data_size = 912
user 22, emp_avg: 0.06366113877357885, h: 0.9760209768886436, ucb: 1.0395608995212597,num_of_obs: 34, privacy reward: 0.9330540204801807, g: -6.810663603719272e-05, curr_delay = 0.7376536594512602, data_size = 1429
user 23, emp_avg: 0.06165748340598138, h: 0.9906988076851018, ucb: 1.052365709784821,num_of_obs: 33, privacy reward: 0.9391211381532119, g: -0.003463028529582014, curr_delay = 0.8150402106967173, data_size = 888
user 29, emp_avg: 0.055602602637786255, h: 0.9906988076851018, ucb: 1.046284150426392,num_of_obs: 33, privacy reward: 0.9391211381532119, g: -0.004584845339144519, curr_delay = 0.89012035303556, data_size = 801
num of fast users chosen: 0, num of slow users chosen: 5
max_delay = 0.89 seconds
after cleansing the weights updates who were almost zeros (meaning with absolute value of less than 10**-7, 0.00% of the weights upadtes) we get:
user No.16 has been picked 35, his deltas theta's mean
 is 4.86042263219133e-05,
the empirical var of deltas thetas is 0.003621946554630995
the minimum of the deltas theta is -0.37961626052856445 and the maximum is 0.38397103548049927
the added laplace noise var is 0.06694597951981923
global epoch 221 has been done artifficialy in 0.89 secs, the total time by now is 138.19 
 with avg train loss 1.207, val loss 1.353, avg val acc 51.49%
iteration: 222
user 0, emp_avg: 0.8495635235896791, h: 0.8487384663426285, ucb: 1.7091676378726637,num_of_obs: 45, privacy reward: 0.8096459006689245, g: 0.034629473803321, curr_delay = 0.13865419114504096, data_size = 3816
user 1, emp_avg: 0.6337770029277279, h: 0.9236093998295588, ucb: 1.5477489554659112,num_of_obs: 38, privacy reward: 0.9021059258235892, g: -0.0037251035755259364, curr_delay = 0.05, data_size = 1081
user 2, emp_avg: 0.6678925734886277, h: 0.9116913598760593, ucb: 1.5874606945055718,num_of_obs: 39, privacy reward: 0.8923499144675382, g: -0.0035192366034905785, curr_delay = 0.13861977822952112, data_size = 1142
user 3, emp_avg: 0.5258373570170182, h: 0.9360073961828604, ucb: 1.4671020638720198,num_of_obs: 37, privacy reward: 0.9109777784991466, g: -0.007817934845528101, curr_delay = 0.1509129347533665, data_size = 768
user 5, emp_avg: 0.6269423447593212, h: 0.9236093998295588, ucb: 1.5571208317336813,num_of_obs: 38, privacy reward: 0.9021059258235892, g: -0.005204046493474565, curr_delay = 0.13251455829708497, data_size = 972
num of fast users chosen: 5, num of slow users chosen: 0
max_delay = 0.15 seconds
after cleansing the weights updates who were almost zeros (meaning with absolute value of less than 10**-7, 0.08% of the weights upadtes) we get:
user No.0 has been picked 46, his deltas theta's mean
 is -0.0010749143548309803,
the empirical var of deltas thetas is 0.0061616250313818455
the minimum of the deltas theta is -0.47043901681900024 and the maximum is 0.56056809425354
the added laplace noise var is 0.1903540993310756
global epoch 222 has been done artifficialy in 0.15 secs, the total time by now is 138.34 
 with avg train loss 1.290, val loss 1.498, avg val acc 45.68%
iteration: 223
user 15, emp_avg: 0.07157825747790712, h: 0.9768350849548988, ucb: 1.0483564263222527,num_of_obs: 34, privacy reward: 0.9330540204801807, g: -0.002336758546235414, curr_delay = 0.6801480606020087, data_size = 1022
user 20, emp_avg: 0.06454409226112456, h: 0.9915251586649105, ucb: 1.0559487542919124,num_of_obs: 33, privacy reward: 0.9391211381532119, g: -0.005224630319943775, curr_delay = 0.729708827692184, data_size = 743
user 21, emp_avg: 0.060862584229440006, h: 0.9627791710721135, ucb: 1.0237320067500129,num_of_obs: 35, privacy reward: 0.9263822608059401, g: 0.0010598401181941609, curr_delay = 0.8664943083167757, data_size = 1860
user 25, emp_avg: 0.06014064518590362, h: 0.9768350849548988, ucb: 1.036930906242354,num_of_obs: 34, privacy reward: 0.9330540204801807, g: -0.001995603232685884, curr_delay = 0.8108372256985225, data_size = 1058
user 27, emp_avg: 0.05757349301948463, h: 0.9627791710721135, ucb: 1.0203225935882463,num_of_obs: 35, privacy reward: 0.9263822608059401, g: 0.006067467902650162, curr_delay = 0.8528644896713459, data_size = 2305
num of fast users chosen: 0, num of slow users chosen: 5
max_delay = 0.87 seconds
after cleansing the weights updates who were almost zeros (meaning with absolute value of less than 10**-7, 0.00% of the weights upadtes) we get:
user No.15 has been picked 35, his deltas theta's mean
 is -0.0006603187066502869,
the empirical var of deltas thetas is 0.002628043992444873
the minimum of the deltas theta is -0.29162681102752686 and the maximum is 0.3774445056915283
the added laplace noise var is 0.06694597951981923
global epoch 223 has been done artifficialy in 0.87 secs, the total time by now is 139.21 
 with avg train loss 1.313, val loss 1.424, avg val acc 50.48%
iteration: 224
user 1, emp_avg: 0.6398293871619363, h: 0.9124477689460485, ucb: 1.5462247718737765,num_of_obs: 39, privacy reward: 0.8923499144675382, g: -0.004092109504425985, curr_delay = 0.05708594263445825, data_size = 1081
user 3, emp_avg: 0.5264521390086099, h: 0.9243756970194907, ucb: 1.4502130540365088,num_of_obs: 38, privacy reward: 0.9021059258235892, g: -0.008353096641185406, curr_delay = 0.09093986914584669, data_size = 768
user 4, emp_avg: 0.5506984607782721, h: 0.8494426448642693, ucb: 1.4053925635184097,num_of_obs: 45, privacy reward: 0.8096459006689245, g: 0.04406092307704257, curr_delay = 0.15904175112550217, data_size = 4032
user 6, emp_avg: 0.5352204728615941, h: 0.868972613253389, ucb: 1.41077091994018,num_of_obs: 43, privacy reward: 0.8425849388746051, g: 0.02846244137062104, curr_delay = 0.19811896473697133, data_size = 3540
user 7, emp_avg: 0.44245922697615875, h: 0.9497057484518595, ucb: 1.3962954143889355,num_of_obs: 36, privacy reward: 0.919045601200888, g: -0.010914782705439725, curr_delay = 0.17020498758479816, data_size = 552
num of fast users chosen: 5, num of slow users chosen: 0
max_delay = 0.20 seconds
after cleansing the weights updates who were almost zeros (meaning with absolute value of less than 10**-7, 0.04% of the weights upadtes) we get:
user No.1 has been picked 40, his deltas theta's mean
 is -0.00029763797647319734,
the empirical var of deltas thetas is 0.002570446813479066
the minimum of the deltas theta is -0.33805081248283386 and the maximum is 0.3565472960472107
the added laplace noise var is 0.10765008553246175
global epoch 224 has been done artifficialy in 0.20 secs, the total time by now is 139.40 
 with avg train loss 1.332, val loss 1.652, avg val acc 39.63%
iteration: 225
user 16, emp_avg: 0.06822429991638966, h: 0.9635737411654672, ucb: 1.0317435182793897,num_of_obs: 35, privacy reward: 0.9263822608059401, g: -0.0002956990443594158, curr_delay = 0.7129352316029313, data_size = 1358
user 18, emp_avg: 0.06497180927337355, h: 0.9776412552252626, ucb: 1.0427179225642351,num_of_obs: 34, privacy reward: 0.9330540204801807, g: -0.002217153431512676, curr_delay = 0.8142442582138214, data_size = 1021
user 19, emp_avg: 0.0653253935282167, h: 0.9776412552252626, ucb: 1.0430265749400294,num_of_obs: 34, privacy reward: 0.9330540204801807, g: -0.0033863216177010334, curr_delay = 0.7900403945037363, data_size = 912
user 22, emp_avg: 0.06339218284653247, h: 0.9635737411654672, ucb: 1.027234879939046,num_of_obs: 35, privacy reward: 0.9263822608059401, g: -9.92429619604094e-05, curr_delay = 0.9262908605115715, data_size = 1429
user 23, emp_avg: 0.061616084487984224, h: 0.9776412552252626, ucb: 1.039298738631244,num_of_obs: 34, privacy reward: 0.9330540204801807, g: -0.0036768877863359766, curr_delay = 0.8304472347149893, data_size = 888
num of fast users chosen: 0, num of slow users chosen: 5
max_delay = 0.93 seconds
after cleansing the weights updates who were almost zeros (meaning with absolute value of less than 10**-7, 0.04% of the weights upadtes) we get:
user No.16 has been picked 36, his deltas theta's mean
 is -0.000619406346231699,
the empirical var of deltas thetas is 0.0034714138600975275
the minimum of the deltas theta is -0.3363837003707886 and the maximum is 0.3413007855415344
the added laplace noise var is 0.07361773919405994
global epoch 225 has been done artifficialy in 0.93 secs, the total time by now is 140.33 
 with avg train loss 1.341, val loss 1.472, avg val acc 46.83%
iteration: 226
user 8, emp_avg: 0.41578468357473825, h: 0.8906452853317921, ucb: 1.3102427094090499,num_of_obs: 41, privacy reward: 0.8698241773821018, g: 0.015791709634178263, curr_delay = 0.19270620654045523, data_size = 3014
user 11, emp_avg: 0.306368046157787, h: 0.9504854022438821, ucb: 1.2570088391919816,num_of_obs: 36, privacy reward: 0.919045601200888, g: -0.004721941688709109, curr_delay = 0.1662377855333767, data_size = 889
user 12, emp_avg: 0.2829745036531037, h: 0.963968138116515, ucb: 1.2468856904639896,num_of_obs: 35, privacy reward: 0.9263822608059401, g: -0.006219079961219152, curr_delay = 0.17545842061463032, data_size = 746
user 13, emp_avg: 0.2915412700433143, h: 0.9017096261495954, ucb: 1.1866758788386866,num_of_obs: 40, privacy reward: 0.8816216301891461, g: 0.017511576974986703, curr_delay = 0.09016450192552772, data_size = 3036
user 14, emp_avg: 0.28083616991373694, h: 0.9131968360799908, ucb: 1.1961995830165375,num_of_obs: 39, privacy reward: 0.8923499144675382, g: 0.010035917307072862, curr_delay = 0.2546607163620653, data_size = 2677
num of fast users chosen: 5, num of slow users chosen: 0
max_delay = 0.25 seconds
after cleansing the weights updates who were almost zeros (meaning with absolute value of less than 10**-7, 0.08% of the weights upadtes) we get:
user No.8 has been picked 42, his deltas theta's mean
 is -0.00143969536293298,
the empirical var of deltas thetas is 0.006684776861220598
the minimum of the deltas theta is -0.5226935744285583 and the maximum is 0.5160852074623108
the added laplace noise var is 0.13017582261789815
global epoch 226 has been done artifficialy in 0.25 secs, the total time by now is 140.59 
 with avg train loss 1.313, val loss 1.696, avg val acc 38.41%
iteration: 227
user 17, emp_avg: 0.06815787916752927, h: 0.9508724079743299, ucb: 1.0190066171481473,num_of_obs: 36, privacy reward: 0.919045601200888, g: 0.004257660536419294, curr_delay = 0.7245326875404821, data_size = 2197
user 24, emp_avg: 0.05982717825435505, h: 0.9643606335641457, ucb: 1.0241201164475668,num_of_obs: 35, privacy reward: 0.9263822608059401, g: 0.0002483442307397303, curr_delay = 0.8039035467748876, data_size = 1668
user 26, emp_avg: 0.057567614158884145, h: 0.9643606335641457, ucb: 1.0220203164162716,num_of_obs: 35, privacy reward: 0.9263822608059401, g: 0.0005286673376220597, curr_delay = 0.9200442890222791, data_size = 1739
user 27, emp_avg: 0.05758767948773931, h: 0.9508724079743299, ucb: 1.0084459009938145,num_of_obs: 36, privacy reward: 0.919045601200888, g: 0.005814720892104638, curr_delay = 0.8606090114020541, data_size = 2305
user 28, emp_avg: 0.05623533565090847, h: 0.9643606335641457, ucb: 1.0207245614588552,num_of_obs: 35, privacy reward: 0.9263822608059401, g: 9.903242588112214e-05, curr_delay = 0.9664710487909578, data_size = 1611
num of fast users chosen: 0, num of slow users chosen: 5
max_delay = 0.97 seconds
after cleansing the weights updates who were almost zeros (meaning with absolute value of less than 10**-7, 0.13% of the weights upadtes) we get:
user No.17 has been picked 37, his deltas theta's mean
 is -0.0019163616234436631,
the empirical var of deltas thetas is 0.005178163759410381
the minimum of the deltas theta is -0.4282279908657074 and the maximum is 0.5328477025032043
the added laplace noise var is 0.08095439879911201
global epoch 227 has been done artifficialy in 0.97 secs, the total time by now is 141.55 
 with avg train loss 1.353, val loss 1.541, avg val acc 45.81%
iteration: 228
user 15, emp_avg: 0.07139921146307923, h: 0.9647512451215694, ucb: 1.0363295025994765,num_of_obs: 35, privacy reward: 0.9263822608059401, g: -0.002438624856001453, curr_delay = 0.7676647220477213, data_size = 1022
user 18, emp_avg: 0.065003198822143, h: 0.9647512451215694, ucb: 1.029723054394943,num_of_obs: 35, privacy reward: 0.9263822608059401, g: -0.0024486978824153, curr_delay = 0.756408675959231, data_size = 1021
user 20, emp_avg: 0.0645076863213969, h: 0.9788359499294624, ucb: 1.043380042190587,num_of_obs: 34, privacy reward: 0.9330540204801807, g: -0.005390841264487296, curr_delay = 0.7902653924113922, data_size = 743
user 25, emp_avg: 0.06007361593097855, h: 0.9647512451215694, ucb: 1.024891890307473,num_of_obs: 35, privacy reward: 0.9263822608059401, g: -0.0020898227667401504, curr_delay = 0.866136941803329, data_size = 1058
user 29, emp_avg: 0.055490124708293745, h: 0.9788359499294624, ucb: 1.0344385525672486,num_of_obs: 34, privacy reward: 0.9330540204801807, g: -0.004558008689130465, curr_delay = 0.9677567620378983, data_size = 801
num of fast users chosen: 0, num of slow users chosen: 5
max_delay = 0.97 seconds
after cleansing the weights updates who were almost zeros (meaning with absolute value of less than 10**-7, 0.16% of the weights upadtes) we get:
user No.15 has been picked 36, his deltas theta's mean
 is -0.0008657453581690788,
the empirical var of deltas thetas is 0.0024217450991272926
the minimum of the deltas theta is -0.32079434394836426 and the maximum is 0.2941068410873413
the added laplace noise var is 0.07361773919405994
global epoch 228 has been done artifficialy in 0.97 secs, the total time by now is 142.52 
 with avg train loss 1.244, val loss 1.409, avg val acc 50.70%
iteration: 229
user 7, emp_avg: 0.4571313525820493, h: 0.938692765863502, ucb: 1.3811519928396607,num_of_obs: 37, privacy reward: 0.9109777784991466, g: -0.011094746824031495, curr_delay = 0.05, data_size = 552
user 9, emp_avg: 0.35989769439139946, h: 0.938692765863502, ucb: 1.2881487142710373,num_of_obs: 37, privacy reward: 0.9109777784991466, g: -0.007321529969924036, curr_delay = 0.06700236676718352, data_size = 746
user 10, emp_avg: 0.3686704919872216, h: 0.9262592001293988, ucb: 1.2968953837677597,num_of_obs: 38, privacy reward: 0.9021059258235892, g: -0.00032407320107221386, curr_delay = 0.17008294750956338, data_size = 1452
user 11, emp_avg: 0.30730994427887454, h: 0.938692765863502, ucb: 1.245060812021289,num_of_obs: 37, privacy reward: 0.9109777784991466, g: -0.00504048922270861, curr_delay = 0.14613039064292263, data_size = 889
user 12, emp_avg: 0.2813161336059543, h: 0.9516408639427516, ucb: 1.2346153675958553,num_of_obs: 36, privacy reward: 0.919045601200888, g: -0.006593298238954574, curr_delay = 0.22561668856604522, data_size = 746
num of fast users chosen: 5, num of slow users chosen: 0
max_delay = 0.23 seconds
after cleansing the weights updates who were almost zeros (meaning with absolute value of less than 10**-7, 0.08% of the weights upadtes) we get:
user No.7 has been picked 38, his deltas theta's mean
 is 0.0002735750167630613,
the empirical var of deltas thetas is 0.0010268836049363017
the minimum of the deltas theta is -0.24393504858016968 and the maximum is 0.21115687489509583
the added laplace noise var is 0.08902222150085345
global epoch 229 has been done artifficialy in 0.23 secs, the total time by now is 142.75 
 with avg train loss 1.280, val loss 1.341, avg val acc 53.05%
iteration: 230
user 19, emp_avg: 0.06514702553873794, h: 0.9655268858214029, ucb: 1.0308522793496195,num_of_obs: 35, privacy reward: 0.9263822608059401, g: -0.0035111445386748, curr_delay = 0.8488366859432597, data_size = 912
user 21, emp_avg: 0.06100083265556281, h: 0.9520223482078555, ucb: 1.0128849324372955,num_of_obs: 36, privacy reward: 0.919045601200888, g: 0.001087952122671554, curr_delay = 0.75783093996748, data_size = 1860
user 22, emp_avg: 0.06357193693278813, h: 0.9520223482078555, ucb: 1.0154145310543878,num_of_obs: 36, privacy reward: 0.919045601200888, g: -0.00011942686142839295, curr_delay = 0.7138463516666341, data_size = 1429
user 24, emp_avg: 0.05988140038045345, h: 0.9520223482078555, ucb: 1.0118495264622105,num_of_obs: 36, privacy reward: 0.919045601200888, g: 0.00018015610223378684, curr_delay = 0.808624505373585, data_size = 1668
user 26, emp_avg: 0.05771745041949255, h: 0.9520223482078555, ucb: 1.0095899623667397,num_of_obs: 36, privacy reward: 0.919045601200888, g: 0.0004266724002757254, curr_delay = 0.792247938829844, data_size = 1739
num of fast users chosen: 0, num of slow users chosen: 5
max_delay = 0.85 seconds
after cleansing the weights updates who were almost zeros (meaning with absolute value of less than 10**-7, 0.13% of the weights upadtes) we get:
user No.19 has been picked 36, his deltas theta's mean
 is -0.0005044564022682607,
the empirical var of deltas thetas is 0.002290307777002454
the minimum of the deltas theta is -0.3380475640296936 and the maximum is 0.2975379228591919
the added laplace noise var is 0.07361773919405994
global epoch 230 has been done artifficialy in 0.85 secs, the total time by now is 143.59 
 with avg train loss 1.306, val loss 1.383, avg val acc 51.40%
iteration: 231
user 16, emp_avg: 0.06822861251298026, h: 0.9524020256279901, ucb: 1.0206263255443797,num_of_obs: 36, privacy reward: 0.919045601200888, g: -0.0003057078190251668, curr_delay = 0.7311666176804733, data_size = 1358
user 17, emp_avg: 0.06799552012429562, h: 0.9394435711248751, ucb: 1.0076014502924044,num_of_obs: 37, privacy reward: 0.9109777784991466, g: 0.004053601417763505, curr_delay = 0.8066046658178608, data_size = 2197
user 23, emp_avg: 0.06157065931850728, h: 0.9659119490058643, ucb: 1.0275280334938486,num_of_obs: 35, privacy reward: 0.9263822608059401, g: -0.0037260509109155173, curr_delay = 0.833600385736101, data_size = 888
user 27, emp_avg: 0.05755446309175792, h: 0.9394435711248751, ucb: 0.9970312506126144,num_of_obs: 37, privacy reward: 0.9109777784991466, g: 0.0055758277449747705, curr_delay = 0.8876980882146195, data_size = 2305
user 28, emp_avg: 0.05630137616818332, h: 0.9524020256279901, ucb: 1.0086373612788986,num_of_obs: 36, privacy reward: 0.919045601200888, g: 6.876339825615038e-05, curr_delay = 0.8520959930249763, data_size = 1611
num of fast users chosen: 0, num of slow users chosen: 5
max_delay = 0.89 seconds
after cleansing the weights updates who were almost zeros (meaning with absolute value of less than 10**-7, 0.10% of the weights upadtes) we get:
user No.16 has been picked 37, his deltas theta's mean
 is 0.00015081747551448643,
the empirical var of deltas thetas is 0.003921898081898689
the minimum of the deltas theta is -0.36830440163612366 and the maximum is 0.3545648753643036
the added laplace noise var is 0.08095439879911201
global epoch 231 has been done artifficialy in 0.89 secs, the total time by now is 144.48 
 with avg train loss 1.284, val loss 1.391, avg val acc 50.05%
iteration: 232
user 2, emp_avg: 0.6640344282640185, h: 0.9038863898466148, ucb: 1.5717789633352426,num_of_obs: 40, privacy reward: 0.8816216301891461, g: -0.0031428661569172425, curr_delay = 0.09809526091723424, data_size = 1142
user 3, emp_avg: 0.5339402106842287, h: 0.915401330368801, ucb: 1.4418534693774108,num_of_obs: 39, privacy reward: 0.8923499144675382, g: -0.00807407702149629, curr_delay = 0.060534519367745065, data_size = 768
user 4, emp_avg: 0.5525337190648403, h: 0.842878404634947, ucb: 1.3935768654132192,num_of_obs: 46, privacy reward: 0.790675429061029, g: 0.04516642259139415, curr_delay = 0.07849840707988588, data_size = 4032
user 5, emp_avg: 0.6241575603685452, h: 0.915401330368801, ucb: 1.542343675128122,num_of_obs: 39, privacy reward: 0.8923499144675382, g: -0.004770852018236491, curr_delay = 0.09698362139546074, data_size = 972
user 6, emp_avg: 0.5292770632729366, h: 0.8618218576470041, ucb: 1.3970423305085982,num_of_obs: 44, privacy reward: 0.8268971341032425, g: 0.0292469058614397, curr_delay = 0.18672947851911276, data_size = 3540
num of fast users chosen: 5, num of slow users chosen: 0
max_delay = 0.19 seconds
after cleansing the weights updates who were almost zeros (meaning with absolute value of less than 10**-7, 0.10% of the weights upadtes) we get:
user No.2 has been picked 41, his deltas theta's mean
 is -0.0004855323932133615,
the empirical var of deltas thetas is 0.0027117454446852207
the minimum of the deltas theta is -0.3689555525779724 and the maximum is 0.34037482738494873
the added laplace noise var is 0.11837836981085395
global epoch 232 has been done artifficialy in 0.19 secs, the total time by now is 144.67 
 with avg train loss 1.309, val loss 1.644, avg val acc 40.70%
iteration: 233
user 15, emp_avg: 0.071253989052718, h: 0.9531560254898548, ucb: 1.024555236952934,num_of_obs: 36, privacy reward: 0.919045601200888, g: -0.0025381545293444233, curr_delay = 0.7572776394023102, data_size = 1022
user 18, emp_avg: 0.06506811912229939, h: 0.9531560254898548, ucb: 1.0181592243119977,num_of_obs: 36, privacy reward: 0.919045601200888, g: -0.0025484308498669645, curr_delay = 0.7417819836505463, data_size = 1021
user 20, emp_avg: 0.0646762428711192, h: 0.9666766444354478, ucb: 1.0311843307568447,num_of_obs: 35, privacy reward: 0.9263822608059401, g: -0.005552356134885738, curr_delay = 0.7084589219091244, data_size = 743
user 25, emp_avg: 0.059972439903301575, h: 0.9531560254898548, ucb: 1.0132296414208333,num_of_obs: 36, privacy reward: 0.919045601200888, g: -0.002182033852170137, curr_delay = 0.8876248652094757, data_size = 1058
user 29, emp_avg: 0.05543735440935422, h: 0.9666766444354478, ucb: 1.0221667691437415,num_of_obs: 35, privacy reward: 0.9263822608059401, g: -0.004706620137233688, curr_delay = 0.9330030312884613, data_size = 801
num of fast users chosen: 0, num of slow users chosen: 5
max_delay = 0.93 seconds
after cleansing the weights updates who were almost zeros (meaning with absolute value of less than 10**-7, 0.16% of the weights upadtes) we get:
user No.15 has been picked 37, his deltas theta's mean
 is -0.0003107178781647235,
the empirical var of deltas thetas is 0.002438244642689824
the minimum of the deltas theta is -0.3272048532962799 and the maximum is 0.314987450838089
the added laplace noise var is 0.08095439879911201
global epoch 233 has been done artifficialy in 0.93 secs, the total time by now is 145.60 
 with avg train loss 1.280, val loss 1.443, avg val acc 47.92%
iteration: 234
user 10, emp_avg: 0.3686530180632498, h: 0.9161223562349586, ucb: 1.2847928482221802,num_of_obs: 39, privacy reward: 0.8923499144675382, g: -0.00035080672984543604, curr_delay = 0.13588007560462045, data_size = 1452
user 11, emp_avg: 0.30526823154670024, h: 0.9280983201679575, ucb: 1.235408264446832,num_of_obs: 38, privacy reward: 0.9021059258235892, g: -0.0051577551558546555, curr_delay = 0.2196034291505553, data_size = 889
user 12, emp_avg: 0.27941676275082566, h: 0.9405565731817002, ucb: 1.2218727067876545,num_of_obs: 37, privacy reward: 0.9109777784991466, g: -0.0067426342769754365, curr_delay = 0.23907425729847395, data_size = 746
user 13, emp_avg: 0.2901191631860353, h: 0.8934985592703552, ucb: 1.1850398293136695,num_of_obs: 41, privacy reward: 0.8698241773821018, g: 0.017985167662599718, curr_delay = 0.21569129864413872, data_size = 3036
user 14, emp_avg: 0.27965948079476405, h: 0.9045983458439747, ucb: 1.1854345157577115,num_of_obs: 40, privacy reward: 0.8816216301891461, g: 0.010364385548155044, curr_delay = 0.21496877815948445, data_size = 2677
num of fast users chosen: 5, num of slow users chosen: 0
max_delay = 0.24 seconds
after cleansing the weights updates who were almost zeros (meaning with absolute value of less than 10**-7, 0.15% of the weights upadtes) we get:
user No.10 has been picked 40, his deltas theta's mean
 is -0.0025560581125319004,
the empirical var of deltas thetas is 0.0043539730831980705
the minimum of the deltas theta is -0.5261220932006836 and the maximum is 0.44530656933784485
the added laplace noise var is 0.10765008553246175
global epoch 234 has been done artifficialy in 0.24 secs, the total time by now is 145.84 
 with avg train loss 1.305, val loss 1.509, avg val acc 47.40%
iteration: 235
user 19, emp_avg: 0.0650324859228981, h: 0.953902992459939, ucb: 1.019050017998677,num_of_obs: 36, privacy reward: 0.919045601200888, g: -0.0036327727896308558, curr_delay = 0.8208959422955662, data_size = 912
user 21, emp_avg: 0.061095238705734085, h: 0.940924115687783, ucb: 1.001924948343346,num_of_obs: 37, privacy reward: 0.9109777784991466, g: 0.00102778267852818, curr_delay = 0.7741344637030393, data_size = 1860
user 22, emp_avg: 0.06365722697621085, h: 0.940924115687783, ucb: 1.004496052620571,num_of_obs: 37, privacy reward: 0.9109777784991466, g: -0.00014050141175627948, curr_delay = 0.7483578195088817, data_size = 1429
user 23, emp_avg: 0.06145788714458754, h: 0.953902992459939, ucb: 1.0154736517784464,num_of_obs: 36, privacy reward: 0.919045601200888, g: -0.003933512993520855, curr_delay = 0.8711091427016779, data_size = 888
user 24, emp_avg: 0.059820045533094814, h: 0.940924115687783, ucb: 1.0008055160682365,num_of_obs: 37, privacy reward: 0.9109777784991466, g: 0.000156178878365313, curr_delay = 0.8688109960559639, data_size = 1668
num of fast users chosen: 0, num of slow users chosen: 5
max_delay = 0.87 seconds
after cleansing the weights updates who were almost zeros (meaning with absolute value of less than 10**-7, 0.08% of the weights upadtes) we get:
user No.19 has been picked 37, his deltas theta's mean
 is -7.98831824795343e-05,
the empirical var of deltas thetas is 0.0024467846378684044
the minimum of the deltas theta is -0.3551158607006073 and the maximum is 0.4899616539478302
the added laplace noise var is 0.08095439879911201
global epoch 235 has been done artifficialy in 0.87 secs, the total time by now is 146.71 
 with avg train loss 1.314, val loss 1.484, avg val acc 47.03%
iteration: 236
user 0, emp_avg: 0.8527642996835157, h: 0.844200043650196, ucb: 1.6937635672398752,num_of_obs: 46, privacy reward: 0.790675429061029, g: 0.03758845012849652, curr_delay = 0.05, data_size = 3816
user 1, emp_avg: 0.6396972033084202, h: 0.905303689793564, ucb: 1.5451330769555003,num_of_obs: 40, privacy reward: 0.8816216301891461, g: -0.003522895042635109, curr_delay = 0.0788134044034631, data_size = 1081
user 2, emp_avg: 0.661992505907399, h: 0.8941952483651822, ucb: 1.5582296766292005,num_of_obs: 41, privacy reward: 0.8698241773821018, g: -0.003292038873202354, curr_delay = 0.08646424854939405, data_size = 1142
user 3, emp_avg: 0.5293064738467718, h: 0.905303689793564, ucb: 1.4392439004777926,num_of_obs: 40, privacy reward: 0.8816216301891461, g: -0.008325457533725064, curr_delay = 0.14536700793802776, data_size = 768
user 5, emp_avg: 0.618666002771856, h: 0.905303689793564, ucb: 1.5294612501621092,num_of_obs: 40, privacy reward: 0.8816216301891461, g: -0.004964531514028217, curr_delay = 0.12531212150991627, data_size = 972
num of fast users chosen: 5, num of slow users chosen: 0
max_delay = 0.15 seconds
after cleansing the weights updates who were almost zeros (meaning with absolute value of less than 10**-7, 0.00% of the weights upadtes) we get:
user No.0 has been picked 47, his deltas theta's mean
 is -0.0005762687069363892,
the empirical var of deltas thetas is 0.006209203507751226
the minimum of the deltas theta is -0.5175873041152954 and the maximum is 0.4656722843647003
the added laplace noise var is 0.209324570938971
global epoch 236 has been done artifficialy in 0.15 secs, the total time by now is 146.86 
 with avg train loss 1.371, val loss 1.633, avg val acc 40.19%
iteration: 237
user 16, emp_avg: 0.06834641034333096, h: 0.9416541059854252, ucb: 1.0098827184984054,num_of_obs: 37, privacy reward: 0.9109777784991466, g: -0.00031536396240869184, curr_delay = 0.6877112728724196, data_size = 1358
user 17, emp_avg: 0.06806117333093914, h: 0.9291813154714942, ucb: 0.9971768355957898,num_of_obs: 38, privacy reward: 0.9021059258235892, g: 0.0040326953835222515, curr_delay = 0.7086570017195176, data_size = 2197
user 26, emp_avg: 0.05772553289728638, h: 0.9416541059854252, ucb: 0.9993715564049177,num_of_obs: 37, privacy reward: 0.9109777784991466, g: 0.00044350867441511876, curr_delay = 0.861703713445894, data_size = 1739
user 28, emp_avg: 0.056419203645609844, h: 0.9416541059854252, ucb: 0.9979554821536085,num_of_obs: 37, privacy reward: 0.9109777784991466, g: 6.429445416392926e-05, curr_delay = 0.8226549930494728, data_size = 1611
user 29, emp_avg: 0.055388617413677045, h: 0.9546430520649355, ucb: 1.0100804064742896,num_of_obs: 36, privacy reward: 0.919045601200888, g: -0.0049405369461249715, curr_delay = 0.9322429844617452, data_size = 801
num of fast users chosen: 0, num of slow users chosen: 5
max_delay = 0.93 seconds
