Namespace(data='cifar10', full_exp=False, i_i_d=False, wandb=True, method_choosing_users='fraboni', model='cnn3', num_users=30, num_users_per_round=5, global_epochs=300, max_seconds=600, epsilon_bar=100, epsilon_sum_deascent_coeff=0.05, delta_f=0.012, accel_ucb_coeff=1, alpha=20, beta=2, gamma=2, choosing_users_verbose=True, sa_pause_verbose=False, snr_verbose=True, dirichlet_coeff=3, label_dominance=0.25, max_iterations_sa_pause=3000, sa_pause_simulation=False, max_time_sa_pause=600, pre_sa_pause_rounds=1, beta_max_reduction=70, data_truncation=None, tau_min=0.05, production=False, privacy_noise='laplace', privacy=True, save_best_model=False, seed=1, norm_mean=0.5, norm_std=0.5, train_batch_size=20, test_batch_size=1000, local_epochs=1, local_iterations=100, lr=0.01, momentum=0.5, lr_scheduler=False, optimizer='adam', device=device(type='cuda'))
=================================================================
Layer (type:depth-idx)                   Param #
=================================================================
CNN3LayerCifar                           --
├─Conv2d: 1-1                            896
├─BatchNorm2d: 1-2                       64
├─Conv2d: 1-3                            18,496
├─BatchNorm2d: 1-4                       128
├─Conv2d: 1-5                            73,856
├─BatchNorm2d: 1-6                       256
├─MaxPool2d: 1-7                         --
├─Linear: 1-8                            65,664
├─BatchNorm1d: 1-9                       256
├─Linear: 1-10                           8,256
├─BatchNorm1d: 1-11                      128
├─Linear: 1-12                           2,080
├─BatchNorm1d: 1-13                      64
├─Linear: 1-14                           330
├─Dropout: 1-15                          --
├─Dropout: 1-16                          --
├─Dropout: 1-17                          --
=================================================================
Total params: 170,474
Trainable params: 170,474
Non-trainable params: 0
=================================================================
fraboni distributions: [[0.39178146 0.         0.         0.         0.41465358 0.
  0.19356497 0.         0.         0.         0.         0.
  0.         0.         0.         0.         0.         0.
  0.         0.         0.         0.         0.         0.
  0.         0.         0.         0.         0.         0.        ]
 [0.         0.         0.         0.         0.         0.
  0.17033306 0.         0.31005859 0.         0.         0.
  0.         0.31160053 0.20800781 0.         0.         0.
  0.         0.         0.         0.         0.         0.
  0.         0.         0.         0.         0.         0.        ]
 [0.         0.         0.         0.         0.         0.
  0.         0.         0.         0.         0.         0.
  0.         0.         0.06787109 0.         0.         0.22538035
  0.         0.         0.         0.19120066 0.         0.
  0.12183902 0.         0.1770662  0.21664268 0.         0.        ]
 [0.         0.11101974 0.117316   0.         0.         0.
  0.         0.         0.         0.         0.14828331 0.
  0.         0.         0.         0.03232936 0.14031661 0.
  0.         0.         0.         0.         0.14661287 0.
  0.04931641 0.1094778  0.         0.         0.14532792 0.        ]
 [0.         0.         0.         0.07876748 0.         0.10009766
  0.         0.05576686 0.         0.07709704 0.         0.091103
  0.07709704 0.         0.         0.07277961 0.         0.
  0.10498047 0.09405839 0.07568359 0.         0.         0.09097451
  0.         0.         0.         0.         0.         0.08159437]]
iteration: 1
user 0, emp_avg: 0.6354905774162883, h: 0, ucb: inf,num_of_obs(calculated after picking at this round): 1, privacy reward: 0.951229424500714, g: 0.15349270894586875, curr_delay = 0.07867937271908076, data_size = 3049
user 14, emp_avg: 0.33491149076941934, h: 0, ucb: inf,num_of_obs(calculated after picking at this round): 1, privacy reward: 0.951229424500714, g: 0.07610917091369629, curr_delay = 0.14929317559433672, data_size = 2147
user 17, emp_avg: 0.05970519192256716, h: 0, ucb: inf,num_of_obs(calculated after picking at this round): 1, privacy reward: 0.951229424500714, g: 0.05079630009025087, curr_delay = 0.8374481077767238, data_size = 1754
user 25, emp_avg: 0.05644449195630372, h: 0, ucb: inf,num_of_obs(calculated after picking at this round): 1, privacy reward: 0.951229424500714, g: 0.011985387828541595, curr_delay = 0.8858260260134382, data_size = 852
user 29, emp_avg: 0.05079193641057045, h: 0, ucb: inf,num_of_obs(calculated after picking at this round): 1, privacy reward: 0.951229424500714, g: 0.006657640689627946, curr_delay = 0.9844082256646227, data_size = 635
num of fast users chosen: 2, num of slow users chosen: 3
max_delay = 0.98 seconds
after cleansing the weights updates who were almost zeros (meaning with absolute value of less than 10**-7, 0.00% of the weights upadtes) we get:
user No.0.0 has been picked 1, his deltas theta's mean
 is -0.0010557632194831967,
the empirical var of deltas thetas is 0.004271178040653467
the minimum of the deltas theta is -0.259299099445343 and the maximum is 0.35443273186683655
the added laplace noise var is 0.002460499979167907
global epoch 1 has been done artifficialy in 0.98 secs, the total time by now is 0.98 
 with avg train loss 1.932, val loss 2.362, avg val acc 10.00%
iteration: 2
user 4, emp_avg: 0.3321176179199688, h: 0, ucb: inf,num_of_obs(calculated after picking at this round): 1, privacy reward: 0.951229424500714, g: 0.17193758916986945, curr_delay = 0.15054907449097935, data_size = 3227
user 14, emp_avg: 0.30666611327791093, h: 2.039333980337618, ucb: 2.374245471107037,num_of_obs(calculated after picking at this round): 2, privacy reward: 0.9048374180359596, g: -0.05023026466369629, curr_delay = 0.179584325351251, data_size = 2147
user 16, emp_avg: 0.0643425245101907, h: 0, ucb: inf,num_of_obs(calculated after picking at this round): 1, privacy reward: 0.951229424500714, g: 0.01968875155884803, curr_delay = 0.7770910510681145, data_size = 1092
user 23, emp_avg: 0.05626478326878081, h: 0, ucb: inf,num_of_obs(calculated after picking at this round): 1, privacy reward: 0.951229424500714, g: 0.008276360847282938, curr_delay = 0.8886553381205878, data_size = 708
user 27, emp_avg: 0.06085934964059168, h: 0, ucb: inf,num_of_obs(calculated after picking at this round): 1, privacy reward: 0.951229424500714, g: 0.04693405119666102, curr_delay = 0.8215664527353287, data_size = 1686
num of fast users chosen: 2, num of slow users chosen: 3
max_delay = 0.89 seconds
after cleansing the weights updates who were almost zeros (meaning with absolute value of less than 10**-7, 0.00% of the weights upadtes) we get:
user No.4.0 has been picked 1, his deltas theta's mean
 is -0.001003991928882897,
the empirical var of deltas thetas is 0.004175625741481781
the minimum of the deltas theta is -0.276844322681427 and the maximum is 0.31127938628196716
the added laplace noise var is 0.002460499979167907
global epoch 2 has been done artifficialy in 0.89 secs, the total time by now is 1.87 
 with avg train loss 1.948, val loss 2.332, avg val acc 10.00%
iteration: 3
user 4, emp_avg: 0.3181268811031613, h: 2.567425506613319, ucb: 2.8995431245332877,num_of_obs(calculated after picking at this round): 2, privacy reward: 0.9048374180359596, g: 0.0066129820792261915, curr_delay = 0.1644000587872365, data_size = 3227
user 5, emp_avg: 0.3937026345563267, h: 0, ucb: inf,num_of_obs(calculated after picking at this round): 1, privacy reward: 0.951229424500714, g: 0.010019540786743164, curr_delay = 0.12699940414761574, data_size = 779
user 10, emp_avg: 0.26421681294711236, h: 0, ucb: inf,num_of_obs(calculated after picking at this round): 1, privacy reward: 0.951229424500714, g: 0.02198793881487648, curr_delay = 0.18923852514263875, data_size = 1154
user 13, emp_avg: 0.3576094662534883, h: 0, ucb: inf,num_of_obs(calculated after picking at this round): 1, privacy reward: 0.951229424500714, g: 0.09709489312528573, curr_delay = 0.13981732789074983, data_size = 2425
user 26, emp_avg: 0.061780865739120346, h: 0, ucb: inf,num_of_obs(calculated after picking at this round): 1, privacy reward: 0.951229424500714, g: 0.031352439415421846, curr_delay = 0.8093120645335896, data_size = 1378
num of fast users chosen: 4, num of slow users chosen: 1
max_delay = 0.81 seconds
after cleansing the weights updates who were almost zeros (meaning with absolute value of less than 10**-7, 0.00% of the weights upadtes) we get:
user No.4.0 has been picked 2, his deltas theta's mean
 is -0.0004412280104588717,
the empirical var of deltas thetas is 0.004982410464435816
the minimum of the deltas theta is -0.32240450382232666 and the maximum is 0.33432507514953613
the added laplace noise var is 0.0025866525107330306
global epoch 3 has been done artifficialy in 0.81 secs, the total time by now is 2.68 
 with avg train loss 1.957, val loss 2.320, avg val acc 10.00%
iteration: 4
user 6, emp_avg: 0.23984833803743152, h: 0, ucb: inf,num_of_obs(calculated after picking at this round): 1, privacy reward: 0.951229424500714, g: 0.132421773556527, curr_delay = 0.20846506758865613, data_size = 2832
user 7, emp_avg: 0.44528054014424223, h: 0, ucb: inf,num_of_obs(calculated after picking at this round): 1, privacy reward: 0.951229424500714, g: 0.0031099425128292184, curr_delay = 0.11228876066266723, data_size = 434
user 17, emp_avg: 0.06363375962408353, h: 2.884053773201766, ucb: 2.943758965124333,num_of_obs(calculated after picking at this round): 2, privacy reward: 0.9048374180359596, g: -0.0006061273928824557, curr_delay = 0.7400573955813775, data_size = 1754
user 24, emp_avg: 0.05801152696389482, h: 0, ucb: inf,num_of_obs(calculated after picking at this round): 1, privacy reward: 0.951229424500714, g: 0.02929418040774866, curr_delay = 0.8618976713217525, data_size = 1332
num of fast users chosen: 2, num of slow users chosen: 2
max_delay = 0.86 seconds
after cleansing the weights updates who were almost zeros (meaning with absolute value of less than 10**-7, 0.00% of the weights upadtes) we get:
user No.6.0 has been picked 1, his deltas theta's mean
 is 4.8455953219672665e-05,
the empirical var of deltas thetas is 0.004683359060436487
the minimum of the deltas theta is -0.32628265023231506 and the maximum is 0.38453933596611023
the added laplace noise var is 0.002460499979167907
global epoch 4 has been done artifficialy in 0.86 secs, the total time by now is 3.54 
 with avg train loss 1.978, val loss 2.319, avg val acc 10.00%
iteration: 5
user 1, emp_avg: 1.0, h: 0, ucb: inf,num_of_obs(calculated after picking at this round): 1, privacy reward: 0.951229424500714, g: 0.012325381968490305, curr_delay = 0.05, data_size = 864
user 3, emp_avg: 0.6283892261326994, h: 0, ucb: inf,num_of_obs(calculated after picking at this round): 1, privacy reward: 0.951229424500714, g: 0.006204315169696333, curr_delay = 0.0795685188743852, data_size = 613
user 4, emp_avg: 0.3314602097308242, h: 2.197342426046132, ucb: 2.5154693071492935,num_of_obs(calculated after picking at this round): 3, privacy reward: 0.8607079764250578, g: 0.00021472732776419882, curr_delay = 0.1396153280003247, data_size = 3227
user 8, emp_avg: 0.4585150826520436, h: 0, ucb: inf,num_of_obs(calculated after picking at this round): 1, privacy reward: 0.951229424500714, g: 0.09613633155822754, curr_delay = 0.1090476668963665, data_size = 2413
user 27, emp_avg: 0.0576308173632296, h: 3.1075114600922396, ucb: 3.1683708097328314,num_of_obs(calculated after picking at this round): 2, privacy reward: 0.9048374180359596, g: 0.00027697882823996873, curr_delay = 0.9190790409094206, data_size = 1686
num of fast users chosen: 4, num of slow users chosen: 1
max_delay = 0.92 seconds
after cleansing the weights updates who were almost zeros (meaning with absolute value of less than 10**-7, 0.00% of the weights upadtes) we get:
user No.1.0 has been picked 1, his deltas theta's mean
 is -0.0006447109044529498,
the empirical var of deltas thetas is 0.0037757812533527613
the minimum of the deltas theta is -0.23591303825378418 and the maximum is 0.23586609959602356
the added laplace noise var is 0.002460499979167907
global epoch 5 has been done artifficialy in 0.92 secs, the total time by now is 4.46 
 with avg train loss 1.929, val loss 2.316, avg val acc 10.00%
iteration: 6
user 0, emp_avg: 0.4479372298752596, h: 3.2788041745990766, ucb: 3.914294752015365,num_of_obs(calculated after picking at this round): 2, privacy reward: 0.9048374180359596, g: 0.05067666819294477, curr_delay = 0.19202417427596233, data_size = 3049
user 14, emp_avg: 0.298869072525623, h: 2.3184646660417676, ucb: 2.6251307793196785,num_of_obs(calculated after picking at this round): 3, privacy reward: 0.8607079764250578, g: -0.003301011191474065, curr_delay = 0.176506933491651, data_size = 2147
user 15, emp_avg: 0.07755594163523151, h: 0, ucb: inf,num_of_obs(calculated after picking at this round): 1, privacy reward: 0.951229424500714, g: 0.011047894274428942, curr_delay = 0.644695931037299, data_size = 818
user 24, emp_avg: 0.06333875751790237, h: 3.2788041745990766, ucb: 3.3368157015629714,num_of_obs(calculated after picking at this round): 2, privacy reward: 0.9048374180359596, g: 2.0148975000120378e-05, curr_delay = 0.7281625358341585, data_size = 1332
user 28, emp_avg: 0.05288326098986721, h: 0, ucb: inf,num_of_obs(calculated after picking at this round): 1, privacy reward: 0.951229424500714, g: 0.02112020415942755, curr_delay = 0.9454787595186375, data_size = 1131
num of fast users chosen: 2, num of slow users chosen: 3
max_delay = 0.95 seconds
after cleansing the weights updates who were almost zeros (meaning with absolute value of less than 10**-7, 0.00% of the weights upadtes) we get:
user No.0.0 has been picked 2, his deltas theta's mean
 is -0.0005235836724750698,
the empirical var of deltas thetas is 0.0026842420920729637
the minimum of the deltas theta is -0.31535378098487854 and the maximum is 0.4504621922969818
the added laplace noise var is 0.0025866525107330306
global epoch 6 has been done artifficialy in 0.95 secs, the total time by now is 5.41 
 with avg train loss 1.836, val loss 2.316, avg val acc 10.00%
iteration: 7
user 6, emp_avg: 0.29204525004151016, h: 3.416937355927363, ucb: 3.6567856939647947,num_of_obs(calculated after picking at this round): 2, privacy reward: 0.9048374180359596, g: 0.048859072160179005, curr_delay = 0.14524658950224226, data_size = 2832
user 19, emp_avg: 0.07002213805317803, h: 0, ucb: inf,num_of_obs(calculated after picking at this round): 1, privacy reward: 0.951229424500714, g: 0.008846980382861191, curr_delay = 0.7140598872034971, data_size = 732
user 25, emp_avg: 0.06175431773707578, h: 3.416937355927363, ucb: 3.4733818478836667,num_of_obs(calculated after picking at this round): 2, privacy reward: 0.9048374180359596, g: -0.0011141807930958366, curr_delay = 0.7455548878618492, data_size = 852
user 26, emp_avg: 0.06015664379580424, h: 3.416937355927363, ucb: 3.4787182216664836,num_of_obs(calculated after picking at this round): 2, privacy reward: 0.9048374180359596, g: 0.0011702596356151843, curr_delay = 0.8542274250330645, data_size = 1378
num of fast users chosen: 1, num of slow users chosen: 3
max_delay = 0.85 seconds
after cleansing the weights updates who were almost zeros (meaning with absolute value of less than 10**-7, 0.00% of the weights upadtes) we get:
user No.6.0 has been picked 2, his deltas theta's mean
 is -0.0031724185682833195,
the empirical var of deltas thetas is 0.00466339522972703
the minimum of the deltas theta is -0.34361326694488525 and the maximum is 0.39387232065200806
the added laplace noise var is 0.0025866525107330306
global epoch 7 has been done artifficialy in 0.85 secs, the total time by now is 6.26 
 with avg train loss 1.937, val loss 2.328, avg val acc 10.00%
iteration: 8
user 4, emp_avg: 0.34356000318364655, h: 2.039333980337618, ucb: 2.370794190068442,num_of_obs(calculated after picking at this round): 4, privacy reward: 0.8187307530779819, g: 0.0015724061928957785, curr_delay = 0.13162765530170634, data_size = 3227
user 10, emp_avg: 0.29617779675356776, h: 3.5322300675464238, ucb: 3.7964468804935363,num_of_obs(calculated after picking at this round): 2, privacy reward: 0.9048374180359596, g: 0.0005421123346133243, curr_delay = 0.1523745529701388, data_size = 1154
user 14, emp_avg: 0.31310379552685713, h: 2.039333980337618, ucb: 2.338203052863241,num_of_obs(calculated after picking at this round): 4, privacy reward: 0.8187307530779819, g: -0.009824991226196289, curr_delay = 0.14052524109731, data_size = 2147
user 20, emp_avg: 0.06766808774126999, h: 0, ucb: inf,num_of_obs(calculated after picking at this round): 1, privacy reward: 0.951229424500714, g: 0.005728006362915039, curr_delay = 0.7389007384274815, data_size = 589
user 24, emp_avg: 0.06250783388076826, h: 2.497663833473093, ucb: 2.5610025909909955,num_of_obs(calculated after picking at this round): 3, privacy reward: 0.8607079764250578, g: -0.006216466591959183, curr_delay = 0.8217468856796978, data_size = 1332
num of fast users chosen: 3, num of slow users chosen: 2
max_delay = 0.82 seconds
after cleansing the weights updates who were almost zeros (meaning with absolute value of less than 10**-7, 0.00% of the weights upadtes) we get:
user No.4.0 has been picked 4, his deltas theta's mean
 is -0.0002949725603684783,
the empirical var of deltas thetas is 0.003004910424351692
the minimum of the deltas theta is -0.3385787904262543 and the maximum is 0.48137181997299194
the added laplace noise var is 0.002858693130029502
global epoch 8 has been done artifficialy in 0.82 secs, the total time by now is 7.08 
 with avg train loss 1.887, val loss 2.317, avg val acc 10.00%
iteration: 9
user 6, emp_avg: 0.29867077162519995, h: 2.567425506613319, ucb: 2.859470756654829,num_of_obs(calculated after picking at this round): 3, privacy reward: 0.8607079764250578, g: 0.020072033465558855, curr_delay = 0.16029657955551715, data_size = 2832
user 11, emp_avg: 0.26518205939962064, h: 0, ucb: inf,num_of_obs(calculated after picking at this round): 1, privacy reward: 0.951229424500714, g: 0.008299756908680922, curr_delay = 0.18854970850291064, data_size = 709
user 14, emp_avg: 0.31400044427612084, h: 1.815443985917585, ucb: 2.1285477814444422,num_of_obs(calculated after picking at this round): 5, privacy reward: 0.7788007830714049, g: -0.0284143406667827, curr_delay = 0.15743715522657706, data_size = 2147
user 22, emp_avg: 0.06245910686583758, h: 0, ucb: inf,num_of_obs(calculated after picking at this round): 1, privacy reward: 0.951229424500714, g: 0.021495333668928064, curr_delay = 0.8005237748179814, data_size = 1141
user 24, emp_avg: 0.06264920410217523, h: 2.09629414793641, ucb: 2.158801981817178,num_of_obs(calculated after picking at this round): 4, privacy reward: 0.8187307530779819, g: -0.026301673097807128, curr_delay = 0.7927282747891785, data_size = 1332
num of fast users chosen: 3, num of slow users chosen: 2
max_delay = 0.80 seconds
after cleansing the weights updates who were almost zeros (meaning with absolute value of less than 10**-7, 0.00% of the weights upadtes) we get:
user No.6.0 has been picked 3, his deltas theta's mean
 is -0.0005037221126258373,
the empirical var of deltas thetas is 0.004679184406995773
the minimum of the deltas theta is -0.34682363271713257 and the maximum is 0.42038261890411377
the added laplace noise var is 0.002719273020902108
global epoch 9 has been done artifficialy in 0.80 secs, the total time by now is 7.89 
 with avg train loss 1.884, val loss 2.313, avg val acc 10.00%
iteration: 10
user 0, emp_avg: 0.5643522433189964, h: 2.628260884878466, ucb: 3.076198114753726,num_of_obs(calculated after picking at this round): 3, privacy reward: 0.8607079764250578, g: 0.03678012670902663, curr_delay = 0.06272091323236531, data_size = 3049
user 2, emp_avg: 0.42669993695109065, h: 0, ucb: inf,num_of_obs(calculated after picking at this round): 1, privacy reward: 0.951229424500714, g: 0.013763042698276341, curr_delay = 0.11717836275595964, data_size = 913
user 5, emp_avg: 0.673878727626954, h: 3.7169221888498387, ucb: 4.110624823406165,num_of_obs(calculated after picking at this round): 2, privacy reward: 0.9048374180359596, g: 9.536743164061417e-09, curr_delay = 0.052407889898235874, data_size = 779
user 8, emp_avg: 0.47617528292503186, h: 3.7169221888498387, ucb: 4.175437271501882,num_of_obs(calculated after picking at this round): 2, privacy reward: 0.9048374180359596, g: 0.044124612808227534, curr_delay = 0.10124829361431448, data_size = 2413
user 21, emp_avg: 0.06292677765666461, h: 0, ucb: inf,num_of_obs(calculated after picking at this round): 1, privacy reward: 0.951229424500714, g: 0.03655769157938019, curr_delay = 0.7945742951086018, data_size = 1488
num of fast users chosen: 4, num of slow users chosen: 1
max_delay = 0.79 seconds
after cleansing the weights updates who were almost zeros (meaning with absolute value of less than 10**-7, 0.00% of the weights upadtes) we get:
user No.0.0 has been picked 3, his deltas theta's mean
 is 0.0004518706409726292,
the empirical var of deltas thetas is 0.0022996291518211365
the minimum of the deltas theta is -0.34061604738235474 and the maximum is 0.3497943580150604
the added laplace noise var is 0.002719273020902108
global epoch 10 has been done artifficialy in 0.79 secs, the total time by now is 8.68 
 with avg train loss 1.903, val loss 2.314, avg val acc 10.00%
iteration: 11
user 0, emp_avg: 0.6732641824892472, h: 2.189929347170073, ucb: 2.7542815904890694,num_of_obs(calculated after picking at this round): 4, privacy reward: 0.8187307530779819, g: 0.014173898457612988, curr_delay = 0.05, data_size = 3049
user 1, emp_avg: 1.0, h: 3.793068894284709, ucb: 4.793068894284708,num_of_obs(calculated after picking at this round): 2, privacy reward: 0.9048374180359596, g: 0.00040443807984306686, curr_delay = 0.05, data_size = 864
user 13, emp_avg: 0.2940798230372804, h: 3.793068894284709, ucb: 4.150678360538197,num_of_obs(calculated after picking at this round): 2, privacy reward: 0.9048374180359596, g: 0.04870471329166241, curr_delay = 0.21687252657449435, data_size = 2425
user 23, emp_avg: 0.056057340660659774, h: 3.793068894284709, ucb: 3.8493336775534894,num_of_obs(calculated after picking at this round): 2, privacy reward: 0.9048374180359596, g: 4.279209862769525e-09, curr_delay = 0.8952567819007358, data_size = 708
user 27, emp_avg: 0.05659827748293211, h: 2.6821047366564774, ucb: 2.739735554019707,num_of_obs(calculated after picking at this round): 3, privacy reward: 0.8607079764250578, g: 0.0012127457377658494, curr_delay = 0.916872695684957, data_size = 1686
num of fast users chosen: 3, num of slow users chosen: 2
max_delay = 0.92 seconds
after cleansing the weights updates who were almost zeros (meaning with absolute value of less than 10**-7, 0.00% of the weights upadtes) we get:
user No.0.0 has been picked 4, his deltas theta's mean
 is -0.00012957806757185608,
the empirical var of deltas thetas is 0.0021488801576197147
the minimum of the deltas theta is -0.26753830909729004 and the maximum is 0.335159569978714
the added laplace noise var is 0.002858693130029502
global epoch 11 has been done artifficialy in 0.92 secs, the total time by now is 9.60 
 with avg train loss 1.834, val loss 2.321, avg val acc 10.00%
iteration: 12
user 2, emp_avg: 0.408274657193985, h: 3.8612743879097744, ucb: 4.2879743248608655,num_of_obs(calculated after picking at this round): 2, privacy reward: 0.9048374180359596, g: 0.0011548212984225396, curr_delay = 0.12825466165607902, data_size = 913
user 6, emp_avg: 0.3218844942944771, h: 2.2293078072747154, ucb: 2.5279785788999156,num_of_obs(calculated after picking at this round): 4, privacy reward: 0.8187307530779819, g: 0.012972760398632275, curr_delay = 0.1277055498890735, data_size = 2832
user 20, emp_avg: 0.06641979012469584, h: 3.8612743879097744, ucb: 3.9289424756510445,num_of_obs(calculated after picking at this round): 2, privacy reward: 0.9048374180359596, g: -5.851851569281677e-05, curr_delay = 0.7672066125195612, data_size = 589
user 26, emp_avg: 0.05944633796945218, h: 2.730333303712937, ucb: 2.7904899475087412,num_of_obs(calculated after picking at this round): 3, privacy reward: 0.8607079764250578, g: 0.0001081503072347084, curr_delay = 0.8616867581641698, data_size = 1378
num of fast users chosen: 2, num of slow users chosen: 2
max_delay = 0.86 seconds
after cleansing the weights updates who were almost zeros (meaning with absolute value of less than 10**-7, 0.00% of the weights upadtes) we get:
user No.2.0 has been picked 2, his deltas theta's mean
 is -0.002099309815093875,
the empirical var of deltas thetas is 0.003505819709971547
the minimum of the deltas theta is -0.2857765257358551 and the maximum is 0.2747664153575897
the added laplace noise var is 0.0025866525107330306
global epoch 12 has been done artifficialy in 0.86 secs, the total time by now is 10.46 
 with avg train loss 1.880, val loss 2.324, avg val acc 10.00%
iteration: 13
user 2, emp_avg: 0.47853841885976073, h: 2.7739589168523406, ucb: 3.1822335740463257,num_of_obs(calculated after picking at this round): 3, privacy reward: 0.8607079764250578, g: -0.0013344525005186327, curr_delay = 0.08076684015763273, data_size = 913
user 4, emp_avg: 0.4748480025469172, h: 1.9614851608391803, ucb: 2.305045164022827,num_of_obs(calculated after picking at this round): 5, privacy reward: 0.7788007830714049, g: 0.011440713196652394, curr_delay = 0.05, data_size = 3227
user 11, emp_avg: 0.28904539308849647, h: 3.9229703216783607, ucb: 4.188152381077981,num_of_obs(calculated after picking at this round): 2, privacy reward: 0.9048374180359596, g: 0.00020107026511194184, curr_delay = 0.15979100523960107, data_size = 709
user 14, emp_avg: 0.325681916228272, h: 1.7544056625974063, ucb: 2.0684061068735273,num_of_obs(calculated after picking at this round): 6, privacy reward: 0.7408182206817179, g: -0.011823621727305762, curr_delay = 0.13017806829219666, data_size = 2147
user 24, emp_avg: 0.06190496085586469, h: 1.9614851608391803, ucb: 2.0241343649413555,num_of_obs(calculated after picking at this round): 5, privacy reward: 0.7788007830714049, g: -0.01864231961671783, curr_delay = 0.8484932509451354, data_size = 1332
num of fast users chosen: 4, num of slow users chosen: 1
max_delay = 0.85 seconds
after cleansing the weights updates who were almost zeros (meaning with absolute value of less than 10**-7, 0.00% of the weights upadtes) we get:
user No.2.0 has been picked 3, his deltas theta's mean
 is -0.0019236018415540457,
the empirical var of deltas thetas is 0.002992539666593075
the minimum of the deltas theta is -0.30199503898620605 and the maximum is 0.2929895222187042
the added laplace noise var is 0.002719273020902108
global epoch 13 has been done artifficialy in 0.85 secs, the total time by now is 11.31 
 with avg train loss 1.825, val loss 2.318, avg val acc 10.02%
iteration: 14
user 0, emp_avg: 0.7386113459913978, h: 1.989619560223232, ucb: 2.6628837427124794,num_of_obs(calculated after picking at this round): 5, privacy reward: 0.7788007830714049, g: 0.011250244525890232, curr_delay = 0.05, data_size = 3049
user 6, emp_avg: 0.43361017187385587, h: 1.989619560223232, ucb: 2.3115040545177092,num_of_obs(calculated after picking at this round): 5, privacy reward: 0.7788007830714049, g: 0.006112697294443232, curr_delay = 0.05678508629602648, data_size = 2832
user 9, emp_avg: 0.44020467731461443, h: 0, ucb: inf,num_of_obs(calculated after picking at this round): 1, privacy reward: 0.951229424500714, g: 0.005943953495606821, curr_delay = 0.11358352733781832, data_size = 600
user 10, emp_avg: 0.31888398211725416, h: 2.8137469660304877, ucb: 3.1099247627840554,num_of_obs(calculated after picking at this round): 3, privacy reward: 0.8607079764250578, g: 2.944324559613875e-05, curr_delay = 0.137250893701165, data_size = 1154
user 27, emp_avg: 0.05587638463452066, h: 2.2974147773596556, ucb: 2.3540130548425875,num_of_obs(calculated after picking at this round): 4, privacy reward: 0.8187307530779819, g: 5.555291720098199e-06, curr_delay = 0.9309131016986115, data_size = 1686
num of fast users chosen: 4, num of slow users chosen: 1
max_delay = 0.93 seconds
after cleansing the weights updates who were almost zeros (meaning with absolute value of less than 10**-7, 0.00% of the weights upadtes) we get:
user No.0.0 has been picked 5, his deltas theta's mean
 is -0.0014195217518135905,
the empirical var of deltas thetas is 0.002439464209601283
the minimum of the deltas theta is -0.29215455055236816 and the maximum is 0.40917089581489563
the added laplace noise var is 0.0030052614610087225
global epoch 14 has been done artifficialy in 0.93 secs, the total time by now is 12.24 
 with avg train loss 1.818, val loss 2.313, avg val acc 10.00%
iteration: 15
user 0, emp_avg: 0.7167348801085415, h: 1.802681403166586, ucb: 2.541292749157984,num_of_obs(calculated after picking at this round): 6, privacy reward: 0.7408182206817179, g: 0.0034161829955763516, curr_delay = 0.0823245081342713, data_size = 3049
user 11, emp_avg: 0.27635010736459803, h: 2.8502895648173414, ucb: 3.139334957905838,num_of_obs(calculated after picking at this round): 3, privacy reward: 0.8607079764250578, g: -0.0017834009145288774, curr_delay = 0.19923530627095257, data_size = 709
user 13, emp_avg: 0.26405069325163394, h: 2.8502895648173414, ucb: 3.144369387854622,num_of_obs(calculated after picking at this round): 3, privacy reward: 0.8607079764250578, g: 0.031779195025870524, curr_delay = 0.2451071301906751, data_size = 2425
user 21, emp_avg: 0.06195153194850335, h: 4.030918159255191, ucb: 4.0938449369118555,num_of_obs(calculated after picking at this round): 2, privacy reward: 0.9048374180359596, g: 0.015508714971193058, curr_delay = 0.8199909027408078, data_size = 1488
user 24, emp_avg: 0.0613740642032841, h: 1.802681403166586, ucb: 1.8645863640224507,num_of_obs(calculated after picking at this round): 6, privacy reward: 0.7408182206817179, g: -0.026301673097807128, curr_delay = 0.8515047144284923, data_size = 1332
num of fast users chosen: 3, num of slow users chosen: 2
max_delay = 0.85 seconds
after cleansing the weights updates who were almost zeros (meaning with absolute value of less than 10**-7, 0.00% of the weights upadtes) we get:
user No.0.0 has been picked 6, his deltas theta's mean
 is -0.0004189856699667871,
the empirical var of deltas thetas is 0.002444053068757057
the minimum of the deltas theta is -0.34146857261657715 and the maximum is 0.3380641043186188
the added laplace noise var is 0.0031593445110112512
global epoch 15 has been done artifficialy in 0.85 secs, the total time by now is 13.09 
 with avg train loss 1.819, val loss 2.284, avg val acc 10.61%
iteration: 16
user 0, emp_avg: 0.7572013258073212, h: 1.6651092223153954, ucb: 2.381844102423937,num_of_obs(calculated after picking at this round): 7, privacy reward: 0.7046880897187136, g: 0.0002816172517898007, curr_delay = 0.05, data_size = 3049
user 6, emp_avg: 0.4182872717006361, h: 1.8240357635440532, ucb: 2.257645935417909,num_of_obs(calculated after picking at this round): 6, privacy reward: 0.7408182206817179, g: 0.002641757109158589, curr_delay = 0.14633884894565863, data_size = 2832
user 19, emp_avg: 0.06707973310854626, h: 4.078667960675236, ucb: 4.148690098728414,num_of_obs(calculated after picking at this round): 2, privacy reward: 0.9048374180359596, g: 0.0009959318631243505, curr_delay = 0.7795772201831669, data_size = 732
user 22, emp_avg: 0.060372194882079344, h: 4.078667960675236, ucb: 4.141127067541073,num_of_obs(calculated after picking at this round): 2, privacy reward: 0.9048374180359596, g: 0.007074974910704381, curr_delay = 0.8578494864170975, data_size = 1141
user 27, emp_avg: 0.05572524139646171, h: 2.039333980337618, ucb: 2.0952103649721385,num_of_obs(calculated after picking at this round): 5, privacy reward: 0.7788007830714049, g: -0.0011127107361347064, curr_delay = 0.9071007556919006, data_size = 1686
num of fast users chosen: 2, num of slow users chosen: 3
max_delay = 0.91 seconds
after cleansing the weights updates who were almost zeros (meaning with absolute value of less than 10**-7, 0.00% of the weights upadtes) we get:
user No.0.0 has been picked 7, his deltas theta's mean
 is -9.7977215773426e-05,
the empirical var of deltas thetas is 0.0023692648392170668
the minimum of the deltas theta is -0.34158414602279663 and the maximum is 0.4951994717121124
the added laplace noise var is 0.003321327567920372
global epoch 16 has been done artifficialy in 0.91 secs, the total time by now is 14.00 
 with avg train loss 1.807, val loss 2.299, avg val acc 12.03%
iteration: 17
user 4, emp_avg: 0.475760326068236, h: 1.8438698470519712, ucb: 2.3187178495988885,num_of_obs(calculated after picking at this round): 6, privacy reward: 0.7408182206817179, g: 0.014528910479740158, curr_delay = 0.10409684724678997, data_size = 3227
user 8, emp_avg: 0.44026586275894664, h: 2.9154142127952674, ucb: 3.391589495720299,num_of_obs(calculated after picking at this round): 3, privacy reward: 0.8607079764250578, g: 0.03702219877276041, curr_delay = 0.13570471996401282, data_size = 2413
user 16, emp_avg: 0.06442348680802741, h: 4.123018319670348, ucb: 4.187360844180539,num_of_obs(calculated after picking at this round): 2, privacy reward: 0.9048374180359596, g: 0.006641122483998279, curr_delay = 0.7751403305210847, data_size = 1092
user 18, emp_avg: 0.06567882330476274, h: 0, ucb: inf,num_of_obs(calculated after picking at this round): 1, privacy reward: 0.951229424500714, g: 0.011020898818969727, curr_delay = 0.7612803866474603, data_size = 817
user 26, emp_avg: 0.059614132299340775, h: 2.380425736735434, ucb: 2.439872074704886,num_of_obs(calculated after picking at this round): 4, privacy reward: 0.8187307530779819, g: 3.5475415795617543e-07, curr_delay = 0.8317043670157024, data_size = 1378
num of fast users chosen: 2, num of slow users chosen: 3
max_delay = 0.83 seconds
after cleansing the weights updates who were almost zeros (meaning with absolute value of less than 10**-7, 0.00% of the weights upadtes) we get:
user No.4.0 has been picked 6, his deltas theta's mean
 is 0.00033864311990328133,
the empirical var of deltas thetas is 0.002017904771491885
the minimum of the deltas theta is -0.36392685770988464 and the maximum is 0.38477861881256104
the added laplace noise var is 0.0031593445110112512
global epoch 17 has been done artifficialy in 0.83 secs, the total time by now is 14.83 
 with avg train loss 1.835, val loss 2.348, avg val acc 15.11%
iteration: 18
user 4, emp_avg: 0.4974851954224224, h: 1.7001093370416398, ucb: 2.175869663109876,num_of_obs(calculated after picking at this round): 7, privacy reward: 0.7046880897187136, g: 0.0066129820792261915, curr_delay = 0.07963883323431674, data_size = 3227
user 13, emp_avg: 0.27208577664666517, h: 2.4043176819614183, ucb: 2.6683683752130523,num_of_obs(calculated after picking at this round): 4, privacy reward: 0.8187307530779819, g: 0.02100582605657228, curr_delay = 0.1688099755581076, data_size = 2425
user 19, emp_avg: 0.06643917443846876, h: 2.944675750178361, ucb: 3.0117554832869073,num_of_obs(calculated after picking at this round): 3, privacy reward: 0.8607079764250578, g: -0.00029079536011915254, curr_delay = 0.7673648083852083, data_size = 732
user 24, emp_avg: 0.06117341313163539, h: 1.7001093370416398, ucb: 1.7614834012449239,num_of_obs(calculated after picking at this round): 7, privacy reward: 0.7046880897187136, g: -0.026301673097807128, curr_delay = 0.8337570667151514, data_size = 1332
user 27, emp_avg: 0.0572224106813819, h: 1.862376468245719, ucb: 1.9181017096421806,num_of_obs(calculated after picking at this round): 6, privacy reward: 0.7408182206817179, g: -0.003737500067681167, curr_delay = 0.772698914113962, data_size = 1686
num of fast users chosen: 2, num of slow users chosen: 3
max_delay = 0.83 seconds
after cleansing the weights updates who were almost zeros (meaning with absolute value of less than 10**-7, 0.00% of the weights upadtes) we get:
user No.4.0 has been picked 7, his deltas theta's mean
 is -0.00048771643196232617,
the empirical var of deltas thetas is 0.0026085134595632553
the minimum of the deltas theta is -0.4132811725139618 and the maximum is 0.43425852060317993
the added laplace noise var is 0.003321327567920372
global epoch 18 has been done artifficialy in 0.83 secs, the total time by now is 15.66 
 with avg train loss 1.751, val loss 2.314, avg val acc 10.99%
iteration: 19
user 0, emp_avg: 0.7193418173907152, h: 1.5886487463519179, ucb: 2.345850072159239,num_of_obs(calculated after picking at this round): 8, privacy reward: 0.6703200460356393, g: 0.0005457084264781672, curr_delay = 0.11005331327580004, data_size = 3049
user 13, emp_avg: 0.25776180071371113, h: 2.1015847517408526, ucb: 2.373670528387518,num_of_obs(calculated after picking at this round): 5, privacy reward: 0.7788007830714049, g: 0.010215997695922852, curr_delay = 0.24941898224472425, data_size = 2425
user 18, emp_avg: 0.06867619001314842, h: 4.203169503481705, ucb: 4.268848326786468,num_of_obs(calculated after picking at this round): 2, privacy reward: 0.9048374180359596, g: 0.002740406263568065, curr_delay = 0.6976073504243673, data_size = 817
user 21, emp_avg: 0.06291017323941522, h: 2.9720896583884073, ucb: 3.034041190336911,num_of_obs(calculated after picking at this round): 3, privacy reward: 0.8607079764250578, g: 0.00738525390625, curr_delay = 0.7712781469918315, data_size = 1488
user 24, emp_avg: 0.06113778573495773, h: 1.5886487463519179, ucb: 1.6498221594835534,num_of_obs(calculated after picking at this round): 8, privacy reward: 0.6703200460356393, g: -0.03891372680664061, curr_delay = 0.8211745580662475, data_size = 1332
num of fast users chosen: 2, num of slow users chosen: 3
max_delay = 0.82 seconds
after cleansing the weights updates who were almost zeros (meaning with absolute value of less than 10**-7, 0.00% of the weights upadtes) we get:
user No.0.0 has been picked 8, his deltas theta's mean
 is -0.000641683756839484,
the empirical var of deltas thetas is 0.0025549675337970257
the minimum of the deltas theta is -0.3902255892753601 and the maximum is 0.3348808288574219
the added laplace noise var is 0.003491615673751563
global epoch 19 has been done artifficialy in 0.82 secs, the total time by now is 16.48 
 with avg train loss 1.789, val loss 2.277, avg val acc 14.97%
iteration: 20
user 4, emp_avg: 0.47180081565785814, h: 1.602426447669014, ucb: 2.0999116430914366,num_of_obs(calculated after picking at this round): 8, privacy reward: 0.6703200460356393, g: 0.004180085058027361, curr_delay = 0.17122692053352193, data_size = 3227
user 12, emp_avg: 0.34315590445894273, h: 0, ucb: inf,num_of_obs(calculated after picking at this round): 1, privacy reward: 0.951229424500714, g: 0.005943953495606821, curr_delay = 0.14570636655323035, data_size = 600
user 13, emp_avg: 0.2665591198686783, h: 1.8960165421917576, ucb: 2.153778342905469,num_of_obs(calculated after picking at this round): 6, privacy reward: 0.7408182206817179, g: 0.003794625855548889, curr_delay = 0.16100689039096802, data_size = 2425
user 16, emp_avg: 0.06544427366965568, h: 2.997865377341346, ucb: 3.0622888641493735,num_of_obs(calculated after picking at this round): 3, privacy reward: 0.8607079764250578, g: 0.001625429190426981, curr_delay = 0.7408960831282579, data_size = 1092
user 21, emp_avg: 0.06435067669530661, h: 2.4477468306808166, ucb: 2.510657003920232,num_of_obs(calculated after picking at this round): 4, privacy reward: 0.8187307530779819, g: 0.0016974942109591413, curr_delay = 0.7280968051031182, data_size = 1488
num of fast users chosen: 3, num of slow users chosen: 2
max_delay = 0.74 seconds
after cleansing the weights updates who were almost zeros (meaning with absolute value of less than 10**-7, 0.00% of the weights upadtes) we get:
user No.4.0 has been picked 8, his deltas theta's mean
 is -0.001607824582606554,
the empirical var of deltas thetas is 0.0026809247210621834
the minimum of the deltas theta is -0.41897109150886536 and the maximum is 0.4691258668899536
the added laplace noise var is 0.003491615673751563
global epoch 20 has been done artifficialy in 0.74 secs, the total time by now is 17.22 
 with avg train loss 1.792, val loss 2.254, avg val acc 12.39%
iteration: 21
user 0, emp_avg: 0.7095917381138723, h: 1.5110896162347776, ucb: 2.2304314336254927,num_of_obs(calculated after picking at this round): 9, privacy reward: 0.6376281516217733, g: 0.00011726885755272047, curr_delay = 0.07916514290863957, data_size = 3049
user 10, emp_avg: 0.2924589182070479, h: 2.467599010262171, ucb: 2.786482992379425,num_of_obs(calculated after picking at this round): 4, privacy reward: 0.8187307530779819, g: 2.944324559613875e-05, curr_delay = 0.23453947834769784, data_size = 1154
user 14, emp_avg: 0.30973287952336254, h: 1.7448559934055943, ucb: 2.0705379096338663,num_of_obs(calculated after picking at this round): 7, privacy reward: 0.7046880897187136, g: -9.673468920649283e-05, curr_delay = 0.23360265928101687, data_size = 2147
user 17, emp_avg: 0.06421183218711822, h: 3.022179232469555, ucb: 3.0858129920936386,num_of_obs(calculated after picking at this round): 3, privacy reward: 0.8607079764250578, g: 0.01693700527583388, curr_delay = 0.764900522475136, data_size = 1754
user 19, emp_avg: 0.0661585123754916, h: 2.467599010262171, ucb: 2.53403818470064,num_of_obs(calculated after picking at this round): 4, privacy reward: 0.8187307530779819, g: -0.00238131846019739, curr_delay = 0.7655030498282729, data_size = 732
num of fast users chosen: 3, num of slow users chosen: 2
max_delay = 0.77 seconds
after cleansing the weights updates who were almost zeros (meaning with absolute value of less than 10**-7, 0.00% of the weights upadtes) we get:
user No.0.0 has been picked 9, his deltas theta's mean
 is -0.0006634027813561261,
the empirical var of deltas thetas is 0.0023716818541288376
the minimum of the deltas theta is -0.38257914781570435 and the maximum is 0.40480998158454895
the added laplace noise var is 0.0036706346374685154
global epoch 21 has been done artifficialy in 0.77 secs, the total time by now is 17.99 
 with avg train loss 1.736, val loss 2.080, avg val acc 20.68%
iteration: 22
user 2, emp_avg: 0.48360077444746596, h: 2.48637987980852, ucb: 2.9649182986682807,num_of_obs(calculated after picking at this round): 4, privacy reward: 0.8187307530779819, g: -0.0003628126390114418, curr_delay = 0.1002430209177666, data_size = 913
user 4, emp_avg: 0.5304896139180961, h: 1.5225905030633604, ucb: 1.9943913187212186,num_of_obs(calculated after picking at this round): 9, privacy reward: 0.6376281516217733, g: 0.002602756090269636, curr_delay = 0.05, data_size = 3227
user 13, emp_avg: 0.2714635537145706, h: 1.7581360736183977, ucb: 2.024695193487076,num_of_obs(calculated after picking at this round): 7, privacy reward: 0.7046880897187136, g: 0.0015111304839199218, curr_delay = 0.16617359814435212, data_size = 2425
user 14, emp_avg: 0.2946783965299625, h: 1.6277177150911069, ucb: 1.9374505946144693,num_of_obs(calculated after picking at this round): 8, privacy reward: 0.6703200460356393, g: -0.0017895363579111647, curr_delay = 0.2641351732240217, data_size = 2147
user 19, emp_avg: 0.06537048612852162, h: 2.153268139372678, ucb: 2.2194266517481696,num_of_obs(calculated after picking at this round): 5, privacy reward: 0.7788007830714049, g: -0.007701781383296166, curr_delay = 0.8036210374387179, data_size = 732
num of fast users chosen: 4, num of slow users chosen: 1
max_delay = 0.80 seconds
after cleansing the weights updates who were almost zeros (meaning with absolute value of less than 10**-7, 0.00% of the weights upadtes) we get:
user No.2.0 has been picked 4, his deltas theta's mean
 is 0.0012150019174441695,
the empirical var of deltas thetas is 0.0023529911413788795
the minimum of the deltas theta is -0.24870924651622772 and the maximum is 0.3369669020175934
the added laplace noise var is 0.002858693130029502
global epoch 22 has been done artifficialy in 0.80 secs, the total time by now is 18.79 
 with avg train loss 1.712, val loss 2.227, avg val acc 13.33%
iteration: 23
user 0, emp_avg: 0.738632564302485, h: 1.445797177091621, ucb: 2.155388915205493,num_of_obs(calculated after picking at this round): 10, privacy reward: 0.6065306597126334, g: 2.2763182039495475e-07, curr_delay = 0.05, data_size = 3049
user 8, emp_avg: 0.422946973796358, h: 2.504194168162345, ucb: 2.9444600309212916,num_of_obs(calculated after picking at this round): 4, privacy reward: 0.8187307530779819, g: 0.03226471352892697, curr_delay = 0.13477441072960286, data_size = 2413
user 10, emp_avg: 0.28935599584069677, h: 2.1686957656374313, ucb: 2.4611546838444793,num_of_obs(calculated after picking at this round): 5, privacy reward: 0.7788007830714049, g: -0.0006568834472513705, curr_delay = 0.1805417148827175, data_size = 1154
user 19, emp_avg: 0.06487119043455614, h: 1.9397404617924996, ucb: 2.0051109479210214,num_of_obs(calculated after picking at this round): 6, privacy reward: 0.7408182206817179, g: -0.01521100821591263, curr_delay = 0.8016069080731575, data_size = 732
user 26, emp_avg: 0.05935353315257906, h: 2.1686957656374313, ucb: 2.228309897936772,num_of_obs(calculated after picking at this round): 5, privacy reward: 0.7788007830714049, g: 9.94240019947669e-06, curr_delay = 0.857469137886005, data_size = 1378
num of fast users chosen: 3, num of slow users chosen: 2
max_delay = 0.86 seconds
after cleansing the weights updates who were almost zeros (meaning with absolute value of less than 10**-7, 0.00% of the weights upadtes) we get:
user No.0.0 has been picked 10, his deltas theta's mean
 is -0.0011185623006895185,
the empirical var of deltas thetas is 0.002165778074413538
the minimum of the deltas theta is -0.3086302876472473 and the maximum is 0.39227139949798584
the added laplace noise var is 0.0038588320997273353
global epoch 23 has been done artifficialy in 0.86 secs, the total time by now is 19.65 
 with avg train loss 1.747, val loss 2.165, avg val acc 16.21%
iteration: 24
user 0, emp_avg: 0.7623932402749865, h: 1.380880986257964, ucb: 2.119513550560449,num_of_obs(calculated after picking at this round): 11, privacy reward: 0.5769498103804868, g: -0.0006192737302254749, curr_delay = 0.05, data_size = 3049
user 8, emp_avg: 0.3970192122140144, h: 2.1833645470974195, ucb: 2.6063115208937773,num_of_obs(calculated after picking at this round): 5, privacy reward: 0.7788007830714049, g: 0.020561244752671987, curr_delay = 0.17046917138906156, data_size = 2413
user 12, emp_avg: 0.2678292717672066, h: 4.366729094194839, ucb: 4.709884998653782,num_of_obs(calculated after picking at this round): 2, privacy reward: 0.9048374180359596, g: 0.0012553113172442483, curr_delay = 0.25973669888441137, data_size = 600
user 25, emp_avg: 0.061421852798974406, h: 3.0877437541097605, ucb: 3.1494980718468364,num_of_obs(calculated after picking at this round): 3, privacy reward: 0.8607079764250578, g: 0.0006835329308807763, curr_delay = 0.8229514859328076, data_size = 852
user 27, emp_avg: 0.057528176644428684, h: 1.782709687623856, ucb: 1.8399320983052379,num_of_obs(calculated after picking at this round): 7, privacy reward: 0.7046880897187136, g: -0.0011127107361347064, curr_delay = 0.8422787204741862, data_size = 1686
num of fast users chosen: 3, num of slow users chosen: 2
max_delay = 0.84 seconds
after cleansing the weights updates who were almost zeros (meaning with absolute value of less than 10**-7, 0.00% of the weights upadtes) we get:
user No.0.0 has been picked 11, his deltas theta's mean
 is -0.0005757315084338188,
the empirical var of deltas thetas is 0.002744614379480481
the minimum of the deltas theta is -0.345781147480011 and the maximum is 0.37791264057159424
the added laplace noise var is 0.004056678652211352
global epoch 24 has been done artifficialy in 0.84 secs, the total time by now is 20.49 
 with avg train loss 1.731, val loss 2.123, avg val acc 19.71%
iteration: 25
user 4, emp_avg: 0.5224471739439512, h: 1.4648949506974211, ucb: 1.9953845646155173,num_of_obs(calculated after picking at this round): 10, privacy reward: 0.6065306597126334, g: 0.0029870135119747275, curr_delay = 0.1110950111784807, data_size = 3227
user 8, emp_avg: 0.4002716150297523, h: 1.965362813793382, ucb: 2.3623820260073964,num_of_obs(calculated after picking at this round): 6, privacy reward: 0.7408182206817179, g: 0.012112894058227536, curr_delay = 0.1200383270542193, data_size = 2413
user 16, emp_avg: 0.06583416853489588, h: 2.537272482359039, ucb: 2.602716756028695,num_of_obs(calculated after picking at this round): 4, privacy reward: 0.8187307530779819, g: 0.0004127647167427716, curr_delay = 0.7462257417126539, data_size = 1092
user 17, emp_avg: 0.06434814001604651, h: 2.537272482359039, ucb: 2.6014843145461573,num_of_obs(calculated after picking at this round): 4, privacy reward: 0.8187307530779819, g: 0.011105017195514034, curr_delay = 0.7721165428974992, data_size = 1754
user 29, emp_avg: 0.0569925075772515, h: 4.394684852092264, ucb: 4.445476788502835,num_of_obs(calculated after picking at this round): 2, privacy reward: 0.9048374180359596, g: 0.0017300913475226827, curr_delay = 0.7912258904587826, data_size = 635
num of fast users chosen: 2, num of slow users chosen: 3
max_delay = 0.79 seconds
after cleansing the weights updates who were almost zeros (meaning with absolute value of less than 10**-7, 0.00% of the weights upadtes) we get:
user No.4.0 has been picked 10, his deltas theta's mean
 is 5.760897693107836e-05,
the empirical var of deltas thetas is 0.0030177319422364235
the minimum of the deltas theta is -0.397745817899704 and the maximum is 0.4276961386203766
the added laplace noise var is 0.0038588320997273353
global epoch 25 has been done artifficialy in 0.79 secs, the total time by now is 21.28 
 with avg train loss 1.649, val loss 2.064, avg val acc 25.46%
iteration: 26
user 0, emp_avg: 0.7815532994163137, h: 1.3330954827744095, ucb: 2.095488723049396,num_of_obs(calculated after picking at this round): 12, privacy reward: 0.5488116360940265, g: -0.0009794062850932892, curr_delay = 0.05038727914836389, data_size = 3049
user 13, emp_avg: 0.2682853887155504, h: 1.6711236266198215, ucb: 1.9425871803343921,num_of_obs(calculated after picking at this round): 8, privacy reward: 0.6703200460356393, g: 0.0017951970123146954, curr_delay = 0.2032204476659189, data_size = 2425
user 23, emp_avg: 0.05709381395328459, h: 3.126386030877257, ucb: 3.1824433715379166,num_of_obs(calculated after picking at this round): 3, privacy reward: 0.8607079764250578, g: 0.00019744267537387543, curr_delay = 0.845069081776683, data_size = 708
user 24, emp_avg: 0.06066818139254436, h: 1.5631930154386284, ucb: 1.6243308011735862,num_of_obs(calculated after picking at this round): 9, privacy reward: 0.6376281516217733, g: -0.01864231961671783, curr_delay = 0.8785594251468262, data_size = 1332
user 26, emp_avg: 0.058766826678135715, h: 1.9773001405011275, ucb: 2.0366536736537064,num_of_obs(calculated after picking at this round): 6, privacy reward: 0.7408182206817179, g: -0.00023230306771084914, curr_delay = 0.8955230140289142, data_size = 1378
num of fast users chosen: 2, num of slow users chosen: 3
max_delay = 0.90 seconds
after cleansing the weights updates who were almost zeros (meaning with absolute value of less than 10**-7, 0.00% of the weights upadtes) we get:
user No.0.0 has been picked 12, his deltas theta's mean
 is 0.0005136937834322453,
the empirical var of deltas thetas is 0.0031256345100700855
the minimum of the deltas theta is -0.3690529763698578 and the maximum is 0.39358454942703247
the added laplace noise var is 0.004264669014355438
global epoch 26 has been done artifficialy in 0.90 secs, the total time by now is 22.18 
 with avg train loss 1.703, val loss 2.121, avg val acc 18.60%
iteration: 27
user 2, emp_avg: 0.4572078922361884, h: 2.2234557110512667, ucb: 2.7070564854987325,num_of_obs(calculated after picking at this round): 5, privacy reward: 0.7788007830714049, g: -0.0009506216636939988, curr_delay = 0.14219234756557775, data_size = 913
user 6, emp_avg: 0.4051865922386976, h: 1.815443985917585, ucb: 2.233731257618221,num_of_obs(calculated after picking at this round): 7, privacy reward: 0.7046880897187136, g: 0.020072033465558855, curr_delay = 0.1531006640955407, data_size = 2832
user 13, emp_avg: 0.2639718829705947, h: 1.5722206109523074, ucb: 1.8405059996678577,num_of_obs(calculated after picking at this round): 9, privacy reward: 0.6376281516217733, g: 0.00023421970820393346, curr_delay = 0.217899258773461, data_size = 2425
user 27, emp_avg: 0.05788446023391736, h: 1.680774532173697, ucb: 1.7383027088181258,num_of_obs(calculated after picking at this round): 8, privacy reward: 0.6703200460356393, g: -0.0018161727492565015, curr_delay = 0.8281100929578491, data_size = 1686
user 29, emp_avg: 0.05576276693610357, h: 3.1444412219046147, ucb: 3.201433729481866,num_of_obs(calculated after picking at this round): 3, privacy reward: 0.8607079764250578, g: 5.655480232739009e-05, curr_delay = 0.9380284796088977, data_size = 635
num of fast users chosen: 3, num of slow users chosen: 2
max_delay = 0.94 seconds
after cleansing the weights updates who were almost zeros (meaning with absolute value of less than 10**-7, 0.00% of the weights upadtes) we get:
user No.2.0 has been picked 5, his deltas theta's mean
 is 0.0016644548159092665,
the empirical var of deltas thetas is 0.001890694024041295
the minimum of the deltas theta is -0.24256375432014465 and the maximum is 0.24800188839435577
the added laplace noise var is 0.0030052614610087225
global epoch 27 has been done artifficialy in 0.94 secs, the total time by now is 23.12 
 with avg train loss 1.586, val loss 2.062, avg val acc 23.14%
iteration: 28
user 4, emp_avg: 0.5658610672217739, h: 1.4139740825436378, ucb: 1.9364212564875891,num_of_obs(calculated after picking at this round): 11, privacy reward: 0.5769498103804868, g: 0.003307482933295885, curr_delay = 0.05, data_size = 3227
user 8, emp_avg: 0.3960633355892066, h: 1.8254326912201402, ucb: 2.2257043062498925,num_of_obs(calculated after picking at this round): 7, privacy reward: 0.7046880897187136, g: 0.009172444440880603, curr_delay = 0.13483861447318035, data_size = 2413
user 9, emp_avg: 0.44165181260808495, h: 4.471378653284826, ucb: 4.9115833305994405,num_of_obs(calculated after picking at this round): 2, privacy reward: 0.9048374180359596, g: 0.0017125323087110104, curr_delay = 0.11284161300041869, data_size = 600
user 21, emp_avg: 0.06437631691511901, h: 2.235689326642413, ucb: 2.3000400033377195,num_of_obs(calculated after picking at this round): 5, privacy reward: 0.7788007830714049, g: 0.0023370954461900757, curr_delay = 0.7754477390170528, data_size = 1488
user 25, emp_avg: 0.059747087241039595, h: 2.5815516691227405, ucb: 2.6429735219217148,num_of_obs(calculated after picking at this round): 4, privacy reward: 0.8187307530779819, g: 5.451939712378674e-06, curr_delay = 0.9136960941084955, data_size = 852
num of fast users chosen: 3, num of slow users chosen: 2
max_delay = 0.91 seconds
after cleansing the weights updates who were almost zeros (meaning with absolute value of less than 10**-7, 0.00% of the weights upadtes) we get:
user No.4.0 has been picked 11, his deltas theta's mean
 is -0.0005279473843984306,
the empirical var of deltas thetas is 0.0032929694280028343
the minimum of the deltas theta is -0.4475952982902527 and the maximum is 0.5331860780715942
the added laplace noise var is 0.004056678652211352
global epoch 28 has been done artifficialy in 0.91 secs, the total time by now is 24.03 
 with avg train loss 1.717, val loss 2.072, avg val acc 22.85%
iteration: 29
user 2, emp_avg: 0.547673243530157, h: 2.0101629277209767, ucb: 2.467370819957165,num_of_obs(calculated after picking at this round): 6, privacy reward: 0.7408182206817179, g: -0.003035767348598639, curr_delay = 0.05, data_size = 913
user 3, emp_avg: 0.5355096659223153, h: 4.4948609522341005, ucb: 5.1232501783668,num_of_obs(calculated after picking at this round): 2, privacy reward: 0.9048374180359596, g: 0.0019611361339306405, curr_delay = 0.11296113697368022, data_size = 613
user 4, emp_avg: 0.5744850388816963, h: 1.3552515693981906, ucb: 1.9211126366199645,num_of_obs(calculated after picking at this round): 12, privacy reward: 0.5488116360940265, g: 0.0012491440817851034, curr_delay = 0.07469947722703153, data_size = 3227
user 13, emp_avg: 0.2604732423099096, h: 1.4982869840780335, ucb: 1.762258867048628,num_of_obs(calculated after picking at this round): 10, privacy reward: 0.6065306597126334, g: 1.576799952482505e-06, curr_delay = 0.2183544598286004, data_size = 2425
user 24, emp_avg: 0.060906846660716066, h: 1.4982869840780335, ucb: 1.5589551654705778,num_of_obs(calculated after picking at this round): 10, privacy reward: 0.6065306597126334, g: -0.019373689059729384, curr_delay = 0.7929606149008916, data_size = 1332
num of fast users chosen: 4, num of slow users chosen: 1
max_delay = 0.79 seconds
after cleansing the weights updates who were almost zeros (meaning with absolute value of less than 10**-7, 0.00% of the weights upadtes) we get:
user No.2.0 has been picked 6, his deltas theta's mean
 is 0.0005636390997096896,
the empirical var of deltas thetas is 0.002138730138540268
the minimum of the deltas theta is -0.3001658320426941 and the maximum is 0.3330400586128235
the added laplace noise var is 0.0031593445110112512
global epoch 29 has been done artifficialy in 0.79 secs, the total time by now is 24.82 
 with avg train loss 1.668, val loss 2.024, avg val acc 24.28%
iteration: 30
user 4, emp_avg: 0.576485742061944, h: 1.3040700482838634, ucb: 1.8785550871655596,num_of_obs(calculated after picking at this round): 13, privacy reward: 0.522045776761016, g: 0.00021472732776419882, curr_delay = 0.08326475367550187, data_size = 3227
user 8, emp_avg: 0.4290198645496236, h: 1.7074284879387203, ucb: 2.1034918235279267,num_of_obs(calculated after picking at this round): 8, privacy reward: 0.6703200460356393, g: 0.005886765586005316, curr_delay = 0.07579023821844112, data_size = 2413
user 10, emp_avg: 0.32363827892200975, h: 2.020256631716522, ucb: 2.3096126275572186,num_of_obs(calculated after picking at this round): 6, privacy reward: 0.7408182206817179, g: -0.0003379479523033828, curr_delay = 0.10099996136309902, data_size = 1154
user 20, emp_avg: 0.06461254685559426, h: 3.194306207142087, ucb: 3.260725997266783,num_of_obs(calculated after picking at this round): 3, privacy reward: 0.8607079764250578, g: 8.130497402615019e-05, curr_delay = 0.81969819597271, data_size = 589
user 21, emp_avg: 0.0634716213397498, h: 2.020256631716522, ucb: 2.084632948631641,num_of_obs(calculated after picking at this round): 6, privacy reward: 0.7408182206817179, g: 0.0006019167255790245, curr_delay = 0.8482031335128496, data_size = 1488
num of fast users chosen: 3, num of slow users chosen: 2
max_delay = 0.85 seconds
after cleansing the weights updates who were almost zeros (meaning with absolute value of less than 10**-7, 0.00% of the weights upadtes) we get:
user No.4.0 has been picked 13, his deltas theta's mean
 is -0.0011509419418871403,
the empirical var of deltas thetas is 0.00268843537196517
the minimum of the deltas theta is -0.31101614236831665 and the maximum is 0.3736010193824768
the added laplace noise var is 0.0044833232704022995
global epoch 30 has been done artifficialy in 0.85 secs, the total time by now is 25.67 
 with avg train loss 1.677, val loss 2.042, avg val acc 22.06%
iteration: 31
user 4, emp_avg: 0.6067367604860908, h: 1.2589349352928598, ucb: 1.8354206773548039,num_of_obs(calculated after picking at this round): 14, privacy reward: 0.4965853037914095, g: -2.210185881737876e-05, curr_delay = 0.05, data_size = 3227
user 13, emp_avg: 0.26153308495136407, h: 1.435406675019692, ucb: 1.6958799173296017,num_of_obs(calculated after picking at this round): 11, privacy reward: 0.5769498103804868, g: -0.00012056282926733063, curr_delay = 0.1837346941154856, data_size = 2425
user 22, emp_avg: 0.06164765677172681, h: 3.209666900700981, ucb: 3.2700390955830603,num_of_obs(calculated after picking at this round): 3, privacy reward: 0.8607079764250578, g: 0.0067398748883267185, curr_delay = 0.7788334192258748, data_size = 1141
user 27, emp_avg: 0.05896119300597264, h: 1.6048334503504904, ucb: 1.6627179105844079,num_of_obs(calculated after picking at this round): 9, privacy reward: 0.6376281516217733, g: -0.0017157684319970203, curr_delay = 0.7399180047286382, data_size = 1686
user 29, emp_avg: 0.05570027596810604, h: 2.620682050339242, ucb: 2.6764448172753457,num_of_obs(calculated after picking at this round): 4, privacy reward: 0.8187307530779819, g: -0.00023042714083009269, curr_delay = 0.9006931237511722, data_size = 635
num of fast users chosen: 2, num of slow users chosen: 3
max_delay = 0.90 seconds
after cleansing the weights updates who were almost zeros (meaning with absolute value of less than 10**-7, 0.00% of the weights upadtes) we get:
user No.4.0 has been picked 14, his deltas theta's mean
 is -0.00022425544739235193,
the empirical var of deltas thetas is 0.0027324333786964417
the minimum of the deltas theta is -0.4581396281719208 and the maximum is 0.3317086100578308
the added laplace noise var is 0.004713188169883967
global epoch 31 has been done artifficialy in 0.90 secs, the total time by now is 26.57 
 with avg train loss 1.561, val loss 1.987, avg val acc 27.11%
iteration: 32
user 4, emp_avg: 0.5852263511079436, h: 1.2187351586436523, ucb: 1.8254719191297433,num_of_obs(calculated after picking at this round): 15, privacy reward: 0.4723665527410147, g: -0.0005219590300668309, curr_delay = 0.1760063746437814, data_size = 3227
user 13, emp_avg: 0.2633937537157676, h: 1.374918689060238, ucb: 1.636451774011602,num_of_obs(calculated after picking at this round): 12, privacy reward: 0.5488116360940265, g: -0.0010335881293975753, curr_delay = 0.17614248030708354, data_size = 2425
user 17, emp_avg: 0.06382404382825205, h: 2.2800447044300665, ucb: 2.344392844446113,num_of_obs(calculated after picking at this round): 5, privacy reward: 0.7788007830714049, g: 0.010076213741566665, curr_delay = 0.8100096577057808, data_size = 1754
user 19, emp_avg: 0.06586423476998084, h: 1.861648705529517, ucb: 1.926519895964073,num_of_obs(calculated after picking at this round): 7, privacy reward: 0.7046880897187136, g: -0.008731334823650667, curr_delay = 0.6961606662986396, data_size = 732
user 22, emp_avg: 0.06255700463126371, h: 2.6327688477341593, ucb: 2.6944165045058863,num_of_obs(calculated after picking at this round): 4, privacy reward: 0.8187307530779819, g: 0.0027944830315925397, curr_delay = 0.7658721463950373, data_size = 1141
num of fast users chosen: 2, num of slow users chosen: 3
max_delay = 0.81 seconds
after cleansing the weights updates who were almost zeros (meaning with absolute value of less than 10**-7, 0.00% of the weights upadtes) we get:
user No.4.0 has been picked 15, his deltas theta's mean
 is 0.0003602959041018039,
the empirical var of deltas thetas is 0.003868191735818982
the minimum of the deltas theta is -0.47392207384109497 and the maximum is 0.4850866198539734
the added laplace noise var is 0.004954838494780425
global epoch 32 has been done artifficialy in 0.81 secs, the total time by now is 27.38 
 with avg train loss 1.661, val loss 2.000, avg val acc 24.80%
iteration: 33
user 1, emp_avg: 0.8316420269940279, h: 3.23875326080877, ucb: 4.23875326080877,num_of_obs(calculated after picking at this round): 3, privacy reward: 0.8607079764250578, g: 0.0025415387516327342, curr_delay = 0.10102518723762709, data_size = 864
user 4, emp_avg: 0.6111497041636972, h: 1.182625479425584, ucb: 1.7678518305335276,num_of_obs(calculated after picking at this round): 16, privacy reward: 0.44932896411722156, g: -0.0015913618699564555, curr_delay = 0.05, data_size = 3227
user 6, emp_avg: 0.46145129439272947, h: 1.731186437463332, ucb: 2.1363730297020296,num_of_obs(calculated after picking at this round): 8, privacy reward: 0.6703200460356393, g: 0.02303620132705526, curr_delay = 0.05845873251451367, data_size = 2832
user 20, emp_avg: 0.06349777060990572, h: 2.6444309639188845, ucb: 2.709043510774479,num_of_obs(calculated after picking at this round): 4, privacy reward: 0.8187307530779819, g: -0.0002318157637414854, curr_delay = 0.831207632402752, data_size = 589
user 21, emp_avg: 0.06334433048431627, h: 1.8698950669667216, ucb: 1.9333666883064713,num_of_obs(calculated after picking at this round): 7, privacy reward: 0.7046880897187136, g: 8.803085732712715e-05, curr_delay = 0.7989698357564134, data_size = 1488
num of fast users chosen: 3, num of slow users chosen: 2
max_delay = 0.83 seconds
after cleansing the weights updates who were almost zeros (meaning with absolute value of less than 10**-7, 0.00% of the weights upadtes) we get:
user No.1.0 has been picked 3, his deltas theta's mean
 is 0.0007040227646939456,
the empirical var of deltas thetas is 0.0011315223528072238
the minimum of the deltas theta is -0.24727651476860046 and the maximum is 0.3070492148399353
the added laplace noise var is 0.002719273020902108
global epoch 33 has been done artifficialy in 0.83 secs, the total time by now is 28.21 
 with avg train loss 1.679, val loss 2.082, avg val acc 20.85%
iteration: 34
user 6, emp_avg: 0.521290039460204, h: 1.626275005484042, ucb: 2.0877262998767714,num_of_obs(calculated after picking at this round): 9, privacy reward: 0.6376281516217733, g: 0.01653896532487522, curr_delay = 0.05, data_size = 2832
user 9, emp_avg: 0.40288653235959093, h: 3.252550010968084, ucb: 3.694201823576169,num_of_obs(calculated after picking at this round): 3, privacy reward: 0.8607079764250578, g: 0.00033392116998307334, curr_delay = 0.15367783081945363, data_size = 600
user 13, emp_avg: 0.2636337809496317, h: 1.3278479816259392, ucb: 1.5912417353417068,num_of_obs(calculated after picking at this round): 13, privacy reward: 0.522045776761016, g: -0.0017090486752766294, curr_delay = 0.18760732938676594, data_size = 2425
user 17, emp_avg: 0.06501726978840357, h: 2.0570932476529578, ucb: 2.1209172914812098,num_of_obs(calculated after picking at this round): 6, privacy reward: 0.7408182206817179, g: 0.006134260787300593, curr_delay = 0.704390044565219, data_size = 1754
user 25, emp_avg: 0.06058459098983269, h: 2.299900168903912, ucb: 2.3596472561449513,num_of_obs(calculated after picking at this round): 5, privacy reward: 0.7788007830714049, g: -6.673685421997726e-05, curr_delay = 0.7820490832730987, data_size = 852
num of fast users chosen: 3, num of slow users chosen: 2
max_delay = 0.78 seconds
after cleansing the weights updates who were almost zeros (meaning with absolute value of less than 10**-7, 0.00% of the weights upadtes) we get:
user No.6.0 has been picked 9, his deltas theta's mean
 is -0.0014598374255001545,
the empirical var of deltas thetas is 0.004300996195524931
the minimum of the deltas theta is -0.4007473289966583 and the maximum is 0.5062329769134521
the added laplace noise var is 0.0036706346374685154
global epoch 34 has been done artifficialy in 0.78 secs, the total time by now is 29.00 
 with avg train loss 1.628, val loss 1.930, avg val acc 28.52%
iteration: 35
user 1, emp_avg: 0.7905770510468626, h: 2.666588855256623, ucb: 3.4982308822506507,num_of_obs(calculated after picking at this round): 4, privacy reward: 0.8187307530779819, g: 0.0006403658567824639, curr_delay = 0.07491959742621694, data_size = 864
user 6, emp_avg: 0.5691610355141836, h: 1.5395557934004673, ucb: 2.0608458328606716,num_of_obs(calculated after picking at this round): 10, privacy reward: 0.6065306597126334, g: 0.01139666614514141, curr_delay = 0.05, data_size = 2832
user 14, emp_avg: 0.28723729284149185, h: 1.6329455122927587, ucb: 1.9276239088227212,num_of_obs(calculated after picking at this round): 9, privacy reward: 0.6376281516217733, g: 0.0022379974443085347, curr_delay = 0.21957901462239787, data_size = 2147
user 19, emp_avg: 0.06489653522515385, h: 1.745692182362731, ucb: 1.8115564171327119,num_of_obs(calculated after picking at this round): 8, privacy reward: 0.6703200460356393, g: -0.011223625119703302, curr_delay = 0.8602500052754555, data_size = 732
user 21, emp_avg: 0.06297136674646538, h: 1.745692182362731, ucb: 1.8090365128470471,num_of_obs(calculated after picking at this round): 8, privacy reward: 0.6703200460356393, g: -7.742842148545737e-05, curr_delay = 0.828354637813599, data_size = 1488
num of fast users chosen: 3, num of slow users chosen: 2
max_delay = 0.86 seconds
after cleansing the weights updates who were almost zeros (meaning with absolute value of less than 10**-7, 0.00% of the weights upadtes) we get:
user No.1.0 has been picked 4, his deltas theta's mean
 is -6.776464579161257e-05,
the empirical var of deltas thetas is 0.0009154874715022743
the minimum of the deltas theta is -0.23586630821228027 and the maximum is 0.269422322511673
the added laplace noise var is 0.002858693130029502
global epoch 35 has been done artifficialy in 0.86 secs, the total time by now is 29.86 
 with avg train loss 1.645, val loss 1.945, avg val acc 25.25%
iteration: 36
user 6, emp_avg: 0.6083282141038033, h: 1.4663258038627247, ucb: 2.035486839376908,num_of_obs(calculated after picking at this round): 11, privacy reward: 0.5769498103804868, g: 0.007416697208248907, curr_delay = 0.05, data_size = 2832
user 16, emp_avg: 0.06640445028184891, h: 2.3184646660417676, ucb: 2.3842988345766636,num_of_obs(calculated after picking at this round): 5, privacy reward: 0.7788007830714049, g: 0.0008529612729480998, curr_delay = 0.7279548631250328, data_size = 1092
user 19, emp_avg: 0.06478554063210355, h: 1.6394020872995383, ucb: 1.704298622524692,num_of_obs(calculated after picking at this round): 9, privacy reward: 0.6376281516217733, g: -0.016425968362068465, curr_delay = 0.7825022005194132, data_size = 732
user 27, emp_avg: 0.058772794512896284, h: 1.5456431106945119, ucb: 1.6046043037004845,num_of_obs(calculated after picking at this round): 10, privacy reward: 0.6065306597126334, g: -0.0011127107361347064, curr_delay = 0.8760064075684348, data_size = 1686
num of fast users chosen: 1, num of slow users chosen: 3
max_delay = 0.88 seconds
after cleansing the weights updates who were almost zeros (meaning with absolute value of less than 10**-7, 0.00% of the weights upadtes) we get:
user No.6.0 has been picked 11, his deltas theta's mean
 is -0.004262787289917469,
the empirical var of deltas thetas is 0.004584231413900852
the minimum of the deltas theta is -0.4982622563838959 and the maximum is 0.5224841833114624
the added laplace noise var is 0.004056678652211352
global epoch 36 has been done artifficialy in 0.88 secs, the total time by now is 30.73 
 with avg train loss 1.563, val loss 1.874, avg val acc 29.18%
iteration: 37
user 6, emp_avg: 0.5813027919570157, h: 1.4034213867242553, ucb: 2.0117496008280584,num_of_obs(calculated after picking at this round): 12, privacy reward: 0.5488116360940265, g: 0.004435657105794626, curr_delay = 0.1760419891541084, data_size = 2832
user 11, emp_avg: 0.25326774819617787, h: 2.687347358509586, ucb: 2.963697465874184,num_of_obs(calculated after picking at this round): 4, privacy reward: 0.8187307530779819, g: 0.000100438891784226, curr_delay = 0.2717086064966061, data_size = 709
user 13, emp_avg: 0.2607591531103926, h: 1.290959913453353, ucb: 1.5545936944029846,num_of_obs(calculated after picking at this round): 14, privacy reward: 0.4965853037914095, g: -0.0015801274372114586, curr_delay = 0.22382481666328616, data_size = 2425
user 17, emp_avg: 0.06505382806966895, h: 1.9002415406058841, ucb: 1.9652588103942876,num_of_obs(calculated after picking at this round): 7, privacy reward: 0.7046880897187136, g: 0.003996538691227384, curr_delay = 0.7660114264076539, data_size = 1754
user 28, emp_avg: 0.05613315108304999, h: 4.654622162524618, ucb: 4.707505423514485,num_of_obs(calculated after picking at this round): 2, privacy reward: 0.9048374180359596, g: 0.013995101138109645, curr_delay = 0.8419912320019711, data_size = 1131
num of fast users chosen: 3, num of slow users chosen: 2
max_delay = 0.84 seconds
after cleansing the weights updates who were almost zeros (meaning with absolute value of less than 10**-7, 0.00% of the weights upadtes) we get:
user No.6.0 has been picked 12, his deltas theta's mean
 is -0.0019064146326854825,
the empirical var of deltas thetas is 0.004777952563017607
the minimum of the deltas theta is -0.411258339881897 and the maximum is 0.42117470502853394
the added laplace noise var is 0.004264669014355438
global epoch 37 has been done artifficialy in 0.84 secs, the total time by now is 31.57 
 with avg train loss 1.547, val loss 1.982, avg val acc 24.31%
iteration: 38
user 4, emp_avg: 0.601351280610477, h: 1.1679446947083558, ucb: 1.779094398872053,num_of_obs(calculated after picking at this round): 17, privacy reward: 0.4274149319487267, g: -4.0947895631235056e-05, curr_delay = 0.11246658241549695, data_size = 3227
user 6, emp_avg: 0.5723851943962985, h: 1.348626367776929, ucb: 1.9299291597339447,num_of_obs(calculated after picking at this round): 13, privacy reward: 0.522045776761016, g: 0.002314432836305405, curr_delay = 0.107440461772966, data_size = 2832
user 17, emp_avg: 0.065893539343139, h: 1.765766404157466, ucb: 1.830820232227135,num_of_obs(calculated after picking at this round): 8, privacy reward: 0.6703200460356393, g: 0.001694954002993259, curr_delay = 0.6966551804109877, data_size = 1754
user 22, emp_avg: 0.06297428801282173, h: 2.3358893894167116, ucb: 2.3984463940479754,num_of_obs(calculated after picking at this round): 5, privacy reward: 0.7788007830714049, g: 0.0017097986966288978, curr_delay = 0.7734739097897669, data_size = 1141
user 29, emp_avg: 0.05611238809078757, h: 2.3358893894167116, ucb: 2.3915896653848177,num_of_obs(calculated after picking at this round): 5, privacy reward: 0.7788007830714049, g: -0.000560211673007447, curr_delay = 0.8656384318367453, data_size = 635
num of fast users chosen: 2, num of slow users chosen: 3
max_delay = 0.87 seconds
after cleansing the weights updates who were almost zeros (meaning with absolute value of less than 10**-7, 0.00% of the weights upadtes) we get:
user No.4.0 has been picked 17, his deltas theta's mean
 is -0.0007862681522965431,
the empirical var of deltas thetas is 0.0035967130679637194
the minimum of the deltas theta is -0.3978755474090576 and the maximum is 0.47534874081611633
the added laplace noise var is 0.005475943408193042
global epoch 38 has been done artifficialy in 0.87 secs, the total time by now is 32.44 
 with avg train loss 1.546, val loss 1.833, avg val acc 33.40%
iteration: 39
user 1, emp_avg: 0.8324616408374901, h: 2.344214680696815, ucb: 3.1347917317436775,num_of_obs(calculated after picking at this round): 5, privacy reward: 0.7788007830714049, g: 7.149775104333437e-05, curr_delay = 0.05, data_size = 864
user 4, emp_avg: 0.6234984316876727, h: 1.1371111456042993, ucb: 1.7384624262147763,num_of_obs(calculated after picking at this round): 18, privacy reward: 0.4065696597405991, g: -0.00045130152799604145, curr_delay = 0.05, data_size = 3227
user 7, emp_avg: 0.4921933733587678, h: 4.68842936139363, ucb: 5.133709901537872,num_of_obs(calculated after picking at this round): 2, privacy reward: 0.9048374180359596, g: 0.0009075658086179998, curr_delay = 0.0927461034400136, data_size = 434
user 8, emp_avg: 0.4095071148544432, h: 1.657610097277775, ucb: 2.0866299618273985,num_of_obs(calculated after picking at this round): 9, privacy reward: 0.6376281516217733, g: 0.0110103864563209, curr_delay = 0.19731251102631625, data_size = 2413
user 17, emp_avg: 0.06611961722246981, h: 1.657610097277775, ucb: 1.723503636620914,num_of_obs(calculated after picking at this round): 9, privacy reward: 0.6376281516217733, g: 0.0004101491853752753, curr_delay = 0.7360708861401994, data_size = 1754
num of fast users chosen: 4, num of slow users chosen: 1
max_delay = 0.74 seconds
after cleansing the weights updates who were almost zeros (meaning with absolute value of less than 10**-7, 0.00% of the weights upadtes) we get:
user No.1.0 has been picked 5, his deltas theta's mean
 is -0.00012259419600013644,
the empirical var of deltas thetas is 0.0010468013351783156
the minimum of the deltas theta is -0.22674375772476196 and the maximum is 0.24325793981552124
the added laplace noise var is 0.0030052614610087225
global epoch 39 has been done artifficialy in 0.74 secs, the total time by now is 33.18 
 with avg train loss 1.629, val loss 1.774, avg val acc 37.02%
iteration: 40
user 2, emp_avg: 0.5152160286766364, h: 1.9206455826398414, ucb: 2.468318826169998,num_of_obs(calculated after picking at this round): 7, privacy reward: 0.7046880897187136, g: -0.0010682441785394975, curr_delay = 0.15601951064339725, data_size = 913
user 6, emp_avg: 0.556484119092631, h: 1.3048217303726153, ucb: 1.8772069247689138,num_of_obs(calculated after picking at this round): 14, privacy reward: 0.4965853037914095, g: 0.001513056451263851, curr_delay = 0.1429510248624397, data_size = 2832
user 8, emp_avg: 0.40258028722899597, h: 1.5682005513993709, ucb: 1.977707666253814,num_of_obs(calculated after picking at this round): 10, privacy reward: 0.6065306597126334, g: 0.007234964370727538, curr_delay = 0.14695559215327136, data_size = 2413
user 12, emp_avg: 0.25893093373298764, h: 3.326655732464934, ucb: 3.5944850042321406,num_of_obs(calculated after picking at this round): 3, privacy reward: 0.8607079764250578, g: 0.0007342495482384001, curr_delay = 0.20735336606363397, data_size = 600
user 26, emp_avg: 0.05851338239980956, h: 1.9206455826398414, ucb: 1.9794124093179772,num_of_obs(calculated after picking at this round): 7, privacy reward: 0.7046880897187136, g: 0.0007325792180534222, curr_delay = 0.8773050815773825, data_size = 1378
num of fast users chosen: 4, num of slow users chosen: 1
max_delay = 0.88 seconds
after cleansing the weights updates who were almost zeros (meaning with absolute value of less than 10**-7, 0.00% of the weights upadtes) we get:
user No.2.0 has been picked 7, his deltas theta's mean
 is -6.15067983744666e-05,
the empirical var of deltas thetas is 0.002023108070716262
the minimum of the deltas theta is -0.26110246777534485 and the maximum is 0.29659587144851685
the added laplace noise var is 0.003321327567920372
global epoch 40 has been done artifficialy in 0.88 secs, the total time by now is 34.05 
 with avg train loss 1.655, val loss 1.865, avg val acc 31.19%
iteration: 41
user 0, emp_avg: 0.7983568917689049, h: 1.3626393629101405, ucb: 2.1441926623264544,num_of_obs(calculated after picking at this round): 13, privacy reward: 0.522045776761016, g: 0.009820518402958828, curr_delay = 0.05, data_size = 3049
user 6, emp_avg: 0.533817481869158, h: 1.2615589109234724, ucb: 1.8180430300161032,num_of_obs(calculated after picking at this round): 15, privacy reward: 0.4723665527410147, g: 0.0005033118013061181, curr_delay = 0.230963352901303, data_size = 2832
user 18, emp_avg: 0.06767527853097892, h: 3.337771142560994, ucb: 3.4064473325741425,num_of_obs(calculated after picking at this round): 3, privacy reward: 0.8607079764250578, g: 0.00315843785823207, curr_delay = 0.761342608952017, data_size = 817
user 24, emp_avg: 0.06059489013768354, h: 1.4926966336207048, ucb: 1.553603480281421,num_of_obs(calculated after picking at this round): 11, privacy reward: 0.5769498103804868, g: -0.005292127666585815, curr_delay = 0.869938535895058, data_size = 1332
user 26, emp_avg: 0.05807351036538194, h: 1.784113721560606, ucb: 1.8426271039604156,num_of_obs(calculated after picking at this round): 8, privacy reward: 0.6703200460356393, g: 4.0125805884912716e-05, curr_delay = 0.9091833792496633, data_size = 1378
num of fast users chosen: 2, num of slow users chosen: 3
max_delay = 0.91 seconds
after cleansing the weights updates who were almost zeros (meaning with absolute value of less than 10**-7, 0.00% of the weights upadtes) we get:
user No.0.0 has been picked 13, his deltas theta's mean
 is -0.0005756480386480689,
the empirical var of deltas thetas is 0.002636305056512356
the minimum of the deltas theta is -0.3468841016292572 and the maximum is 0.46570074558258057
the added laplace noise var is 0.0044833232704022995
global epoch 41 has been done artifficialy in 0.91 secs, the total time by now is 34.96 
 with avg train loss 1.596, val loss 1.835, avg val acc 33.29%
iteration: 42
user 1, emp_avg: 0.8603847006979084, h: 2.1178299133641594, ucb: 2.9502915542016495,num_of_obs(calculated after picking at this round): 6, privacy reward: 0.7408182206817179, g: -6.444689270560468e-05, curr_delay = 0.05, data_size = 864
user 4, emp_avg: 0.6174345135879316, h: 1.1161943705113027, ucb: 1.7396928021989755,num_of_obs(calculated after picking at this round): 19, privacy reward: 0.38674102345450123, g: -0.0001937065839403533, curr_delay = 0.0983702048477727, data_size = 3227
user 14, emp_avg: 0.2842190747376871, h: 1.5785372170215834, ucb: 1.8657745098630754,num_of_obs(calculated after picking at this round): 10, privacy reward: 0.6065306597126334, g: 0.0037937212963493516, curr_delay = 0.19451081773558432, data_size = 2147
user 17, emp_avg: 0.06615256707644562, h: 1.5785372170215834, ucb: 1.6446568342440533,num_of_obs(calculated after picking at this round): 10, privacy reward: 0.6065306597126334, g: 0.0001230908394452912, curr_delay = 0.7524554604896918, data_size = 1754
user 20, emp_avg: 0.06654119732538, h: 2.367805825532375, ucb: 2.4313035961422806,num_of_obs(calculated after picking at this round): 5, privacy reward: 0.7788007830714049, g: -0.0003823785284479187, curr_delay = 0.6352037205183008, data_size = 589
num of fast users chosen: 3, num of slow users chosen: 2
max_delay = 0.75 seconds
after cleansing the weights updates who were almost zeros (meaning with absolute value of less than 10**-7, 0.00% of the weights upadtes) we get:
user No.1.0 has been picked 6, his deltas theta's mean
 is -0.0007455029408447444,
the empirical var of deltas thetas is 0.0011131265200674534
the minimum of the deltas theta is -0.23867273330688477 and the maximum is 0.22293764352798462
the added laplace noise var is 0.0031593445110112512
global epoch 42 has been done artifficialy in 0.75 secs, the total time by now is 35.72 
 with avg train loss 1.569, val loss 1.697, avg val acc 40.38%
iteration: 43
user 4, emp_avg: 0.6018378472387155, h: 1.0898382471522376, ucb: 1.7072727607401692,num_of_obs(calculated after picking at this round): 20, privacy reward: 0.36787944117144233, g: -0.0007402147445044006, curr_delay = 0.1636654854138933, data_size = 3227
user 8, emp_avg: 0.45689117020817815, h: 1.5022383530638996, ucb: 1.9048186402928957,num_of_obs(calculated after picking at this round): 11, privacy reward: 0.5769498103804868, g: 0.006006320403549335, curr_delay = 0.05, data_size = 2413
user 22, emp_avg: 0.06289274409666848, h: 2.124485852819989, ucb: 2.1874601408328105,num_of_obs(calculated after picking at this round): 6, privacy reward: 0.7408182206817179, g: 0.0009201394405400332, curr_delay = 0.8001917321369569, data_size = 1141
user 26, emp_avg: 0.058209584954114914, h: 1.6795535379291044, ucb: 1.7376270482944864,num_of_obs(calculated after picking at this round): 9, privacy reward: 0.6376281516217733, g: -8.064598511812198e-05, curr_delay = 0.8431961756151625, data_size = 1378
user 29, emp_avg: 0.05652741689007463, h: 2.124485852819989, ucb: 2.1805982409107765,num_of_obs(calculated after picking at this round): 6, privacy reward: 0.7408182206817179, g: -0.0012030286215826296, curr_delay = 0.8532050347907197, data_size = 635
num of fast users chosen: 2, num of slow users chosen: 3
max_delay = 0.85 seconds
after cleansing the weights updates who were almost zeros (meaning with absolute value of less than 10**-7, 0.00% of the weights upadtes) we get:
user No.4.0 has been picked 20, his deltas theta's mean
 is -0.001347126206383109,
the empirical var of deltas thetas is 0.0036188375670462847
the minimum of the deltas theta is -0.4222522974014282 and the maximum is 0.43828198313713074
the added laplace noise var is 0.006362138562880896
global epoch 43 has been done artifficialy in 0.85 secs, the total time by now is 36.57 
 with avg train loss 1.533, val loss 1.840, avg val acc 30.73%
iteration: 44
user 0, emp_avg: 0.7878009224844275, h: 1.321570679838361, ucb: 2.119927571607266,num_of_obs(calculated after picking at this round): 14, privacy reward: 0.4965853037914095, g: 0.009278873616649518, curr_delay = 0.0768552879830971, data_size = 3049
user 9, emp_avg: 0.36382110350636965, h: 2.751068750110859, ucb: 3.1539552824704495,num_of_obs(calculated after picking at this round): 4, privacy reward: 0.8187307530779819, g: 7.948117068294145e-05, curr_delay = 0.20273709928715214, data_size = 600
user 14, emp_avg: 0.2798397587049435, h: 1.5068224116832603, ucb: 1.7910414864209474,num_of_obs(calculated after picking at this round): 11, privacy reward: 0.5769498103804868, g: 0.00236256063477067, curr_delay = 0.21182258225147305, data_size = 2147
user 17, emp_avg: 0.066203162228168, h: 1.5068224116832603, ucb: 1.5729749787597058,num_of_obs(calculated after picking at this round): 11, privacy reward: 0.5769498103804868, g: -3.5811091721465826e-06, curr_delay = 0.7495227742169494, data_size = 1754
user 24, emp_avg: 0.06044351297459833, h: 1.4366987981768091, ucb: 1.4972936883144927,num_of_obs(calculated after picking at this round): 12, privacy reward: 0.5488116360940265, g: -0.006216466591959183, curr_delay = 0.8506531390754615, data_size = 1332
num of fast users chosen: 3, num of slow users chosen: 2
max_delay = 0.85 seconds
after cleansing the weights updates who were almost zeros (meaning with absolute value of less than 10**-7, 0.00% of the weights upadtes) we get:
user No.0.0 has been picked 14, his deltas theta's mean
 is -0.0012172030983492732,
the empirical var of deltas thetas is 0.002482110634446144
the minimum of the deltas theta is -0.33330535888671875 and the maximum is 0.4044587314128876
the added laplace noise var is 0.004713188169883967
global epoch 44 has been done artifficialy in 0.85 secs, the total time by now is 37.42 
 with avg train loss 1.570, val loss 1.748, avg val acc 35.80%
iteration: 45
user 0, emp_avg: 0.8019475276521323, h: 1.2772731819505712, ucb: 2.0650741044349985,num_of_obs(calculated after picking at this round): 15, privacy reward: 0.4723665527410147, g: 0.006507704478682262, curr_delay = 0.05, data_size = 3049
user 14, emp_avg: 0.27213785055210993, h: 1.4409584858893534, ucb: 1.7207982445942969,num_of_obs(calculated after picking at this round): 12, privacy reward: 0.5488116360940265, g: 0.0009881253890049316, curr_delay = 0.26678496143648, data_size = 2147
user 15, emp_avg: 0.0714844156481293, h: 4.779118636173611, ucb: 4.8566745778088425,num_of_obs(calculated after picking at this round): 2, privacy reward: 0.9048374180359596, g: 0.006870211931998792, curr_delay = 0.7643753434392295, data_size = 818
user 17, emp_avg: 0.06610520855700287, h: 1.4409584858893534, ucb: 1.5071616481175214,num_of_obs(calculated after picking at this round): 12, privacy reward: 0.5488116360940265, g: -0.0003634398725770622, curr_delay = 0.7689028833222703, data_size = 1754
user 28, emp_avg: 0.055837914798132104, h: 3.379347195733365, ucb: 3.4354803468164152,num_of_obs(calculated after picking at this round): 3, privacy reward: 0.8607079764250578, g: 0.010177475520701102, curr_delay = 0.9050192729898232, data_size = 1131
num of fast users chosen: 2, num of slow users chosen: 3
max_delay = 0.91 seconds
after cleansing the weights updates who were almost zeros (meaning with absolute value of less than 10**-7, 0.00% of the weights upadtes) we get:
user No.0.0 has been picked 15, his deltas theta's mean
 is -0.002114475006237626,
the empirical var of deltas thetas is 0.002976337680593133
the minimum of the deltas theta is -0.3946029245853424 and the maximum is 0.46093788743019104
the added laplace noise var is 0.004954838494780425
global epoch 45 has been done artifficialy in 0.91 secs, the total time by now is 38.32 
 with avg train loss 1.491, val loss 1.719, avg val acc 37.57%
iteration: 46
user 4, emp_avg: 0.6051741795440816, h: 1.0717240404818436, ucb: 1.6735618877205591,num_of_obs(calculated after picking at this round): 21, privacy reward: 0.3499377491111554, g: -0.00040517790482120803, curr_delay = 0.07441574424547742, data_size = 3227
user 13, emp_avg: 0.25808030956110994, h: 1.2809552344953514, ucb: 1.541714387605744,num_of_obs(calculated after picking at this round): 15, privacy reward: 0.4723665527410147, g: 5.260177989721345e-05, curr_delay = 0.22667872610730033, data_size = 2425
user 23, emp_avg: 0.05714402458683937, h: 2.767179573677536, ucb: 2.8242733876308206,num_of_obs(calculated after picking at this round): 4, privacy reward: 0.8187307530779819, g: 0.0006634289872690094, curr_delay = 0.8726817309901367, data_size = 708
user 26, emp_avg: 0.05888970865269153, h: 1.5976318717587594, ucb: 1.6558414567128743,num_of_obs(calculated after picking at this round): 10, privacy reward: 0.6065306597126334, g: -0.0003454384018411043, curr_delay = 0.7691027202553693, data_size = 1378
user 28, emp_avg: 0.05509780569273262, h: 2.767179573677536, ucb: 2.8230174884756685,num_of_obs(calculated after picking at this round): 4, privacy reward: 0.8187307530779819, g: 0.006417696713029181, curr_delay = 0.945582155865225, data_size = 1131
num of fast users chosen: 2, num of slow users chosen: 3
max_delay = 0.95 seconds
after cleansing the weights updates who were almost zeros (meaning with absolute value of less than 10**-7, 0.00% of the weights upadtes) we get:
user No.4.0 has been picked 21, his deltas theta's mean
 is -0.0009045187034644186,
the empirical var of deltas thetas is 0.003738590283319354
the minimum of the deltas theta is -0.47713708877563477 and the maximum is 0.44611313939094543
the added laplace noise var is 0.006688332382295982
global epoch 46 has been done artifficialy in 0.95 secs, the total time by now is 39.27 
 with avg train loss 1.521, val loss 1.793, avg val acc 34.13%
iteration: 47
user 0, emp_avg: 0.814325807173874, h: 1.2409911525405906, ucb: 2.042938680192723,num_of_obs(calculated after picking at this round): 16, privacy reward: 0.44932896411722156, g: 0.005275482877571587, curr_delay = 0.05, data_size = 3049
user 14, emp_avg: 0.27089658495921354, h: 1.3874702882782857, ucb: 1.6596081388303956,num_of_obs(calculated after picking at this round): 13, privacy reward: 0.522045776761016, g: 0.00042270362080357827, curr_delay = 0.19531143353513775, data_size = 2147
user 18, emp_avg: 0.06890315211027485, h: 2.7749405765565713, ucb: 2.8426158550875504,num_of_obs(calculated after picking at this round): 4, privacy reward: 0.8187307530779819, g: 0.0016933785892277622, curr_delay = 0.6888307337287223, data_size = 817
user 22, emp_avg: 0.06254421000828685, h: 1.9621792990728595, ucb: 2.025072043169528,num_of_obs(calculated after picking at this round): 7, privacy reward: 0.7046880897187136, g: 0.0003592274140139597, curr_delay = 0.8270887378494087, data_size = 1141
user 26, emp_avg: 0.05867696869604246, h: 1.5198975495164255, ucb: 1.5787872581691171,num_of_obs(calculated after picking at this round): 11, privacy reward: 0.5769498103804868, g: -0.0012744726347875947, curr_delay = 0.8841800347842252, data_size = 1378
num of fast users chosen: 2, num of slow users chosen: 3
max_delay = 0.88 seconds
after cleansing the weights updates who were almost zeros (meaning with absolute value of less than 10**-7, 0.00% of the weights upadtes) we get:
user No.0.0 has been picked 16, his deltas theta's mean
 is -0.0013598247896879911,
the empirical var of deltas thetas is 0.002938315039500594
the minimum of the deltas theta is -0.35164228081703186 and the maximum is 0.39961498975753784
the added laplace noise var is 0.005208878496773946
global epoch 47 has been done artifficialy in 0.88 secs, the total time by now is 40.15 
 with avg train loss 1.562, val loss 1.737, avg val acc 37.29%
iteration: 48
user 4, emp_avg: 0.5912597406994272, h: 1.0516926507720632, ucb: 1.6568668303161447,num_of_obs(calculated after picking at this round): 22, privacy reward: 0.3328710836980795, g: -0.0005219590300668309, curr_delay = 0.167192473083159, data_size = 3227
user 6, emp_avg: 0.5162169366591676, h: 1.2443795258534096, ucb: 1.7781970077225675,num_of_obs(calculated after picking at this round): 16, privacy reward: 0.44932896411722156, g: 0.002641757109158589, curr_delay = 0.1982484680370598, data_size = 2832
user 7, emp_avg: 0.6420933516407069, h: 3.4078736820374775, ucb: 3.9000670553962453,num_of_obs(calculated after picking at this round): 3, privacy reward: 0.8607079764250578, g: 0.0001988154112210309, curr_delay = 0.0530845686708496, data_size = 434
user 21, emp_avg: 0.0627913743259288, h: 1.7039368410187388, ucb: 1.766908207765204,num_of_obs(calculated after picking at this round): 9, privacy reward: 0.6376281516217733, g: 0.0006019167255790245, curr_delay = 0.8149768629090031, data_size = 1488
user 28, emp_avg: 0.05574156358753422, h: 2.4097305899958688, ucb: 2.4648283956886012,num_of_obs(calculated after picking at this round): 5, privacy reward: 0.7788007830714049, g: 0.003843328702556204, curr_delay = 0.8573888763059381, data_size = 1131
num of fast users chosen: 3, num of slow users chosen: 2
max_delay = 0.86 seconds
after cleansing the weights updates who were almost zeros (meaning with absolute value of less than 10**-7, 0.00% of the weights upadtes) we get:
user No.4.0 has been picked 22, his deltas theta's mean
 is -0.0011849438305944204,
the empirical var of deltas thetas is 0.003863314399495721
the minimum of the deltas theta is -0.36685797572135925 and the maximum is 0.42478036880493164
the added laplace noise var is 0.007031250516463562
global epoch 48 has been done artifficialy in 0.86 secs, the total time by now is 41.01 
 with avg train loss 1.525, val loss 1.854, avg val acc 34.42%
iteration: 49
user 0, emp_avg: 0.8028461037101091, h: 1.2080697876329352, ucb: 2.022395594806809,num_of_obs(calculated after picking at this round): 17, privacy reward: 0.4274149319487267, g: 0.00425767255752179, curr_delay = 0.08075315583428752, data_size = 3049
user 3, emp_avg: 0.46632268215846534, h: 3.416937355927363, ucb: 3.9524470218496783,num_of_obs(calculated after picking at this round): 3, privacy reward: 0.8607079764250578, g: 0.0014402896951133742, curr_delay = 0.1524628631531445, data_size = 613
user 13, emp_avg: 0.25651038628472883, h: 1.2476891116156503, ucb: 1.5057694211767603,num_of_obs(calculated after picking at this round): 16, privacy reward: 0.44932896411722156, g: 3.0009421401385812e-05, curr_delay = 0.21462770470201747, data_size = 2425
user 14, emp_avg: 0.26958619442801274, h: 1.34023309650752, ucb: 1.6111296814667335,num_of_obs(calculated after picking at this round): 14, privacy reward: 0.4965853037914095, g: 0.00011178375730311919, curr_delay = 0.19797972185003238, data_size = 2147
user 28, emp_avg: 0.05539317558266086, h: 2.1610609333687822, ucb: 2.2168024969563165,num_of_obs(calculated after picking at this round): 6, privacy reward: 0.7408182206817179, g: 0.001873773293176644, curr_delay = 0.9319449865357361, data_size = 1131
num of fast users chosen: 4, num of slow users chosen: 1
max_delay = 0.93 seconds
after cleansing the weights updates who were almost zeros (meaning with absolute value of less than 10**-7, 0.00% of the weights upadtes) we get:
user No.0.0 has been picked 17, his deltas theta's mean
 is -0.001975327730178833,
the empirical var of deltas thetas is 0.0027660508640110493
the minimum of the deltas theta is -0.31618475914001465 and the maximum is 0.41124725341796875
the added laplace noise var is 0.005475943408193042
global epoch 49 has been done artifficialy in 0.93 secs, the total time by now is 41.94 
 with avg train loss 1.468, val loss 1.705, avg val acc 39.48%
iteration: 50
user 0, emp_avg: 0.8137990979484364, h: 1.1750378725453134, ucb: 1.9778839762554226,num_of_obs(calculated after picking at this round): 18, privacy reward: 0.4065696597405991, g: 0.002681319143237166, curr_delay = 0.05, data_size = 3049
user 12, emp_avg: 0.25489408813929315, h: 2.797149622536537, ucb: 3.056080556269525,num_of_obs(calculated after picking at this round): 4, privacy reward: 0.8187307530779819, g: 0.0002923087587647161, curr_delay = 0.20594475910861262, data_size = 600
user 13, emp_avg: 0.2522541114908164, h: 1.2112013156513473, ucb: 1.4677117019360761,num_of_obs(calculated after picking at this round): 17, privacy reward: 0.4274149319487267, g: -7.055102002257486e-05, curr_delay = 0.2715123072999187, data_size = 2425
user 16, emp_avg: 0.06621458657772077, h: 2.166662780986874, ucb: 2.233067231268723,num_of_obs(calculated after picking at this round): 6, privacy reward: 0.7408182206817179, g: 0.001625429190426981, curr_delay = 0.7661042617073256, data_size = 1092
user 17, emp_avg: 0.06621965154799005, h: 1.3985748112682685, ucb: 1.4646800198252714,num_of_obs(calculated after picking at this round): 13, privacy reward: 0.522045776761016, g: -0.00021373430077719217, curr_delay = 0.7397219251322931, data_size = 1754
num of fast users chosen: 3, num of slow users chosen: 2
max_delay = 0.77 seconds
after cleansing the weights updates who were almost zeros (meaning with absolute value of less than 10**-7, 0.00% of the weights upadtes) we get:
user No.0.0 has been picked 18, his deltas theta's mean
 is -0.000681897799950093,
the empirical var of deltas thetas is 0.003338625654578209
the minimum of the deltas theta is -0.3520200550556183 and the maximum is 0.4203590750694275
the added laplace noise var is 0.005756701030424161
global epoch 50 has been done artifficialy in 0.77 secs, the total time by now is 42.71 
 with avg train loss 1.525, val loss 1.659, avg val acc 41.71%
iteration: 51
user 4, emp_avg: 0.5892270079534139, h: 1.0355269584381126, ucb: 1.62678669913754,num_of_obs(calculated after picking at this round): 23, privacy reward: 0.3166367693790533, g: -0.00027952401527305286, curr_delay = 0.09182620301790752, data_size = 3227
user 13, emp_avg: 0.25447820052338077, h: 1.17800813430593, ucb: 1.4302622457967464,num_of_obs(calculated after picking at this round): 18, privacy reward: 0.4065696597405991, g: -0.0004723145434143871, curr_delay = 0.17106432324019027, data_size = 2425
user 16, emp_avg: 0.06711346517352075, h: 1.98288316164224, ucb: 2.049097748219961,num_of_obs(calculated after picking at this round): 7, privacy reward: 0.7046880897187136, g: 0.0005139086340620212, curr_delay = 0.6895910951496246, data_size = 1092
user 23, emp_avg: 0.05729447354935113, h: 2.4285259827900725, ucb: 2.485670007376912,num_of_obs(calculated after picking at this round): 5, privacy reward: 0.7788007830714049, g: 0.00015733021129273197, curr_delay = 0.8636135025397634, data_size = 708
user 24, emp_avg: 0.06000603685903521, h: 1.402110129897849, ucb: 1.4625536428724473,num_of_obs(calculated after picking at this round): 13, privacy reward: 0.522045776761016, g: -0.004113771556901817, curr_delay = 0.9131365444086864, data_size = 1332
num of fast users chosen: 2, num of slow users chosen: 3
max_delay = 0.91 seconds
after cleansing the weights updates who were almost zeros (meaning with absolute value of less than 10**-7, 0.00% of the weights upadtes) we get:
user No.4.0 has been picked 23, his deltas theta's mean
 is -0.0014838576316833496,
the empirical var of deltas thetas is 0.0040503875352442265
the minimum of the deltas theta is -0.3956798017024994 and the maximum is 0.5123438239097595
the added laplace noise var is 0.007391750439337135
global epoch 51 has been done artifficialy in 0.91 secs, the total time by now is 43.62 
 with avg train loss 1.471, val loss 1.607, avg val acc 43.55%
iteration: 52
user 0, emp_avg: 0.7998100789416508, h: 1.1476415989006072, ucb: 1.9614406968490437,num_of_obs(calculated after picking at this round): 19, privacy reward: 0.38674102345450123, g: 0.002081878743050312, curr_delay = 0.09123958776601732, data_size = 3049
user 1, emp_avg: 0.8609579527610205, h: 1.9877735581754346, ucb: 2.848158258873343,num_of_obs(calculated after picking at this round): 7, privacy reward: 0.7046880897187136, g: -1.9052164690865295e-05, curr_delay = 0.05784376055744171, data_size = 864
user 3, emp_avg: 0.5141038219667357, h: 2.811136324898324, ucb: 3.2774590070567893,num_of_obs(calculated after picking at this round): 4, privacy reward: 0.8187307530779819, g: 0.00044416269091246445, curr_delay = 0.07605172986074209, data_size = 613
user 13, emp_avg: 0.2597963149927269, h: 1.1476415989006072, ucb: 1.402119799423988,num_of_obs(calculated after picking at this round): 19, privacy reward: 0.38674102345450123, g: -0.0011939313435199276, curr_delay = 0.14063812421928357, data_size = 2425
user 21, emp_avg: 0.06233174747770266, h: 1.6230103139087826, ucb: 1.6858016882347113,num_of_obs(calculated after picking at this round): 10, privacy reward: 0.6065306597126334, g: 0.00032846976374643487, curr_delay = 0.8591787793000593, data_size = 1488
num of fast users chosen: 4, num of slow users chosen: 1
max_delay = 0.86 seconds
after cleansing the weights updates who were almost zeros (meaning with absolute value of less than 10**-7, 0.00% of the weights upadtes) we get:
user No.0.0 has been picked 19, his deltas theta's mean
 is -0.0021019771229475737,
the empirical var of deltas thetas is 0.003334320615977049
the minimum of the deltas theta is -0.3600011467933655 and the maximum is 0.42809492349624634
the added laplace noise var is 0.0060518534037629955
global epoch 52 has been done artifficialy in 0.86 secs, the total time by now is 44.48 
 with avg train loss 1.523, val loss 1.663, avg val acc 41.59%
iteration: 53
user 0, emp_avg: 0.776686173884649, h: 1.1197215697454888, ucb: 1.9195316486871397,num_of_obs(calculated after picking at this round): 20, privacy reward: 0.36787944117144233, g: 0.0011082833273212236, curr_delay = 0.14822193948480378, data_size = 3049
user 5, emp_avg: 0.7825858184179694, h: 3.4512136619827474, ucb: 4.125092389609701,num_of_obs(calculated after picking at this round): 3, privacy reward: 0.8607079764250578, g: 0.0038889949964263253, curr_delay = 0.05, data_size = 779
user 6, emp_avg: 0.50214043226615, h: 1.2201882918558289, ucb: 1.7364052285149965,num_of_obs(calculated after picking at this round): 17, privacy reward: 0.4274149319487267, g: 0.003845393125206632, curr_delay = 0.18055993384744717, data_size = 2832
user 16, emp_avg: 0.0680594072072975, h: 1.8447512988132702, ucb: 1.911864763986791,num_of_obs(calculated after picking at this round): 8, privacy reward: 0.6703200460356393, g: 6.791639087291728e-05, curr_delay = 0.6695143213588316, data_size = 1092
user 26, emp_avg: 0.058497309801282614, h: 1.4716024500619826, ucb: 1.530279418758025,num_of_obs(calculated after picking at this round): 12, privacy reward: 0.5488116360940265, g: -0.0009290894805321085, curr_delay = 0.8846259830775421, data_size = 1378
num of fast users chosen: 3, num of slow users chosen: 2
max_delay = 0.88 seconds
after cleansing the weights updates who were almost zeros (meaning with absolute value of less than 10**-7, 0.00% of the weights upadtes) we get:
user No.0.0 has been picked 20, his deltas theta's mean
 is -0.001478536636568606,
the empirical var of deltas thetas is 0.003719789208844304
the minimum of the deltas theta is -0.3940013349056244 and the maximum is 0.4760519862174988
the added laplace noise var is 0.006362138562880896
global epoch 53 has been done artifficialy in 0.88 secs, the total time by now is 45.37 
 with avg train loss 1.518, val loss 1.599, avg val acc 43.13%
iteration: 54
user 0, emp_avg: 0.7873201656044276, h: 1.0939356534866584, ucb: 1.8706218273713073,num_of_obs(calculated after picking at this round): 21, privacy reward: 0.3499377491111554, g: 0.00045843457037239484, curr_delay = 0.05, data_size = 3049
user 1, emp_avg: 0.878338208665893, h: 1.849088743886939, ucb: 2.7100466966479595,num_of_obs(calculated after picking at this round): 8, privacy reward: 0.6703200460356393, g: -0.000346328109563151, curr_delay = 0.05, data_size = 864
user 11, emp_avg: 0.2690244256771324, h: 2.446114484206823, ucb: 2.6993822324030012,num_of_obs(calculated after picking at this round): 5, privacy reward: 0.7788007830714049, g: 0.0002899843742068785, curr_delay = 0.1505792169917122, data_size = 709
user 14, emp_avg: 0.26777596290541034, h: 1.30750318981817, ucb: 1.5770893842461826,num_of_obs(calculated after picking at this round): 15, privacy reward: 0.4723665527410147, g: 0.00027621266609683824, curr_delay = 0.20624278633793702, data_size = 2147
user 17, emp_avg: 0.0665738764507452, h: 1.3568601843788999, ucb: 1.42307983592689,num_of_obs(calculated after picking at this round): 14, privacy reward: 0.4965853037914095, g: -0.000235941745185538, curr_delay = 0.7024563475212884, data_size = 1754
num of fast users chosen: 4, num of slow users chosen: 1
max_delay = 0.70 seconds
after cleansing the weights updates who were almost zeros (meaning with absolute value of less than 10**-7, 0.00% of the weights upadtes) we get:
user No.0.0 has been picked 21, his deltas theta's mean
 is 0.00017756904708221555,
the empirical var of deltas thetas is 0.004018657840788364
the minimum of the deltas theta is -0.3533399701118469 and the maximum is 0.4177881181240082
the added laplace noise var is 0.006688332382295982
global epoch 54 has been done artifficialy in 0.70 secs, the total time by now is 46.07 
 with avg train loss 1.512, val loss 1.587, avg val acc 43.78%
iteration: 55
user 4, emp_avg: 0.5923669206606785, h: 1.0224437714186627, ucb: 1.6116707793720766,num_of_obs(calculated after picking at this round): 24, privacy reward: 0.3011942119122021, g: -1.244848370156324e-05, curr_delay = 0.0752349308980395, data_size = 3227
user 8, emp_avg: 0.4419700627711129, h: 1.4784512508148158, ucb: 1.935342421022994,num_of_obs(calculated after picking at this round): 12, privacy reward: 0.5488116360940265, g: 0.012112894058227536, curr_delay = 0.17996106156088784, data_size = 2413
user 16, emp_avg: 0.06722175769615413, h: 1.7336377617381185, ucb: 1.801697168945416,num_of_obs(calculated after picking at this round): 9, privacy reward: 0.6376281516217733, g: -2.6398361805842732e-05, curr_delay = 0.8261654993335511, data_size = 1092
user 18, emp_avg: 0.06852264844575637, h: 2.4517340348921834, ucb: 2.520637187002458,num_of_obs(calculated after picking at this round): 5, privacy reward: 0.7788007830714049, g: 0.0010402686536804707, curr_delay = 0.7462615974416669, data_size = 817
user 24, emp_avg: 0.060147153925012097, h: 1.359977350246767, ucb: 1.419983387105802,num_of_obs(calculated after picking at this round): 14, privacy reward: 0.4965853037914095, g: -0.004252110486043567, curr_delay = 0.8066900316681401, data_size = 1332
num of fast users chosen: 2, num of slow users chosen: 3
max_delay = 0.83 seconds
after cleansing the weights updates who were almost zeros (meaning with absolute value of less than 10**-7, 0.00% of the weights upadtes) we get:
user No.4.0 has been picked 24, his deltas theta's mean
 is -0.002609767485409975,
the empirical var of deltas thetas is 0.00384972570464015
the minimum of the deltas theta is -0.4118450880050659 and the maximum is 0.3908627927303314
the added laplace noise var is 0.007770733588499908
global epoch 55 has been done artifficialy in 0.83 secs, the total time by now is 46.90 
 with avg train loss 1.494, val loss 1.661, avg val acc 42.03%
iteration: 56
user 0, emp_avg: 0.7887790349401417, h: 1.0724273789246457, ucb: 1.8597475445290734,num_of_obs(calculated after picking at this round): 22, privacy reward: 0.3328710836980795, g: 0.0002816172517898007, curr_delay = 0.06101912003568155, data_size = 3049
user 13, emp_avg: 0.2622191621065307, h: 1.1274589534928088, ucb: 1.3872552684855357,num_of_obs(calculated after picking at this round): 20, privacy reward: 0.36787944117144233, g: -0.0007664691775816524, curr_delay = 0.1622042876140614, data_size = 2425
user 20, emp_avg: 0.06616798152883678, h: 2.1978221103815887, ucb: 2.2643633077069687,num_of_obs(calculated after picking at this round): 6, privacy reward: 0.7408182206817179, g: -0.00018501768306810034, curr_delay = 0.7775819691203906, data_size = 589
user 25, emp_avg: 0.060672501820572065, h: 2.1978221103815887, ucb: 2.2584067013714213,num_of_obs(calculated after picking at this round): 6, privacy reward: 0.7408182206817179, g: 0.0004077201660818738, curr_delay = 0.8181691681433914, data_size = 852
user 26, emp_avg: 0.05937807910982988, h: 1.418688071905722, ucb: 1.4771853817070046,num_of_obs(calculated after picking at this round): 13, privacy reward: 0.522045776761016, g: -0.0013852921946914435, curr_delay = 0.714823764048671, data_size = 1378
num of fast users chosen: 2, num of slow users chosen: 3
max_delay = 0.82 seconds
after cleansing the weights updates who were almost zeros (meaning with absolute value of less than 10**-7, 0.00% of the weights upadtes) we get:
user No.0.0 has been picked 22, his deltas theta's mean
 is -0.0034542737994343042,
the empirical var of deltas thetas is 0.004221412818878889
the minimum of the deltas theta is -0.4194856882095337 and the maximum is 0.5103342533111572
the added laplace noise var is 0.007031250516463562
global epoch 56 has been done artifficialy in 0.82 secs, the total time by now is 47.71 
 with avg train loss 1.514, val loss 1.672, avg val acc 39.38%
iteration: 57
user 2, emp_avg: 0.4904327424503581, h: 1.8615779637948977, ucb: 2.376793992471534,num_of_obs(calculated after picking at this round): 8, privacy reward: 0.6703200460356393, g: -3.0151327854671817e-05, curr_delay = 0.15775371886668227, data_size = 913
user 5, emp_avg: 0.836939363813477, h: 2.8436073103839603, ucb: 3.62619312880193,num_of_obs(calculated after picking at this round): 4, privacy reward: 0.8187307530779819, g: 0.002253028494499397, curr_delay = 0.05, data_size = 779
user 6, emp_avg: 0.5040051967415793, h: 1.1945540050581345, ucb: 1.6966944373242845,num_of_obs(calculated after picking at this round): 18, privacy reward: 0.4065696597405991, g: 0.004310239238275243, curr_delay = 0.09333474331598464, data_size = 2832
user 8, emp_avg: 0.4273116860364909, h: 1.4218036551919802, ucb: 1.863773717963093,num_of_obs(calculated after picking at this round): 13, privacy reward: 0.522045776761016, g: 0.009906674356011475, curr_delay = 0.19887740449411875, data_size = 2413
user 24, emp_avg: 0.06006796635301297, h: 1.3163344019068175, ucb: 1.3764815558318295,num_of_obs(calculated after picking at this round): 15, privacy reward: 0.4723665527410147, g: -0.005544084224307596, curr_delay = 0.8480420524959085, data_size = 1332
num of fast users chosen: 4, num of slow users chosen: 1
max_delay = 0.85 seconds
after cleansing the weights updates who were almost zeros (meaning with absolute value of less than 10**-7, 0.00% of the weights upadtes) we get:
user No.2.0 has been picked 8, his deltas theta's mean
 is -0.001637879991903901,
the empirical var of deltas thetas is 0.0016689979238435626
the minimum of the deltas theta is -0.32263773679733276 and the maximum is 0.297446072101593
the added laplace noise var is 0.003491615673751563
global epoch 57 has been done artifficialy in 0.85 secs, the total time by now is 48.56 
 with avg train loss 1.488, val loss 1.661, avg val acc 41.30%
iteration: 58
user 4, emp_avg: 0.5781033742282554, h: 1.0075270480918141, ucb: 1.5998939687524927,num_of_obs(calculated after picking at this round): 25, privacy reward: 0.28650479686019015, g: 7.404152540297984e-07, curr_delay = 0.21206365689435533, data_size = 3227
user 13, emp_avg: 0.2590838707089111, h: 1.103690583072958, ucb: 1.3659097451794886,num_of_obs(calculated after picking at this round): 21, privacy reward: 0.3499377491111554, g: -0.001104036962509591, curr_delay = 0.25461094987076927, data_size = 2425
user 24, emp_avg: 0.05988502997817239, h: 1.2744321104784546, ucb: 1.3345000768314677,num_of_obs(calculated after picking at this round): 16, privacy reward: 0.44932896411722156, g: -0.007650172060855863, curr_delay = 0.8750286779953185, data_size = 1332
user 25, emp_avg: 0.06005900659535962, h: 2.0150540961836283, ucb: 2.0757265980042003,num_of_obs(calculated after picking at this round): 7, privacy reward: 0.7046880897187136, g: 3.6355113728402265e-05, curr_delay = 0.8868702107749644, data_size = 852
user 29, emp_avg: 0.05698713185280528, h: 2.0150540961836283, ucb: 2.0715815130737028,num_of_obs(calculated after picking at this round): 7, privacy reward: 0.7046880897187136, g: -0.0004775933423283651, curr_delay = 0.8368842103136496, data_size = 635
num of fast users chosen: 2, num of slow users chosen: 3
max_delay = 0.89 seconds
after cleansing the weights updates who were almost zeros (meaning with absolute value of less than 10**-7, 0.00% of the weights upadtes) we get:
user No.4.0 has been picked 25, his deltas theta's mean
 is -0.0014949687756597996,
the empirical var of deltas thetas is 0.004488314036279917
the minimum of the deltas theta is -0.3910318613052368 and the maximum is 0.47662806510925293
the added laplace noise var is 0.008169147619228292
global epoch 58 has been done artifficialy in 0.89 secs, the total time by now is 49.45 
 with avg train loss 1.391, val loss 1.538, avg val acc 47.76%
iteration: 59
user 1, emp_avg: 0.8918561854807936, h: 1.7487575826652733, ucb: 2.627095791331166,num_of_obs(calculated after picking at this round): 9, privacy reward: 0.6376281516217733, g: -0.0006038560911713247, curr_delay = 0.05, data_size = 864
user 6, emp_avg: 0.4930580169558764, h: 1.1658383884435155, ucb: 1.6698435851850948,num_of_obs(calculated after picking at this round): 19, privacy reward: 0.38674102345450123, g: 0.0034590019694150168, curr_delay = 0.16891390810311355, data_size = 2832
user 15, emp_avg: 0.07180594860799534, h: 3.4975151653305465, ucb: 3.5689995809786756,num_of_obs(calculated after picking at this round): 3, privacy reward: 0.8607079764250578, g: 0.005070957916909171, curr_delay = 0.6901405122752106, data_size = 818
user 21, emp_avg: 0.06256332066897842, h: 1.5641363324031037, ucb: 1.6264680798808064,num_of_obs(calculated after picking at this round): 11, privacy reward: 0.5769498103804868, g: 0.0004712864326437752, curr_delay = 0.7706647679080837, data_size = 1488
num of fast users chosen: 2, num of slow users chosen: 2
max_delay = 0.77 seconds
after cleansing the weights updates who were almost zeros (meaning with absolute value of less than 10**-7, 0.00% of the weights upadtes) we get:
user No.1.0 has been picked 9, his deltas theta's mean
 is -0.0001420518383383751,
the empirical var of deltas thetas is 0.0013128129066899419
the minimum of the deltas theta is -0.2301732450723648 and the maximum is 0.24356545507907867
the added laplace noise var is 0.0036706346374685154
global epoch 59 has been done artifficialy in 0.77 secs, the total time by now is 50.22 
 with avg train loss 1.489, val loss 1.646, avg val acc 43.27%
iteration: 60
user 6, emp_avg: 0.5068808045843857, h: 1.137079994717138, ucb: 1.6301380116730144,num_of_obs(calculated after picking at this round): 20, privacy reward: 0.36787944117144233, g: 0.0022308013343047893, curr_delay = 0.06497609526960739, data_size = 2832
user 8, emp_avg: 0.4125578307591864, h: 1.3746626823538761, ucb: 1.801974368390367,num_of_obs(calculated after picking at this round): 14, privacy reward: 0.4965853037914095, g: 0.008722052044338648, curr_delay = 0.22649265347100722, data_size = 2413
user 18, emp_avg: 0.06777518080099174, h: 2.216576972420881, ucb: 2.2850996208666374,num_of_obs(calculated after picking at this round): 6, privacy reward: 0.7408182206817179, g: 0.00046859847174750453, curr_delay = 0.7807883274604028, data_size = 817
user 21, emp_avg: 0.06226192923690301, h: 1.4944158899453477, ucb: 1.556979210614326,num_of_obs(calculated after picking at this round): 12, privacy reward: 0.5488116360940265, g: 6.189479575446303e-05, curr_delay = 0.8482250050082887, data_size = 1488
user 28, emp_avg: 0.05647765092395325, h: 2.023448680402372, ucb: 2.078841855985033,num_of_obs(calculated after picking at this round): 7, privacy reward: 0.7046880897187136, g: 0.0020546202778486005, curr_delay = 0.7938460675391821, data_size = 1131
num of fast users chosen: 2, num of slow users chosen: 3
max_delay = 0.85 seconds
after cleansing the weights updates who were almost zeros (meaning with absolute value of less than 10**-7, 0.00% of the weights upadtes) we get:
user No.6.0 has been picked 20, his deltas theta's mean
 is -0.0034700927790254354,
the empirical var of deltas thetas is 0.005260142032057047
the minimum of the deltas theta is -0.5210487842559814 and the maximum is 0.5217754244804382
the added laplace noise var is 0.006362138562880896
global epoch 60 has been done artifficialy in 0.85 secs, the total time by now is 51.07 
 with avg train loss 1.492, val loss 1.727, avg val acc 41.70%
iteration: 61
user 2, emp_avg: 0.5470513266225405, h: 1.7558916248248306, ucb: 2.246324367275189,num_of_obs(calculated after picking at this round): 9, privacy reward: 0.6376281516217733, g: -0.00019131166247668253, curr_delay = 0.05, data_size = 913
user 4, emp_avg: 0.5769625403174397, h: 0.9932822999538423, ucb: 1.5713856741820977,num_of_obs(calculated after picking at this round): 26, privacy reward: 0.27253179303401265, g: 2.3208419257714065e-05, curr_delay = 0.09116739423619033, data_size = 3227
user 9, emp_avg: 0.3514741603982735, h: 2.483205749884606, ucb: 2.8470268533909753,num_of_obs(calculated after picking at this round): 5, privacy reward: 0.7788007830714049, g: 0.0001327857280287791, curr_delay = 0.16551556770457967, data_size = 600
user 14, emp_avg: 0.26448413217667016, h: 1.2823219352679438, ucb: 1.5500978981733542,num_of_obs(calculated after picking at this round): 16, privacy reward: 0.44932896411722156, g: 0.0008986365311378373, curr_delay = 0.23244281411858084, data_size = 2147
user 24, emp_avg: 0.059865394218382245, h: 1.241602874942303, ucb: 1.3014879049204753,num_of_obs(calculated after picking at this round): 17, privacy reward: 0.4274149319487267, g: -0.008306436592418882, curr_delay = 0.8396133323370314, data_size = 1332
num of fast users chosen: 4, num of slow users chosen: 1
max_delay = 0.84 seconds
after cleansing the weights updates who were almost zeros (meaning with absolute value of less than 10**-7, 0.00% of the weights upadtes) we get:
user No.2.0 has been picked 9, his deltas theta's mean
 is 0.00040253836777992547,
the empirical var of deltas thetas is 0.0019915259908884764
the minimum of the deltas theta is -0.3671603202819824 and the maximum is 0.3225093185901642
the added laplace noise var is 0.0036706346374685154
global epoch 61 has been done artifficialy in 0.84 secs, the total time by now is 51.91 
 with avg train loss 1.485, val loss 1.621, avg val acc 44.50%
iteration: 62
user 0, emp_avg: 0.7979625551601355, h: 1.0609345432270068, ucb: 1.8497135781671483,num_of_obs(calculated after picking at this round): 23, privacy reward: 0.3166367693790533, g: 0.0013647664757170403, curr_delay = 0.05, data_size = 3049
user 3, emp_avg: 0.4972114183581352, h: 2.4881120508465124, ucb: 3.002215872813248,num_of_obs(calculated after picking at this round): 5, privacy reward: 0.7788007830714049, g: 0.0002031008712681601, curr_delay = 0.11637601263045533, data_size = 613
user 13, emp_avg: 0.2606275456894058, h: 1.0859011248129482, ucb: 1.3449849955218594,num_of_obs(calculated after picking at this round): 22, privacy reward: 0.3328710836980795, g: -0.0007349056276818105, curr_delay = 0.17062242224415697, data_size = 2425
user 16, emp_avg: 0.06783933578508947, h: 1.6587413672310083, ucb: 1.7259631249271625,num_of_obs(calculated after picking at this round): 10, privacy reward: 0.6065306597126334, g: -2.3470909579181438e-05, curr_delay = 0.6812217543473951, data_size = 1092
user 26, emp_avg: 0.05919782526018661, h: 1.3801562428349177, ucb: 1.4395343219447476,num_of_obs(calculated after picking at this round): 14, privacy reward: 0.4965853037914095, g: -0.0010634915848999082, curr_delay = 0.8794374732895182, data_size = 1378
num of fast users chosen: 3, num of slow users chosen: 2
max_delay = 0.88 seconds
after cleansing the weights updates who were almost zeros (meaning with absolute value of less than 10**-7, 0.00% of the weights upadtes) we get:
user No.0.0 has been picked 23, his deltas theta's mean
 is -0.0019795128609985113,
the empirical var of deltas thetas is 0.003937324974685907
the minimum of the deltas theta is -0.3660166263580322 and the maximum is 0.42735737562179565
the added laplace noise var is 0.007391750439337135
global epoch 62 has been done artifficialy in 0.88 secs, the total time by now is 52.79 
 with avg train loss 1.460, val loss 1.538, avg val acc 47.54%
iteration: 63
user 4, emp_avg: 0.5765527688576436, h: 0.9778077591135496, ucb: 1.5547702994309893,num_of_obs(calculated after picking at this round): 27, privacy reward: 0.25924026064589156, g: 3.822668629590473e-06, curr_delay = 0.0883550342785195, data_size = 3227
user 8, emp_avg: 0.4058589561447635, h: 1.3325273612401038, ucb: 1.7450851919992902,num_of_obs(calculated after picking at this round): 15, privacy reward: 0.4723665527410147, g: 0.007715228163165813, curr_delay = 0.16021804443176005, data_size = 2413
user 11, emp_avg: 0.2717548443373275, h: 2.2297447548250537, ucb: 2.4987691805021863,num_of_obs(calculated after picking at this round): 6, privacy reward: 0.7408182206817179, g: 0.00013777881944327934, curr_delay = 0.17518845341932499, data_size = 709
user 16, emp_avg: 0.06816587283984415, h: 1.5766676364519312, ucb: 1.6445069722370207,num_of_obs(calculated after picking at this round): 11, privacy reward: 0.5769498103804868, g: -0.0003390587089985435, curr_delay = 0.6999738157830528, data_size = 1092
user 17, emp_avg: 0.06672001329080873, h: 1.3325273612401038, ucb: 1.3991012376908492,num_of_obs(calculated after picking at this round): 15, privacy reward: 0.4723665527410147, g: 9.973741972773848e-06, curr_delay = 0.727104260634799, data_size = 1754
num of fast users chosen: 3, num of slow users chosen: 2
max_delay = 0.73 seconds
after cleansing the weights updates who were almost zeros (meaning with absolute value of less than 10**-7, 0.00% of the weights upadtes) we get:
user No.4.0 has been picked 27, his deltas theta's mean
 is -0.0008247565710917115,
the empirical var of deltas thetas is 0.00478296959772706
the minimum of the deltas theta is -0.4408073425292969 and the maximum is 0.5575377941131592
the added laplace noise var is 0.009028304374238022
global epoch 63 has been done artifficialy in 0.73 secs, the total time by now is 53.51 
 with avg train loss 1.457, val loss 1.561, avg val acc 44.35%
iteration: 64
user 4, emp_avg: 0.5873090536465232, h: 0.9613512577339219, ucb: 1.5379040265915656,num_of_obs(calculated after picking at this round): 28, privacy reward: 0.24659696394160646, g: -5.214894577406776e-05, curr_delay = 0.05696520753344008, data_size = 3227
user 7, emp_avg: 0.5583278286873022, h: 2.884053773201766, ucb: 3.5261471248424727,num_of_obs(calculated after picking at this round): 4, privacy reward: 0.8187307530779819, g: 7.906514852000741e-05, curr_delay = 0.1628498675612336, data_size = 434
user 8, emp_avg: 0.42015554339335726, h: 1.289788057528782, ucb: 1.6956470136735455,num_of_obs(calculated after picking at this round): 16, privacy reward: 0.44932896411722156, g: 0.005728006362915039, curr_delay = 0.07878924850229665, data_size = 2413
user 10, emp_avg: 0.330320131470888, h: 2.039333980337618, ucb: 2.3629722592596276,num_of_obs(calculated after picking at this round): 7, privacy reward: 0.7046880897187136, g: 0.0029738814546791136, curr_delay = 0.13498510219867915, data_size = 1154
user 27, emp_avg: 0.058107781630792665, h: 1.5796613086404954, ucb: 1.6384341031533916,num_of_obs(calculated after picking at this round): 11, privacy reward: 0.5769498103804868, g: 0.003647275908832074, curr_delay = 0.9716727691574748, data_size = 1686
num of fast users chosen: 4, num of slow users chosen: 1
max_delay = 0.97 seconds
after cleansing the weights updates who were almost zeros (meaning with absolute value of less than 10**-7, 0.00% of the weights upadtes) we get:
user No.4.0 has been picked 28, his deltas theta's mean
 is -0.0018178875325247645,
the empirical var of deltas thetas is 0.0037591613363474607
the minimum of the deltas theta is -0.3428577184677124 and the maximum is 0.4178047478199005
the added laplace noise var is 0.009491195437921662
global epoch 64 has been done artifficialy in 0.97 secs, the total time by now is 54.48 
 with avg train loss 1.424, val loss 1.477, avg val acc 48.06%
iteration: 65
user 0, emp_avg: 0.8063807820284632, h: 1.0435375374880809, ucb: 1.8415000926482163,num_of_obs(calculated after picking at this round): 24, privacy reward: 0.3011942119122021, g: 0.0014390871185563825, curr_delay = 0.05, data_size = 3049
user 6, emp_avg: 0.5035027564657603, h: 1.119069336979926, ucb: 1.6259501415643118,num_of_obs(calculated after picking at this round): 21, privacy reward: 0.3499377491111554, g: 0.003159082805982007, curr_delay = 0.11469421073517058, data_size = 2832
user 21, emp_avg: 0.06295589023406421, h: 1.444712301791543, ucb: 1.5069742310284462,num_of_obs(calculated after picking at this round): 13, privacy reward: 0.522045776761016, g: 4.3365824163750215e-05, curr_delay = 0.7014253588964328, data_size = 1488
user 23, emp_avg: 0.05787688586535703, h: 2.238138673959852, ucb: 2.295433147509203,num_of_obs(calculated after picking at this round): 6, privacy reward: 0.7408182206817179, g: 0.00019744267537387543, curr_delay = 0.8225179428369035, data_size = 708
user 28, emp_avg: 0.056846472123584214, h: 1.8915724229696091, ucb: 1.9480500738935624,num_of_obs(calculated after picking at this round): 8, privacy reward: 0.6703200460356393, g: 0.001416439269206433, curr_delay = 0.8413511217676599, data_size = 1131
num of fast users chosen: 2, num of slow users chosen: 3
max_delay = 0.84 seconds
after cleansing the weights updates who were almost zeros (meaning with absolute value of less than 10**-7, 0.00% of the weights upadtes) we get:
user No.0.0 has been picked 24, his deltas theta's mean
 is -0.0011043481063097715,
the empirical var of deltas thetas is 0.003748389659449458
the minimum of the deltas theta is -0.42794087529182434 and the maximum is 0.45388078689575195
the added laplace noise var is 0.007770733588499908
global epoch 65 has been done artifficialy in 0.84 secs, the total time by now is 55.33 
 with avg train loss 1.416, val loss 1.534, avg val acc 46.63%
iteration: 66
user 0, emp_avg: 0.7975147966718878, h: 1.023432306264858, ucb: 1.8298130882933212,num_of_obs(calculated after picking at this round): 25, privacy reward: 0.28650479686019015, g: 0.0007921462011971509, curr_delay = 0.08550938351969754, data_size = 3049
user 8, emp_avg: 0.40955431230487466, h: 1.253443468314351, ucb: 1.6735990117077082,num_of_obs(calculated after picking at this round): 17, privacy reward: 0.4274149319487267, g: 0.004574405479256005, curr_delay = 0.20839010670927777, data_size = 2413
user 19, emp_avg: 0.06444715073901484, h: 1.671257957752468, ucb: 1.7360434983845716,num_of_obs(calculated after picking at this round): 10, privacy reward: 0.6065306597126334, g: -0.0017897340257494046, curr_delay = 0.81431047468246, data_size = 732
user 21, emp_avg: 0.06282859993117237, h: 1.3905706756624046, ucb: 1.4535265658964687,num_of_obs(calculated after picking at this round): 14, privacy reward: 0.4965853037914095, g: -3.3281811848416776e-05, curr_delay = 0.8173430251893767, data_size = 1488
user 25, emp_avg: 0.060390375244572185, h: 1.8950283997931667, ucb: 1.9550874063885264,num_of_obs(calculated after picking at this round): 8, privacy reward: 0.6703200460356393, g: 1.1677187441599362e-05, curr_delay = 0.7973215635518368, data_size = 852
num of fast users chosen: 2, num of slow users chosen: 3
max_delay = 0.82 seconds
after cleansing the weights updates who were almost zeros (meaning with absolute value of less than 10**-7, 0.00% of the weights upadtes) we get:
user No.0.0 has been picked 25, his deltas theta's mean
 is -0.0021592292468994856,
the empirical var of deltas thetas is 0.005028809420764446
the minimum of the deltas theta is -0.38339993357658386 and the maximum is 0.6386210918426514
the added laplace noise var is 0.008169147619228292
global epoch 66 has been done artifficialy in 0.82 secs, the total time by now is 56.14 
 with avg train loss 1.474, val loss 1.566, avg val acc 47.25%
iteration: 67
user 4, emp_avg: 0.5925212471849349, h: 0.9492131274366491, ucb: 1.5365221810831722,num_of_obs(calculated after picking at this round): 29, privacy reward: 0.23457028809379765, g: -1.0607205183856673e-05, curr_delay = 0.06770822992744835, data_size = 3227
user 6, emp_avg: 0.4961301932410183, h: 1.0960569092877517, ucb: 1.599559665753512,num_of_obs(calculated after picking at this round): 22, privacy reward: 0.3328710836980795, g: 0.002546735451685935, curr_delay = 0.14649594924375842, data_size = 2832
user 18, emp_avg: 0.06738963470372357, h: 2.050534715480566, ucb: 2.118309896281558,num_of_obs(calculated after picking at this round): 7, privacy reward: 0.7046880897187136, g: 0.0002380302792058595, curr_delay = 0.7683281831431408, data_size = 817
user 21, emp_avg: 0.06281046503055786, h: 1.3423900784034901, ucb: 1.4052186783346625,num_of_obs(calculated after picking at this round): 15, privacy reward: 0.4723665527410147, g: -0.00031522461334626296, curr_delay = 0.7992764767486892, data_size = 1488
user 28, emp_avg: 0.056889196824384584, h: 1.7758151549480663, ucb: 1.8326616270716505,num_of_obs(calculated after picking at this round): 9, privacy reward: 0.6376281516217733, g: 0.0006721022201842519, curr_delay = 0.8736524762026916, data_size = 1131
num of fast users chosen: 2, num of slow users chosen: 3
max_delay = 0.87 seconds
after cleansing the weights updates who were almost zeros (meaning with absolute value of less than 10**-7, 0.00% of the weights upadtes) we get:
user No.4.0 has been picked 29, his deltas theta's mean
 is -0.0020700329914689064,
the empirical var of deltas thetas is 0.004598253406584263
the minimum of the deltas theta is -0.46736180782318115 and the maximum is 0.5856342315673828
the added laplace noise var is 0.009977819433943023
global epoch 67 has been done artifficialy in 0.87 secs, the total time by now is 57.02 
 with avg train loss 1.427, val loss 1.643, avg val acc 44.41%
iteration: 68
user 1, emp_avg: 0.857002085193983, h: 1.677201579054847, ucb: 2.5690577645356405,num_of_obs(calculated after picking at this round): 10, privacy reward: 0.6065306597126334, g: -0.00045510560717178336, curr_delay = 0.0920276141733435, data_size = 864
user 6, emp_avg: 0.4936482631957091, h: 1.072741734381763, ucb: 1.5688719276227812,num_of_obs(calculated after picking at this round): 23, privacy reward: 0.3166367693790533, g: 0.001629625040773958, curr_delay = 0.11388333460787296, data_size = 2832
user 8, emp_avg: 0.4038067139554268, h: 1.2203433998639757, ucb: 1.6298977121688503,num_of_obs(calculated after picking at this round): 18, privacy reward: 0.4065696597405991, g: 0.003607034683227539, curr_delay = 0.1633466236641013, data_size = 2413
user 17, emp_avg: 0.06680839580919518, h: 1.2991547567824409, ucb: 1.3658747700732496,num_of_obs(calculated after picking at this round): 16, privacy reward: 0.44932896411722156, g: 2.2964319216456517e-05, curr_delay = 0.7338465666056943, data_size = 1754
user 19, emp_avg: 0.064551789333971, h: 1.5911331255132817, ucb: 1.6555802762522964,num_of_obs(calculated after picking at this round): 11, privacy reward: 0.5769498103804868, g: -0.0028090461495703543, curr_delay = 0.7622163236078868, data_size = 732
num of fast users chosen: 3, num of slow users chosen: 2
max_delay = 0.76 seconds
after cleansing the weights updates who were almost zeros (meaning with absolute value of less than 10**-7, 0.00% of the weights upadtes) we get:
user No.1.0 has been picked 10, his deltas theta's mean
 is -0.0009379800176247954,
the empirical var of deltas thetas is 0.0014403854729607701
the minimum of the deltas theta is -0.22939729690551758 and the maximum is 0.2931225597858429
the added laplace noise var is 0.0038588320997273353
global epoch 68 has been done artifficialy in 0.76 secs, the total time by now is 57.78 
 with avg train loss 1.473, val loss 1.502, avg val acc 49.35%
iteration: 69
user 0, emp_avg: 0.7820844233467957, h: 1.008060296362942, ucb: 1.8055750930348298,num_of_obs(calculated after picking at this round): 26, privacy reward: 0.27253179303401265, g: 0.0008680456833686098, curr_delay = 0.12615905788934334, data_size = 3049
user 11, emp_avg: 0.26766054249020516, h: 2.057694463373331, ucb: 2.3294493077106586,num_of_obs(calculated after picking at this round): 7, privacy reward: 0.7046880897187136, g: 1.7193295607597692e-05, curr_delay = 0.20568113389586745, data_size = 709
user 14, emp_avg: 0.2612035166789789, h: 1.2600753704536773, ucb: 1.5245595026303476,num_of_obs(calculated after picking at this round): 17, privacy reward: 0.4274149319487267, g: 0.0019355466750909539, curr_delay = 0.23956265206595223, data_size = 2147
user 24, emp_avg: 0.06028455959717913, h: 1.222452670263486, ucb: 1.2823180644818681,num_of_obs(calculated after picking at this round): 18, privacy reward: 0.4065696597405991, g: -0.0056582566052525, curr_delay = 0.7417256311014707, data_size = 1332
user 28, emp_avg: 0.056866417773668645, h: 1.6801004939382365, ucb: 1.736989690762621,num_of_obs(calculated after picking at this round): 10, privacy reward: 0.6065306597126334, g: 0.00022180552371965832, curr_delay = 0.8824348573360403, data_size = 1131
num of fast users chosen: 3, num of slow users chosen: 2
max_delay = 0.88 seconds
after cleansing the weights updates who were almost zeros (meaning with absolute value of less than 10**-7, 0.00% of the weights upadtes) we get:
user No.0.0 has been picked 26, his deltas theta's mean
 is -0.0005383171956054866,
the empirical var of deltas thetas is 0.003612852655351162
the minimum of the deltas theta is -0.32481351494789124 and the maximum is 0.4265437126159668
the added laplace noise var is 0.008587988774123714
global epoch 69 has been done artifficialy in 0.88 secs, the total time by now is 58.66 
 with avg train loss 1.364, val loss 1.520, avg val acc 48.16%
iteration: 70
user 6, emp_avg: 0.4865427946839191, h: 1.0527597573148264, ucb: 1.5464080205105355,num_of_obs(calculated after picking at this round): 24, privacy reward: 0.3011942119122021, g: 0.001247968508191886, curr_delay = 0.15474270023982056, data_size = 2832
user 8, emp_avg: 0.4029146968709108, h: 1.1900273445106713, ucb: 1.593834058466098,num_of_obs(calculated after picking at this round): 19, privacy reward: 0.38674102345450123, g: 0.0028000751806765214, curr_delay = 0.12924626006963097, data_size = 2413
user 9, emp_avg: 0.39313482959726936, h: 2.257918131921357, ucb: 2.6093922923196304,num_of_obs(calculated after picking at this round): 6, privacy reward: 0.7408182206817179, g: 3.2131529978464754e-05, curr_delay = 0.08313406436291473, data_size = 600
user 21, emp_avg: 0.06281696813842907, h: 1.3036096412729326, ucb: 1.3664201063034904,num_of_obs(calculated after picking at this round): 16, privacy reward: 0.44932896411722156, g: -0.0005329198285746082, curr_delay = 0.7947291685157024, data_size = 1488
user 24, emp_avg: 0.06039521364217753, h: 1.1900273445106713, ucb: 1.2503119041078503,num_of_obs(calculated after picking at this round): 19, privacy reward: 0.38674102345450123, g: -0.0073938380339570306, curr_delay = 0.8014491938691467, data_size = 1332
num of fast users chosen: 3, num of slow users chosen: 2
max_delay = 0.80 seconds
after cleansing the weights updates who were almost zeros (meaning with absolute value of less than 10**-7, 0.00% of the weights upadtes) we get:
user No.6.0 has been picked 24, his deltas theta's mean
 is -0.002251486061140895,
the empirical var of deltas thetas is 0.0050018560141325
the minimum of the deltas theta is -0.4411531388759613 and the maximum is 0.4827190637588501
the added laplace noise var is 0.007770733588499908
global epoch 70 has been done artifficialy in 0.80 secs, the total time by now is 59.46 
 with avg train loss 1.463, val loss 1.528, avg val acc 48.66%
iteration: 71
user 0, emp_avg: 0.7797475120025653, h: 0.9918141742485351, ucb: 1.773898597595331,num_of_obs(calculated after picking at this round): 27, privacy reward: 0.25924026064589156, g: 0.0006545549990223614, curr_delay = 0.06954220755084609, data_size = 3049
user 6, emp_avg: 0.4872474484638791, h: 1.032312922160877, ucb: 1.518855716844796,num_of_obs(calculated after picking at this round): 25, privacy reward: 0.28650479686019015, g: 0.000669249516810579, curr_delay = 0.09917503445644951, data_size = 2832
user 15, emp_avg: 0.07370073571424116, h: 2.9198218702658267, ucb: 2.991627818873822,num_of_obs(calculated after picking at this round): 4, privacy reward: 0.8187307530779819, g: 0.003950806675633798, curr_delay = 0.6298411398203463, data_size = 818
user 16, emp_avg: 0.06787359511060316, h: 1.5248272409521704, ucb: 1.5929931137920146,num_of_obs(calculated after picking at this round): 12, privacy reward: 0.5488116360940265, g: -0.00021353876428972877, curr_delay = 0.7732930550429039, data_size = 1092
user 26, emp_avg: 0.059257481067653855, h: 1.3516148876237928, ucb: 1.4108127128839794,num_of_obs(calculated after picking at this round): 15, privacy reward: 0.4723665527410147, g: -0.0004046895824730742, curr_delay = 0.8320483404498783, data_size = 1378
num of fast users chosen: 2, num of slow users chosen: 3
max_delay = 0.83 seconds
after cleansing the weights updates who were almost zeros (meaning with absolute value of less than 10**-7, 0.00% of the weights upadtes) we get:
user No.0.0 has been picked 27, his deltas theta's mean
 is -0.0003835554816760123,
the empirical var of deltas thetas is 0.0037560227792710066
the minimum of the deltas theta is -0.42827776074409485 and the maximum is 0.4228006899356842
the added laplace noise var is 0.009028304374238022
global epoch 71 has been done artifficialy in 0.83 secs, the total time by now is 60.30 
 with avg train loss 1.446, val loss 1.396, avg val acc 52.37%
iteration: 72
user 0, emp_avg: 0.7681125669999193, h: 0.9748693495388161, ucb: 1.7546168615413813,num_of_obs(calculated after picking at this round): 28, privacy reward: 0.24659696394160646, g: 0.0002816172517898007, curr_delay = 0.11013966654246277, data_size = 3049
user 8, emp_avg: 0.43276896202736526, h: 1.1621213976376028, ucb: 1.5650360945085136,num_of_obs(calculated after picking at this round): 20, privacy reward: 0.36787944117144233, g: 0.0021316416469621064, curr_delay = 0.05, data_size = 2413
user 19, emp_avg: 0.06392077181600099, h: 1.5273267410769567, ucb: 1.5918785304109278,num_of_obs(calculated after picking at this round): 12, privacy reward: 0.5488116360940265, g: -0.00344796671733163, curr_delay = 0.8775073591920326, data_size = 732
user 24, emp_avg: 0.06008656361288761, h: 1.1621213976376028, ucb: 1.2225166112797803,num_of_obs(calculated after picking at this round): 20, privacy reward: 0.36787944117144233, g: -0.008599494836761003, curr_delay = 0.9221313034200745, data_size = 1332
user 25, emp_avg: 0.06020862043086058, h: 1.7909493541867791, ucb: 1.8513397294313514,num_of_obs(calculated after picking at this round): 9, privacy reward: 0.6376281516217733, g: -2.6677180802559677e-06, curr_delay = 0.8509974603697479, data_size = 852
num of fast users chosen: 2, num of slow users chosen: 3
max_delay = 0.92 seconds
after cleansing the weights updates who were almost zeros (meaning with absolute value of less than 10**-7, 0.00% of the weights upadtes) we get:
user No.0.0 has been picked 28, his deltas theta's mean
 is -0.0014102355344220996,
the empirical var of deltas thetas is 0.004761900752782822
the minimum of the deltas theta is -0.6051570177078247 and the maximum is 0.5051693320274353
the added laplace noise var is 0.009491195437921662
global epoch 72 has been done artifficialy in 0.92 secs, the total time by now is 61.22 
 with avg train loss 1.421, val loss 1.503, avg val acc 49.84%
iteration: 73
user 4, emp_avg: 0.5922945855827977, h: 0.9421683839345671, ucb: 1.5346896311195022,num_of_obs(calculated after picking at this round): 30, privacy reward: 0.2231301601484299, g: 0.0003025270007303932, curr_delay = 0.08536481691645781, data_size = 3227
user 6, emp_avg: 0.4801309664192876, h: 1.0147464047118442, ucb: 1.5019938531757233,num_of_obs(calculated after picking at this round): 26, privacy reward: 0.27253179303401265, g: 0.00045934232127995057, curr_delay = 0.16544298674893523, data_size = 2832
user 7, emp_avg: 0.5383584722006265, h: 2.5368660117796105, ucb: 3.0951938404669126,num_of_obs(calculated after picking at this round): 5, privacy reward: 0.7788007830714049, g: 9.454411953574896e-07, curr_delay = 0.10905576230147623, data_size = 434
user 16, emp_avg: 0.06731857983623318, h: 1.4646602747989703, ucb: 1.5325338699095734,num_of_obs(calculated after picking at this round): 13, privacy reward: 0.522045776761016, g: -0.0005792180727590087, curr_delay = 0.8242881917246464, data_size = 1092
user 26, emp_avg: 0.05917767911089, h: 1.310031975357608, ucb: 1.3692894564252618,num_of_obs(calculated after picking at this round): 16, privacy reward: 0.44932896411722156, g: -0.0008073128549434264, curr_delay = 0.8623566691207367, data_size = 1378
num of fast users chosen: 3, num of slow users chosen: 2
max_delay = 0.86 seconds
after cleansing the weights updates who were almost zeros (meaning with absolute value of less than 10**-7, 0.00% of the weights upadtes) we get:
user No.4.0 has been picked 30, his deltas theta's mean
 is -0.0017054739873856306,
the empirical var of deltas thetas is 0.00402768375352025
the minimum of the deltas theta is -0.448175847530365 and the maximum is 0.41449111700057983
the added laplace noise var is 0.010489393175763279
global epoch 73 has been done artifficialy in 0.86 secs, the total time by now is 62.08 
 with avg train loss 1.403, val loss 1.420, avg val acc 52.10%
iteration: 74
user 6, emp_avg: 0.4730773129406838, h: 0.9966171736125281, ucb: 1.4767481400318156,num_of_obs(calculated after picking at this round): 27, privacy reward: 0.25924026064589156, g: 0.0001574190526632583, curr_delay = 0.17260286913268788, data_size = 2832
user 8, emp_avg: 0.43565962376359274, h: 1.1363184095847656, ucb: 1.569087371612131,num_of_obs(calculated after picking at this round): 21, privacy reward: 0.3499377491111554, g: 0.0015831106853276108, curr_delay = 0.10132269513907077, data_size = 2413
user 20, emp_avg: 0.06680581450652386, h: 2.0746240847932356, ucb: 2.1407920663220725,num_of_obs(calculated after picking at this round): 7, privacy reward: 0.7046880897187136, g: -2.913286948918082e-05, curr_delay = 0.7078862970400889, data_size = 589
user 22, emp_avg: 0.06219409546967171, h: 1.9207286771738117, ucb: 1.9832728871820986,num_of_obs(calculated after picking at this round): 8, privacy reward: 0.6703200460356393, g: 0.002705900982997113, curr_delay = 0.8369140183600358, data_size = 1141
user 27, emp_avg: 0.058123624020333275, h: 1.532211430912998, ucb: 1.5903192125437906,num_of_obs(calculated after picking at this round): 12, privacy reward: 0.5488116360940265, g: 0.004623188424660712, curr_delay = 0.8576639692821189, data_size = 1686
num of fast users chosen: 2, num of slow users chosen: 3
max_delay = 0.86 seconds
after cleansing the weights updates who were almost zeros (meaning with absolute value of less than 10**-7, 0.00% of the weights upadtes) we get:
user No.6.0 has been picked 27, his deltas theta's mean
 is -0.00021467824990395457,
the empirical var of deltas thetas is 0.006477323826402426
the minimum of the deltas theta is -0.495383620262146 and the maximum is 0.55743408203125
the added laplace noise var is 0.009028304374238022
global epoch 74 has been done artifficialy in 0.86 secs, the total time by now is 62.94 
 with avg train loss 1.434, val loss 1.546, avg val acc 47.35%
iteration: 75
user 4, emp_avg: 0.5899633175674339, h: 0.9292457278391233, ucb: 1.521540313421921,num_of_obs(calculated after picking at this round): 31, privacy reward: 0.2122479738267431, g: 0.00021472732776419882, curr_delay = 0.0961491723598622, data_size = 3227
user 6, emp_avg: 0.46481119106195573, h: 0.9795110019841885, ucb: 1.4525883149248724,num_of_obs(calculated after picking at this round): 28, privacy reward: 0.24659696394160646, g: 1.5194609158587498e-05, curr_delay = 0.20693145863257667, data_size = 2832
user 17, emp_avg: 0.06681381514382012, h: 1.2724221165069853, ucb: 1.3392305123161805,num_of_obs(calculated after picking at this round): 17, privacy reward: 0.4274149319487267, g: 0.00014513049960760115, curr_delay = 0.747378295989742, data_size = 1754
user 20, emp_avg: 0.06596398314999562, h: 1.923721418843393, ucb: 1.9905272333499169,num_of_obs(calculated after picking at this round): 8, privacy reward: 0.6703200460356393, g: -0.00031151330735948365, curr_delay = 0.8323461201408349, data_size = 589
user 22, emp_avg: 0.06171321457756312, h: 1.7994766142276573, ucb: 1.861670709697329,num_of_obs(calculated after picking at this round): 9, privacy reward: 0.6376281516217733, g: 0.001595699166004089, curr_delay = 0.8640627539614372, data_size = 1141
num of fast users chosen: 2, num of slow users chosen: 3
max_delay = 0.86 seconds
after cleansing the weights updates who were almost zeros (meaning with absolute value of less than 10**-7, 0.00% of the weights upadtes) we get:
user No.4.0 has been picked 31, his deltas theta's mean
 is -0.0006673768511973321,
the empirical var of deltas thetas is 0.004258057102560997
the minimum of the deltas theta is -0.5318222045898438 and the maximum is 0.49361443519592285
the added laplace noise var is 0.011027195864203846
global epoch 75 has been done artifficialy in 0.86 secs, the total time by now is 63.80 
 with avg train loss 1.438, val loss 1.427, avg val acc 51.26%
iteration: 76
user 6, emp_avg: 0.45859502709314304, h: 0.9633349818231526, ucb: 1.4281461728851084,num_of_obs(calculated after picking at this round): 29, privacy reward: 0.23457028809379765, g: -2.0457767053323755e-05, curr_delay = 0.17572071396024266, data_size = 2832
user 7, emp_avg: 0.4905811283975012, h: 2.2796666441266358, ucb: 2.818025116327262,num_of_obs(calculated after picking at this round): 6, privacy reward: 0.7408182206817179, g: -0.00010045281407575515, curr_delay = 0.19865359791976656, data_size = 434
user 8, emp_avg: 0.43233670600309304, h: 1.1123634221507608, ucb: 1.5480230459143536,num_of_obs(calculated after picking at this round): 22, privacy reward: 0.3328710836980795, g: 0.0011385768404297534, curr_delay = 0.1379099454717158, data_size = 2413
user 25, emp_avg: 0.060043352531075636, h: 1.6991631941019931, ucb: 1.7593718145328536,num_of_obs(calculated after picking at this round): 10, privacy reward: 0.6065306597126334, g: -7.998183823688522e-05, curr_delay = 0.8538843160296684, data_size = 852
user 26, emp_avg: 0.05894324276205363, h: 1.2743723955764947, ucb: 1.3335500746873847,num_of_obs(calculated after picking at this round): 17, privacy reward: 0.4274149319487267, g: -0.0011195793046185171, curr_delay = 0.905924108387682, data_size = 1378
num of fast users chosen: 3, num of slow users chosen: 2
max_delay = 0.91 seconds
after cleansing the weights updates who were almost zeros (meaning with absolute value of less than 10**-7, 0.00% of the weights upadtes) we get:
user No.6.0 has been picked 29, his deltas theta's mean
 is -0.0028554261662065983,
the empirical var of deltas thetas is 0.005820596124976873
the minimum of the deltas theta is -0.44376736879348755 and the maximum is 0.595102071762085
the added laplace noise var is 0.009977819433943023
global epoch 76 has been done artifficialy in 0.91 secs, the total time by now is 64.71 
 with avg train loss 1.415, val loss 1.411, avg val acc 51.59%
iteration: 77
user 0, emp_avg: 0.7761086853792324, h: 0.9647877733160154, ucb: 1.7329003403159347,num_of_obs(calculated after picking at this round): 29, privacy reward: 0.23457028809379765, g: 0.0007921462011971509, curr_delay = 0.05, data_size = 3049
user 2, emp_avg: 0.5384296136195666, h: 1.7017256774332898, ucb: 2.2487770040558304,num_of_obs(calculated after picking at this round): 10, privacy reward: 0.6065306597126334, g: 1.873835210339302e-07, curr_delay = 0.10849889259451065, data_size = 913
user 13, emp_avg: 0.25828636656023785, h: 1.0884274004085415, ucb: 1.3490549460979473,num_of_obs(calculated after picking at this round): 23, privacy reward: 0.3166367693790533, g: 0.0006700978782395458, curr_delay = 0.24180238446774854, data_size = 2425
user 19, emp_avg: 0.06425150051450858, h: 1.4737376669295124, ucb: 1.5376584387455134,num_of_obs(calculated after picking at this round): 13, privacy reward: 0.522045776761016, g: -0.0038174810885806274, curr_delay = 0.732920265469353, data_size = 732
user 27, emp_avg: 0.058227783733578994, h: 1.4737376669295124, ucb: 1.5318612909498457,num_of_obs(calculated after picking at this round): 13, privacy reward: 0.522045776761016, g: 0.0036964606515260475, curr_delay = 0.8406511979126012, data_size = 1686
num of fast users chosen: 3, num of slow users chosen: 2
max_delay = 0.84 seconds
after cleansing the weights updates who were almost zeros (meaning with absolute value of less than 10**-7, 0.00% of the weights upadtes) we get:
user No.0.0 has been picked 29, his deltas theta's mean
 is -0.0024998353328555822,
the empirical var of deltas thetas is 0.004318067338317633
the minimum of the deltas theta is -0.4247478246688843 and the maximum is 0.46729540824890137
the added laplace noise var is 0.009977819433943023
