Namespace(data='cifar10', full_exp=False, i_i_d=False, wandb=True, method_choosing_users='pause brute', model='cnn3', num_users=30, num_users_per_round=5, global_epochs=300, max_seconds=600, epsilon_bar=100, epsilon_sum_deascent_coeff=0.04, delta_f=0.012, accel_ucb_coeff=1, alpha=20, beta=2, gamma=2, choosing_users_verbose=True, sa_pause_verbose=False, snr_verbose=True, dirichlet_coeff=2, label_dominance=0.4, max_iterations_sa_pause=3000, sa_pause_simulation=False, max_time_sa_pause=600, pre_sa_pause_rounds=1, beta_max_reduction=70, data_truncation=None, tau_min=0.05, production=False, privacy_noise='laplace', privacy=True, save_best_model=False, seed=1, norm_mean=0.5, norm_std=0.5, train_batch_size=20, test_batch_size=1000, local_epochs=1, local_iterations=100, lr=0.01, momentum=0.5, lr_scheduler=False, optimizer='adam', device=device(type='cuda'))
=================================================================
Layer (type:depth-idx)                   Param #
=================================================================
CNN3LayerCifar                           --
├─Conv2d: 1-1                            896
├─BatchNorm2d: 1-2                       64
├─Conv2d: 1-3                            18,496
├─BatchNorm2d: 1-4                       128
├─Conv2d: 1-5                            73,856
├─BatchNorm2d: 1-6                       256
├─MaxPool2d: 1-7                         --
├─Linear: 1-8                            65,664
├─BatchNorm1d: 1-9                       256
├─Linear: 1-10                           8,256
├─BatchNorm1d: 1-11                      128
├─Linear: 1-12                           2,080
├─BatchNorm1d: 1-13                      64
├─Linear: 1-14                           330
├─Dropout: 1-15                          --
├─Dropout: 1-16                          --
├─Dropout: 1-17                          --
=================================================================
Total params: 170,474
Trainable params: 170,474
Non-trainable params: 0
=================================================================
iteration: 1
user 0, emp_avg: 0.5566743013995132, h: 0, ucb: inf,num_of_obs(calculated after picking at this round): 1, privacy reward: 0.9607894391523232, g: 0.21758924156668494, curr_delay = 0.08981912740411574, data_size = 3540
user 17, emp_avg: 0.06259606452089593, h: 0, ucb: inf,num_of_obs(calculated after picking at this round): 1, privacy reward: 0.9607894391523232, g: 0.05726148184079776, curr_delay = 0.7987722612067555, data_size = 1816
user 22, emp_avg: 0.059893200098637515, h: 0, ucb: inf,num_of_obs(calculated after picking at this round): 1, privacy reward: 0.9607894391523232, g: 0.014505185454997151, curr_delay = 0.8348193103333184, data_size = 914
user 27, emp_avg: 0.05134289498252239, h: 0, ucb: inf,num_of_obs(calculated after picking at this round): 1, privacy reward: 0.9607894391523232, g: 0.04112521050981248, curr_delay = 0.9738445799953525, data_size = 1539
user 29, emp_avg: 0.05216187838782653, h: 0, ucb: inf,num_of_obs(calculated after picking at this round): 1, privacy reward: 0.9607894391523232, g: 0.009585362062118711, curr_delay = 0.9585544375577728, data_size = 743
num of fast users chosen: 1, num of slow users chosen: 4
max_delay = 0.97 seconds
after cleansing the weights updates who were almost zeros (meaning with absolute value of less than 10**-7, 0.00% of the weights upadtes) we get:
user No.0 has been picked 1, his deltas theta's mean
 is -3.71534661098849e-05,
the empirical var of deltas thetas is 0.0042199851013720036
the minimum of the deltas theta is -0.2883625030517578 and the maximum is 0.38168585300445557
the added laplace noise var is 0.003060399989333737
global epoch 1 has been done artifficialy in 0.97 secs, the total time by now is 0.97 
 with avg train loss 1.723, val loss 2.353, avg val acc 10.00%
iteration: 2
user 4, emp_avg: 0.2499878416021998, h: 0, ucb: inf,num_of_obs(calculated after picking at this round): 1, privacy reward: 0.9607894391523232, g: 0.24678206545557918, curr_delay = 0.2000097271913084, data_size = 3770
user 5, emp_avg: 0.5346323774456452, h: 0, ucb: inf,num_of_obs(calculated after picking at this round): 1, privacy reward: 0.9607894391523232, g: 0.006979260524049474, curr_delay = 0.09352220723871776, data_size = 634
user 11, emp_avg: 0.21694273252068288, h: 0, ucb: inf,num_of_obs(calculated after picking at this round): 1, privacy reward: 0.9607894391523232, g: 0.00564131831410322, curr_delay = 0.2304755702993328, data_size = 570
user 14, emp_avg: 0.3304388797487335, h: 0, ucb: inf,num_of_obs(calculated after picking at this round): 1, privacy reward: 0.9607894391523232, g: 0.09289282271340257, curr_delay = 0.15131391329622024, data_size = 2313
user 23, emp_avg: 0.06399925645060224, h: 0, ucb: inf,num_of_obs(calculated after picking at this round): 1, privacy reward: 0.9607894391523232, g: 0.004084269314973624, curr_delay = 0.7812590766361863, data_size = 485
num of fast users chosen: 4, num of slow users chosen: 1
max_delay = 0.78 seconds
after cleansing the weights updates who were almost zeros (meaning with absolute value of less than 10**-7, 0.00% of the weights upadtes) we get:
user No.4 has been picked 1, his deltas theta's mean
 is -0.0022418899461627007,
the empirical var of deltas thetas is 0.004195436369627714
the minimum of the deltas theta is -0.30225008726119995 and the maximum is 0.291103720664978
the added laplace noise var is 0.003060399989333737
global epoch 2 has been done artifficialy in 0.78 secs, the total time by now is 1.76 
 with avg train loss 1.898, val loss 2.353, avg val acc 10.00%
iteration: 3
user 1, emp_avg: 0.5477171334348248, h: 0, ucb: inf,num_of_obs(calculated after picking at this round): 1, privacy reward: 0.9607894391523232, g: 0.009405600386200242, curr_delay = 0.09128799693820372, data_size = 736
user 2, emp_avg: 0.550649378957831, h: 0, ucb: inf,num_of_obs(calculated after picking at this round): 1, privacy reward: 0.9607894391523232, g: 0.010974004947587221, curr_delay = 0.0908018821243945, data_size = 795
user 15, emp_avg: 0.06580147791606712, h: 0, ucb: inf,num_of_obs(calculated after picking at this round): 1, privacy reward: 0.9607894391523232, g: 0.008266640964433806, curr_delay = 0.7598613524118311, data_size = 690
user 16, emp_avg: 0.06690382828808496, h: 0, ucb: inf,num_of_obs(calculated after picking at this round): 1, privacy reward: 0.9607894391523232, g: 0.017121010410289832, curr_delay = 0.7473413895644684, data_size = 993
user 26, emp_avg: 0.05982032028504339, h: 0, ucb: inf,num_of_obs(calculated after picking at this round): 1, privacy reward: 0.9607894391523232, g: 0.020327567688396986, curr_delay = 0.8358363807106075, data_size = 1082
num of fast users chosen: 2, num of slow users chosen: 3
max_delay = 0.84 seconds
after cleansing the weights updates who were almost zeros (meaning with absolute value of less than 10**-7, 0.00% of the weights upadtes) we get:
user No.1 has been picked 1, his deltas theta's mean
 is -0.0016297190450131893,
the empirical var of deltas thetas is 0.0035915186163038015
the minimum of the deltas theta is -0.24504297971725464 and the maximum is 0.21402032673358917
the added laplace noise var is 0.003060399989333737
global epoch 3 has been done artifficialy in 0.84 secs, the total time by now is 2.59 
 with avg train loss 1.833, val loss 2.339, avg val acc 10.00%
iteration: 4
user 6, emp_avg: 0.2892227347154346, h: 0, ucb: inf,num_of_obs(calculated after picking at this round): 1, privacy reward: 0.9607894391523232, g: 0.18103684999758912, curr_delay = 0.1728771427640184, data_size = 3229
user 9, emp_avg: 0.2333553042710687, h: 0, ucb: inf,num_of_obs(calculated after picking at this round): 1, privacy reward: 0.9607894391523232, g: 0.0035317014047611854, curr_delay = 0.21426553879366428, data_size = 451
user 10, emp_avg: 0.42858517781528893, h: 0, ucb: inf,num_of_obs(calculated after picking at this round): 1, privacy reward: 0.9607894391523232, g: 0.02021500177079055, curr_delay = 0.11666292393702177, data_size = 1079
user 18, emp_avg: 0.062085705121442555, h: 0, ucb: inf,num_of_obs(calculated after picking at this round): 1, privacy reward: 0.9607894391523232, g: 0.007840963648987348, curr_delay = 0.80533836093506, data_size = 672
user 21, emp_avg: 0.07325744833610116, h: 0, ucb: inf,num_of_obs(calculated after picking at this round): 1, privacy reward: 0.9607894391523232, g: 0.031084445256735635, curr_delay = 0.6825244549960673, data_size = 1338
num of fast users chosen: 3, num of slow users chosen: 2
max_delay = 0.81 seconds
after cleansing the weights updates who were almost zeros (meaning with absolute value of less than 10**-7, 0.00% of the weights upadtes) we get:
user No.6 has been picked 1, his deltas theta's mean
 is -0.0012243525125086308,
the empirical var of deltas thetas is 0.004798449110239744
the minimum of the deltas theta is -0.4426907002925873 and the maximum is 0.3362366557121277
the added laplace noise var is 0.003060399989333737
global epoch 4 has been done artifficialy in 0.81 secs, the total time by now is 3.40 
 with avg train loss 1.824, val loss 2.334, avg val acc 10.00%
iteration: 5
user 7, emp_avg: 0.3983109273193228, h: 0, ucb: inf,num_of_obs(calculated after picking at this round): 1, privacy reward: 0.9607894391523232, g: 0.0033158415424006707, curr_delay = 0.12553007354456883, data_size = 437
user 12, emp_avg: 0.1812156792642765, h: 0, ucb: inf,num_of_obs(calculated after picking at this round): 1, privacy reward: 0.9607894391523232, g: 0.0035317014047611854, curr_delay = 0.27591431493674634, data_size = 451
user 13, emp_avg: 0.25154024831897714, h: 0, ucb: inf,num_of_obs(calculated after picking at this round): 1, privacy reward: 0.9607894391523232, g: 0.1253620909416975, curr_delay = 0.19877534642724534, data_size = 2687
user 24, emp_avg: 0.05810260737678865, h: 0, ucb: inf,num_of_obs(calculated after picking at this round): 1, privacy reward: 0.9607894391523232, g: 0.0206292714342445, curr_delay = 0.8605465788437999, data_size = 1090
user 28, emp_avg: 0.057865075567243955, h: 0, ucb: inf,num_of_obs(calculated after picking at this round): 1, privacy reward: 0.9607894391523232, g: 0.02656869930247157, curr_delay = 0.8640790582204616, data_size = 1237
num of fast users chosen: 3, num of slow users chosen: 2
max_delay = 0.86 seconds
after cleansing the weights updates who were almost zeros (meaning with absolute value of less than 10**-7, 0.00% of the weights upadtes) we get:
user No.7 has been picked 1, his deltas theta's mean
 is 0.0005138500710017979,
the empirical var of deltas thetas is 0.0028204116970300674
the minimum of the deltas theta is -0.17711172997951508 and the maximum is 0.17760562896728516
the added laplace noise var is 0.003060399989333737
global epoch 5 has been done artifficialy in 0.86 secs, the total time by now is 4.26 
 with avg train loss 1.775, val loss 2.332, avg val acc 10.00%
iteration: 6
user 3, emp_avg: 0.4104718235886342, h: 0, ucb: inf,num_of_obs(calculated after picking at this round): 1, privacy reward: 0.9607894391523232, g: 0.003754367659178113, curr_delay = 0.12181104067720103, data_size = 465
user 8, emp_avg: 0.2661902793770683, h: 0, ucb: inf,num_of_obs(calculated after picking at this round): 1, privacy reward: 0.9607894391523232, g: 0.12387357467074815, curr_delay = 0.18783555927364712, data_size = 2671
user 19, emp_avg: 0.05656570103880332, h: 0, ucb: inf,num_of_obs(calculated after picking at this round): 1, privacy reward: 0.9607894391523232, g: 0.005214251939053413, curr_delay = 0.8839278764652925, data_size = 548
user 20, emp_avg: 0.07554012940649511, h: 0, ucb: inf,num_of_obs(calculated after picking at this round): 1, privacy reward: 0.9607894391523232, g: 0.00291876149153817, curr_delay = 0.6618998457222777, data_size = 410
user 25, emp_avg: 0.058423133830080534, h: 0, ucb: inf,num_of_obs(calculated after picking at this round): 1, privacy reward: 0.9607894391523232, g: 0.005445113645130103, curr_delay = 0.8558253678315407, data_size = 560
num of fast users chosen: 2, num of slow users chosen: 3
max_delay = 0.88 seconds
after cleansing the weights updates who were almost zeros (meaning with absolute value of less than 10**-7, 0.00% of the weights upadtes) we get:
user No.3 has been picked 1, his deltas theta's mean
 is -0.0014999908162280917,
the empirical var of deltas thetas is 0.0029576243832707405
the minimum of the deltas theta is -0.17821449041366577 and the maximum is 0.16768096387386322
the added laplace noise var is 0.003060399989333737
global epoch 6 has been done artifficialy in 0.88 secs, the total time by now is 5.14 
 with avg train loss 1.855, val loss 2.329, avg val acc 10.00%
iteration: 7
user 0, emp_avg: 0.7783371506997566, h: 3.416937355927363, ucb: 3.9736116573268765,num_of_obs(calculated after picking at this round): 2, privacy reward: 0.9231163463866358, g: 0.10472179916213054, curr_delay = 0.05, data_size = 3540
user 4, emp_avg: 0.38677652511552674, h: 3.416937355927363, ucb: 3.666925197529563,num_of_obs(calculated after picking at this round): 2, privacy reward: 0.9231163463866358, g: 0.12525547353010166, curr_delay = 0.09549908812876094, data_size = 3770
user 6, emp_avg: 0.36715923151103413, h: 3.416937355927363, ucb: 3.706160090642798,num_of_obs(calculated after picking at this round): 2, privacy reward: 0.9231163463866358, g: 0.07987808368436994, curr_delay = 0.11233538499734644, data_size = 3229
user 8, emp_avg: 0.35291433263642225, h: 3.416937355927363, ucb: 3.683127635304431,num_of_obs(calculated after picking at this round): 2, privacy reward: 0.9231163463866358, g: 0.04372265806481208, curr_delay = 0.11372983252616473, data_size = 2671
user 13, emp_avg: 0.2675526954014594, h: 3.416937355927363, ucb: 3.6684776042463403,num_of_obs(calculated after picking at this round): 2, privacy reward: 0.9231163463866358, g: 0.04460879871691459, curr_delay = 0.17632632686096641, data_size = 2687
num of fast users chosen: 5, num of slow users chosen: 0
max_delay = 0.18 seconds
after cleansing the weights updates who were almost zeros (meaning with absolute value of less than 10**-7, 0.00% of the weights upadtes) we get:
user No.0 has been picked 2, his deltas theta's mean
 is -0.0005395531770773232,
the empirical var of deltas thetas is 0.0019586223643273115
the minimum of the deltas theta is -0.2670900523662567 and the maximum is 0.3355148434638977
the added laplace noise var is 0.0031852972822368235
global epoch 7 has been done artifficialy in 0.18 secs, the total time by now is 5.32 
 with avg train loss 1.719, val loss 2.344, avg val acc 10.00%
iteration: 8
user 1, emp_avg: 0.7738585667174124, h: 3.5322300675464238, ucb: 4.079947200981248,num_of_obs(calculated after picking at this round): 2, privacy reward: 0.9231163463866358, g: -0.0007849817276154476, curr_delay = 0.05, data_size = 736
user 2, emp_avg: 0.5108542601323841, h: 3.5322300675464238, ucb: 4.082879446504255,num_of_obs(calculated after picking at this round): 2, privacy reward: 0.9231163463866358, g: -0.00040978370631696216, curr_delay = 0.10614378453897899, data_size = 795
user 5, emp_avg: 0.46417277740748963, h: 3.5322300675464238, ucb: 4.0668624449920685,num_of_obs(calculated after picking at this round): 2, privacy reward: 0.9231163463866358, g: -0.0017187683643446392, curr_delay = 0.1269960033699762, data_size = 634
user 10, emp_avg: 0.3177507269122867, h: 3.5322300675464238, ucb: 3.9608152453617125,num_of_obs(calculated after picking at this round): 2, privacy reward: 0.9231163463866358, g: 0.0002951341993055019, curr_delay = 0.24164362980201953, data_size = 1079
user 14, emp_avg: 0.29154306182624745, h: 3.5322300675464238, ucb: 3.862668947295157,num_of_obs(calculated after picking at this round): 2, privacy reward: 0.9231163463866358, g: 0.03232201298880118, curr_delay = 0.19790439518527275, data_size = 2313
num of fast users chosen: 5, num of slow users chosen: 0
max_delay = 0.24 seconds
after cleansing the weights updates who were almost zeros (meaning with absolute value of less than 10**-7, 0.00% of the weights upadtes) we get:
user No.1 has been picked 2, his deltas theta's mean
 is -3.179152918164618e-05,
the empirical var of deltas thetas is 0.0012225134996697307
the minimum of the deltas theta is -0.21736222505569458 and the maximum is 0.21481727063655853
the added laplace noise var is 0.0031852972822368235
global epoch 8 has been done artifficialy in 0.24 secs, the total time by now is 5.56 
 with avg train loss 1.795, val loss 2.331, avg val acc 10.00%
iteration: 9
user 17, emp_avg: 0.06737776593368416, h: 3.63088797183517, ucb: 3.693484036356066,num_of_obs(calculated after picking at this round): 2, privacy reward: 0.9231163463866358, g: 0.016430779833831868, curr_delay = 0.6929097710758575, data_size = 1816
user 21, emp_avg: 0.07177999421458714, h: 3.63088797183517, ucb: 3.704145420171271,num_of_obs(calculated after picking at this round): 2, privacy reward: 0.9231163463866358, g: 0.004250610059918929, curr_delay = 0.7112118556997414, data_size = 1338
user 24, emp_avg: 0.06280365570561418, h: 3.63088797183517, ucb: 3.688990579211959,num_of_obs(calculated after picking at this round): 2, privacy reward: 0.9231163463866358, g: 0.0010574089757478759, curr_delay = 0.7406891225608646, data_size = 1090
user 27, emp_avg: 0.05232170737463962, h: 3.63088797183517, ucb: 3.6822308668176924,num_of_obs(calculated after picking at this round): 2, privacy reward: 0.9231163463866358, g: 0.008405663537179904, curr_delay = 0.9380771560727753, data_size = 1539
user 28, emp_avg: 0.057143918529853996, h: 3.63088797183517, ucb: 3.688753047402414,num_of_obs(calculated after picking at this round): 2, privacy reward: 0.9231163463866358, g: 0.0026923610676319928, curr_delay = 0.8861671899323489, data_size = 1237
num of fast users chosen: 0, num of slow users chosen: 5
max_delay = 0.94 seconds
after cleansing the weights updates who were almost zeros (meaning with absolute value of less than 10**-7, 0.00% of the weights upadtes) we get:
user No.17 has been picked 2, his deltas theta's mean
 is -0.0008279216126538813,
the empirical var of deltas thetas is 0.0015361172845587134
the minimum of the deltas theta is -0.28723815083503723 and the maximum is 0.2926235795021057
the added laplace noise var is 0.0031852972822368235
global epoch 9 has been done artifficialy in 0.94 secs, the total time by now is 6.50 
 with avg train loss 1.578, val loss 2.327, avg val acc 10.00%
iteration: 10
user 3, emp_avg: 0.7052359117943171, h: 3.7169221888498387, ucb: 4.127394012438473,num_of_obs(calculated after picking at this round): 2, privacy reward: 0.9231163463866358, g: -0.0014997886632629736, curr_delay = 0.05, data_size = 465
user 7, emp_avg: 0.5450446033054952, h: 3.7169221888498387, ucb: 4.115233116169161,num_of_obs(calculated after picking at this round): 2, privacy reward: 0.9231163463866358, g: -0.0017991726795728946, curr_delay = 0.07227749337720821, data_size = 437
user 9, emp_avg: 0.3213505439330974, h: 3.7169221888498387, ucb: 3.9502774931209075,num_of_obs(calculated after picking at this round): 2, privacy reward: 0.9231163463866358, g: -0.0016460774753897277, curr_delay = 0.12214612194333428, data_size = 451
user 11, emp_avg: 0.22792242903500326, h: 3.7169221888498387, ucb: 3.9338649213705215,num_of_obs(calculated after picking at this round): 2, privacy reward: 0.9231163463866358, g: -0.000619576319110469, curr_delay = 0.20929072893358175, data_size = 570
user 12, emp_avg: 0.1990847942521932, h: 3.7169221888498387, ucb: 3.898137868114115,num_of_obs(calculated after picking at this round): 2, privacy reward: 0.9231163463866358, g: -0.0016460774753897277, curr_delay = 0.2304636969904211, data_size = 451
num of fast users chosen: 5, num of slow users chosen: 0
max_delay = 0.23 seconds
after cleansing the weights updates who were almost zeros (meaning with absolute value of less than 10**-7, 0.00% of the weights upadtes) we get:
user No.3 has been picked 2, his deltas theta's mean
 is 0.00020725568174384534,
the empirical var of deltas thetas is 0.0011575821554288268
the minimum of the deltas theta is -0.1608429104089737 and the maximum is 0.1643124222755432
the added laplace noise var is 0.0031852972822368235
global epoch 10 has been done artifficialy in 0.23 secs, the total time by now is 6.73 
 with avg train loss 1.859, val loss 2.255, avg val acc 17.54%
iteration: 11
user 0, emp_avg: 0.7659979664359357, h: 2.6821047366564774, ucb: 3.460441887356234,num_of_obs(calculated after picking at this round): 3, privacy reward: 0.8869204367171574, g: 0.08102359468107732, curr_delay = 0.06744729282900375, data_size = 3540
user 4, emp_avg: 0.47235084035173464, h: 2.6821047366564774, ucb: 3.0688812617720043,num_of_obs(calculated after picking at this round): 3, privacy reward: 0.8869204367171574, g: 0.0991956828160694, curr_delay = 0.07770014159601935, data_size = 3770
user 6, emp_avg: 0.3992953730616459, h: 2.6821047366564774, ucb: 3.0492639681675113,num_of_obs(calculated after picking at this round): 3, privacy reward: 0.8869204367171574, g: 0.0593731545009536, curr_delay = 0.10785912117741246, data_size = 3229
user 8, emp_avg: 0.3353888219379733, h: 2.6821047366564774, ucb: 3.0350190692928996,num_of_obs(calculated after picking at this round): 3, privacy reward: 0.8869204367171574, g: 0.02894714243792749, curr_delay = 0.16647921077507458, data_size = 2671
user 13, emp_avg: 0.2753090162468366, h: 2.6821047366564774, ucb: 2.9496574320579367,num_of_obs(calculated after picking at this round): 3, privacy reward: 0.8869204367171574, g: 0.02966899883034451, curr_delay = 0.17192667270581935, data_size = 2687
num of fast users chosen: 5, num of slow users chosen: 0
max_delay = 0.17 seconds
after cleansing the weights updates who were almost zeros (meaning with absolute value of less than 10**-7, 0.00% of the weights upadtes) we get:
user No.0 has been picked 3, his deltas theta's mean
 is -0.0005355284665711224,
the empirical var of deltas thetas is 0.0019564677495509386
the minimum of the deltas theta is -0.34603679180145264 and the maximum is 0.34389573335647583
the added laplace noise var is 0.0033152917303578187
global epoch 11 has been done artifficialy in 0.17 secs, the total time by now is 6.90 
 with avg train loss 1.678, val loss 2.336, avg val acc 10.00%
iteration: 12
user 15, emp_avg: 0.07111525009544156, h: 3.8612743879097744, ucb: 3.9270758658258416,num_of_obs(calculated after picking at this round): 2, privacy reward: 0.9231163463866358, g: 5.757374726275435e-05, curr_delay = 0.6542017483910092, data_size = 690
user 16, emp_avg: 0.0660782861547371, h: 3.8612743879097744, ucb: 3.9281782161978596,num_of_obs(calculated after picking at this round): 2, privacy reward: 0.9231163463866358, g: 0.002257575028670238, curr_delay = 0.7662513009967897, data_size = 993
user 18, emp_avg: 0.06433435802113091, h: 3.8612743879097744, ucb: 3.923360093031217,num_of_obs(calculated after picking at this round): 2, privacy reward: 0.9231163463866358, g: 2.7205431684525635e-05, curr_delay = 0.7509423095849505, data_size = 672
user 22, emp_avg: 0.06479748177270409, h: 3.8612743879097744, ucb: 3.921167588008412,num_of_obs(calculated after picking at this round): 2, privacy reward: 0.9231163463866358, g: 0.0013767173505770112, curr_delay = 0.7173419656474495, data_size = 914
user 26, emp_avg: 0.059432806988654, h: 3.8612743879097744, ucb: 3.921094708194818,num_of_obs(calculated after picking at this round): 2, privacy reward: 0.9231163463866358, g: 0.003509548918540027, curr_delay = 0.8468075416915133, data_size = 1082
num of fast users chosen: 0, num of slow users chosen: 5
max_delay = 0.85 seconds
after cleansing the weights updates who were almost zeros (meaning with absolute value of less than 10**-7, 0.00% of the weights upadtes) we get:
user No.15 has been picked 2, his deltas theta's mean
 is -9.960709576262161e-05,
the empirical var of deltas thetas is 0.0010142966639250517
the minimum of the deltas theta is -0.19338692724704742 and the maximum is 0.1870073825120926
the added laplace noise var is 0.0031852972822368235
global epoch 12 has been done artifficialy in 0.85 secs, the total time by now is 7.75 
 with avg train loss 1.658, val loss 2.313, avg val acc 11.90%
iteration: 13
user 19, emp_avg: 0.06179235177131394, h: 3.9229703216783607, ucb: 3.979536022717164,num_of_obs(calculated after picking at this round): 2, privacy reward: 0.9231163463866358, g: -2.2215193249574658e-05, curr_delay = 0.7460570604157629, data_size = 548
user 20, emp_avg: 0.07170737739995917, h: 3.9229703216783607, ucb: 3.9985104510848557,num_of_obs(calculated after picking at this round): 2, privacy reward: 0.9231163463866358, g: -0.0005242961294171933, curr_delay = 0.7366523160928531, data_size = 410
user 23, emp_avg: 0.06060082933250543, h: 3.9229703216783607, ucb: 3.986969578128963,num_of_obs(calculated after picking at this round): 2, privacy reward: 0.9231163463866358, g: -0.00016938472259022183, curr_delay = 0.8740891652170089, data_size = 485
user 25, emp_avg: 0.05838860169281295, h: 3.9229703216783607, ucb: 3.9813934555084414,num_of_obs(calculated after picking at this round): 2, privacy reward: 0.9231163463866358, g: -9.809822484276282e-06, curr_delay = 0.8568382699068933, data_size = 560
user 29, emp_avg: 0.05424924165475602, h: 3.9229703216783607, ucb: 3.975132200066187,num_of_obs(calculated after picking at this round): 2, privacy reward: 0.9231163463866358, g: 0.0004402353176325693, curr_delay = 0.8875224211594909, data_size = 743
num of fast users chosen: 0, num of slow users chosen: 5
max_delay = 0.89 seconds
after cleansing the weights updates who were almost zeros (meaning with absolute value of less than 10**-7, 0.00% of the weights upadtes) we get:
user No.19 has been picked 2, his deltas theta's mean
 is 0.000174471439095214,
the empirical var of deltas thetas is 0.0011759547051042318
the minimum of the deltas theta is -0.2356794774532318 and the maximum is 0.2164848893880844
the added laplace noise var is 0.0031852972822368235
global epoch 13 has been done artifficialy in 0.89 secs, the total time by now is 8.64 
 with avg train loss 1.619, val loss 2.210, avg val acc 18.43%
iteration: 14
user 0, emp_avg: 0.736820278686604, h: 2.2974147773596556, ucb: 3.0634127437955914,num_of_obs(calculated after picking at this round): 4, privacy reward: 0.8521437889662112, g: 0.06359420040883292, curr_delay = 0.07700752272817164, data_size = 3540
user 4, emp_avg: 0.604263130263801, h: 2.2974147773596556, ucb: 2.76976561771139,num_of_obs(calculated after picking at this round): 4, privacy reward: 0.8521437889662112, g: 0.07979830001634247, curr_delay = 0.05, data_size = 3770
user 6, emp_avg: 0.4554521406608646, h: 2.2974147773596556, ucb: 2.6967101504213016,num_of_obs(calculated after picking at this round): 4, privacy reward: 0.8521437889662112, g: 0.044604822976739934, curr_delay = 0.08013816544703939, data_size = 3229
user 14, emp_avg: 0.281229862439268, h: 2.8137469660304877, ucb: 3.1052900278567352,num_of_obs(calculated after picking at this round): 3, privacy reward: 0.8869204367171574, g: 0.026220060579164244, curr_delay = 0.19186237702586553, data_size = 2313
user 17, emp_avg: 0.06892786545935761, h: 2.8137469660304877, ucb: 2.8811247319641717,num_of_obs(calculated after picking at this round): 3, privacy reward: 0.8869204367171574, g: 0.009300012366989002, curr_delay = 0.6941738659737166, data_size = 1816
num of fast users chosen: 4, num of slow users chosen: 1
max_delay = 0.69 seconds
after cleansing the weights updates who were almost zeros (meaning with absolute value of less than 10**-7, 0.00% of the weights upadtes) we get:
user No.0 has been picked 4, his deltas theta's mean
 is -0.0016347342170774937,
the empirical var of deltas thetas is 0.002374836942180991
the minimum of the deltas theta is -0.2943800091743469 and the maximum is 0.32436680793762207
the added laplace noise var is 0.0034505913525473436
global epoch 14 has been done artifficialy in 0.69 secs, the total time by now is 9.33 
 with avg train loss 1.697, val loss 2.330, avg val acc 10.00%
iteration: 15
user 1, emp_avg: 0.6902769357812782, h: 2.8502895648173414, ucb: 3.6241481315347537,num_of_obs(calculated after picking at this round): 3, privacy reward: 0.8869204367171574, g: -0.001321384928154239, curr_delay = 0.09558151983749706, data_size = 736
user 2, emp_avg: 0.6193309332943168, h: 2.8502895648173414, ucb: 3.3611438249497256,num_of_obs(calculated after picking at this round): 3, privacy reward: 0.8869204367171574, g: -0.0008166134013433892, curr_delay = 0.059788281591073585, data_size = 795
user 3, emp_avg: 0.803490607862878, h: 2.8502895648173414, ucb: 3.5555254766116584,num_of_obs(calculated after picking at this round): 3, privacy reward: 0.8869204367171574, g: -0.005192706775735705, curr_delay = 0.05, data_size = 465
user 5, emp_avg: 0.6148305464559428, h: 2.8502895648173414, ucb: 3.314462342224831,num_of_obs(calculated after picking at this round): 3, privacy reward: 0.8869204367171574, g: -0.0024791799981420943, curr_delay = 0.054576448934346426, data_size = 634
user 7, emp_avg: 0.5256044151802177, h: 2.8502895648173414, ucb: 3.3953341681228366,num_of_obs(calculated after picking at this round): 3, privacy reward: 0.8869204367171574, g: -0.005738060836408079, curr_delay = 0.10272761565250237, data_size = 437
num of fast users chosen: 5, num of slow users chosen: 0
max_delay = 0.10 seconds
after cleansing the weights updates who were almost zeros (meaning with absolute value of less than 10**-7, 0.00% of the weights upadtes) we get:
user No.1 has been picked 3, his deltas theta's mean
 is 0.0011285701766610146,
the empirical var of deltas thetas is 0.0009760399116203189
the minimum of the deltas theta is -0.18699489533901215 and the maximum is 0.21996501088142395
the added laplace noise var is 0.0033152917303578187
global epoch 15 has been done artifficialy in 0.10 secs, the total time by now is 9.43 
 with avg train loss 1.721, val loss 2.239, avg val acc 14.25%
iteration: 16
user 0, emp_avg: 0.686958783401429, h: 2.039333980337618, ucb: 2.7761542590242216,num_of_obs(calculated after picking at this round): 5, privacy reward: 0.8187307530779817, g: 0.04685693164442902, curr_delay = 0.10256140919404876, data_size = 3540
user 4, emp_avg: 0.6636492981858104, h: 2.039333980337618, ucb: 2.643597110601419,num_of_obs(calculated after picking at this round): 5, privacy reward: 0.8187307530779817, g: 0.060896243871707785, curr_delay = 0.055481951357263484, data_size = 3770
user 8, emp_avg: 0.31805626284004446, h: 2.3548200450309493, ucb: 2.6902088669689226,num_of_obs(calculated after picking at this round): 4, privacy reward: 0.8521437889662112, g: 0.02704603233974276, curr_delay = 0.187928534226184, data_size = 2671
user 13, emp_avg: 0.25319676476266334, h: 2.3548200450309493, ucb: 2.630129061277786,num_of_obs(calculated after picking at this round): 4, privacy reward: 0.8521437889662112, g: 0.02774393061095564, curr_delay = 0.2675799916579895, data_size = 2687
user 14, emp_avg: 0.3109815785404061, h: 2.3548200450309493, ucb: 2.6360499074702175,num_of_obs(calculated after picking at this round): 4, privacy reward: 0.8521437889662112, g: 0.013755358126500477, curr_delay = 0.12492606661634757, data_size = 2313
num of fast users chosen: 5, num of slow users chosen: 0
max_delay = 0.27 seconds
after cleansing the weights updates who were almost zeros (meaning with absolute value of less than 10**-7, 0.00% of the weights upadtes) we get:
user No.0 has been picked 5, his deltas theta's mean
 is -0.0017873422475531697,
the empirical var of deltas thetas is 0.0026731519028544426
the minimum of the deltas theta is -0.34825968742370605 and the maximum is 0.3809307813644409
the added laplace noise var is 0.0035914126570663605
global epoch 16 has been done artifficialy in 0.27 secs, the total time by now is 9.70 
 with avg train loss 1.658, val loss 2.327, avg val acc 10.00%
iteration: 17
user 21, emp_avg: 0.06831492443391882, h: 2.9154142127952674, ucb: 2.9871942070098543,num_of_obs(calculated after picking at this round): 3, privacy reward: 0.8869204367171574, g: 0.003441084190978923, curr_delay = 0.8145340918565761, data_size = 1338
user 24, emp_avg: 0.06237994586876655, h: 2.9154142127952674, ucb: 2.9782178685008813,num_of_obs(calculated after picking at this round): 3, privacy reward: 0.8869204367171574, g: 0.0006750579737678742, curr_delay = 0.8125783726396881, data_size = 1090
user 26, emp_avg: 0.05889015919948976, h: 2.9154142127952674, ucb: 2.974847019783921,num_of_obs(calculated after picking at this round): 3, privacy reward: 0.8869204367171574, g: 0.0006213912474455235, curr_delay = 0.8649791188452163, data_size = 1082
user 27, emp_avg: 0.056447454617289006, h: 2.9154142127952674, ucb: 2.967735920169907,num_of_obs(calculated after picking at this round): 3, privacy reward: 0.8869204367171574, g: 0.007249919328486023, curr_delay = 0.7728100795071515, data_size = 1539
user 28, emp_avg: 0.05744870901045559, h: 2.9154142127952674, ucb: 2.9725581313251213,num_of_obs(calculated after picking at this round): 3, privacy reward: 0.8869204367171574, g: 0.0020568056082200525, curr_delay = 0.861203456464315, data_size = 1237
num of fast users chosen: 0, num of slow users chosen: 5
max_delay = 0.86 seconds
after cleansing the weights updates who were almost zeros (meaning with absolute value of less than 10**-7, 0.00% of the weights upadtes) we get:
user No.21 has been picked 3, his deltas theta's mean
 is 0.002018571365624666,
the empirical var of deltas thetas is 0.002043914282694459
the minimum of the deltas theta is -0.42724084854125977 and the maximum is 0.47775372862815857
the added laplace noise var is 0.0033152917303578187
global epoch 17 has been done artifficialy in 0.86 secs, the total time by now is 10.57 
 with avg train loss 1.498, val loss 2.330, avg val acc 10.04%
iteration: 18
user 3, emp_avg: 0.7535044723681903, h: 2.4043176819614183, ucb: 3.207808289824296,num_of_obs(calculated after picking at this round): 4, privacy reward: 0.8521437889662112, g: -0.011107847110430656, curr_delay = 0.08284371786394736, data_size = 465
user 9, emp_avg: 0.3186950567902263, h: 2.944675750178361, ucb: 3.2660262941114584,num_of_obs(calculated after picking at this round): 3, privacy reward: 0.8869204367171574, g: -0.0026711316066941326, curr_delay = 0.15954862672160305, data_size = 451
user 10, emp_avg: 0.34470643464909073, h: 2.944675750178361, ucb: 3.2624264770906475,num_of_obs(calculated after picking at this round): 3, privacy reward: 0.8869204367171574, g: 0.0009652429418161866, curr_delay = 0.1254334194633017, data_size = 1079
user 11, emp_avg: 0.25658007190896776, h: 2.944675750178361, ucb: 3.172598179213364,num_of_obs(calculated after picking at this round): 3, privacy reward: 0.8869204367171574, g: -0.0012961728875680637, curr_delay = 0.15928875270163276, data_size = 570
user 12, emp_avg: 0.23533904375735104, h: 2.944675750178361, ucb: 3.1437605444305543,num_of_obs(calculated after picking at this round): 3, privacy reward: 0.8869204367171574, g: -0.0026711316066941326, curr_delay = 0.16241805781680424, data_size = 451
num of fast users chosen: 5, num of slow users chosen: 0
max_delay = 0.16 seconds
after cleansing the weights updates who were almost zeros (meaning with absolute value of less than 10**-7, 0.00% of the weights upadtes) we get:
user No.3 has been picked 4, his deltas theta's mean
 is 0.00011257269943598658,
the empirical var of deltas thetas is 0.0009355367510579526
the minimum of the deltas theta is -0.19135841727256775 and the maximum is 0.2076834738254547
the added laplace noise var is 0.0034505913525473436
global epoch 18 has been done artifficialy in 0.16 secs, the total time by now is 10.73 
 with avg train loss 1.689, val loss 2.210, avg val acc 15.05%
iteration: 19
user 15, emp_avg: 0.0703746677061612, h: 2.9720896583884073, ucb: 3.043204908483849,num_of_obs(calculated after picking at this round): 3, privacy reward: 0.8869204367171574, g: -0.000205695486049689, curr_delay = 0.7257578418177475, data_size = 690
user 16, emp_avg: 0.06721306242429805, h: 2.9720896583884073, ucb: 3.0381679445431446,num_of_obs(calculated after picking at this round): 3, privacy reward: 0.8869204367171574, g: 0.0006545472504970299, curr_delay = 0.7196044654669828, data_size = 993
user 18, emp_avg: 0.06897213690677735, h: 2.9720896583884073, ucb: 3.0364240164095384,num_of_obs(calculated after picking at this round): 3, privacy reward: 0.8869204367171574, g: -0.0002793558546473101, curr_delay = 0.6389964612467112, data_size = 672
user 19, emp_avg: 0.062145050922030765, h: 2.9720896583884073, ucb: 3.0338820101597213,num_of_obs(calculated after picking at this round): 3, privacy reward: 0.8869204367171574, g: -0.0010925259681281517, curr_delay = 0.7955392621335974, data_size = 548
user 22, emp_avg: 0.061488508762616245, h: 2.9720896583884073, ucb: 3.0368871401611113,num_of_obs(calculated after picking at this round): 3, privacy reward: 0.8869204367171574, g: 0.00023025990850892265, curr_delay = 0.9112354147832835, data_size = 914
num of fast users chosen: 0, num of slow users chosen: 5
max_delay = 0.91 seconds
after cleansing the weights updates who were almost zeros (meaning with absolute value of less than 10**-7, 0.00% of the weights upadtes) we get:
user No.15 has been picked 3, his deltas theta's mean
 is -0.0005314116715453565,
the empirical var of deltas thetas is 0.0006414687959477305
the minimum of the deltas theta is -0.1618553102016449 and the maximum is 0.18258659541606903
the added laplace noise var is 0.0033152917303578187
global epoch 19 has been done artifficialy in 0.91 secs, the total time by now is 11.64 
 with avg train loss 1.640, val loss 2.138, avg val acc 18.32%
iteration: 20
user 0, emp_avg: 0.7391323195011908, h: 1.8960165421917576, ucb: 2.5829753255931864,num_of_obs(calculated after picking at this round): 6, privacy reward: 0.7866278610665532, g: 0.04685693164442902, curr_delay = 0.05, data_size = 3540
user 4, emp_avg: 0.6540749229453621, h: 1.8960165421917576, ucb: 2.5596658403775683,num_of_obs(calculated after picking at this round): 6, privacy reward: 0.7866278610665532, g: 0.060896243871707785, curr_delay = 0.08248061481813633, data_size = 3770
user 6, emp_avg: 0.44735961656041134, h: 2.119810937402434, ucb: 2.5752630780632986,num_of_obs(calculated after picking at this round): 5, privacy reward: 0.8187307530779817, g: 0.05084314858765368, curr_delay = 0.12048497027320419, data_size = 3229
user 25, emp_avg: 0.0585203258421697, h: 2.997865377341346, ucb: 3.056253979034159,num_of_obs(calculated after picking at this round): 3, privacy reward: 0.8869204367171574, g: -0.0006869109833828364, curr_delay = 0.8505748521721027, data_size = 560
user 29, emp_avg: 0.052970111009370324, h: 2.997865377341346, ucb: 3.0521146189961024,num_of_obs(calculated after picking at this round): 3, privacy reward: 0.8869204367171574, g: -4.389601979034916e-06, curr_delay = 0.991830299405836, data_size = 743
num of fast users chosen: 3, num of slow users chosen: 2
max_delay = 0.99 seconds
after cleansing the weights updates who were almost zeros (meaning with absolute value of less than 10**-7, 0.00% of the weights upadtes) we get:
user No.0 has been picked 6, his deltas theta's mean
 is -0.0014742709463462234,
the empirical var of deltas thetas is 0.0026678212452679873
the minimum of the deltas theta is -0.3280668258666992 and the maximum is 0.46092379093170166
the added laplace noise var is 0.0037379809880455804
global epoch 20 has been done artifficialy in 0.99 secs, the total time by now is 12.63 
 with avg train loss 1.569, val loss 2.331, avg val acc 10.00%
iteration: 21
user 1, emp_avg: 0.6806345916448772, h: 2.467599010262171, ucb: 3.157875946043449,num_of_obs(calculated after picking at this round): 4, privacy reward: 0.8521437889662112, g: -0.002104485184552313, curr_delay = 0.07672152837791274, data_size = 736
user 2, emp_avg: 0.7144981999707376, h: 2.467599010262171, ucb: 3.0869299435564876,num_of_obs(calculated after picking at this round): 4, privacy reward: 0.8521437889662112, g: -0.0014516296514416184, curr_delay = 0.05, data_size = 795
user 5, emp_avg: 0.5422215449621797, h: 2.467599010262171, ucb: 3.0824295567181137,num_of_obs(calculated after picking at this round): 4, privacy reward: 0.8521437889662112, g: -0.00351828989255007, curr_delay = 0.15413329683625013, data_size = 634
user 20, emp_avg: 0.06886934799734745, h: 3.022179232469555, ucb: 3.0938866098695144,num_of_obs(calculated after picking at this round): 3, privacy reward: 0.8869204367171574, g: -0.0016984727874853709, curr_delay = 0.7912232554945355, data_size = 410
user 23, emp_avg: 0.059876662363316714, h: 3.022179232469555, ucb: 3.0827800618020604,num_of_obs(calculated after picking at this round): 3, privacy reward: 0.8869204367171574, g: -0.0009815568020244889, curr_delay = 0.8557492803209861, data_size = 485
num of fast users chosen: 3, num of slow users chosen: 2
max_delay = 0.86 seconds
after cleansing the weights updates who were almost zeros (meaning with absolute value of less than 10**-7, 0.00% of the weights upadtes) we get:
user No.1 has been picked 4, his deltas theta's mean
 is 9.013814997160807e-05,
the empirical var of deltas thetas is 0.0008760053315199912
the minimum of the deltas theta is -0.1997351050376892 and the maximum is 0.1811722368001938
the added laplace noise var is 0.0034505913525473436
global epoch 21 has been done artifficialy in 0.86 secs, the total time by now is 13.49 
 with avg train loss 1.641, val loss 2.092, avg val acc 19.88%
iteration: 22
user 0, emp_avg: 0.7763991310010206, h: 1.7581360736183977, ucb: 2.4972683931195885,num_of_obs(calculated after picking at this round): 7, privacy reward: 0.7557837414557252, g: 0.0375341596680256, curr_delay = 0.05, data_size = 3540
user 4, emp_avg: 0.6369806540063349, h: 1.7581360736183977, ucb: 2.41221099656376,num_of_obs(calculated after picking at this round): 7, privacy reward: 0.7557837414557252, g: 0.05019587992606659, curr_delay = 0.09356024105380631, data_size = 3770
user 6, emp_avg: 0.4243338825307756, h: 1.9259415733687197, ucb: 2.373301189929131,num_of_obs(calculated after picking at this round): 6, privacy reward: 0.7866278610665532, g: 0.03928780913919142, curr_delay = 0.16170490663699505, data_size = 3229
user 8, emp_avg: 0.32912882723724485, h: 2.153268139372678, ucb: 2.4713244022127223,num_of_obs(calculated after picking at this round): 5, privacy reward: 0.8187307530779817, g: 0.02894714243792749, curr_delay = 0.1338978162385354, data_size = 2671
user 13, emp_avg: 0.24217209558902453, h: 2.153268139372678, ucb: 2.4064649041353414,num_of_obs(calculated after picking at this round): 5, privacy reward: 0.8187307530779817, g: 0.02966899883034451, curr_delay = 0.2524316502389413, data_size = 2687
num of fast users chosen: 5, num of slow users chosen: 0
max_delay = 0.25 seconds
after cleansing the weights updates who were almost zeros (meaning with absolute value of less than 10**-7, 0.00% of the weights upadtes) we get:
user No.0 has been picked 7, his deltas theta's mean
 is 0.00030424242140725255,
the empirical var of deltas thetas is 0.0025703641586005688
the minimum of the deltas theta is -0.33172473311424255 and the maximum is 0.3522608280181885
the added laplace noise var is 0.003890530886084149
global epoch 22 has been done artifficialy in 0.25 secs, the total time by now is 13.74 
 with avg train loss 1.634, val loss 2.323, avg val acc 11.34%
iteration: 23
user 1, emp_avg: 0.6302516120640349, h: 2.1686957656374313, ucb: 2.8493303572823083,num_of_obs(calculated after picking at this round): 5, privacy reward: 0.8187307530779817, g: -0.005918312422649374, curr_delay = 0.1166263195509866, data_size = 736
user 2, emp_avg: 0.7443387347670093, h: 2.1686957656374313, ucb: 2.883193965608169,num_of_obs(calculated after picking at this round): 5, privacy reward: 0.8187307530779817, g: -0.0047825742603000545, curr_delay = 0.05789041265086549, data_size = 795
user 7, emp_avg: 0.4650558523712188, h: 2.504194168162345, ucb: 3.0297985833425627,num_of_obs(calculated after picking at this round): 4, privacy reward: 0.8521437889662112, g: -0.005307332061585611, curr_delay = 0.17642274823227758, data_size = 437
user 9, emp_avg: 0.3012314717093209, h: 2.504194168162345, ucb: 2.822889224952571,num_of_obs(calculated after picking at this round): 4, privacy reward: 0.8521437889662112, g: -0.005041946184976107, curr_delay = 0.20093174746468861, data_size = 451
user 10, emp_avg: 0.3305656161915386, h: 2.504194168162345, ucb: 2.848900602811436,num_of_obs(calculated after picking at this round): 4, privacy reward: 0.8521437889662112, g: 0.0001379376886360198, curr_delay = 0.1735248543047268, data_size = 1079
num of fast users chosen: 5, num of slow users chosen: 0
max_delay = 0.20 seconds
after cleansing the weights updates who were almost zeros (meaning with absolute value of less than 10**-7, 0.00% of the weights upadtes) we get:
user No.1 has been picked 5, his deltas theta's mean
 is -0.00017647370987106115,
the empirical var of deltas thetas is 0.001006584381684661
the minimum of the deltas theta is -0.21004965901374817 and the maximum is 0.2694604992866516
the added laplace noise var is 0.0035914126570663605
global epoch 23 has been done artifficialy in 0.20 secs, the total time by now is 13.94 
 with avg train loss 1.620, val loss 2.061, avg val acc 20.37%
iteration: 24
user 17, emp_avg: 0.07118339478799984, h: 2.5211322180115605, ucb: 2.590060083470918,num_of_obs(calculated after picking at this round): 4, privacy reward: 0.8521437889662112, g: 0.013063053194072237, curr_delay = 0.641436960223736, data_size = 1816
user 21, emp_avg: 0.06757802358997768, h: 2.5211322180115605, ucb: 2.5894471424454792,num_of_obs(calculated after picking at this round): 4, privacy reward: 0.8521437889662112, g: 0.0026324917714279513, curr_delay = 0.7649082016917496, data_size = 1338
user 24, emp_avg: 0.06105982061108664, h: 2.5211322180115605, ucb: 2.583512163880327,num_of_obs(calculated after picking at this round): 4, privacy reward: 0.8521437889662112, g: 0.0003470372795469086, curr_delay = 0.8756652563228362, data_size = 1090
user 27, emp_avg: 0.058127812499095925, h: 2.5211322180115605, ucb: 2.5775796726288496,num_of_obs(calculated after picking at this round): 4, privacy reward: 0.8521437889662112, g: 0.006051831276711942, curr_delay = 0.7915289163973996, data_size = 1539
user 28, emp_avg: 0.058462866867017786, h: 2.5211322180115605, ucb: 2.578580927022016,num_of_obs(calculated after picking at this round): 4, privacy reward: 0.8521437889662112, g: 0.0014439298993881562, curr_delay = 0.8129375375371735, data_size = 1237
num of fast users chosen: 0, num of slow users chosen: 5
max_delay = 0.88 seconds
after cleansing the weights updates who were almost zeros (meaning with absolute value of less than 10**-7, 0.00% of the weights upadtes) we get:
user No.17 has been picked 4, his deltas theta's mean
 is -0.001748393871821463,
the empirical var of deltas thetas is 0.002028206130489707
the minimum of the deltas theta is -0.3082851469516754 and the maximum is 0.3884241282939911
the added laplace noise var is 0.0034505913525473436
global epoch 24 has been done artifficialy in 0.88 secs, the total time by now is 14.82 
 with avg train loss 1.476, val loss 2.287, avg val acc 10.85%
iteration: 25
user 0, emp_avg: 0.8043492396258931, h: 1.661034744162686, ucb: 2.437433875163707,num_of_obs(calculated after picking at this round): 8, privacy reward: 0.7261490370736907, g: 0.0347690544537583, curr_delay = 0.05, data_size = 3540
user 4, emp_avg: 0.6107805510945717, h: 1.661034744162686, ucb: 2.298015398169021,num_of_obs(calculated after picking at this round): 8, privacy reward: 0.7261490370736907, g: 0.04698994528164321, curr_delay = 0.11699195050144241, data_size = 3770
user 6, emp_avg: 0.43065549542748865, h: 1.7941225779941015, ucb: 2.218456460524877,num_of_obs(calculated after picking at this round): 7, privacy reward: 0.7557837414557252, g: 0.0344044083056666, curr_delay = 0.10670418720336257, data_size = 3229
user 8, emp_avg: 0.33036861116598465, h: 1.965362813793382, ucb: 2.294491641030627,num_of_obs(calculated after picking at this round): 6, privacy reward: 0.7866278610665532, g: 0.023090862851009062, curr_delay = 0.1485585964864601, data_size = 2671
user 14, emp_avg: 0.31900049359153726, h: 2.197342426046132, ucb: 2.5083240045865383,num_of_obs(calculated after picking at this round): 5, privacy reward: 0.8187307530779817, g: 0.020962186265912782, curr_delay = 0.14241924283198315, data_size = 2313
num of fast users chosen: 5, num of slow users chosen: 0
max_delay = 0.15 seconds
after cleansing the weights updates who were almost zeros (meaning with absolute value of less than 10**-7, 0.00% of the weights upadtes) we get:
user No.0 has been picked 8, his deltas theta's mean
 is -0.001073156949132681,
the empirical var of deltas thetas is 0.002498179441317916
the minimum of the deltas theta is -0.343608021736145 and the maximum is 0.45196104049682617
the added laplace noise var is 0.0040493064635646414
global epoch 25 has been done artifficialy in 0.15 secs, the total time by now is 14.97 
 with avg train loss 1.630, val loss 2.307, avg val acc 11.23%
iteration: 26
user 15, emp_avg: 0.07102286470834587, h: 2.552683504871484, ucb: 2.6230581725776454,num_of_obs(calculated after picking at this round): 4, privacy reward: 0.8521437889662112, g: -0.0005984650542679717, curr_delay = 0.6852369938094202, data_size = 690
user 16, emp_avg: 0.0700103633495989, h: 2.552683504871484, ucb: 2.619896567295782,num_of_obs(calculated after picking at this round): 4, privacy reward: 0.8521437889662112, g: 0.00023909396473370716, curr_delay = 0.6377366684779635, data_size = 993
user 18, emp_avg: 0.06969150232535087, h: 2.552683504871484, ucb: 2.6216556417782617,num_of_obs(calculated after picking at this round): 4, privacy reward: 0.8521437889662112, g: -0.000720138661715985, curr_delay = 0.6958981119926864, data_size = 672
user 22, emp_avg: 0.06142920762239594, h: 2.552683504871484, ucb: 2.6141720136341005,num_of_obs(calculated after picking at this round): 4, privacy reward: 0.8521437889662112, g: 2.5531393255655386e-05, curr_delay = 0.8163091488684364, data_size = 914
user 26, emp_avg: 0.06051052414210288, h: 2.552683504871484, ucb: 2.611573664070974,num_of_obs(calculated after picking at this round): 4, privacy reward: 0.8521437889662112, g: 0.0007393050129737404, curr_delay = 0.7648579121620032, data_size = 1082
num of fast users chosen: 0, num of slow users chosen: 5
max_delay = 0.82 seconds
after cleansing the weights updates who were almost zeros (meaning with absolute value of less than 10**-7, 0.00% of the weights upadtes) we get:
user No.15 has been picked 4, his deltas theta's mean
 is -0.00012489431537687778,
the empirical var of deltas thetas is 0.0006153752328827977
the minimum of the deltas theta is -0.17358076572418213 and the maximum is 0.21992841362953186
the added laplace noise var is 0.0034505913525473436
global epoch 26 has been done artifficialy in 0.82 secs, the total time by now is 15.78 
 with avg train loss 1.494, val loss 2.022, avg val acc 22.82%
iteration: 27
user 11, emp_avg: 0.2679540390747792, h: 2.567425506613319, ucb: 2.8240055785222866,num_of_obs(calculated after picking at this round): 4, privacy reward: 0.8521437889662112, g: -0.0012961728875680637, curr_delay = 0.16552129211378594, data_size = 570
user 19, emp_avg: 0.06187868842249035, h: 2.567425506613319, ucb: 2.6295705575353496,num_of_obs(calculated after picking at this round): 4, privacy reward: 0.8521437889662112, g: -0.0015133137715627781, curr_delay = 0.8186039077485304, data_size = 548
user 23, emp_avg: 0.060106825291920365, h: 2.567425506613319, ucb: 2.6273021689766356,num_of_obs(calculated after picking at this round): 4, privacy reward: 0.8521437889662112, g: -0.0022281064802013965, curr_delay = 0.8224047518953455, data_size = 485
user 25, emp_avg: 0.05797752177637076, h: 2.567425506613319, ucb: 2.6259458324554887,num_of_obs(calculated after picking at this round): 4, privacy reward: 0.8521437889662112, g: -0.0013927896999788184, curr_delay = 0.8873254674934017, data_size = 560
user 29, emp_avg: 0.05313045250028644, h: 2.567425506613319, ucb: 2.6203956176226892,num_of_obs(calculated after picking at this round): 4, privacy reward: 0.8521437889662112, g: -0.00017440500764252757, curr_delay = 0.932636122395, data_size = 743
num of fast users chosen: 1, num of slow users chosen: 4
max_delay = 0.93 seconds
after cleansing the weights updates who were almost zeros (meaning with absolute value of less than 10**-7, 0.00% of the weights upadtes) we get:
user No.11 has been picked 4, his deltas theta's mean
 is -0.000624886597506702,
the empirical var of deltas thetas is 0.00029602518770843744
the minimum of the deltas theta is -0.16190029680728912 and the maximum is 0.1614827811717987
the added laplace noise var is 0.0034505913525473436
global epoch 27 has been done artifficialy in 0.93 secs, the total time by now is 16.71 
 with avg train loss 1.456, val loss 1.823, avg val acc 34.17%
iteration: 28
user 2, emp_avg: 0.7869489456391744, h: 1.9996613243772667, ucb: 2.744000059144276,num_of_obs(calculated after picking at this round): 6, privacy reward: 0.7866278610665532, g: -0.005448586847813382, curr_delay = 0.05, data_size = 795
user 3, emp_avg: 0.6656395764759251, h: 2.235689326642413, ucb: 2.9891937990106032,num_of_obs(calculated after picking at this round): 5, privacy reward: 0.8187307530779817, g: -0.006655989501748321, curr_delay = 0.1591444430862345, data_size = 465
user 5, emp_avg: 0.4943646872851078, h: 2.235689326642413, ucb: 2.7779108716045924,num_of_obs(calculated after picking at this round): 5, privacy reward: 0.8187307530779817, g: -0.00351828989255007, curr_delay = 0.16505067935518458, data_size = 634
user 7, emp_avg: 0.4741288644967466, h: 2.235689326642413, ucb: 2.700745179013632,num_of_obs(calculated after picking at this round): 5, privacy reward: 0.8187307530779817, g: -0.007271620717952824, curr_delay = 0.09795836872403366, data_size = 437
user 12, emp_avg: 0.2615029124312232, h: 2.5815516691227405, ucb: 2.8168907128800917,num_of_obs(calculated after picking at this round): 4, privacy reward: 0.8521437889662112, g: -0.0022766961743121736, curr_delay = 0.14706119447903823, data_size = 451
num of fast users chosen: 5, num of slow users chosen: 0
max_delay = 0.17 seconds
after cleansing the weights updates who were almost zeros (meaning with absolute value of less than 10**-7, 0.00% of the weights upadtes) we get:
user No.2 has been picked 6, his deltas theta's mean
 is -0.00030247223912738264,
the empirical var of deltas thetas is 0.0010646854061633348
the minimum of the deltas theta is -0.23267291486263275 and the maximum is 0.22693833708763123
the added laplace noise var is 0.0037379809880455804
global epoch 28 has been done artifficialy in 0.17 secs, the total time by now is 16.88 
 with avg train loss 1.593, val loss 1.771, avg val acc 37.94%
iteration: 29
user 0, emp_avg: 0.8260882130007938, h: 1.5891733299076773, ucb: 2.3935225695335705,num_of_obs(calculated after picking at this round): 9, privacy reward: 0.6976763260710308, g: 0.03632933240157972, curr_delay = 0.05, data_size = 3540
user 4, emp_avg: 0.59123965574844, h: 1.5891733299076773, ucb: 2.199953881002249,num_of_obs(calculated after picking at this round): 9, privacy reward: 0.6976763260710308, g: 0.04880103997420861, curr_delay = 0.11496565586670757, data_size = 3770
user 13, emp_avg: 0.25225118029581145, h: 2.0101629277209767, ucb: 2.2523350233100015,num_of_obs(calculated after picking at this round): 6, privacy reward: 0.7866278610665532, g: 0.03299719519563284, curr_delay = 0.16520918909147084, data_size = 2687
user 14, emp_avg: 0.3057712661059484, h: 2.0101629277209767, ucb: 2.329163421312514,num_of_obs(calculated after picking at this round): 6, privacy reward: 0.7866278610665532, g: 0.017521670180064137, curr_delay = 0.20865925153946369, data_size = 2313
user 17, emp_avg: 0.07213335389889722, h: 2.2474304761170503, ucb: 2.3186138709050503,num_of_obs(calculated after picking at this round): 5, privacy reward: 0.8187307530779817, g: 0.010274392917894925, curr_delay = 0.6584735841399728, data_size = 1816
num of fast users chosen: 4, num of slow users chosen: 1
max_delay = 0.66 seconds
after cleansing the weights updates who were almost zeros (meaning with absolute value of less than 10**-7, 0.00% of the weights upadtes) we get:
user No.0 has been picked 9, his deltas theta's mean
 is -0.002143433317542076,
the empirical var of deltas thetas is 0.0028136009350419044
the minimum of the deltas theta is -0.4157991111278534 and the maximum is 0.35169243812561035
the added laplace noise var is 0.004214561795284956
global epoch 29 has been done artifficialy in 0.66 secs, the total time by now is 17.54 
 with avg train loss 1.587, val loss 2.295, avg val acc 10.67%
iteration: 30
user 0, emp_avg: 0.8434793917007145, h: 1.5058103868376336, ucb: 2.3318985998384276,num_of_obs(calculated after picking at this round): 10, privacy reward: 0.670320046035639, g: 0.02771046965997784, curr_delay = 0.05, data_size = 3540
user 4, emp_avg: 0.5977833271278049, h: 1.5058103868376336, ucb: 2.0970500425860736,num_of_obs(calculated after picking at this round): 10, privacy reward: 0.670320046035639, g: 0.038719079554933505, curr_delay = 0.0761410069237999, data_size = 3770
user 6, emp_avg: 0.408271245842811, h: 1.7074284879387203, ucb: 2.138083983366209,num_of_obs(calculated after picking at this round): 8, privacy reward: 0.7261490370736907, g: 0.03692197613044222, curr_delay = 0.19874275432977018, data_size = 3229
user 8, emp_avg: 0.3217440088378311, h: 1.8442335485675765, ucb: 2.174602159733561,num_of_obs(calculated after picking at this round): 7, privacy reward: 0.7557837414557252, g: 0.023090862851009062, curr_delay = 0.18518765787326985, data_size = 2671
user 13, emp_avg: 0.2459404519511173, h: 1.8442335485675765, ucb: 2.096484728863388,num_of_obs(calculated after picking at this round): 7, privacy reward: 0.7557837414557252, g: 0.023736053255572844, curr_delay = 0.24029672006283823, data_size = 2687
num of fast users chosen: 5, num of slow users chosen: 0
max_delay = 0.24 seconds
after cleansing the weights updates who were almost zeros (meaning with absolute value of less than 10**-7, 0.00% of the weights upadtes) we get:
user No.0 has been picked 10, his deltas theta's mean
 is -0.0011740275658667088,
the empirical var of deltas thetas is 0.0030784737318754196
the minimum of the deltas theta is -0.3889589011669159 and the maximum is 0.4722614586353302
the added laplace noise var is 0.004386561325032196
global epoch 30 has been done artifficialy in 0.24 secs, the total time by now is 17.78 
 with avg train loss 1.598, val loss 2.291, avg val acc 16.35%
iteration: 31
user 9, emp_avg: 0.28428483949969974, h: 2.2695772308356728, ucb: 2.5708087025449937,num_of_obs(calculated after picking at this round): 5, privacy reward: 0.8187307530779817, g: -0.004844736084864611, curr_delay = 0.23094868429824358, data_size = 451
user 10, emp_avg: 0.3200712986639663, h: 2.2695772308356728, ucb: 2.6001428470272114,num_of_obs(calculated after picking at this round): 5, privacy reward: 0.8187307530779817, g: 0.0001728491891951623, curr_delay = 0.17979530254584072, data_size = 1079
user 11, emp_avg: 0.2587788705191984, h: 2.2695772308356728, ucb: 2.5375312699104517,num_of_obs(calculated after picking at this round): 5, privacy reward: 0.8187307530779817, g: -0.0029077490385662668, curr_delay = 0.22514592082313095, data_size = 570
user 12, emp_avg: 0.26646745499838015, h: 2.2695772308356728, ucb: 2.531080143266896,num_of_obs(calculated after picking at this round): 5, privacy reward: 0.8187307530779817, g: -0.004844736084864611, curr_delay = 0.17462635400996115, data_size = 451
user 20, emp_avg: 0.06663845081679975, h: 2.620682050339242, ucb: 2.6895513983365893,num_of_obs(calculated after picking at this round): 4, privacy reward: 0.8521437889662112, g: -0.0018274453868030865, curr_delay = 0.834087358381688, data_size = 410
num of fast users chosen: 4, num of slow users chosen: 1
max_delay = 0.83 seconds
after cleansing the weights updates who were almost zeros (meaning with absolute value of less than 10**-7, 0.00% of the weights upadtes) we get:
user No.9 has been picked 5, his deltas theta's mean
 is 9.923258767230436e-05,
the empirical var of deltas thetas is 0.0004671074275393039
the minimum of the deltas theta is -0.16001930832862854 and the maximum is 0.14700934290885925
the added laplace noise var is 0.0035914126570663605
global epoch 31 has been done artifficialy in 0.83 secs, the total time by now is 18.61 
 with avg train loss 1.598, val loss 1.853, avg val acc 34.62%
iteration: 32
user 21, emp_avg: 0.06703675270695134, h: 2.2800447044300665, ucb: 2.347622728020044,num_of_obs(calculated after picking at this round): 5, privacy reward: 0.8187307530779817, g: 0.0026324917714279513, curr_delay = 0.7707524815684494, data_size = 1338
user 24, emp_avg: 0.062275410966726785, h: 2.2800447044300665, ucb: 2.3411045250411533,num_of_obs(calculated after picking at this round): 5, privacy reward: 0.8187307530779817, g: 0.0003470372795469086, curr_delay = 0.744737250293072, data_size = 1090
user 26, emp_avg: 0.05966906854695825, h: 2.2800447044300665, ucb: 2.3405552285721694,num_of_obs(calculated after picking at this round): 5, privacy reward: 0.8187307530779817, g: 0.0003088728669448806, curr_delay = 0.8880482637226063, data_size = 1082
user 27, emp_avg: 0.05761863900359223, h: 2.2800447044300665, ucb: 2.3381725169291623,num_of_obs(calculated after picking at this round): 5, privacy reward: 0.8187307530779817, g: 0.006051831276711942, curr_delay = 0.8995726936254124, data_size = 1539
user 28, emp_avg: 0.05718819328354008, h: 2.2800447044300665, ucb: 2.338507571297084,num_of_obs(calculated after picking at this round): 5, privacy reward: 0.8187307530779817, g: 0.0014439298993881562, curr_delay = 0.9598863688120745, data_size = 1237
num of fast users chosen: 0, num of slow users chosen: 5
max_delay = 0.96 seconds
after cleansing the weights updates who were almost zeros (meaning with absolute value of less than 10**-7, 0.00% of the weights upadtes) we get:
user No.21 has been picked 5, his deltas theta's mean
 is 0.00036721472861245275,
the empirical var of deltas thetas is 0.0025337371043860912
the minimum of the deltas theta is -0.6231580376625061 and the maximum is 0.6462750434875488
the added laplace noise var is 0.0035914126570663605
global epoch 32 has been done artifficialy in 0.96 secs, the total time by now is 19.57 
 with avg train loss 1.397, val loss 2.123, avg val acc 20.94%
iteration: 33
user 15, emp_avg: 0.06964492378162028, h: 2.290144393307924, ucb: 2.36116725801627,num_of_obs(calculated after picking at this round): 5, privacy reward: 0.8187307530779817, g: -0.0009175477853714136, curr_delay = 0.779627885819876, data_size = 690
user 16, emp_avg: 0.07003382183838168, h: 2.290144393307924, ucb: 2.360154756657523,num_of_obs(calculated after picking at this round): 5, privacy reward: 0.8187307530779817, g: 9.28362647568316e-05, curr_delay = 0.7129854753340445, data_size = 993
user 18, emp_avg: 0.06788456904789378, h: 2.290144393307924, ucb: 2.359835895633275,num_of_obs(calculated after picking at this round): 5, privacy reward: 0.8187307530779817, g: -0.0010668653788241983, curr_delay = 0.8243093993734409, data_size = 672
user 19, emp_avg: 0.0627013445007406, h: 2.290144393307924, ucb: 2.3520230817304144,num_of_obs(calculated after picking at this round): 5, privacy reward: 0.8187307530779817, g: -0.0024012297079739455, curr_delay = 0.7576679541282065, data_size = 548
user 22, emp_avg: 0.06160761895588866, h: 2.290144393307924, ucb: 2.3515736009303203,num_of_obs(calculated after picking at this round): 5, privacy reward: 0.8187307530779817, g: -6.000762997206539e-07, curr_delay = 0.8022943784876907, data_size = 914
num of fast users chosen: 0, num of slow users chosen: 5
max_delay = 0.82 seconds
after cleansing the weights updates who were almost zeros (meaning with absolute value of less than 10**-7, 0.00% of the weights upadtes) we get:
user No.15 has been picked 5, his deltas theta's mean
 is -8.35629107314162e-05,
the empirical var of deltas thetas is 0.0005312353023327887
the minimum of the deltas theta is -0.21439626812934875 and the maximum is 0.2127906084060669
the added laplace noise var is 0.0035914126570663605
global epoch 33 has been done artifficialy in 0.82 secs, the total time by now is 20.40 
 with avg train loss 1.521, val loss 1.746, avg val acc 39.79%
iteration: 34
user 0, emp_avg: 0.8148869135994086, h: 1.4545845849484644, ucb: 2.298063976649179,num_of_obs(calculated after picking at this round): 11, privacy reward: 0.6440364210831411, g: 0.029703479028390777, curr_delay = 0.09452472477666043, data_size = 3540
user 4, emp_avg: 0.5883993763858698, h: 1.4545845849484644, ucb: 2.0523679120762695,num_of_obs(calculated after picking at this round): 11, privacy reward: 0.6440364210831411, g: 0.04106864213891386, curr_delay = 0.10109999443441504, data_size = 3770
user 6, emp_avg: 0.4740188851936098, h: 1.626275005484042, ucb: 2.034546251326853,num_of_obs(calculated after picking at this round): 9, privacy reward: 0.6976763260710308, g: 0.03617228778520833, curr_delay = 0.05, data_size = 3229
user 8, emp_avg: 0.3187382010738137, h: 1.7385611106271994, ucb: 2.0603051194650304,num_of_obs(calculated after picking at this round): 8, privacy reward: 0.7261490370736907, g: 0.021337738108906015, curr_delay = 0.16795570050858244, data_size = 2671
user 14, emp_avg: 0.3082334053627785, h: 1.8778606243851435, ucb: 2.1836318904910916,num_of_obs(calculated after picking at this round): 7, privacy reward: 0.7557837414557252, g: 0.016464136320193678, curr_delay = 0.1547957706950241, data_size = 2313
num of fast users chosen: 5, num of slow users chosen: 0
max_delay = 0.17 seconds
after cleansing the weights updates who were almost zeros (meaning with absolute value of less than 10**-7, 0.00% of the weights upadtes) we get:
user No.0 has been picked 11, his deltas theta's mean
 is -0.0008687573135830462,
the empirical var of deltas thetas is 0.0031729985494166613
the minimum of the deltas theta is -0.4694046080112457 and the maximum is 0.4807266294956207
the added laplace noise var is 0.004565580288749148
global epoch 34 has been done artifficialy in 0.17 secs, the total time by now is 20.56 
 with avg train loss 1.593, val loss 2.272, avg val acc 16.89%
iteration: 35
user 1, emp_avg: 0.6710040830312489, h: 2.06553084551824, ucb: 2.695782457582275,num_of_obs(calculated after picking at this round): 6, privacy reward: 0.7866278610665532, g: -0.002104485184552313, curr_delay = 0.05715811425264557, data_size = 736
user 2, emp_avg: 0.7604064058660122, h: 1.8855630621884312, ucb: 2.6725120078276055,num_of_obs(calculated after picking at this round): 7, privacy reward: 0.7557837414557252, g: -0.004445113775885968, curr_delay = 0.08317375516484095, data_size = 795
user 3, emp_avg: 0.7057156662927536, h: 2.06553084551824, ucb: 2.7311704219941655,num_of_obs(calculated after picking at this round): 6, privacy reward: 0.7866278610665532, g: -0.006655989501748321, curr_delay = 0.05518178386539293, data_size = 465
user 5, emp_avg: 0.47564935105777245, h: 2.06553084551824, ucb: 2.559895532803348,num_of_obs(calculated after picking at this round): 6, privacy reward: 0.7866278610665532, g: -0.00351828989255007, curr_delay = 0.13086515717108424, data_size = 634
user 7, emp_avg: 0.44823744031055396, h: 2.06553084551824, ucb: 2.5396597100149867,num_of_obs(calculated after picking at this round): 6, privacy reward: 0.7866278610665532, g: -0.007271620717952824, curr_delay = 0.15684782579209985, data_size = 437
num of fast users chosen: 5, num of slow users chosen: 0
max_delay = 0.16 seconds
after cleansing the weights updates who were almost zeros (meaning with absolute value of less than 10**-7, 0.00% of the weights upadtes) we get:
user No.1 has been picked 6, his deltas theta's mean
 is 0.0009591173729859293,
the empirical var of deltas thetas is 0.00075319450115785
the minimum of the deltas theta is -0.2144639641046524 and the maximum is 0.1931656450033188
the added laplace noise var is 0.0037379809880455804
global epoch 35 has been done artifficialy in 0.16 secs, the total time by now is 20.72 
 with avg train loss 1.502, val loss 1.708, avg val acc 41.47%
iteration: 36
user 10, emp_avg: 0.3300730409141969, h: 2.0736978386802964, ucb: 2.393769137344263,num_of_obs(calculated after picking at this round): 6, privacy reward: 0.7866278610665532, g: 1.0827925930620054e-05, curr_delay = 0.1315506459206389, data_size = 1079
user 20, emp_avg: 0.06637718550703706, h: 2.3184646660417676, ucb: 2.3851031168585672,num_of_obs(calculated after picking at this round): 5, privacy reward: 0.8187307530779817, g: -0.003258759767145001, curr_delay = 0.7653202855444382, data_size = 410
user 23, emp_avg: 0.06122687875209916, h: 2.3184646660417676, ucb: 2.378571491333688,num_of_obs(calculated after picking at this round): 5, privacy reward: 0.8187307530779817, g: -0.0022281064802013965, curr_delay = 0.760952859531453, data_size = 485
user 25, emp_avg: 0.058765590635325625, h: 2.3184646660417676, ucb: 2.3764421878181383,num_of_obs(calculated after picking at this round): 5, privacy reward: 0.8187307530779817, g: -0.0013927896999788184, curr_delay = 0.8075213693984358, data_size = 560
user 29, emp_avg: 0.05371142960124664, h: 2.3184646660417676, ucb: 2.371595118542054,num_of_obs(calculated after picking at this round): 5, privacy reward: 0.8187307530779817, g: -0.00017440500764252757, curr_delay = 0.8922940733481518, data_size = 743
num of fast users chosen: 1, num of slow users chosen: 4
max_delay = 0.89 seconds
after cleansing the weights updates who were almost zeros (meaning with absolute value of less than 10**-7, 0.00% of the weights upadtes) we get:
user No.10 has been picked 6, his deltas theta's mean
 is -0.0012037567794322968,
the empirical var of deltas thetas is 0.0018213021103292704
the minimum of the deltas theta is -0.2603108882904053 and the maximum is 0.2816739082336426
the added laplace noise var is 0.0037379809880455804
global epoch 36 has been done artifficialy in 0.89 secs, the total time by now is 21.61 
 with avg train loss 1.399, val loss 1.756, avg val acc 39.38%
iteration: 37
user 0, emp_avg: 0.8303130041327912, h: 1.4034213867242553, ucb: 2.218308300323664,num_of_obs(calculated after picking at this round): 12, privacy reward: 0.6187833918061405, g: 0.02861758301779331, curr_delay = 0.05, data_size = 3540
user 4, emp_avg: 0.5639580045276933, h: 1.4034213867242553, ucb: 1.991820763110125,num_of_obs(calculated after picking at this round): 12, privacy reward: 0.6187833918061405, g: 0.039790014660442116, curr_delay = 0.16943241700802736, data_size = 3770
user 6, emp_avg: 0.4585111082971176, h: 1.5515407208415393, ucb: 2.025559606035149,num_of_obs(calculated after picking at this round): 10, privacy reward: 0.670320046035639, g: 0.03321178582845654, curr_delay = 0.15676874964013393, data_size = 3229
user 13, emp_avg: 0.2808937934245384, h: 1.7592818127156866, ucb: 2.005222264666804,num_of_obs(calculated after picking at this round): 8, privacy reward: 0.7261490370736907, g: 0.027184064058182942, curr_delay = 0.09513531580175527, data_size = 2687
user 17, emp_avg: 0.07154104056319754, h: 2.081610312996424, ucb: 2.153743666895321,num_of_obs(calculated after picking at this round): 6, privacy reward: 0.7866278610665532, g: 0.01084900967341005, curr_delay = 0.7290811254117177, data_size = 1816
num of fast users chosen: 4, num of slow users chosen: 1
max_delay = 0.73 seconds
after cleansing the weights updates who were almost zeros (meaning with absolute value of less than 10**-7, 0.00% of the weights upadtes) we get:
user No.0 has been picked 12, his deltas theta's mean
 is -0.0008030671742744744,
the empirical var of deltas thetas is 0.0030388643499463797
the minimum of the deltas theta is -0.3329401910305023 and the maximum is 0.48463720083236694
the added laplace noise var is 0.004751905154970509
global epoch 37 has been done artifficialy in 0.73 secs, the total time by now is 22.34 
 with avg train loss 1.562, val loss 2.229, avg val acc 13.05%
iteration: 38
user 1, emp_avg: 0.625226407876485, h: 1.9072456998840988, ucb: 2.5782497829153477,num_of_obs(calculated after picking at this round): 7, privacy reward: 0.7557837414557252, g: -0.0037103036872676476, curr_delay = 0.14262879133087702, data_size = 736
user 5, emp_avg: 0.4463891890365424, h: 1.9072456998840988, ucb: 2.382895050941871,num_of_obs(calculated after picking at this round): 7, privacy reward: 0.7557837414557252, g: -0.005528334139491565, curr_delay = 0.18461887232662455, data_size = 634
user 9, emp_avg: 0.3134378443096922, h: 2.089282985062498, ucb: 2.3735678245621976,num_of_obs(calculated after picking at this round): 6, privacy reward: 0.7866278610665532, g: -0.0052057419409067725, curr_delay = 0.10888433728344935, data_size = 451
user 11, emp_avg: 0.2742867941816643, h: 2.089282985062498, ucb: 2.3480618555816966,num_of_obs(calculated after picking at this round): 6, privacy reward: 0.7866278610665532, g: -0.0031888877112734217, curr_delay = 0.142115538300734, data_size = 570
user 12, emp_avg: 0.2489523238421345, h: 2.089282985062498, ucb: 2.3557504400608784,num_of_obs(calculated after picking at this round): 6, privacy reward: 0.7866278610665532, g: -0.0052057419409067725, curr_delay = 0.30983413278262234, data_size = 451
num of fast users chosen: 5, num of slow users chosen: 0
max_delay = 0.31 seconds
after cleansing the weights updates who were almost zeros (meaning with absolute value of less than 10**-7, 0.00% of the weights upadtes) we get:
user No.1 has been picked 7, his deltas theta's mean
 is 0.0009100029710680246,
the empirical var of deltas thetas is 0.000905215332750231
the minimum of the deltas theta is -0.21806354820728302 and the maximum is 0.21581682562828064
the added laplace noise var is 0.003890530886084149
global epoch 38 has been done artifficialy in 0.31 secs, the total time by now is 22.65 
 with avg train loss 1.536, val loss 1.673, avg val acc 43.10%
iteration: 39
user 0, emp_avg: 0.8128632256215855, h: 1.3534329769385787, ucb: 2.18374598107137,num_of_obs(calculated after picking at this round): 13, privacy reward: 0.5945205479701939, g: 0.02520864710615694, curr_delay = 0.0828547252929623, data_size = 3540
user 21, emp_avg: 0.06636198002935634, h: 2.0967293519564167, ucb: 2.163766104663368,num_of_obs(calculated after picking at this round): 6, privacy reward: 0.7866278610665532, g: 0.0023138683750262433, curr_delay = 0.793800524068241, data_size = 1338
user 24, emp_avg: 0.06121637419886552, h: 2.0967293519564167, ucb: 2.1590047629231437,num_of_obs(calculated after picking at this round): 6, privacy reward: 0.7866278610665532, g: 0.00023789386598135597, curr_delay = 0.8941154449415798, data_size = 1090
user 27, emp_avg: 0.057637842917284264, h: 2.0967293519564167, ucb: 2.154347990960009,num_of_obs(calculated after picking at this round): 6, privacy reward: 0.7866278610665532, g: 0.0055634277329309305, curr_delay = 0.8660428706349927, data_size = 1539
user 28, emp_avg: 0.05657366442423111, h: 2.0967293519564167, ucb: 2.153917545239957,num_of_obs(calculated after picking at this round): 6, privacy reward: 0.7866278610665532, g: 0.0012106189153511728, curr_delay = 0.9345616192115465, data_size = 1237
num of fast users chosen: 1, num of slow users chosen: 4
max_delay = 0.93 seconds
after cleansing the weights updates who were almost zeros (meaning with absolute value of less than 10**-7, 0.00% of the weights upadtes) we get:
user No.0 has been picked 13, his deltas theta's mean
 is -0.001475531025789678,
the empirical var of deltas thetas is 0.003956296946853399
the minimum of the deltas theta is -0.45530596375465393 and the maximum is 0.4779992997646332
the added laplace noise var is 0.004945834083233656
global epoch 39 has been done artifficialy in 0.93 secs, the total time by now is 23.59 
 with avg train loss 1.421, val loss 2.126, avg val acc 19.92%
iteration: 40
user 4, emp_avg: 0.5974996964871016, h: 1.3581015157406195, ucb: 1.9220595202683128,num_of_obs(calculated after picking at this round): 13, privacy reward: 0.5945205479701939, g: 0.038719079554933505, curr_delay = 0.05, data_size = 3770
user 6, emp_avg: 0.45206032949410613, h: 1.4877256711061895, ucb: 1.946236779403307,num_of_obs(calculated after picking at this round): 11, privacy reward: 0.6440364210831411, g: 0.030794723235169828, curr_delay = 0.12901476483968727, data_size = 3229
user 8, emp_avg: 0.3553951267551753, h: 1.663327866232467, ucb: 1.9820660673062807,num_of_obs(calculated after picking at this round): 9, privacy reward: 0.6976763260710308, g: 0.023090862851009062, curr_delay = 0.07708310949803646, data_size = 2671
user 13, emp_avg: 0.2824758213738334, h: 1.663327866232467, ucb: 1.9442216596570054,num_of_obs(calculated after picking at this round): 9, privacy reward: 0.6976763260710308, g: 0.023736053255572844, curr_delay = 0.16941569325482256, data_size = 2687
user 14, emp_avg: 0.2963266183712036, h: 1.7781722849473283, ucb: 2.086405690310107,num_of_obs(calculated after picking at this round): 8, privacy reward: 0.7261490370736907, g: 0.01684368909896062, curr_delay = 0.23476480925182658, data_size = 2313
num of fast users chosen: 5, num of slow users chosen: 0
max_delay = 0.23 seconds
after cleansing the weights updates who were almost zeros (meaning with absolute value of less than 10**-7, 0.00% of the weights upadtes) we get:
user No.4 has been picked 13, his deltas theta's mean
 is -0.0036272797733545303,
the empirical var of deltas thetas is 0.0048670233227312565
the minimum of the deltas theta is -0.4006904661655426 and the maximum is 0.49540606141090393
the added laplace noise var is 0.004945834083233656
global epoch 40 has been done artifficialy in 0.23 secs, the total time by now is 23.82 
 with avg train loss 1.560, val loss 2.218, avg val acc 17.72%
iteration: 41
user 15, emp_avg: 0.0696304467745478, h: 2.1109918237750636, ucb: 2.180636747556684,num_of_obs(calculated after picking at this round): 6, privacy reward: 0.7866278610665532, g: -0.0009628701806300462, curr_delay = 0.7188239400269635, data_size = 690
user 16, emp_avg: 0.07056070376325664, h: 2.1109918237750636, ucb: 2.1810256456134454,num_of_obs(calculated after picking at this round): 6, privacy reward: 0.7866278610665532, g: 7.913987363454633e-05, curr_delay = 0.6831057113772986, data_size = 993
user 18, emp_avg: 0.06770299152582597, h: 2.1109918237750636, ucb: 2.1788763928229575,num_of_obs(calculated after picking at this round): 6, privacy reward: 0.7866278610665532, g: -0.0011156938406005092, curr_delay = 0.7485578593194933, data_size = 672
user 22, emp_avg: 0.06170476262042602, h: 2.1109918237750636, ucb: 2.1725994427309523,num_of_obs(calculated after picking at this round): 6, privacy reward: 0.7866278610665532, g: -2.291421560578974e-06, curr_delay = 0.8039815618363889, data_size = 914
user 26, emp_avg: 0.05990406729183492, h: 2.1109918237750636, ucb: 2.170660892322022,num_of_obs(calculated after picking at this round): 6, privacy reward: 0.7866278610665532, g: 0.00042533121773580056, curr_delay = 0.8186111437882703, data_size = 1082
num of fast users chosen: 0, num of slow users chosen: 5
max_delay = 0.82 seconds
after cleansing the weights updates who were almost zeros (meaning with absolute value of less than 10**-7, 0.00% of the weights upadtes) we get:
user No.15 has been picked 6, his deltas theta's mean
 is -0.0006478408467955887,
the empirical var of deltas thetas is 0.0006888452917337418
the minimum of the deltas theta is -0.2052968293428421 and the maximum is 0.20074385404586792
the added laplace noise var is 0.0037379809880455804
global epoch 41 has been done artifficialy in 0.82 secs, the total time by now is 24.64 
 with avg train loss 1.419, val loss 1.702, avg val acc 41.68%
iteration: 42
user 10, emp_avg: 0.3265902839494898, h: 1.933305360847936, ucb: 2.263378401762133,num_of_obs(calculated after picking at this round): 7, privacy reward: 0.7557837414557252, g: -4.592401137604226e-07, curr_delay = 0.16356239302283798, data_size = 1079
user 19, emp_avg: 0.06325885442757366, h: 2.1178299133641594, ucb: 2.1805312578649,num_of_obs(calculated after picking at this round): 6, privacy reward: 0.7866278610665532, g: -0.002193783418707249, curr_delay = 0.7570434864744625, data_size = 548
user 23, emp_avg: 0.060906787091591585, h: 2.1178299133641594, ucb: 2.1790567921162585,num_of_obs(calculated after picking at this round): 6, privacy reward: 0.7866278610665532, g: -0.0030403457939686108, curr_delay = 0.8430803427041432, data_size = 485
user 25, emp_avg: 0.05916439590604297, h: 2.1178299133641594, ucb: 2.176595503999485,num_of_obs(calculated after picking at this round): 6, privacy reward: 0.7866278610665532, g: -0.0020481603630046713, curr_delay = 0.8175488861982086, data_size = 560
user 29, emp_avg: 0.05426889082820962, h: 2.1178299133641594, ucb: 2.171541342965406,num_of_obs(calculated after picking at this round): 6, privacy reward: 0.7866278610665532, g: -0.0004470161628594592, curr_delay = 0.8763289995020647, data_size = 743
num of fast users chosen: 1, num of slow users chosen: 4
max_delay = 0.88 seconds
after cleansing the weights updates who were almost zeros (meaning with absolute value of less than 10**-7, 0.00% of the weights upadtes) we get:
user No.10 has been picked 7, his deltas theta's mean
 is -0.0003828773333225399,
the empirical var of deltas thetas is 0.001907667494378984
the minimum of the deltas theta is -0.30087918043136597 and the maximum is 0.34287673234939575
the added laplace noise var is 0.003890530886084149
global epoch 42 has been done artifficialy in 0.88 secs, the total time by now is 25.52 
 with avg train loss 1.389, val loss 1.688, avg val acc 42.84%
iteration: 43
user 0, emp_avg: 0.8003509416166628, h: 1.3175501944652774, ucb: 2.130413420086863,num_of_obs(calculated after picking at this round): 14, privacy reward: 0.5712090638488144, g: 0.02694162394301581, curr_delay = 0.07840785024896363, data_size = 3540
user 4, emp_avg: 0.6262497181665942, h: 1.3175501944652774, ucb: 1.915049890952379,num_of_obs(calculated after picking at this round): 14, privacy reward: 0.5712090638488144, g: 0.03780927093879366, curr_delay = 0.05, data_size = 3770
user 8, emp_avg: 0.3447417150165341, h: 1.5834982613807027, ucb: 1.938893388135878,num_of_obs(calculated after picking at this round): 10, privacy reward: 0.670320046035639, g: 0.02035029323689464, curr_delay = 0.20091536286389403, data_size = 2671
user 14, emp_avg: 0.2962309486507191, h: 1.6795535379291044, ucb: 1.975880156300308,num_of_obs(calculated after picking at this round): 9, privacy reward: 0.6976763260710308, g: 0.014098410402908768, curr_delay = 0.16922444285280222, data_size = 2313
user 17, emp_avg: 0.0710726988008349, h: 1.9393813744835136, ucb: 2.010922415046711,num_of_obs(calculated after picking at this round): 7, privacy reward: 0.7557837414557252, g: 0.009951824335745582, curr_delay = 0.7324649907220157, data_size = 1816
num of fast users chosen: 4, num of slow users chosen: 1
max_delay = 0.73 seconds
after cleansing the weights updates who were almost zeros (meaning with absolute value of less than 10**-7, 0.00% of the weights upadtes) we get:
user No.0 has been picked 14, his deltas theta's mean
 is -0.0019238704117015004,
the empirical var of deltas thetas is 0.0036445925943553448
the minimum of the deltas theta is -0.4030093252658844 and the maximum is 0.43606722354888916
the added laplace noise var is 0.005147677401197522
global epoch 43 has been done artifficialy in 0.73 secs, the total time by now is 26.25 
 with avg train loss 1.509, val loss 2.161, avg val acc 19.08%
iteration: 44
user 1, emp_avg: 0.6299749457982927, h: 1.8009972556300802, ucb: 2.426223663506565,num_of_obs(calculated after picking at this round): 8, privacy reward: 0.7261490370736907, g: -0.0038574576306460405, curr_delay = 0.07539036627473276, data_size = 736
user 2, emp_avg: 0.7903556051327606, h: 1.8009972556300802, ucb: 2.5614036614960924,num_of_obs(calculated after picking at this round): 8, privacy reward: 0.7261490370736907, g: -0.0029521861777060646, curr_delay = 0.05, data_size = 795
user 3, emp_avg: 0.7416281391974374, h: 1.9452993687137876, ucb: 2.6510150350065413,num_of_obs(calculated after picking at this round): 7, privacy reward: 0.7557837414557252, g: -0.005638619441607881, curr_delay = 0.05224098265401398, data_size = 465
user 7, emp_avg: 0.46471326102239274, h: 1.9452993687137876, ucb: 2.3935368090243414,num_of_obs(calculated after picking at this round): 7, privacy reward: 0.7557837414557252, g: -0.006206334415404113, curr_delay = 0.0887204091798886, data_size = 437
user 9, emp_avg: 0.32756820710049245, h: 1.9452993687137876, ucb: 2.2587372130234797,num_of_obs(calculated after picking at this round): 7, privacy reward: 0.7557837414557252, g: -0.005919073732477791, curr_delay = 0.1212561015070113, data_size = 451
num of fast users chosen: 5, num of slow users chosen: 0
max_delay = 0.12 seconds
after cleansing the weights updates who were almost zeros (meaning with absolute value of less than 10**-7, 0.00% of the weights upadtes) we get:
user No.1 has been picked 8, his deltas theta's mean
 is -0.00026821118080988526,
the empirical var of deltas thetas is 0.0007855521398596466
the minimum of the deltas theta is -0.24274326860904694 and the maximum is 0.2124330848455429
the added laplace noise var is 0.0040493064635646414
global epoch 44 has been done artifficialy in 0.12 secs, the total time by now is 26.37 
 with avg train loss 1.464, val loss 1.586, avg val acc 46.11%
iteration: 45
user 4, emp_avg: 0.6267830914249916, h: 1.2772731819505712, ucb: 1.9035229001171654,num_of_obs(calculated after picking at this round): 15, privacy reward: 0.5488116360940261, g: 0.03446983316355156, curr_delay = 0.0788332282325771, data_size = 3770
user 6, emp_avg: 0.455795998841698, h: 1.4409584858893534, ucb: 1.8930188153834595,num_of_obs(calculated after picking at this round): 12, privacy reward: 0.6187833918061405, g: 0.032775412471865564, curr_delay = 0.10062622483737847, data_size = 3229
user 13, emp_avg: 0.3052576495650579, h: 1.5930395453912036, ucb: 1.875515366765037,num_of_obs(calculated after picking at this round): 10, privacy reward: 0.670320046035639, g: 0.023736053255572844, curr_delay = 0.09798271169120154, data_size = 2687
user 17, emp_avg: 0.07050272668441387, h: 1.8063370567699357, ucb: 1.8774097555707707,num_of_obs(calculated after picking at this round): 8, privacy reward: 0.7261490370736907, g: 0.007012079277959085, curr_delay = 0.7517336270104968, data_size = 1816
user 27, emp_avg: 0.0579773302718644, h: 1.9510670131418653, ucb: 2.0087048560591496,num_of_obs(calculated after picking at this round): 7, privacy reward: 0.7557837414557252, g: 0.004824717105616351, curr_delay = 0.8331354025877146, data_size = 1539
num of fast users chosen: 3, num of slow users chosen: 2
max_delay = 0.83 seconds
after cleansing the weights updates who were almost zeros (meaning with absolute value of less than 10**-7, 0.00% of the weights upadtes) we get:
user No.4 has been picked 15, his deltas theta's mean
 is -0.00033567810896784067,
the empirical var of deltas thetas is 0.00448335986584425
the minimum of the deltas theta is -0.3921436369419098 and the maximum is 0.4872592091560364
the added laplace noise var is 0.005357758101233054
global epoch 45 has been done artifficialy in 0.83 secs, the total time by now is 27.20 
 with avg train loss 1.459, val loss 2.200, avg val acc 15.06%
iteration: 46
user 2, emp_avg: 0.8136494267846761, h: 1.694544495540563, ucb: 2.4849001006733236,num_of_obs(calculated after picking at this round): 9, privacy reward: 0.6976763260710308, g: -0.0047825742603000545, curr_delay = 0.05, data_size = 795
user 5, emp_avg: 0.445174426029079, h: 1.8115442654161342, ucb: 2.257933454452677,num_of_obs(calculated after picking at this round): 8, privacy reward: 0.7261490370736907, g: -0.004710343792764194, curr_delay = 0.11450265822536079, data_size = 634
user 11, emp_avg: 0.2848261517268877, h: 1.9566914413082854, ucb: 2.2309782354899497,num_of_obs(calculated after picking at this round): 7, privacy reward: 0.7557837414557252, g: -0.003060974313072977, curr_delay = 0.14365244506863262, data_size = 570
user 12, emp_avg: 0.25580461860665743, h: 1.9566914413082854, ucb: 2.2056437651504197,num_of_obs(calculated after picking at this round): 7, privacy reward: 0.7557837414557252, g: -0.005041946184976107, curr_delay = 0.16839644210840202, data_size = 451
user 20, emp_avg: 0.06473158573984951, h: 2.143448080963687, ucb: 2.209825266470724,num_of_obs(calculated after picking at this round): 6, privacy reward: 0.7866278610665532, g: -0.0029888186158059326, curr_delay = 0.8848995743408009, data_size = 410
num of fast users chosen: 4, num of slow users chosen: 1
max_delay = 0.88 seconds
after cleansing the weights updates who were almost zeros (meaning with absolute value of less than 10**-7, 0.00% of the weights upadtes) we get:
user No.2 has been picked 9, his deltas theta's mean
 is -0.0009813793003559113,
the empirical var of deltas thetas is 0.0010129456641152501
the minimum of the deltas theta is -0.24998518824577332 and the maximum is 0.25248846411705017
the added laplace noise var is 0.004214561795284956
global epoch 46 has been done artifficialy in 0.88 secs, the total time by now is 28.09 
 with avg train loss 1.464, val loss 1.575, avg val acc 46.62%
iteration: 47
user 0, emp_avg: 0.770674731781554, h: 1.2845478807252533, ucb: 2.0848988223419163,num_of_obs(calculated after picking at this round): 15, privacy reward: 0.5488116360940261, g: 0.0284233566796874, curr_delay = 0.1407626770355353, data_size = 3540
user 21, emp_avg: 0.06689985646132378, h: 1.9621792990728595, ucb: 2.0285412791022157,num_of_obs(calculated after picking at this round): 7, privacy reward: 0.7557837414557252, g: 0.0023666512038365258, curr_delay = 0.7129909730654105, data_size = 1338
user 24, emp_avg: 0.06035729422873124, h: 1.9621792990728595, ucb: 2.023395673271725,num_of_obs(calculated after picking at this round): 7, privacy reward: 0.7557837414557252, g: 0.000255020527500378, curr_delay = 0.9057509211490747, data_size = 1090
user 26, emp_avg: 0.05919565082531766, h: 1.9621792990728595, ucb: 2.0220833663646944,num_of_obs(calculated after picking at this round): 7, privacy reward: 0.7557837414557252, g: 0.00022246333475463696, curr_delay = 0.909998392144683, data_size = 1082
user 28, emp_avg: 0.05727077833122438, h: 1.9621792990728595, ucb: 2.0187529634970907,num_of_obs(calculated after picking at this round): 7, privacy reward: 0.7557837414557252, g: 0.0012488804824823533, curr_delay = 0.8136238147908232, data_size = 1237
num of fast users chosen: 1, num of slow users chosen: 4
max_delay = 0.91 seconds
after cleansing the weights updates who were almost zeros (meaning with absolute value of less than 10**-7, 0.00% of the weights upadtes) we get:
user No.0 has been picked 15, his deltas theta's mean
 is -0.0016844510100781918,
the empirical var of deltas thetas is 0.004220025148242712
the minimum of the deltas theta is -0.3705226182937622 and the maximum is 0.5280796885490417
the added laplace noise var is 0.005357758101233054
global epoch 47 has been done artifficialy in 0.91 secs, the total time by now is 29.00 
 with avg train loss 1.367, val loss 2.000, avg val acc 26.44%
iteration: 48
user 4, emp_avg: 0.6350532043755911, h: 1.2443795258534096, ucb: 1.8711626172784013,num_of_obs(calculated after picking at this round): 16, privacy reward: 0.5272924240430481, g: 0.033956038475739934, curr_delay = 0.06586704958686983, data_size = 3770
user 6, emp_avg: 0.49765784508464433, h: 1.3912586048085904, ucb: 1.8470546036502884,num_of_obs(calculated after picking at this round): 13, privacy reward: 0.5945205479701939, g: 0.030794723235169828, curr_delay = 0.05, data_size = 3229
user 8, emp_avg: 0.36979259294194156, h: 1.5240474423536607, ucb: 1.868789157370195,num_of_obs(calculated after picking at this round): 11, privacy reward: 0.6440364210831411, g: 0.020627694302964378, curr_delay = 0.08060597999805799, data_size = 2671
user 13, emp_avg: 0.29445746864426475, h: 1.5240474423536607, ucb: 1.8293050919187186,num_of_obs(calculated after picking at this round): 11, privacy reward: 0.6440364210831411, g: 0.021237746129762095, curr_delay = 0.26816027012080484, data_size = 2687
user 14, emp_avg: 0.29581203449050586, h: 1.6064870599972458, ucb: 1.902718008647965,num_of_obs(calculated after picking at this round): 10, privacy reward: 0.670320046035639, g: 0.013755358126500477, curr_delay = 0.17120836398496025, data_size = 2313
num of fast users chosen: 5, num of slow users chosen: 0
max_delay = 0.27 seconds
after cleansing the weights updates who were almost zeros (meaning with absolute value of less than 10**-7, 0.00% of the weights upadtes) we get:
user No.4 has been picked 16, his deltas theta's mean
 is -0.0014285725774243474,
the empirical var of deltas thetas is 0.005291047506034374
the minimum of the deltas theta is -0.4725906550884247 and the maximum is 0.5218141078948975
the added laplace noise var is 0.005576412357279915
global epoch 48 has been done artifficialy in 0.27 secs, the total time by now is 29.27 
 with avg train loss 1.520, val loss 2.205, avg val acc 19.14%
iteration: 49
user 0, emp_avg: 0.7492442411805781, h: 1.2476891116156503, ucb: 2.0183638433972044,num_of_obs(calculated after picking at this round): 16, privacy reward: 0.5272924240430481, g: 0.025709611757675194, curr_delay = 0.11688062931439958, data_size = 3540
user 15, emp_avg: 0.0712449037354647, h: 1.9727697022487511, ucb: 2.042400149023299,num_of_obs(calculated after picking at this round): 7, privacy reward: 0.7557837414557252, g: -0.0009940090851420652, curr_delay = 0.6178053058293879, data_size = 690
user 16, emp_avg: 0.07088095932653392, h: 1.9727697022487511, ucb: 2.0433304060120077,num_of_obs(calculated after picking at this round): 7, privacy reward: 0.7557837414557252, g: 7.053143221655896e-05, curr_delay = 0.6867896708122413, data_size = 993
user 22, emp_avg: 0.06310173953779787, h: 1.9727697022487511, ucb: 2.0344744648691773,num_of_obs(calculated after picking at this round): 7, privacy reward: 0.7557837414557252, g: -4.0461495434843215e-06, curr_delay = 0.6994611249453196, data_size = 914
user 29, emp_avg: 0.054896190333118926, h: 1.9727697022487511, ucb: 2.0270385930769605,num_of_obs(calculated after picking at this round): 7, privacy reward: 0.7557837414557252, g: -0.0006024136936011568, curr_delay = 0.8523697710835195, data_size = 743
num of fast users chosen: 1, num of slow users chosen: 4
max_delay = 0.85 seconds
after cleansing the weights updates who were almost zeros (meaning with absolute value of less than 10**-7, 0.00% of the weights upadtes) we get:
user No.0 has been picked 16, his deltas theta's mean
 is -0.0026895636692643166,
the empirical var of deltas thetas is 0.0040238285437226295
the minimum of the deltas theta is -0.43652424216270447 and the maximum is 0.5139546394348145
the added laplace noise var is 0.005576412357279915
global epoch 49 has been done artifficialy in 0.85 secs, the total time by now is 30.12 
 with avg train loss 1.373, val loss 1.914, avg val acc 32.05%
iteration: 50
user 10, emp_avg: 0.3318177567397291, h: 1.8311642679129767, ucb: 2.1577545518624666,num_of_obs(calculated after picking at this round): 8, privacy reward: 0.7261490370736907, g: 4.750090727296157e-06, curr_delay = 0.13571833285132207, data_size = 1079
user 18, emp_avg: 0.06707742546837965, h: 1.977883466088977, ucb: 2.045586457614803,num_of_obs(calculated after picking at this round): 7, privacy reward: 0.7557837414557252, g: -0.0009891518160712839, curr_delay = 0.7895896817040244, data_size = 672
user 19, emp_avg: 0.0628857096329972, h: 1.977883466088977, ucb: 2.041142320516551,num_of_obs(calculated after picking at this round): 7, privacy reward: 0.7557837414557252, g: -0.002283905384830194, curr_delay = 0.8244452519935246, data_size = 548
user 23, emp_avg: 0.06052377020963627, h: 1.977883466088977, ucb: 2.0387902531805686,num_of_obs(calculated after picking at this round): 7, privacy reward: 0.7557837414557252, g: -0.003146280120086285, curr_delay = 0.8587277901521024, data_size = 485
user 25, emp_avg: 0.05937138509067678, h: 1.977883466088977, ucb: 2.03704786199502,num_of_obs(calculated after picking at this round): 7, privacy reward: 0.7557837414557252, g: -0.0021352704510333824, curr_delay = 0.8249011906339063, data_size = 560
num of fast users chosen: 1, num of slow users chosen: 4
max_delay = 0.86 seconds
after cleansing the weights updates who were almost zeros (meaning with absolute value of less than 10**-7, 0.00% of the weights upadtes) we get:
user No.10 has been picked 8, his deltas theta's mean
 is -0.0008746125968173146,
the empirical var of deltas thetas is 0.0015603293431922793
the minimum of the deltas theta is -0.21486851572990417 and the maximum is 0.38945668935775757
the added laplace noise var is 0.0040493064635646414
global epoch 50 has been done artifficialy in 0.86 secs, the total time by now is 30.98 
 with avg train loss 1.409, val loss 1.555, avg val acc 46.90%
iteration: 51
user 1, emp_avg: 0.6204609442757048, h: 1.7172271907185852, ucb: 2.347202136516878,num_of_obs(calculated after picking at this round): 9, privacy reward: 0.6976763260710308, g: -0.003585646790805867, curr_delay = 0.09185284851679276, data_size = 736
user 3, emp_avg: 0.7739246217977578, h: 1.835793086548931, ucb: 2.5774212257463684,num_of_obs(calculated after picking at this round): 8, privacy reward: 0.7261490370736907, g: -0.005773265384892437, curr_delay = 0.05, data_size = 465
user 5, emp_avg: 0.506821712025848, h: 1.7172271907185852, ucb: 2.162401616747664,num_of_obs(calculated after picking at this round): 9, privacy reward: 0.6976763260710308, g: -0.005375936260582892, curr_delay = 0.05, data_size = 634
user 7, emp_avg: 0.5316241033945937, h: 1.835793086548931, ucb: 2.3005063475713237,num_of_obs(calculated after picking at this round): 8, privacy reward: 0.7261490370736907, g: -0.006347557097842747, curr_delay = 0.05, data_size = 437
user 9, emp_avg: 0.324803254265962, h: 1.835793086548931, ucb: 2.1633612936494235,num_of_obs(calculated after picking at this round): 8, privacy reward: 0.7261490370736907, g: -0.006057008045339386, curr_delay = 0.16369367071792712, data_size = 451
num of fast users chosen: 5, num of slow users chosen: 0
max_delay = 0.16 seconds
after cleansing the weights updates who were almost zeros (meaning with absolute value of less than 10**-7, 0.00% of the weights upadtes) we get:
user No.1 has been picked 9, his deltas theta's mean
 is 0.0005572467925958335,
the empirical var of deltas thetas is 0.0008015208877623081
the minimum of the deltas theta is -0.1856936365365982 and the maximum is 0.22737981379032135
the added laplace noise var is 0.004214561795284956
global epoch 51 has been done artifficialy in 0.16 secs, the total time by now is 31.14 
 with avg train loss 1.439, val loss 1.464, avg val acc 48.82%
iteration: 52
user 4, emp_avg: 0.6220891447684135, h: 1.217257735431587, ucb: 1.852310939807178,num_of_obs(calculated after picking at this round): 17, privacy reward: 0.5066169923655891, g: 0.03575099510383213, curr_delay = 0.12057949801009071, data_size = 3770
user 6, emp_avg: 0.4865872501743258, h: 1.3504262094011585, ucb: 1.8480840544858028,num_of_obs(calculated after picking at this round): 14, privacy reward: 0.5712090638488144, g: 0.030794723235169828, curr_delay = 0.14591318344863374, data_size = 3229
user 8, emp_avg: 0.363946136881019, h: 1.4680680660306458, ucb: 1.8378606589725872,num_of_obs(calculated after picking at this round): 12, privacy reward: 0.6187833918061405, g: 0.019717304033006366, curr_delay = 0.16686962451134563, data_size = 2671
user 14, emp_avg: 0.34795147001255644, h: 1.5397227773689837, ucb: 1.8355348118594894,num_of_obs(calculated after picking at this round): 11, privacy reward: 0.6440364210831411, g: 0.01265074858087971, curr_delay = 0.057514510967595134, data_size = 2313
user 27, emp_avg: 0.057522154598536185, h: 1.8403207139552205, ucb: 1.898298044227085,num_of_obs(calculated after picking at this round): 8, privacy reward: 0.7261490370736907, g: 0.004648257726236753, curr_delay = 0.9202015076692547, data_size = 1539
num of fast users chosen: 4, num of slow users chosen: 1
max_delay = 0.92 seconds
after cleansing the weights updates who were almost zeros (meaning with absolute value of less than 10**-7, 0.00% of the weights upadtes) we get:
user No.4 has been picked 17, his deltas theta's mean
 is -0.001752781681716442,
the empirical var of deltas thetas is 0.004362819250673056
the minimum of the deltas theta is -0.4653269648551941 and the maximum is 0.4154341220855713
the added laplace noise var is 0.0058039900627965095
global epoch 52 has been done artifficialy in 0.92 secs, the total time by now is 32.06 
 with avg train loss 1.459, val loss 2.173, avg val acc 18.29%
iteration: 53
user 2, emp_avg: 0.8107960576853801, h: 1.6269177224744387, ucb: 2.440567149259115,num_of_obs(calculated after picking at this round): 10, privacy reward: 0.670320046035639, g: -0.004232079615907864, curr_delay = 0.0636848781913404, data_size = 795
user 10, emp_avg: 0.32420906946181693, h: 1.7256068309913737, ucb: 2.0574245877311026,num_of_obs(calculated after picking at this round): 9, privacy reward: 0.6976763260710308, g: -7.680639789012883e-05, curr_delay = 0.1898689200595399, data_size = 1079
user 11, emp_avg: 0.33393779647069843, h: 1.8447512988132702, ucb: 2.129577450540158,num_of_obs(calculated after picking at this round): 8, privacy reward: 0.7261490370736907, g: -0.003245211941222085, curr_delay = 0.07377685612027547, data_size = 570
user 12, emp_avg: 0.26509566352186514, h: 1.8447512988132702, ucb: 2.1005559174199275,num_of_obs(calculated after picking at this round): 8, privacy reward: 0.7261490370736907, g: -0.005277637760059117, curr_delay = 0.1514541210446911, data_size = 451
user 20, emp_avg: 0.06409799464580933, h: 1.9925591367766533, ucb: 2.0572907225165027,num_of_obs(calculated after picking at this round): 7, privacy reward: 0.7557837414557252, g: -0.003502507212952702, curr_delay = 0.8292362417826121, data_size = 410
num of fast users chosen: 4, num of slow users chosen: 1
max_delay = 0.83 seconds
after cleansing the weights updates who were almost zeros (meaning with absolute value of less than 10**-7, 0.00% of the weights upadtes) we get:
user No.2 has been picked 10, his deltas theta's mean
 is -0.0008771521388553083,
the empirical var of deltas thetas is 0.0010995450429618359
the minimum of the deltas theta is -0.19056996703147888 and the maximum is 0.24595823884010315
the added laplace noise var is 0.004386561325032196
global epoch 53 has been done artifficialy in 0.83 secs, the total time by now is 32.89 
 with avg train loss 1.435, val loss 1.581, avg val acc 44.05%
iteration: 54
user 0, emp_avg: 0.7639945799346617, h: 1.2230572421034116, ucb: 1.9723014832839896,num_of_obs(calculated after picking at this round): 17, privacy reward: 0.5066169923655891, g: 0.028957258339210167, curr_delay = 0.05, data_size = 3540
user 21, emp_avg: 0.06643891957811013, h: 1.849088743886939, ucb: 1.9159886003482627,num_of_obs(calculated after picking at this round): 8, privacy reward: 0.7261490370736907, g: 0.002178852890627805, curr_delay = 0.790984530495151, data_size = 1338
user 24, emp_avg: 0.06102387911291193, h: 1.849088743886939, ucb: 1.9094460381156702,num_of_obs(calculated after picking at this round): 8, privacy reward: 0.7261490370736907, g: 0.0001959805961767648, curr_delay = 0.7611511694486122, data_size = 1090
user 26, emp_avg: 0.059167291446000074, h: 1.849088743886939, ucb: 1.9082843947122567,num_of_obs(calculated after picking at this round): 8, privacy reward: 0.7261490370736907, g: 0.00016757689962086598, curr_delay = 0.847906359416406, data_size = 1082
user 28, emp_avg: 0.05753239571555426, h: 1.849088743886939, ucb: 1.9063595222181633,num_of_obs(calculated after picking at this round): 8, privacy reward: 0.7261490370736907, g: 0.0011135200586703897, curr_delay = 0.8422653126345729, data_size = 1237
num of fast users chosen: 1, num of slow users chosen: 4
max_delay = 0.85 seconds
after cleansing the weights updates who were almost zeros (meaning with absolute value of less than 10**-7, 0.00% of the weights upadtes) we get:
user No.0 has been picked 17, his deltas theta's mean
 is -0.0004110971640329808,
the empirical var of deltas thetas is 0.003614306217059493
the minimum of the deltas theta is -0.37330150604248047 and the maximum is 0.43123382329940796
the added laplace noise var is 0.0058039900627965095
global epoch 54 has been done artifficialy in 0.85 secs, the total time by now is 33.74 
 with avg train loss 1.344, val loss 1.943, avg val acc 30.67%
iteration: 55
user 4, emp_avg: 0.6430841922812793, h: 1.1892656931508525, ucb: 1.811354837919266,num_of_obs(calculated after picking at this round): 18, privacy reward: 0.48675225595997107, g: 0.03522405794361917, curr_delay = 0.05, data_size = 3770
user 6, emp_avg: 0.5208147668293708, h: 1.3105069660084883, ucb: 1.797094216182814,num_of_obs(calculated after picking at this round): 15, privacy reward: 0.5488116360940261, g: 0.029220072996514277, curr_delay = 0.05, data_size = 3229
user 8, emp_avg: 0.36290298145653566, h: 1.4155093050263694, ucb: 1.7794554419073885,num_of_obs(calculated after picking at this round): 13, privacy reward: 0.5945205479701939, g: 0.017895740288884025, curr_delay = 0.1427001252765474, data_size = 2671
user 13, emp_avg: 0.2881662367746441, h: 1.4784512508148158, ucb: 1.7729087194590805,num_of_obs(calculated after picking at this round): 12, privacy reward: 0.6187833918061405, g: 0.023736053255572844, curr_delay = 0.22834940905098633, data_size = 2687
user 17, emp_avg: 0.06932281658725375, h: 1.7336377617381185, ucb: 1.8041404884225323,num_of_obs(calculated after picking at this round): 9, privacy reward: 0.6976763260710308, g: 0.008805789663451039, curr_delay = 0.8349540374279844, data_size = 1816
num of fast users chosen: 4, num of slow users chosen: 1
max_delay = 0.83 seconds
after cleansing the weights updates who were almost zeros (meaning with absolute value of less than 10**-7, 0.03% of the weights upadtes) we get:
user No.4 has been picked 18, his deltas theta's mean
 is -0.0013640100369229913,
the empirical var of deltas thetas is 0.005053577944636345
the minimum of the deltas theta is -0.4112234115600586 and the maximum is 0.585776686668396
the added laplace noise var is 0.006040855390664162
global epoch 55 has been done artifficialy in 0.83 secs, the total time by now is 34.57 
 with avg train loss 1.448, val loss 2.098, avg val acc 22.73%
iteration: 56
user 1, emp_avg: 0.6584148498481343, h: 1.6381598804217594, ucb: 2.258620824697464,num_of_obs(calculated after picking at this round): 10, privacy reward: 0.670320046035639, g: -0.004061743743529998, curr_delay = 0.05, data_size = 736
user 2, emp_avg: 0.8279964160776182, h: 1.55409491809255, ucb: 2.3648909757779304,num_of_obs(calculated after picking at this round): 11, privacy reward: 0.6440364210831411, g: -0.005448586847813382, curr_delay = 0.05, data_size = 795
user 3, emp_avg: 0.7425905946885889, h: 1.7375309401709549, ucb: 2.5114555619687127,num_of_obs(calculated after picking at this round): 9, privacy reward: 0.6976763260710308, g: -0.006655989501748321, curr_delay = 0.10164287868663406, data_size = 465
user 5, emp_avg: 0.5561395408232632, h: 1.6381598804217594, ucb: 2.1449815924476074,num_of_obs(calculated after picking at this round): 10, privacy reward: 0.670320046035639, g: -0.005955566522796321, curr_delay = 0.05, data_size = 634
user 7, emp_avg: 0.5064532639010663, h: 1.7375309401709549, ucb: 2.2691550435655485,num_of_obs(calculated after picking at this round): 9, privacy reward: 0.6976763260710308, g: -0.007271620717952824, curr_delay = 0.16388792077364184, data_size = 437
num of fast users chosen: 5, num of slow users chosen: 0
max_delay = 0.16 seconds
after cleansing the weights updates who were almost zeros (meaning with absolute value of less than 10**-7, 0.00% of the weights upadtes) we get:
user No.1 has been picked 10, his deltas theta's mean
 is -0.00040637768688611686,
the empirical var of deltas thetas is 0.0008260431932285428
the minimum of the deltas theta is -0.25162816047668457 and the maximum is 0.22212234139442444
the added laplace noise var is 0.004386561325032196
global epoch 56 has been done artifficialy in 0.16 secs, the total time by now is 34.74 
 with avg train loss 1.358, val loss 1.456, avg val acc 49.02%
iteration: 57
user 0, emp_avg: 0.7771059921605139, h: 1.1945540050581345, ucb: 1.9585485849927962,num_of_obs(calculated after picking at this round): 18, privacy reward: 0.48675225595997107, g: 0.028297633915511065, curr_delay = 0.05, data_size = 3540
user 15, emp_avg: 0.07158353462931585, h: 1.8615779637948977, ucb: 1.9328228675303625,num_of_obs(calculated after picking at this round): 8, privacy reward: 0.7261490370736907, g: -0.0010167136527025054, curr_delay = 0.6760964005410587, data_size = 690
user 16, emp_avg: 0.0699583239731424, h: 1.8615779637948977, ucb: 1.9324589231214315,num_of_obs(calculated after picking at this round): 8, privacy reward: 0.7261490370736907, g: 6.464580358173193e-05, curr_delay = 0.7874031062166083, data_size = 993
user 18, emp_avg: 0.06729625239558719, h: 1.8615779637948977, ucb: 1.9286553892632774,num_of_obs(calculated after picking at this round): 8, privacy reward: 0.7261490370736907, g: -0.0011735969686408063, curr_delay = 0.7264481068520617, data_size = 672
user 22, emp_avg: 0.06322404804965762, h: 1.8615779637948977, ucb: 1.9246797033326957,num_of_obs(calculated after picking at this round): 8, privacy reward: 0.7261490370736907, g: -5.614730477720381e-06, curr_delay = 0.7802721284333658, data_size = 914
num of fast users chosen: 1, num of slow users chosen: 4
max_delay = 0.79 seconds
after cleansing the weights updates who were almost zeros (meaning with absolute value of less than 10**-7, 0.00% of the weights upadtes) we get:
user No.0 has been picked 18, his deltas theta's mean
 is -0.001322664669714868,
the empirical var of deltas thetas is 0.0038945286069065332
the minimum of the deltas theta is -0.36289697885513306 and the maximum is 0.4527480900287628
the added laplace noise var is 0.006040855390664162
global epoch 57 has been done artifficialy in 0.79 secs, the total time by now is 35.52 
 with avg train loss 1.393, val loss 1.817, avg val acc 34.87%
iteration: 58
user 0, emp_avg: 0.7650903567806143, h: 1.1633920248632759, ucb: 1.9404980170237898,num_of_obs(calculated after picking at this round): 19, privacy reward: 0.4676664270099087, g: 0.02437338953477628, curr_delay = 0.0911063909188024, data_size = 3540
user 19, emp_avg: 0.06376099656971307, h: 1.8655775843758153, ucb: 1.9284632940088124,num_of_obs(calculated after picking at this round): 8, privacy reward: 0.7261490370736907, g: -0.002350298557625979, curr_delay = 0.7154303504490884, data_size = 548
user 23, emp_avg: 0.0595326835934709, h: 1.8655775843758153, ucb: 1.9261013545854515,num_of_obs(calculated after picking at this round): 8, privacy reward: 0.7261490370736907, g: -0.003224123622533426, curr_delay = 0.9506593123443388, data_size = 485
user 25, emp_avg: 0.05924847507946305, h: 1.8655775843758153, ucb: 1.924948969466492,num_of_obs(calculated after picking at this round): 8, privacy reward: 0.7261490370736907, g: -0.0021994826086574808, curr_delay = 0.8563388039254217, data_size = 560
user 29, emp_avg: 0.05515321716091897, h: 1.8655775843758153, ucb: 1.9204737747089342,num_of_obs(calculated after picking at this round): 8, privacy reward: 0.7261490370736907, g: -0.0005191467862069738, curr_delay = 0.877926051394156, data_size = 743
num of fast users chosen: 1, num of slow users chosen: 4
max_delay = 0.95 seconds
after cleansing the weights updates who were almost zeros (meaning with absolute value of less than 10**-7, 0.00% of the weights upadtes) we get:
user No.0 has been picked 19, his deltas theta's mean
 is -0.0005517159006558359,
the empirical var of deltas thetas is 0.003994612023234367
the minimum of the deltas theta is -0.40850645303726196 and the maximum is 0.4400726556777954
the added laplace noise var is 0.006287387375941429
global epoch 58 has been done artifficialy in 0.95 secs, the total time by now is 36.48 
 with avg train loss 1.326, val loss 1.749, avg val acc 39.68%
iteration: 59
user 4, emp_avg: 0.6386829707734628, h: 1.1658383884435155, ucb: 1.8089225807247948,num_of_obs(calculated after picking at this round): 19, privacy reward: 0.4676664270099087, g: 0.03674386663676685, curr_delay = 0.08937173719485023, data_size = 3770
user 6, emp_avg: 0.5175656608842358, h: 1.277111967511967, ucb: 1.7979267343413379,num_of_obs(calculated after picking at this round): 16, privacy reward: 0.5272924240430481, g: 0.02932552315502541, curr_delay = 0.1066486764950991, data_size = 3229
user 14, emp_avg: 0.33737597889585524, h: 1.4913454774261676, ucb: 1.839296947438724,num_of_obs(calculated after picking at this round): 12, privacy reward: 0.6187833918061405, g: 0.014004961728016059, curr_delay = 0.2261976953636695, data_size = 2313
user 21, emp_avg: 0.06673945023162431, h: 1.7487575826652733, ucb: 1.8151965022433834,num_of_obs(calculated after picking at this round): 9, privacy reward: 0.6976763260710308, g: 0.0016576781321961886, curr_delay = 0.7231317283166462, data_size = 1338
user 27, emp_avg: 0.05776518650290844, h: 1.7487575826652733, ucb: 1.8062797372638095,num_of_obs(calculated after picking at this round): 9, privacy reward: 0.6976763260710308, g: 0.004515879862243497, curr_delay = 0.8373885024665081, data_size = 1539
num of fast users chosen: 3, num of slow users chosen: 2
max_delay = 0.84 seconds
after cleansing the weights updates who were almost zeros (meaning with absolute value of less than 10**-7, 0.04% of the weights upadtes) we get:
user No.4 has been picked 19, his deltas theta's mean
 is -0.0012596832821145654,
the empirical var of deltas thetas is 0.005092252977192402
the minimum of the deltas theta is -0.39118435978889465 and the maximum is 0.4850519001483917
the added laplace noise var is 0.006287387375941429
global epoch 59 has been done artifficialy in 0.84 secs, the total time by now is 37.31 
 with avg train loss 1.442, val loss 2.035, avg val acc 25.16%
iteration: 60
user 1, emp_avg: 0.6428323330495128, h: 1.567356608220752, ucb: 2.2257714580688863,num_of_obs(calculated after picking at this round): 11, privacy reward: 0.6440364210831411, g: -0.004855886619198293, curr_delay = 0.1026678940000837, data_size = 736
user 3, emp_avg: 0.7252553339802532, h: 1.6521389292312558, ucb: 2.3947295239198447,num_of_obs(calculated after picking at this round): 10, privacy reward: 0.670320046035639, g: -0.007872499165305403, curr_delay = 0.08783672398665544, data_size = 465
user 7, emp_avg: 0.48508404641267805, h: 1.6521389292312558, ucb: 2.158592193132322,num_of_obs(calculated after picking at this round): 10, privacy reward: 0.670320046035639, g: -0.008540838248159004, curr_delay = 0.17078772376429152, data_size = 437
user 9, emp_avg: 0.39982511490307737, h: 1.7523579604825537, ucb: 2.0771612147485157,num_of_obs(calculated after picking at this round): 9, privacy reward: 0.6976763260710308, g: -0.005461980610043686, curr_delay = 0.05, data_size = 451
user 11, emp_avg: 0.3245339068069743, h: 1.7523579604825537, ucb: 2.086295756953252,num_of_obs(calculated after picking at this round): 9, privacy reward: 0.6976763260710308, g: -0.0033901067652239956, curr_delay = 0.20055932828046177, data_size = 570
num of fast users chosen: 5, num of slow users chosen: 0
max_delay = 0.20 seconds
after cleansing the weights updates who were almost zeros (meaning with absolute value of less than 10**-7, 0.00% of the weights upadtes) we get:
user No.1 has been picked 11, his deltas theta's mean
 is 0.0003086014185100794,
the empirical var of deltas thetas is 0.0009837009711191058
the minimum of the deltas theta is -0.2554566264152527 and the maximum is 0.24546846747398376
the added laplace noise var is 0.004565580288749148
global epoch 60 has been done artifficialy in 0.20 secs, the total time by now is 37.51 
 with avg train loss 1.384, val loss 1.448, avg val acc 49.95%
iteration: 61
user 4, emp_avg: 0.6179111274817379, h: 1.139372938922751, ucb: 1.7780559096962136,num_of_obs(calculated after picking at this round): 20, privacy reward: 0.449328964117221, g: 0.03433469408690737, curr_delay = 0.223968073322802, data_size = 3770
user 6, emp_avg: 0.5171071621183065, h: 1.241602874942303, ucb: 1.7591685358265388,num_of_obs(calculated after picking at this round): 17, privacy reward: 0.5066169923655891, g: 0.02663070571366412, curr_delay = 0.09808322200016904, data_size = 3229
user 8, emp_avg: 0.3581317873692576, h: 1.377434716728608, ucb: 1.7403376981851437,num_of_obs(calculated after picking at this round): 14, privacy reward: 0.5712090638488144, g: 0.019277108031332545, curr_delay = 0.16885829865584506, data_size = 2671
user 13, emp_avg: 0.2869426473424743, h: 1.4336795081491036, ucb: 1.7218457449237476,num_of_obs(calculated after picking at this round): 13, privacy reward: 0.5945205479701939, g: 0.02475706596690142, curr_delay = 0.18364827079054596, data_size = 2687
user 17, emp_avg: 0.06881885050510975, h: 1.6554704999230705, ucb: 1.7247933165103242,num_of_obs(calculated after picking at this round): 10, privacy reward: 0.670320046035639, g: 0.008418563642351511, curr_delay = 0.7778087339419397, data_size = 1816
num of fast users chosen: 4, num of slow users chosen: 1
max_delay = 0.78 seconds
after cleansing the weights updates who were almost zeros (meaning with absolute value of less than 10**-7, 0.00% of the weights upadtes) we get:
user No.4 has been picked 20, his deltas theta's mean
 is -0.0012617690954357386,
the empirical var of deltas thetas is 0.0049539171159267426
the minimum of the deltas theta is -0.5214720368385315 and the maximum is 0.514586865901947
the added laplace noise var is 0.006543980522401047
global epoch 61 has been done artifficialy in 0.78 secs, the total time by now is 38.29 
 with avg train loss 1.454, val loss 2.149, avg val acc 18.25%
iteration: 62
user 0, emp_avg: 0.7768358389415836, h: 1.1416241041942823, ucb: 1.9067144609748965,num_of_obs(calculated after picking at this round): 20, privacy reward: 0.449328964117221, g: 0.025604162390392045, curr_delay = 0.05, data_size = 3540
user 10, emp_avg: 0.3645769836338962, h: 1.6587413672310083, ucb: 1.9829504366928252,num_of_obs(calculated after picking at this round): 10, privacy reward: 0.670320046035639, g: -8.891250730910541e-06, curr_delay = 0.0686918667342673, data_size = 1079
user 11, emp_avg: 0.32420839895967274, h: 1.6587413672310083, ucb: 1.9832752740379826,num_of_obs(calculated after picking at this round): 10, privacy reward: 0.670320046035639, g: -0.0049073640133593215, curr_delay = 0.15562805759496437, data_size = 570
user 12, emp_avg: 0.2617134603558811, h: 1.7593609035055366, ucb: 2.0244565670274017,num_of_obs(calculated after picking at this round): 9, privacy reward: 0.6976763260710308, g: -0.004844736084864611, curr_delay = 0.21307801697763817, data_size = 451
user 20, emp_avg: 0.06400415468263053, h: 1.8808359201722191, ucb: 1.9449339148180285,num_of_obs(calculated after picking at this round): 8, privacy reward: 0.7261490370736907, g: -0.0034665791404190393, curr_delay = 0.789299935112582, data_size = 410
num of fast users chosen: 4, num of slow users chosen: 1
max_delay = 0.79 seconds
after cleansing the weights updates who were almost zeros (meaning with absolute value of less than 10**-7, 0.00% of the weights upadtes) we get:
user No.0 has been picked 20, his deltas theta's mean
 is -5.1903021812904626e-05,
the empirical var of deltas thetas is 0.0038994643837213516
the minimum of the deltas theta is -0.37697142362594604 and the maximum is 0.5083009600639343
the added laplace noise var is 0.006543980522401047
global epoch 62 has been done artifficialy in 0.79 secs, the total time by now is 39.08 
 with avg train loss 1.430, val loss 1.844, avg val acc 34.12%
iteration: 63
user 16, emp_avg: 0.06972825371783947, h: 1.7627680065152218, ucb: 1.8327263304883643,num_of_obs(calculated after picking at this round): 9, privacy reward: 0.6976763260710308, g: 1.4923943160755128e-05, curr_delay = 0.7365105332945991, data_size = 993
user 22, emp_avg: 0.06352508782944823, h: 1.7627680065152218, ucb: 1.8259920545648793,num_of_obs(calculated after picking at this round): 9, privacy reward: 0.6976763260710308, g: -4.2858648362480656e-05, curr_delay = 0.7583409227881375, data_size = 914
user 24, emp_avg: 0.06057525474974008, h: 1.7627680065152218, ucb: 1.8237918856281337,num_of_obs(calculated after picking at this round): 9, privacy reward: 0.6976763260710308, g: 0.0002770496877741831, curr_delay = 0.8774044855120275, data_size = 1090
user 26, emp_avg: 0.05884239690959588, h: 1.7627680065152218, ucb: 1.8219352979612218,num_of_obs(calculated after picking at this round): 9, privacy reward: 0.6976763260710308, g: 0.00024306843919192478, curr_delay = 0.8889957166457425, data_size = 1082
user 28, emp_avg: 0.05671388968050181, h: 1.7627680065152218, ucb: 1.820300402230776,num_of_obs(calculated after picking at this round): 9, privacy reward: 0.6976763260710308, g: 0.0012970766687521642, curr_delay = 0.9966941369773992, data_size = 1237
num of fast users chosen: 0, num of slow users chosen: 5
max_delay = 1.00 seconds
after cleansing the weights updates who were almost zeros (meaning with absolute value of less than 10**-7, 0.00% of the weights upadtes) we get:
user No.16 has been picked 9, his deltas theta's mean
 is 0.0002318761544302106,
the empirical var of deltas thetas is 0.0016043739160522819
the minimum of the deltas theta is -0.32637953758239746 and the maximum is 0.285233736038208
the added laplace noise var is 0.004214561795284956
global epoch 63 has been done artifficialy in 1.00 secs, the total time by now is 40.08 
 with avg train loss 1.279, val loss 1.624, avg val acc 45.26%
iteration: 64
user 1, emp_avg: 0.6356590975309666, h: 1.5061479614674476, ucb: 2.1489802945169605,num_of_obs(calculated after picking at this round): 12, privacy reward: 0.6187833918061405, g: -0.00560889035564615, curr_delay = 0.08980634946506086, data_size = 736
user 2, emp_avg: 0.8042420579927959, h: 1.5061479614674476, ucb: 2.3341443775450657,num_of_obs(calculated after picking at this round): 12, privacy reward: 0.6187833918061405, g: -0.004504841365840615, curr_delay = 0.09209050847919317, data_size = 795
user 3, emp_avg: 0.7109167200718312, h: 1.5796613086404954, ucb: 2.3049166426207486,num_of_obs(calculated after picking at this round): 11, privacy reward: 0.6440364210831411, g: -0.009020650478060709, curr_delay = 0.08810097935690175, data_size = 465
user 5, emp_avg: 0.5964904916575121, h: 1.5796613086404954, ucb: 2.1358008494637586,num_of_obs(calculated after picking at this round): 11, privacy reward: 0.6440364210831411, g: -0.005286457824418431, curr_delay = 0.05, data_size = 634
user 9, emp_avg: 0.3904183301197915, h: 1.6651092223153954, ucb: 2.0649343372184727,num_of_obs(calculated after picking at this round): 10, privacy reward: 0.670320046035639, g: -0.006592933379082572, curr_delay = 0.1635284108832554, data_size = 451
num of fast users chosen: 5, num of slow users chosen: 0
max_delay = 0.16 seconds
after cleansing the weights updates who were almost zeros (meaning with absolute value of less than 10**-7, 0.00% of the weights upadtes) we get:
user No.1 has been picked 12, his deltas theta's mean
 is 3.832637048617471e-06,
the empirical var of deltas thetas is 0.0008303830400109291
the minimum of the deltas theta is -0.2008310705423355 and the maximum is 0.26048868894577026
the added laplace noise var is 0.004751905154970509
global epoch 64 has been done artifficialy in 0.16 secs, the total time by now is 40.24 
 with avg train loss 1.335, val loss 1.380, avg val acc 51.68%
iteration: 65
user 4, emp_avg: 0.6044553064348563, h: 1.119069336979926, ucb: 1.736980464461664,num_of_obs(calculated after picking at this round): 21, privacy reward: 0.4317105234290791, g: 0.03575099510383213, curr_delay = 0.14910289907435745, data_size = 3770
user 6, emp_avg: 0.5054164981091701, h: 1.2138011180093768, ucb: 1.7309082801276834,num_of_obs(calculated after picking at this round): 18, privacy reward: 0.48675225595997107, g: 0.026878222710040412, curr_delay = 0.16303893623330082, data_size = 3229
user 8, emp_avg: 0.38048184196823254, h: 1.3375436873872788, ucb: 1.6956754747565363,num_of_obs(calculated after picking at this round): 15, privacy reward: 0.5488116360940261, g: 0.018651956024638598, curr_delay = 0.07211025996588313, data_size = 2671
user 13, emp_avg: 0.28818865265711263, h: 1.388034681992266, ucb: 1.6749773293347403,num_of_obs(calculated after picking at this round): 14, privacy reward: 0.5712090638488144, g: 0.023736053255572844, curr_delay = 0.16426472124986982, data_size = 2687
user 14, emp_avg: 0.3311232276357502, h: 1.444712301791543, ucb: 1.7820882806873983,num_of_obs(calculated after picking at this round): 13, privacy reward: 0.5945205479701939, g: 0.01444031320298536, curr_delay = 0.19524369755900314, data_size = 2313
num of fast users chosen: 5, num of slow users chosen: 0
max_delay = 0.20 seconds
after cleansing the weights updates who were almost zeros (meaning with absolute value of less than 10**-7, 0.00% of the weights upadtes) we get:
user No.4 has been picked 21, his deltas theta's mean
 is -0.002819397719576955,
the empirical var of deltas thetas is 0.0055275424383580685
the minimum of the deltas theta is -0.40042561292648315 and the maximum is 0.5160709619522095
the added laplace noise var is 0.006811045433820142
global epoch 65 has been done artifficialy in 0.20 secs, the total time by now is 40.44 
 with avg train loss 1.446, val loss 2.086, avg val acc 20.49%
iteration: 66
user 0, emp_avg: 0.7874627037538892, h: 1.121113920441597, ucb: 1.8979497593831804,num_of_obs(calculated after picking at this round): 21, privacy reward: 0.4317105234290791, g: 0.026710775912527168, curr_delay = 0.05, data_size = 3540
user 15, emp_avg: 0.07088817894649727, h: 1.772636752558126, ucb: 1.8442202871874418,num_of_obs(calculated after picking at this round): 9, privacy reward: 0.6976763260710308, g: -0.0009175477853714136, curr_delay = 0.7653998431142462, data_size = 690
user 18, emp_avg: 0.06679733434576161, h: 1.772636752558126, ucb: 1.839933004953713,num_of_obs(calculated after picking at this round): 9, privacy reward: 0.6976763260710308, g: -0.0010668653788241983, curr_delay = 0.7961024106469534, data_size = 672
user 25, emp_avg: 0.05892329481078402, h: 1.772636752558126, ucb: 1.831885227637589,num_of_obs(calculated after picking at this round): 9, privacy reward: 0.6976763260710308, g: -0.0022487614747844723, curr_delay = 0.8877548879763715, data_size = 560
user 29, emp_avg: 0.05502405181132952, h: 1.772636752558126, ucb: 1.827789969719045,num_of_obs(calculated after picking at this round): 9, privacy reward: 0.6976763260710308, g: -0.0005432283179640993, curr_delay = 0.9260849207364154, data_size = 743
num of fast users chosen: 1, num of slow users chosen: 4
max_delay = 0.93 seconds
after cleansing the weights updates who were almost zeros (meaning with absolute value of less than 10**-7, 0.00% of the weights upadtes) we get:
user No.0 has been picked 21, his deltas theta's mean
 is -0.0009668513084761798,
the empirical var of deltas thetas is 0.003751964308321476
the minimum of the deltas theta is -0.36790913343429565 and the maximum is 0.45995622873306274
the added laplace noise var is 0.006811045433820142
global epoch 66 has been done artifficialy in 0.93 secs, the total time by now is 41.36 
 with avg train loss 1.305, val loss 1.672, avg val acc 41.74%
iteration: 67
user 0, emp_avg: 0.7893891944704556, h: 1.0960569092877517, ucb: 1.8835196130416407,num_of_obs(calculated after picking at this round): 22, privacy reward: 0.41478291168158077, g: 0.02341872692145074, curr_delay = 0.06025217950693278, data_size = 3540
user 10, emp_avg: 0.35299830103989266, h: 1.5883373607752793, ucb: 1.9529143444091754,num_of_obs(calculated after picking at this round): 11, privacy reward: 0.6440364210831411, g: -5.0045169507445053e-05, curr_delay = 0.21078238301478378, data_size = 1079
user 19, emp_avg: 0.06485759798460371, h: 1.7758151549480663, ucb: 1.8395761515177793,num_of_obs(calculated after picking at this round): 9, privacy reward: 0.6976763260710308, g: -0.002227198859184761, curr_delay = 0.6790672559451314, data_size = 548
user 20, emp_avg: 0.06313992385021946, h: 1.7758151549480663, ucb: 1.8398193096306967,num_of_obs(calculated after picking at this round): 9, privacy reward: 0.6976763260710308, g: -0.0042742072758936624, curr_delay = 0.889267089187306, data_size = 410
user 23, emp_avg: 0.05927793751891218, h: 1.7758151549480663, ucb: 1.8353478385415372,num_of_obs(calculated after picking at this round): 9, privacy reward: 0.6976763260710308, g: -0.0030796613687725147, curr_delay = 0.8735154987199202, data_size = 485
num of fast users chosen: 2, num of slow users chosen: 3
max_delay = 0.89 seconds
after cleansing the weights updates who were almost zeros (meaning with absolute value of less than 10**-7, 0.00% of the weights upadtes) we get:
user No.0 has been picked 22, his deltas theta's mean
 is -0.002097876276820898,
the empirical var of deltas thetas is 0.003922339994460344
the minimum of the deltas theta is -0.3354354202747345 and the maximum is 0.4756990373134613
the added laplace noise var is 0.007089009471033874
global epoch 67 has been done artifficialy in 0.89 secs, the total time by now is 42.25 
 with avg train loss 1.369, val loss 1.644, avg val acc 44.58%
iteration: 68
user 1, emp_avg: 0.6271053610761734, h: 1.4524991747288718, ucb: 2.0881582722598386,num_of_obs(calculated after picking at this round): 13, privacy reward: 0.5945205479701939, g: -0.00631836020383832, curr_delay = 0.09533606010040885, data_size = 736
user 2, emp_avg: 0.8193003612241193, h: 1.4524991747288718, ucb: 2.2567412327216676,num_of_obs(calculated after picking at this round): 13, privacy reward: 0.5945205479701939, g: -0.005142855236728172, curr_delay = 0.05, data_size = 795
user 3, emp_avg: 0.6828129744586479, h: 1.5170859096863254, ucb: 2.2280026297581568,num_of_obs(calculated after picking at this round): 12, privacy reward: 0.6187833918061405, g: -0.010098604058519542, curr_delay = 0.13380727058106726, data_size = 465
user 5, emp_avg: 0.5824210778051754, h: 1.5170859096863254, ucb: 2.1135764013438374,num_of_obs(calculated after picking at this round): 12, privacy reward: 0.6187833918061405, g: -0.0061187966218709, curr_delay = 0.11691598306328853, data_size = 634
user 7, emp_avg: 0.4694548715963602, h: 1.5911331255132817, ucb: 2.07621717192596,num_of_obs(calculated after picking at this round): 11, privacy reward: 0.6440364210831411, g: -0.00800586138080273, curr_delay = 0.15966119973467569, data_size = 437
num of fast users chosen: 5, num of slow users chosen: 0
max_delay = 0.16 seconds
after cleansing the weights updates who were almost zeros (meaning with absolute value of less than 10**-7, 0.00% of the weights upadtes) we get:
user No.1 has been picked 13, his deltas theta's mean
 is -0.0005160910077393055,
the empirical var of deltas thetas is 0.0008784472593106329
the minimum of the deltas theta is -0.18762201070785522 and the maximum is 0.20849424600601196
the added laplace noise var is 0.004945834083233656
global epoch 68 has been done artifficialy in 0.16 secs, the total time by now is 42.41 
 with avg train loss 1.323, val loss 1.369, avg val acc 51.85%
iteration: 69
user 4, emp_avg: 0.588839231227573, h: 1.099883955514952, ucb: 1.7043392619498083,num_of_obs(calculated after picking at this round): 22, privacy reward: 0.41478291168158077, g: 0.037026925379939894, curr_delay = 0.19164309478587613, data_size = 3770
user 6, emp_avg: 0.5009433794136122, h: 1.188010452338595, ucb: 1.693426950447765,num_of_obs(calculated after picking at this round): 19, privacy reward: 0.4676664270099087, g: 0.027097995606558026, curr_delay = 0.11892664151798892, data_size = 3229
user 14, emp_avg: 0.3298932782955262, h: 1.3979281104984662, ucb: 1.7290513381342163,num_of_obs(calculated after picking at this round): 14, privacy reward: 0.5712090638488144, g: 0.013543708959203952, curr_delay = 0.1592843992278139, data_size = 2313
user 21, emp_avg: 0.06638700717062782, h: 1.6801004939382365, ucb: 1.7468399441698608,num_of_obs(calculated after picking at this round): 10, privacy reward: 0.670320046035639, g: 0.0021043350036357464, curr_delay = 0.7909512691643391, data_size = 1338
user 27, emp_avg: 0.058290354394285225, h: 1.6801004939382365, ucb: 1.737865680441145,num_of_obs(calculated after picking at this round): 10, privacy reward: 0.670320046035639, g: 0.005235786432928743, curr_delay = 0.7934383862065031, data_size = 1539
num of fast users chosen: 3, num of slow users chosen: 2
max_delay = 0.79 seconds
after cleansing the weights updates who were almost zeros (meaning with absolute value of less than 10**-7, 0.00% of the weights upadtes) we get:
user No.4 has been picked 22, his deltas theta's mean
 is -0.0025609058793634176,
the empirical var of deltas thetas is 0.0050413645803928375
the minimum of the deltas theta is -0.4368223547935486 and the maximum is 0.5766754746437073
the added laplace noise var is 0.007089009471033874
global epoch 69 has been done artifficialy in 0.79 secs, the total time by now is 43.20 
 with avg train loss 1.387, val loss 1.923, avg val acc 31.27%
iteration: 70
user 4, emp_avg: 0.5891911741509609, h: 1.0764202341831541, ucb: 1.6652594654107271,num_of_obs(calculated after picking at this round): 23, privacy reward: 0.3985190410845135, g: 0.03330111423993677, curr_delay = 0.08376136529237976, data_size = 3770
user 8, emp_avg: 0.37064565380139, h: 1.3036096412729326, ucb: 1.684091483241165,num_of_obs(calculated after picking at this round): 16, privacy reward: 0.5272924240430481, g: 0.018953322210823624, curr_delay = 0.22411190260981584, data_size = 2671
user 13, emp_avg: 0.29216227623538493, h: 1.3493641744036378, ucb: 1.6375528270607504,num_of_obs(calculated after picking at this round): 15, privacy reward: 0.5488116360940261, g: 0.023736053255572844, curr_delay = 0.1437636729025708, data_size = 2687
user 17, emp_avg: 0.0686726809928312, h: 1.5965892224456533, ucb: 1.665408072950763,num_of_obs(calculated after picking at this round): 11, privacy reward: 0.6440364210831411, g: 0.009300012366989002, curr_delay = 0.7439260018693423, data_size = 1816
user 28, emp_avg: 0.05645771981849085, h: 1.682952810201831, ucb: 1.7396666998823327,num_of_obs(calculated after picking at this round): 10, privacy reward: 0.670320046035639, g: 0.0011852630184837332, curr_delay = 0.9233236739070911, data_size = 1237
num of fast users chosen: 3, num of slow users chosen: 2
max_delay = 0.92 seconds
after cleansing the weights updates who were almost zeros (meaning with absolute value of less than 10**-7, 0.00% of the weights upadtes) we get:
user No.4 has been picked 23, his deltas theta's mean
 is -0.00325696705840528,
the empirical var of deltas thetas is 0.00604298384860158
the minimum of the deltas theta is -0.5151418447494507 and the maximum is 0.5483452081680298
the added laplace noise var is 0.0073783174358039395
global epoch 70 has been done artifficialy in 0.92 secs, the total time by now is 44.13 
 with avg train loss 1.354, val loss 1.862, avg val acc 36.33%
iteration: 71
user 0, emp_avg: 0.771488951229508, h: 1.0782156822152533, ucb: 1.867604876685709,num_of_obs(calculated after picking at this round): 23, privacy reward: 0.3985190410845135, g: 0.024525271641222743, curr_delay = 0.1323859442386293, data_size = 3540
user 9, emp_avg: 0.3866471237334197, h: 1.599252302241516, ucb: 1.9896706323613074,num_of_obs(calculated after picking at this round): 11, privacy reward: 0.6440364210831411, g: -0.006628719873609162, curr_delay = 0.1432931388971657, data_size = 451
user 10, emp_avg: 0.3589074782867099, h: 1.5248272409521704, ucb: 1.877825541992063,num_of_obs(calculated after picking at this round): 12, privacy reward: 0.6187833918061405, g: -0.00016256523307212482, curr_delay = 0.11795000216367385, data_size = 1079
user 11, emp_avg: 0.3135044269003763, h: 1.599252302241516, ucb: 1.9234607012011886,num_of_obs(calculated after picking at this round): 11, privacy reward: 0.6440364210831411, g: -0.004321269084893037, curr_delay = 0.242172141157886, data_size = 570
user 12, emp_avg: 0.26490098887532026, h: 1.6857599427837318, ucb: 1.9474734031396128,num_of_obs(calculated after picking at this round): 10, privacy reward: 0.670320046035639, g: -0.004533657979114762, curr_delay = 0.17030625580107026, data_size = 451
num of fast users chosen: 5, num of slow users chosen: 0
max_delay = 0.24 seconds
after cleansing the weights updates who were almost zeros (meaning with absolute value of less than 10**-7, 0.00% of the weights upadtes) we get:
user No.0 has been picked 23, his deltas theta's mean
 is -0.0012749165762215853,
the empirical var of deltas thetas is 0.004394900519400835
the minimum of the deltas theta is -0.4212028384208679 and the maximum is 0.46814700961112976
the added laplace noise var is 0.0073783174358039395
global epoch 71 has been done artifficialy in 0.24 secs, the total time by now is 44.37 
 with avg train loss 1.362, val loss 1.606, avg val acc 46.53%
iteration: 72
user 15, emp_avg: 0.07086070868372764, h: 1.6885232441428526, ucb: 1.7594114230893498,num_of_obs(calculated after picking at this round): 10, privacy reward: 0.670320046035639, g: -0.0011613734720105622, curr_delay = 0.708080137200205, data_size = 690
user 16, emp_avg: 0.0689340902259406, h: 1.6885232441428526, ucb: 1.758251497860692,num_of_obs(calculated after picking at this round): 10, privacy reward: 0.670320046035639, g: 3.419067119377389e-05, curr_delay = 0.8092367080771529, data_size = 993
user 22, emp_avg: 0.06272925806258597, h: 1.6885232441428526, ucb: 1.7520483319723008,num_of_obs(calculated after picking at this round): 10, privacy reward: 0.670320046035639, g: -2.081663170027445e-05, curr_delay = 0.8998180361918711, data_size = 914
user 24, emp_avg: 0.06033847650572814, h: 1.6885232441428526, ucb: 1.7490984988925926,num_of_obs(calculated after picking at this round): 10, privacy reward: 0.670320046035639, g: 0.0003470372795469086, curr_delay = 0.8589962425105314, data_size = 1090
user 26, emp_avg: 0.05869384314493131, h: 1.6885232441428526, ucb: 1.7473656410524485,num_of_obs(calculated after picking at this round): 10, privacy reward: 0.670320046035639, g: 0.0003088728669448806, curr_delay = 0.8717353188879646, data_size = 1082
num of fast users chosen: 0, num of slow users chosen: 5
max_delay = 0.90 seconds
after cleansing the weights updates who were almost zeros (meaning with absolute value of less than 10**-7, 0.00% of the weights upadtes) we get:
user No.15 has been picked 10, his deltas theta's mean
 is -0.00035402399953454733,
the empirical var of deltas thetas is 0.0008114332449622452
the minimum of the deltas theta is -0.2088090181350708 and the maximum is 0.22192177176475525
the added laplace noise var is 0.004386561325032196
global epoch 72 has been done artifficialy in 0.90 secs, the total time by now is 45.27 
 with avg train loss 1.271, val loss 1.423, avg val acc 51.00%
iteration: 73
user 18, emp_avg: 0.06682086073357933, h: 1.6912440078530737, ucb: 1.7580413421988352,num_of_obs(calculated after picking at this round): 10, privacy reward: 0.670320046035639, g: -0.0012067602740172875, curr_delay = 0.7459057432469316, data_size = 672
user 19, emp_avg: 0.06508666349624441, h: 1.6912440078530737, ucb: 1.7561016058376775,num_of_obs(calculated after picking at this round): 10, privacy reward: 0.670320046035639, g: -0.002608951247671892, curr_delay = 0.7446210093475581, data_size = 548
user 23, emp_avg: 0.060102743517269096, h: 1.6912440078530737, ucb: 1.7505219453719858,num_of_obs(calculated after picking at this round): 10, privacy reward: 0.670320046035639, g: -0.003525911116060473, curr_delay = 0.7404555556274852, data_size = 485
user 25, emp_avg: 0.058759756921041205, h: 1.6912440078530737, ucb: 1.7501673026638578,num_of_obs(calculated after picking at this round): 10, privacy reward: 0.670320046035639, g: -0.0024499191456593683, curr_delay = 0.8727844119102116, data_size = 560
user 29, emp_avg: 0.054920908758151574, h: 1.6912440078530737, ucb: 1.7462680596644033,num_of_obs(calculated after picking at this round): 10, privacy reward: 0.670320046035639, g: -0.0006442869892874719, curr_delay = 0.9260524644862478, data_size = 743
num of fast users chosen: 0, num of slow users chosen: 5
max_delay = 0.93 seconds
after cleansing the weights updates who were almost zeros (meaning with absolute value of less than 10**-7, 0.00% of the weights upadtes) we get:
user No.18 has been picked 10, his deltas theta's mean
 is -0.0012699429644271731,
the empirical var of deltas thetas is 0.0009226910187862813
the minimum of the deltas theta is -0.20756563544273376 and the maximum is 0.24293696880340576
the added laplace noise var is 0.004386561325032196
global epoch 73 has been done artifficialy in 0.93 secs, the total time by now is 46.20 
 with avg train loss 1.231, val loss 1.368, avg val acc 51.86%
iteration: 74
user 4, emp_avg: 0.5981387548356211, h: 1.0596223806297802, ucb: 1.648813554780741,num_of_obs(calculated after picking at this round): 24, privacy reward: 0.3828928859751114, g: 0.03458143117088297, curr_delay = 0.06219422902454274, data_size = 3770
user 6, emp_avg: 0.5258962104429317, h: 1.165838089309801, ucb: 1.6667814687234133,num_of_obs(calculated after picking at this round): 20, privacy reward: 0.449328964117221, g: 0.02846896816562307, curr_delay = 0.05, data_size = 3229
user 8, emp_avg: 0.37262085208744355, h: 1.2704426039579924, ucb: 1.6410882577593824,num_of_obs(calculated after picking at this round): 17, privacy reward: 0.5066169923655891, g: 0.018425500533995883, curr_delay = 0.12369378599286333, data_size = 2671
user 14, emp_avg: 0.3198598968202159, h: 1.3581602724490693, ucb: 1.6880535507445955,num_of_obs(calculated after picking at this round): 15, privacy reward: 0.5488116360940261, g: 0.013361984328176788, curr_delay = 0.27871836529141375, data_size = 2313
user 27, emp_avg: 0.058380412447391554, h: 1.606996906009001, ucb: 1.6652872604032862,num_of_obs(calculated after picking at this round): 11, privacy reward: 0.6440364210831411, g: 0.004577656627424753, curr_delay = 0.8434406626449742, data_size = 1539
num of fast users chosen: 4, num of slow users chosen: 1
max_delay = 0.84 seconds
after cleansing the weights updates who were almost zeros (meaning with absolute value of less than 10**-7, 0.00% of the weights upadtes) we get:
user No.4 has been picked 24, his deltas theta's mean
 is -0.0032627976033836603,
the empirical var of deltas thetas is 0.005040783900767565
the minimum of the deltas theta is -0.4039580523967743 and the maximum is 0.7749100923538208
the added laplace noise var is 0.007679432282596293
global epoch 74 has been done artifficialy in 0.84 secs, the total time by now is 47.04 
 with avg train loss 1.376, val loss 1.836, avg val acc 38.43%
iteration: 75
user 1, emp_avg: 0.6343924736011589, h: 1.4116255954154924, ucb: 2.0387309564916656,num_of_obs(calculated after picking at this round): 14, privacy reward: 0.5712090638488144, g: -0.005829453624073773, curr_delay = 0.06857535314193247, data_size = 736
user 2, emp_avg: 0.809479855736625, h: 1.4116255954154924, ucb: 2.2309259566396116,num_of_obs(calculated after picking at this round): 14, privacy reward: 0.5712090638488144, g: -0.004702729270803574, curr_delay = 0.07333386008173652, data_size = 795
user 3, emp_avg: 0.6643125970500388, h: 1.4692665029762828, ucb: 2.1520794774349308,num_of_obs(calculated after picking at this round): 13, privacy reward: 0.5945205479701939, g: -0.009747041265713892, curr_delay = 0.11304338220530313, data_size = 465
user 5, emp_avg: 0.5974159665052865, h: 1.4692665029762828, ucb: 2.0516875807814583,num_of_obs(calculated after picking at this round): 13, privacy reward: 0.5945205479701939, g: -0.005845830559627286, curr_delay = 0.06432070770799367, data_size = 634
user 7, emp_avg: 0.451512006470797, h: 1.53459881287402, ucb: 2.0040536844703802,num_of_obs(calculated after picking at this round): 12, privacy reward: 0.6187833918061405, g: -0.007935838321364375, curr_delay = 0.19674157385299568, data_size = 437
num of fast users chosen: 5, num of slow users chosen: 0
max_delay = 0.20 seconds
after cleansing the weights updates who were almost zeros (meaning with absolute value of less than 10**-7, 0.00% of the weights upadtes) we get:
user No.1 has been picked 14, his deltas theta's mean
 is 0.0003119383763987571,
the empirical var of deltas thetas is 0.0009723537950776517
the minimum of the deltas theta is -0.20993930101394653 and the maximum is 0.21120889484882355
the added laplace noise var is 0.005147677401197522
global epoch 75 has been done artifficialy in 0.20 secs, the total time by now is 47.24 
 with avg train loss 1.268, val loss 1.360, avg val acc 52.74%
iteration: 76
user 4, emp_avg: 0.6059187808084187, h: 1.0405207038168836, ucb: 1.6386594586525045,num_of_obs(calculated after picking at this round): 25, privacy reward: 0.36787944117144167, g: 0.03275454567096601, curr_delay = 0.06308038653877862, data_size = 3770
user 6, emp_avg: 0.5136614267141825, h: 1.1398333220633179, ucb: 1.6657295325062496,num_of_obs(calculated after picking at this round): 21, privacy reward: 0.4317105234290791, g: 0.026349846757369372, curr_delay = 0.1858972735462742, data_size = 3229
user 13, emp_avg: 0.29462003881117393, h: 1.316166150649124, ucb: 1.6083284268845088,num_of_obs(calculated after picking at this round): 16, privacy reward: 0.5272924240430481, g: 0.02455384738025177, curr_delay = 0.15083571548659067, data_size = 2687
user 17, emp_avg: 0.06929687463172247, h: 1.5369509379322184, ucb: 1.6056236189250497,num_of_obs(calculated after picking at this round): 12, privacy reward: 0.6187833918061405, g: 0.008941002133508926, curr_delay = 0.6564867053698359, data_size = 1816
user 21, emp_avg: 0.0663156724235501, h: 1.611967742906724, ucb: 1.678354750077352,num_of_obs(calculated after picking at this round): 11, privacy reward: 0.6440364210831411, g: 0.0020006715048882123, curr_delay = 0.7621681096820112, data_size = 1338
num of fast users chosen: 3, num of slow users chosen: 2
max_delay = 0.76 seconds
after cleansing the weights updates who were almost zeros (meaning with absolute value of less than 10**-7, 0.00% of the weights upadtes) we get:
user No.4 has been picked 25, his deltas theta's mean
 is -0.0017117777606472373,
the empirical var of deltas thetas is 0.004979583900421858
the minimum of the deltas theta is -0.5292490720748901 and the maximum is 0.443403959274292
the added laplace noise var is 0.007992835859407068
global epoch 76 has been done artifficialy in 0.76 secs, the total time by now is 48.00 
 with avg train loss 1.389, val loss 1.907, avg val acc 31.66%
iteration: 77
user 0, emp_avg: 0.764339446200649, h: 1.0645029975476432, ucb: 1.8359919487771512,num_of_obs(calculated after picking at this round): 24, privacy reward: 0.3828928859751114, g: 0.028144531921000863, curr_delay = 0.08334710914677607, data_size = 3540
user 9, emp_avg: 0.38205139975780916, h: 1.5392687913162506, ucb: 1.9259159150496703,num_of_obs(calculated after picking at this round): 12, privacy reward: 0.6187833918061405, g: -0.0069604019138223665, curr_delay = 0.15083027419189482, data_size = 451
user 10, emp_avg: 0.355344545445535, h: 1.4737376669295124, ucb: 1.8326451452162222,num_of_obs(calculated after picking at this round): 13, privacy reward: 0.5945205479701939, g: -0.00018672363140490736, curr_delay = 0.1599542651847604, data_size = 1079
user 11, emp_avg: 0.3281840122149687, h: 1.5392687913162506, ucb: 1.852773218216627,num_of_obs(calculated after picking at this round): 12, privacy reward: 0.6187833918061405, g: -0.004589850157991125, curr_delay = 0.10211178387555887, data_size = 570
user 12, emp_avg: 0.26876755318850576, h: 1.6143987280446583, ucb: 1.8792997169199785,num_of_obs(calculated after picking at this round): 11, privacy reward: 0.6440364210831411, g: -0.004962076804295637, curr_delay = 0.16263695852772356, data_size = 451
num of fast users chosen: 5, num of slow users chosen: 0
max_delay = 0.16 seconds
after cleansing the weights updates who were almost zeros (meaning with absolute value of less than 10**-7, 0.00% of the weights upadtes) we get:
user No.0 has been picked 24, his deltas theta's mean
 is -0.0013789123622700572,
the empirical var of deltas thetas is 0.004768785554915667
the minimum of the deltas theta is -0.43472060561180115 and the maximum is 0.45501071214675903
the added laplace noise var is 0.007679432282596293
global epoch 77 has been done artifficialy in 0.16 secs, the total time by now is 48.16 
 with avg train loss 1.315, val loss 1.570, avg val acc 46.20%
iteration: 78
user 16, emp_avg: 0.06903186806345421, h: 1.6167947600155548, ucb: 1.6857288502414953,num_of_obs(calculated after picking at this round): 11, privacy reward: 0.6440364210831411, g: 6.980960592362854e-06, curr_delay = 0.7141872948016955, data_size = 993
user 22, emp_avg: 0.062438595788061164, h: 1.6167947600155548, ucb: 1.6795240180781408,num_of_obs(calculated after picking at this round): 11, privacy reward: 0.6440364210831411, g: -6.0336431760380676e-05, curr_delay = 0.8398848122174949, data_size = 914
user 24, emp_avg: 0.06027761391124258, h: 1.6167947600155548, ucb: 1.677133236521283,num_of_obs(calculated after picking at this round): 11, privacy reward: 0.6440364210831411, g: 0.00023789386598135597, curr_delay = 0.8379562265773016, data_size = 1090
user 26, emp_avg: 0.05858919658410308, h: 1.6167947600155548, ucb: 1.675488603160486,num_of_obs(calculated after picking at this round): 11, privacy reward: 0.6440364210831411, g: 0.0002064868721804943, curr_delay = 0.8689194821325006, data_size = 1082
user 28, emp_avg: 0.05645443388144734, h: 1.6167947600155548, ucb: 1.6732524798340456,num_of_obs(calculated after picking at this round): 11, privacy reward: 0.6440364210831411, g: 0.0012106189153511728, curr_delay = 0.8861858328721597, data_size = 1237
num of fast users chosen: 0, num of slow users chosen: 5
max_delay = 0.89 seconds
after cleansing the weights updates who were almost zeros (meaning with absolute value of less than 10**-7, 0.00% of the weights upadtes) we get:
user No.16 has been picked 11, his deltas theta's mean
 is -0.00033814890775829554,
the empirical var of deltas thetas is 0.001855263370089233
the minimum of the deltas theta is -0.2980700135231018 and the maximum is 0.32252901792526245
the added laplace noise var is 0.004565580288749148
global epoch 78 has been done artifficialy in 0.89 secs, the total time by now is 49.05 
 with avg train loss 1.201, val loss 1.434, avg val acc 51.29%
iteration: 79
user 0, emp_avg: 0.7531219118936903, h: 1.0451612139362785, ucb: 1.8095006601369275,num_of_obs(calculated after picking at this round): 25, privacy reward: 0.36787944117144167, g: 0.0264606021738971, curr_delay = 0.1033269012728065, data_size = 3540
user 15, emp_avg: 0.07114992770017853, h: 1.6191567902708535, ucb: 1.690017498954581,num_of_obs(calculated after picking at this round): 11, privacy reward: 0.6440364210831411, g: -0.0012717217924878203, curr_delay = 0.6752913266389201, data_size = 690
user 18, emp_avg: 0.06642997986555738, h: 1.6191567902708535, ucb: 1.6859776510044329,num_of_obs(calculated after picking at this round): 11, privacy reward: 0.6440364210831411, g: -0.0014465138439298118, curr_delay = 0.7997291005918629, data_size = 672
user 19, emp_avg: 0.0647808185670474, h: 1.6191567902708535, ucb: 1.6842434537670978,num_of_obs(calculated after picking at this round): 11, privacy reward: 0.6440364210831411, g: -0.0029563688836718744, curr_delay = 0.810079078091861, data_size = 548
user 20, emp_avg: 0.06322443820935926, h: 1.706741115394486, ucb: 1.7698810392447055,num_of_obs(calculated after picking at this round): 10, privacy reward: 0.670320046035639, g: -0.00358782878293508, curr_delay = 0.7814323247470522, data_size = 410
num of fast users chosen: 1, num of slow users chosen: 4
max_delay = 0.81 seconds
after cleansing the weights updates who were almost zeros (meaning with absolute value of less than 10**-7, 0.00% of the weights upadtes) we get:
user No.0 has been picked 25, his deltas theta's mean
 is -0.0019254022045060992,
the empirical var of deltas thetas is 0.004025911912322044
the minimum of the deltas theta is -0.34924036264419556 and the maximum is 0.4502594470977783
the added laplace noise var is 0.007992835859407068
global epoch 79 has been done artifficialy in 0.81 secs, the total time by now is 49.86 
 with avg train loss 1.339, val loss 1.528, avg val acc 47.64%
iteration: 80
user 4, emp_avg: 0.5945169274421919, h: 1.0255176216534416, ucb: 1.6314364024618602,num_of_obs(calculated after picking at this round): 26, privacy reward: 0.3534546819587794, g: 0.033956038475739934, curr_delay = 0.16156623952217508, data_size = 3770
user 6, emp_avg: 0.5094512285321899, h: 1.1189314589852335, ucb: 1.6325928856994159,num_of_obs(calculated after picking at this round): 22, privacy reward: 0.41478291168158077, g: 0.026563866897048857, curr_delay = 0.11875438994162853, data_size = 3229
user 8, emp_avg: 0.3728166225839962, h: 1.2436227867674556, ucb: 1.616243638854899,num_of_obs(calculated after picking at this round): 18, privacy reward: 0.48675225595997107, g: 0.019448193362275372, curr_delay = 0.1329275600723499, data_size = 2671
user 13, emp_avg: 0.2883006450080723, h: 1.281897027066802, ucb: 1.576517065877976,num_of_obs(calculated after picking at this round): 17, privacy reward: 0.5066169923655891, g: 0.023736053255572844, curr_delay = 0.26710779460759904, data_size = 2687
user 27, emp_avg: 0.05922112976475455, h: 1.5460259849645974, ucb: 1.6044063974119889,num_of_obs(calculated after picking at this round): 12, privacy reward: 0.6187833918061405, g: 0.004263243353401887, curr_delay = 0.7302572727525314, data_size = 1539
num of fast users chosen: 4, num of slow users chosen: 1
max_delay = 0.73 seconds
after cleansing the weights updates who were almost zeros (meaning with absolute value of less than 10**-7, 0.00% of the weights upadtes) we get:
user No.4 has been picked 26, his deltas theta's mean
 is -0.002456067828461528,
the empirical var of deltas thetas is 0.005131347570568323
the minimum of the deltas theta is -0.4093175530433655 and the maximum is 0.6323084235191345
the added laplace noise var is 0.008319029678822153
global epoch 80 has been done artifficialy in 0.73 secs, the total time by now is 50.59 
 with avg train loss 1.329, val loss 1.839, avg val acc 36.92%
iteration: 81
user 1, emp_avg: 0.6110577932813251, h: 1.372346658830222, ucb: 2.006739132431381,num_of_obs(calculated after picking at this round): 15, privacy reward: 0.5488116360940261, g: -0.005754289233833032, curr_delay = 0.1758258644921632, data_size = 736
user 2, emp_avg: 0.7837040888527549, h: 1.372346658830222, ucb: 2.181826514566847,num_of_obs(calculated after picking at this round): 15, privacy reward: 0.5488116360940261, g: -0.0046352433105191215, curr_delay = 0.11824709956279517, data_size = 795
user 3, emp_avg: 0.6882902686893217, h: 1.4241514323120663, ucb: 2.088464029362105,num_of_obs(calculated after picking at this round): 14, privacy reward: 0.5712090638488144, g: -0.009844793382850355, curr_delay = 0.05, data_size = 465
user 5, emp_avg: 0.5959536549699723, h: 1.4241514323120663, ucb: 2.0215673988173526,num_of_obs(calculated after picking at this round): 14, privacy reward: 0.5712090638488144, g: -0.005921588529939805, curr_delay = 0.08666358300142075, data_size = 634
user 7, emp_avg: 0.45345423790413, h: 1.4823038073675112, ucb: 1.9338158138383081,num_of_obs(calculated after picking at this round): 13, privacy reward: 0.5945205479701939, g: -0.008201983693492577, curr_delay = 0.10487434671872223, data_size = 437
num of fast users chosen: 5, num of slow users chosen: 0
max_delay = 0.18 seconds
after cleansing the weights updates who were almost zeros (meaning with absolute value of less than 10**-7, 0.00% of the weights upadtes) we get:
user No.1 has been picked 15, his deltas theta's mean
 is 0.0001786646607797593,
the empirical var of deltas thetas is 0.0008409218862652779
the minimum of the deltas theta is -0.21726329624652863 and the maximum is 0.2343161553144455
the added laplace noise var is 0.005357758101233054
global epoch 81 has been done artifficialy in 0.18 secs, the total time by now is 50.76 
 with avg train loss 1.256, val loss 1.332, avg val acc 54.38%
iteration: 82
user 0, emp_avg: 0.7623500732603861, h: 1.028402946000944, ucb: 1.7815248578946343,num_of_obs(calculated after picking at this round): 26, privacy reward: 0.3534546819587794, g: 0.026110219948228885, curr_delay = 0.050349723772363644, data_size = 3540
user 20, emp_avg: 0.06308277245135487, h: 1.626047830895067, ucb: 1.6892722691044262,num_of_obs(calculated after picking at this round): 11, privacy reward: 0.6440364210831411, g: -0.004613894769775424, curr_delay = 0.8108180660374567, data_size = 410
user 23, emp_avg: 0.06001826000345742, h: 1.626047830895067, ucb: 1.6861505744123362,num_of_obs(calculated after picking at this round): 11, privacy reward: 0.6440364210831411, g: -0.0033689818623070344, curr_delay = 0.8449739070162612, data_size = 485
user 25, emp_avg: 0.05853464175849506, h: 1.626047830895067, ucb: 1.6848075878161082,num_of_obs(calculated after picking at this round): 11, privacy reward: 0.6440364210831411, g: -0.0023194054615596703, curr_delay = 0.8883599769989083, data_size = 560
user 29, emp_avg: 0.05530458887846719, h: 1.626047830895067, ucb: 1.6809687396532185,num_of_obs(calculated after picking at this round): 11, privacy reward: 0.6440364210831411, g: -0.0005782272951429013, curr_delay = 0.8454315992740962, data_size = 743
num of fast users chosen: 1, num of slow users chosen: 4
max_delay = 0.89 seconds
after cleansing the weights updates who were almost zeros (meaning with absolute value of less than 10**-7, 0.00% of the weights upadtes) we get:
user No.0 has been picked 26, his deltas theta's mean
 is -0.0010001558111980557,
the empirical var of deltas thetas is 0.004606856964528561
the minimum of the deltas theta is -0.3947470784187317 and the maximum is 0.4953896999359131
the added laplace noise var is 0.008319029678822153
global epoch 82 has been done artifficialy in 0.89 secs, the total time by now is 51.65 
 with avg train loss 1.257, val loss 1.558, avg val acc 47.44%
iteration: 83
user 4, emp_avg: 0.5953379600275297, h: 1.0098180271479913, ucb: 1.604334954590183,num_of_obs(calculated after picking at this round): 27, privacy reward: 0.33959552564493845, g: 0.033679087967993473, curr_delay = 0.08107869597641834, data_size = 3770
user 6, emp_avg: 0.5154890153919521, h: 1.0977879337927203, ucb: 1.6072391623249103,num_of_obs(calculated after picking at this round): 23, privacy reward: 0.3985190410845135, g: 0.025735863806166482, curr_delay = 0.07712236987051521, data_size = 3229
user 14, emp_avg: 0.3170723993540016, h: 1.3294872105885935, ucb: 1.6493471074088095,num_of_obs(calculated after picking at this round): 16, privacy reward: 0.5272924240430481, g: 0.015390969780171347, curr_delay = 0.18164648469880448, data_size = 2313
user 21, emp_avg: 0.0658856150447708, h: 1.5525065845792025, ucb: 1.6188222570027526,num_of_obs(calculated after picking at this round): 12, privacy reward: 0.6187833918061405, g: 0.0019164864446167024, curr_delay = 0.8175948521151493, data_size = 1338
user 28, emp_avg: 0.05673663818792713, h: 1.5525065845792025, ucb: 1.60896101846065,num_of_obs(calculated after picking at this round): 12, privacy reward: 0.6187833918061405, g: 0.0009283573486145142, curr_delay = 0.8355491322154894, data_size = 1237
num of fast users chosen: 3, num of slow users chosen: 2
max_delay = 0.84 seconds
after cleansing the weights updates who were almost zeros (meaning with absolute value of less than 10**-7, 0.00% of the weights upadtes) we get:
user No.4 has been picked 27, his deltas theta's mean
 is -0.0034297690726816654,
the empirical var of deltas thetas is 0.006704011000692844
the minimum of the deltas theta is -0.4874421954154968 and the maximum is 0.5716679096221924
the added laplace noise var is 0.008658535720544341
global epoch 83 has been done artifficialy in 0.84 secs, the total time by now is 52.49 
 with avg train loss 1.343, val loss 1.799, avg val acc 36.12%
iteration: 84
user 0, emp_avg: 0.7711519223988903, h: 1.0111855340878138, ucb: 1.7735356073481998,num_of_obs(calculated after picking at this round): 27, privacy reward: 0.33959552564493845, g: 0.024630417944118653, curr_delay = 0.05, data_size = 3540
user 9, emp_avg: 0.37562844852707045, h: 1.4884248047589292, ucb: 1.8704762045167385,num_of_obs(calculated after picking at this round): 13, privacy reward: 0.5945205479701939, g: -0.0069604019138223665, curr_delay = 0.16747443283558908, data_size = 451
user 10, emp_avg: 0.3434047474249528, h: 1.4300322963824676, ucb: 1.7853768418280027,num_of_obs(calculated after picking at this round): 14, privacy reward: 0.5712090638488144, g: -0.00015831765734194197, curr_delay = 0.26569264005924664, data_size = 1079
user 11, emp_avg: 0.3197060040731746, h: 1.4884248047589292, ucb: 1.8166088169738979,num_of_obs(calculated after picking at this round): 13, privacy reward: 0.5945205479701939, g: -0.004589850157991125, curr_delay = 0.22938946404256563, data_size = 570
user 12, emp_avg: 0.2711640129408684, h: 1.5546090064725095, ucb: 1.8233765596610154,num_of_obs(calculated after picking at this round): 12, privacy reward: 0.6187833918061405, g: -0.00511571995530083, curr_delay = 0.16805306512004692, data_size = 451
num of fast users chosen: 5, num of slow users chosen: 0
max_delay = 0.27 seconds
after cleansing the weights updates who were almost zeros (meaning with absolute value of less than 10**-7, 0.00% of the weights upadtes) we get:
user No.0 has been picked 27, his deltas theta's mean
 is -0.0012704416876658797,
the empirical var of deltas thetas is 0.005273944698274136
the minimum of the deltas theta is -0.5136175155639648 and the maximum is 0.6667913198471069
the added laplace noise var is 0.008658535720544341
global epoch 84 has been done artifficialy in 0.27 secs, the total time by now is 52.75 
 with avg train loss 1.325, val loss 1.669, avg val acc 42.40%
iteration: 85
user 4, emp_avg: 0.5852309812391834, h: 0.9936074852654976, ucb: 1.5889454452930272,num_of_obs(calculated after picking at this round): 28, privacy reward: 0.3262797946230388, g: 0.03208561671648722, curr_delay = 0.16008065301083058, data_size = 3770
user 8, emp_avg: 0.37010924372432347, h: 1.2169156717552119, ucb: 1.589732294339208,num_of_obs(calculated after picking at this round): 19, privacy reward: 0.4676664270099087, g: 0.019653817519052093, curr_delay = 0.15558079630966223, data_size = 2671
user 13, emp_avg: 0.28473671577236614, h: 1.2521958956625874, ucb: 1.5404965406706597,num_of_obs(calculated after picking at this round): 18, privacy reward: 0.48675225595997107, g: 0.023736053255572844, curr_delay = 0.22306499273077926, data_size = 2687
user 14, emp_avg: 0.31262833039513827, h: 1.2907339854454398, ucb: 1.6078063847994415,num_of_obs(calculated after picking at this round): 17, privacy reward: 0.5066169923655891, g: 0.013583423432618738, curr_delay = 0.20701942670284346, data_size = 2313
user 17, emp_avg: 0.06931044577781842, h: 1.4904112278982464, ucb: 1.5597081025299688,num_of_obs(calculated after picking at this round): 13, privacy reward: 0.5945205479701939, g: 0.009626993569893917, curr_delay = 0.7197009547201808, data_size = 1816
num of fast users chosen: 4, num of slow users chosen: 1
max_delay = 0.72 seconds
after cleansing the weights updates who were almost zeros (meaning with absolute value of less than 10**-7, 0.00% of the weights upadtes) we get:
user No.4 has been picked 28, his deltas theta's mean
 is -0.0015758468070998788,
the empirical var of deltas thetas is 0.005472274962812662
the minimum of the deltas theta is -0.3919442594051361 and the maximum is 0.5133140087127686
the added laplace noise var is 0.009011897266672203
global epoch 85 has been done artifficialy in 0.72 secs, the total time by now is 53.47 
 with avg train loss 1.344, val loss 1.735, avg val acc 41.34%
iteration: 86
user 15, emp_avg: 0.07163473016266823, h: 1.5587315290885215, ucb: 1.6298814567887001,num_of_obs(calculated after picking at this round): 12, privacy reward: 0.6187833918061405, g: -0.001367957299931493, curr_delay = 0.6496243584496026, data_size = 690
user 16, emp_avg: 0.06917301761915588, h: 1.5587315290885215, ucb: 1.6277633971519758,num_of_obs(calculated after picking at this round): 12, privacy reward: 0.6187833918061405, g: 8.645377099057519e-06, curr_delay = 0.7069569668021829, data_size = 993
user 22, emp_avg: 0.0628480599107468, h: 1.5587315290885215, ucb: 1.6211701248765826,num_of_obs(calculated after picking at this round): 12, privacy reward: 0.6187833918061405, g: -5.5793451926469404e-05, curr_delay = 0.7423666307797284, data_size = 914
user 24, emp_avg: 0.05987988729537786, h: 1.5587315290885215, ucb: 1.6190091429997642,num_of_obs(calculated after picking at this round): 12, privacy reward: 0.6187833918061405, g: 0.00024718002229866807, curr_delay = 0.9008214578482535, data_size = 1090
user 26, emp_avg: 0.05870200115182083, h: 1.5587315290885215, ucb: 1.6173207256726245,num_of_obs(calculated after picking at this round): 12, privacy reward: 0.6187833918061405, g: 0.00021514443140002352, curr_delay = 0.8341278206651886, data_size = 1082
num of fast users chosen: 0, num of slow users chosen: 5
max_delay = 0.90 seconds
after cleansing the weights updates who were almost zeros (meaning with absolute value of less than 10**-7, 0.00% of the weights upadtes) we get:
user No.15 has been picked 12, his deltas theta's mean
 is -0.00028648541774600744,
the empirical var of deltas thetas is 0.0008425566484220326
the minimum of the deltas theta is -0.2039809226989746 and the maximum is 0.30353453755378723
the added laplace noise var is 0.004751905154970509
global epoch 86 has been done artifficialy in 0.90 secs, the total time by now is 54.37 
 with avg train loss 1.236, val loss 1.382, avg val acc 53.03%
iteration: 87
user 1, emp_avg: 0.5980853971514596, h: 1.3365490067565176, ucb: 1.9476068000378426,num_of_obs(calculated after picking at this round): 16, privacy reward: 0.5272924240430481, g: -0.005689883805988161, curr_delay = 0.12391590460707311, data_size = 736
user 2, emp_avg: 0.7676545385352277, h: 1.3365490067565176, ucb: 2.1202530956092724,num_of_obs(calculated after picking at this round): 16, privacy reward: 0.5272924240430481, g: -0.004577457218843464, curr_delay = 0.09489263475633809, data_size = 795
user 3, emp_avg: 0.6671268441506556, h: 1.3834596569038564, ucb: 2.071749925593178,num_of_obs(calculated after picking at this round): 15, privacy reward: 0.5488116360940261, g: -0.009929453909641001, curr_delay = 0.13482943649612877, data_size = 465
user 5, emp_avg: 0.601040930729391, h: 1.3834596569038564, ucb: 1.9794133118738286,num_of_obs(calculated after picking at this round): 15, privacy reward: 0.5488116360940261, g: -0.0059872885853305005, curr_delay = 0.07437567665876005, data_size = 634
user 7, emp_avg: 0.49249322091097786, h: 1.435683935431459, ucb: 1.889138173335589,num_of_obs(calculated after picking at this round): 14, privacy reward: 0.5712090638488144, g: -0.00843494250176358, curr_delay = 0.05, data_size = 437
num of fast users chosen: 5, num of slow users chosen: 0
max_delay = 0.13 seconds
after cleansing the weights updates who were almost zeros (meaning with absolute value of less than 10**-7, 0.00% of the weights upadtes) we get:
user No.1 has been picked 16, his deltas theta's mean
 is 0.00045429792953655124,
the empirical var of deltas thetas is 0.0011466124560683966
the minimum of the deltas theta is -0.2580776512622833 and the maximum is 0.234427347779274
the added laplace noise var is 0.005576412357279915
global epoch 87 has been done artifficialy in 0.13 secs, the total time by now is 54.51 
 with avg train loss 1.246, val loss 1.304, avg val acc 54.13%
iteration: 88
user 6, emp_avg: 0.5064239751656164, h: 1.0807409070284837, ucb: 1.5962299224204357,num_of_obs(calculated after picking at this round): 24, privacy reward: 0.3828928859751114, g: 0.026935576977373914, curr_delay = 0.16782575526785923, data_size = 3229
user 18, emp_avg: 0.06656347599858219, h: 1.5627487696325706, ucb: 1.629178749498128,num_of_obs(calculated after picking at this round): 12, privacy reward: 0.6187833918061405, g: -0.001328659656366448, curr_delay = 0.7349489784533971, data_size = 672
user 19, emp_avg: 0.06427227111508824, h: 1.5627487696325706, ucb: 1.627529588199618,num_of_obs(calculated after picking at this round): 12, privacy reward: 0.6187833918061405, g: -0.0027868076117375604, curr_delay = 0.8521044974891983, data_size = 548
user 25, emp_avg: 0.05897316229120921, h: 1.5627487696325706, ucb: 1.6212834113910657,num_of_obs(calculated after picking at this round): 12, privacy reward: 0.6187833918061405, g: -0.0026223603179460196, curr_delay = 0.7837372863956122, data_size = 560
user 29, emp_avg: 0.05520076472708782, h: 1.5627487696325706, ucb: 1.6180533585110377,num_of_obs(calculated after picking at this round): 12, privacy reward: 0.6187833918061405, g: -0.000734146486944116, curr_delay = 0.9249205191329855, data_size = 743
num of fast users chosen: 1, num of slow users chosen: 4
max_delay = 0.92 seconds
after cleansing the weights updates who were almost zeros (meaning with absolute value of less than 10**-7, 0.00% of the weights upadtes) we get:
user No.6 has been picked 24, his deltas theta's mean
 is -0.0009385154116898775,
the empirical var of deltas thetas is 0.007238422520458698
the minimum of the deltas theta is -0.5698707103729248 and the maximum is 0.5664963722229004
the added laplace noise var is 0.007679432282596293
global epoch 88 has been done artifficialy in 0.92 secs, the total time by now is 55.43 
 with avg train loss 1.267, val loss 1.524, avg val acc 45.12%
iteration: 89
user 4, emp_avg: 0.5774739707648446, h: 0.9807398486127129, ucb: 1.5659708298518962,num_of_obs(calculated after picking at this round): 29, privacy reward: 0.3134861808826046, g: 0.03318405137301005, curr_delay = 0.1387818427976551, data_size = 3770
user 8, emp_avg: 0.39149773241908015, h: 1.1905730203383234, ucb: 1.5606822640626468,num_of_obs(calculated after picking at this round): 20, privacy reward: 0.449328964117221, g: 0.01917494716968844, curr_delay = 0.06266614222940643, data_size = 2671
user 13, emp_avg: 0.2870822527528093, h: 1.223197499688438, ucb: 1.5079342154608042,num_of_obs(calculated after picking at this round): 19, privacy reward: 0.4676664270099087, g: 0.023048675733282092, curr_delay = 0.15183634593694115, data_size = 2687
user 17, emp_avg: 0.06955448070246985, h: 1.4393325968975192, ucb: 1.5086430426753377,num_of_obs(calculated after picking at this round): 14, privacy reward: 0.5712090638488144, g: 0.008691142798493577, curr_delay = 0.6875031952120739, data_size = 1816
user 27, emp_avg: 0.05938893367524461, h: 1.4981048644424295, ucb: 1.557325994207184,num_of_obs(calculated after picking at this round): 13, privacy reward: 0.5945205479701939, g: 0.00461884109084884, curr_delay = 0.8142980231531769, data_size = 1539
num of fast users chosen: 3, num of slow users chosen: 2
max_delay = 0.81 seconds
after cleansing the weights updates who were almost zeros (meaning with absolute value of less than 10**-7, 0.00% of the weights upadtes) we get:
user No.4 has been picked 29, his deltas theta's mean
 is 0.00022464081121142954,
the empirical var of deltas thetas is 0.005549376364797354
the minimum of the deltas theta is -0.40213778614997864 and the maximum is 0.6503992676734924
the added laplace noise var is 0.009379679771067361
global epoch 89 has been done artifficialy in 0.81 secs, the total time by now is 56.25 
 with avg train loss 1.294, val loss 1.810, avg val acc 37.11%
iteration: 90
user 0, emp_avg: 0.7655781826517805, h: 0.9999788520353001, ucb: 1.7711307744341904,num_of_obs(calculated after picking at this round): 28, privacy reward: 0.3262797946230388, g: 0.02771046965997784, curr_delay = 0.0812892858596192, data_size = 3540
user 9, emp_avg: 0.36251306415131684, h: 1.441122906784887, ucb: 1.8167513553119574,num_of_obs(calculated after picking at this round): 14, privacy reward: 0.5712090638488144, g: -0.00722777548208883, curr_delay = 0.26039894425830146, data_size = 451
user 10, emp_avg: 0.3376111150546503, h: 1.3887007808426446, ucb: 1.7321055282675974,num_of_obs(calculated after picking at this round): 15, privacy reward: 0.5488116360940261, g: -0.00017891965714002123, curr_delay = 0.1949315748662283, data_size = 1079
user 11, emp_avg: 0.32608749502763573, h: 1.441122906784887, ucb: 1.7608289108580615,num_of_obs(calculated after picking at this round): 14, privacy reward: 0.5712090638488144, g: -0.00480744407442233, curr_delay = 0.12223537877481583, data_size = 570
user 12, emp_avg: 0.2748809212035531, h: 1.4999682780529502, ucb: 1.7711322909938185,num_of_obs(calculated after picking at this round): 13, privacy reward: 0.5945205479701939, g: -0.005461980610043686, curr_delay = 0.1565024480561211, data_size = 451
num of fast users chosen: 5, num of slow users chosen: 0
max_delay = 0.26 seconds
after cleansing the weights updates who were almost zeros (meaning with absolute value of less than 10**-7, 0.00% of the weights upadtes) we get:
user No.0 has been picked 28, his deltas theta's mean
 is -0.0023391565773636103,
the empirical var of deltas thetas is 0.004693937487900257
the minimum of the deltas theta is -0.42835885286331177 and the maximum is 0.5479063987731934
the added laplace noise var is 0.009011897266672203
global epoch 90 has been done artifficialy in 0.26 secs, the total time by now is 56.51 
 with avg train loss 1.308, val loss 1.465, avg val acc 52.05%
iteration: 91
user 6, emp_avg: 0.49565501242119353, h: 1.061939205712461, ucb: 1.5683631808780776,num_of_obs(calculated after picking at this round): 25, privacy reward: 0.36787944117144167, g: 0.026162412200644913, curr_delay = 0.21079266314296333, data_size = 3229
user 14, emp_avg: 0.31274763312056525, h: 1.2617717943921531, ucb: 1.5744001247872914,num_of_obs(calculated after picking at this round): 18, privacy reward: 0.48675225595997107, g: 0.01391693318898923, curr_delay = 0.15884322512651772, data_size = 2313
user 16, emp_avg: 0.06890497287831392, h: 1.5018088271342744, ucb: 1.5709818447534303,num_of_obs(calculated after picking at this round): 13, privacy reward: 0.5945205479701939, g: -1.0421406674236314e-06, curr_delay = 0.761168982756324, data_size = 993
user 21, emp_avg: 0.06603453982064389, h: 1.5018088271342744, ucb: 1.5676944421790453,num_of_obs(calculated after picking at this round): 13, privacy reward: 0.5945205479701939, g: 0.001974885342758105, curr_delay = 0.737227854045075, data_size = 1338
user 23, emp_avg: 0.06007537175999488, h: 1.5685881619266617, ucb: 1.628606421930119,num_of_obs(calculated after picking at this round): 12, privacy reward: 0.6187833918061405, g: -0.0032456757633874374, curr_delay = 0.8236743637751458, data_size = 485
num of fast users chosen: 2, num of slow users chosen: 3
max_delay = 0.82 seconds
after cleansing the weights updates who were almost zeros (meaning with absolute value of less than 10**-7, 0.00% of the weights upadtes) we get:
user No.6 has been picked 25, his deltas theta's mean
 is 0.0003782948770094663,
the empirical var of deltas thetas is 0.006343128625303507
the minimum of the deltas theta is -0.4519285559654236 and the maximum is 0.5409146547317505
the added laplace noise var is 0.007992835859407068
global epoch 91 has been done artifficialy in 0.82 secs, the total time by now is 57.33 
 with avg train loss 1.340, val loss 1.535, avg val acc 48.84%
iteration: 92
user 1, emp_avg: 0.5990279553405331, h: 1.3021792182312657, ucb: 1.9002646153827252,num_of_obs(calculated after picking at this round): 17, privacy reward: 0.5066169923655891, g: -0.005918312422649374, curr_delay = 0.08141878600047553, data_size = 736
user 2, emp_avg: 0.753244099199349, h: 1.3021792182312657, ucb: 2.0698337567664935,num_of_obs(calculated after picking at this round): 17, privacy reward: 0.5066169923655891, g: -0.0047825742603000545, curr_delay = 0.09566136126215181, data_size = 795
user 3, emp_avg: 0.6701628351740128, h: 1.3448849135965562, ucb: 2.012011757747212,num_of_obs(calculated after picking at this round): 16, privacy reward: 0.5272924240430481, g: -0.010357251621414772, curr_delay = 0.06986141028022785, data_size = 465
user 5, emp_avg: 0.5915484974097492, h: 1.3448849135965562, ucb: 1.9459258443259473,num_of_obs(calculated after picking at this round): 16, privacy reward: 0.5272924240430481, g: -0.0063204900321849455, curr_delay = 0.1113184113203716, data_size = 634
user 7, emp_avg: 0.48812662285392394, h: 1.3920881402281517, ucb: 1.8845813611391296,num_of_obs(calculated after picking at this round): 15, privacy reward: 0.5488116360940261, g: -0.008947375692539877, curr_delay = 0.11709759556139185, data_size = 437
num of fast users chosen: 5, num of slow users chosen: 0
max_delay = 0.12 seconds
after cleansing the weights updates who were almost zeros (meaning with absolute value of less than 10**-7, 0.00% of the weights upadtes) we get:
user No.1 has been picked 17, his deltas theta's mean
 is 0.00014794791059102863,
the empirical var of deltas thetas is 0.0008239523158408701
the minimum of the deltas theta is -0.23862110078334808 and the maximum is 0.20133115351200104
the added laplace noise var is 0.0058039900627965095
global epoch 92 has been done artifficialy in 0.12 secs, the total time by now is 57.45 
 with avg train loss 1.232, val loss 1.274, avg val acc 55.00%
iteration: 93
user 4, emp_avg: 0.5754894291620335, h: 0.9683900069083654, ucb: 1.5458639776732102,num_of_obs(calculated after picking at this round): 30, privacy reward: 0.3011942119122014, g: 0.034204167057289826, curr_delay = 0.09653670279359516, data_size = 3770
user 8, emp_avg: 0.3807300876576049, h: 1.1660959857344406, ucb: 1.5575937181535209,num_of_obs(calculated after picking at this round): 21, privacy reward: 0.4317105234290791, g: 0.018742435819600792, curr_delay = 0.30233915128132455, data_size = 2671
user 24, emp_avg: 0.059596787651284136, h: 1.5054234442762702, ucb: 1.565303331571648,num_of_obs(calculated after picking at this round): 13, privacy reward: 0.5945205479701939, g: 0.0002130630248168095, curr_delay = 0.8896861754664289, data_size = 1090
user 26, emp_avg: 0.05888101496918364, h: 1.5054234442762702, ucb: 1.564125445428091,num_of_obs(calculated after picking at this round): 13, privacy reward: 0.5945205479701939, g: 0.00018339988102915206, curr_delay = 0.8192802092864265, data_size = 1082
user 28, emp_avg: 0.05661197773006332, h: 1.5054234442762702, ucb: 1.5621600824641972,num_of_obs(calculated after picking at this round): 13, privacy reward: 0.5945205479701939, g: 0.0011537448301939986, curr_delay = 0.9071767293161825, data_size = 1237
num of fast users chosen: 2, num of slow users chosen: 3
max_delay = 0.91 seconds
after cleansing the weights updates who were almost zeros (meaning with absolute value of less than 10**-7, 0.00% of the weights upadtes) we get:
user No.4 has been picked 30, his deltas theta's mean
 is -0.0033731258008629084,
the empirical var of deltas thetas is 0.005566142499446869
the minimum of the deltas theta is -0.40384146571159363 and the maximum is 0.5000694990158081
the added laplace noise var is 0.009762471764201303
global epoch 93 has been done artifficialy in 0.91 secs, the total time by now is 58.36 
 with avg train loss 1.177, val loss 1.652, avg val acc 42.78%
iteration: 94
user 0, emp_avg: 0.755745699952661, h: 0.9866930463063407, ucb: 1.7522712289581213,num_of_obs(calculated after picking at this round): 29, privacy reward: 0.3134861808826046, g: 0.0284233566796874, curr_delay = 0.10407209453801604, data_size = 3540
user 15, emp_avg: 0.07179605994182213, h: 1.507198524128458, ucb: 1.5788332542911263,num_of_obs(calculated after picking at this round): 13, privacy reward: 0.5945205479701939, g: -0.0013497177127783783, curr_delay = 0.6781314527474569, data_size = 690
user 18, emp_avg: 0.06612257558623026, h: 1.507198524128458, ucb: 1.5737620001270403,num_of_obs(calculated after picking at this round): 13, privacy reward: 0.5945205479701939, g: -0.0015296201418109098, curr_delay = 0.8219389223032147, data_size = 672
user 20, emp_avg: 0.06325793388583416, h: 1.5742175168410155, ucb: 1.6373002892923705,num_of_obs(calculated after picking at this round): 12, privacy reward: 0.6187833918061405, g: -0.003968459891708867, curr_delay = 0.7670510501140604, data_size = 410
user 22, emp_avg: 0.06273360290576836, h: 1.507198524128458, ucb: 1.5700465840392048,num_of_obs(calculated after picking at this round): 13, privacy reward: 0.5945205479701939, g: -5.215871649205648e-05, curr_delay = 0.8148615247220515, data_size = 914
num of fast users chosen: 1, num of slow users chosen: 4
max_delay = 0.82 seconds
after cleansing the weights updates who were almost zeros (meaning with absolute value of less than 10**-7, 0.00% of the weights upadtes) we get:
user No.0 has been picked 29, his deltas theta's mean
 is -0.001285757403820753,
the empirical var of deltas thetas is 0.004658389370888472
the minimum of the deltas theta is -0.3814287781715393 and the maximum is 0.576691210269928
the added laplace noise var is 0.009379679771067361
global epoch 94 has been done artifficialy in 0.82 secs, the total time by now is 59.18 
 with avg train loss 1.276, val loss 1.434, avg val acc 52.07%
iteration: 95
user 4, emp_avg: 0.5759797058549065, h: 0.9543455235500967, ucb: 1.5298349527121302,num_of_obs(calculated after picking at this round): 31, privacy reward: 0.2893842179390499, g: 0.03275454567096601, curr_delay = 0.08464705468513106, data_size = 3770
user 6, emp_avg: 0.49002120027792684, h: 1.0454331418049314, ucb: 1.541088154226125,num_of_obs(calculated after picking at this round): 26, privacy reward: 0.3534546819587794, g: 0.026349846757369372, curr_delay = 0.14319430542908826, data_size = 3229
user 13, emp_avg: 0.29058673126329826, h: 1.199194057198927, ucb: 1.4862763099517364,num_of_obs(calculated after picking at this round): 20, privacy reward: 0.449328964117221, g: 0.023736053255572844, curr_delay = 0.13998864631949795, data_size = 2687
user 14, emp_avg: 0.3137567573089362, h: 1.232054773079041, ucb: 1.5448024061996062,num_of_obs(calculated after picking at this round): 19, privacy reward: 0.4676664270099087, g: 0.013296293402317019, curr_delay = 0.15063825759658922, data_size = 2313
user 27, emp_avg: 0.05923382090106962, h: 1.449754922248883, ucb: 1.5091438559241277,num_of_obs(calculated after picking at this round): 14, privacy reward: 0.5712090638488144, g: 0.0043495887011661275, curr_delay = 0.8738607393267059, data_size = 1539
num of fast users chosen: 4, num of slow users chosen: 1
max_delay = 0.87 seconds
after cleansing the weights updates who were almost zeros (meaning with absolute value of less than 10**-7, 0.00% of the weights upadtes) we get:
user No.4 has been picked 31, his deltas theta's mean
 is -0.0022228294983506203,
the empirical var of deltas thetas is 0.005880847107619047
the minimum of the deltas theta is -0.4039682447910309 and the maximum is 0.8201528787612915
the added laplace noise var is 0.010160885794929691
global epoch 95 has been done artifficialy in 0.87 secs, the total time by now is 60.05 
 with avg train loss 1.296, val loss 1.683, avg val acc 41.13%
iteration: 96
user 0, emp_avg: 0.763887509954239, h: 0.971775643697145, ucb: 1.727521343649806,num_of_obs(calculated after picking at this round): 30, privacy reward: 0.3011942119122014, g: 0.027021207355070156, curr_delay = 0.05, data_size = 3540
user 5, emp_avg: 0.5797521319944314, h: 1.3082929992170862, ucb: 1.8998414966268355,num_of_obs(calculated after picking at this round): 17, privacy reward: 0.5066169923655891, g: -0.006909715422220804, curr_delay = 0.12787387409854897, data_size = 634
user 9, emp_avg: 0.3898771332027817, h: 1.3986240470243556, ucb: 1.7611371111756724,num_of_obs(calculated after picking at this round): 15, privacy reward: 0.5488116360940261, g: -0.007465860952205588, curr_delay = 0.06468522037796866, data_size = 451
user 11, emp_avg: 0.3340890687348032, h: 1.3986240470243556, ucb: 1.7247115420519914,num_of_obs(calculated after picking at this round): 15, privacy reward: 0.5488116360940261, g: -0.0050019723491832365, curr_delay = 0.11207970375274873, data_size = 570
user 12, emp_avg: 0.291977998638642, h: 1.4514207667716224, ucb: 1.7263016879751754,num_of_obs(calculated after picking at this round): 14, privacy reward: 0.5712090638488144, g: -0.005774259278181779, curr_delay = 0.09723086396465132, data_size = 451
num of fast users chosen: 5, num of slow users chosen: 0
max_delay = 0.13 seconds
after cleansing the weights updates who were almost zeros (meaning with absolute value of less than 10**-7, 0.00% of the weights upadtes) we get:
user No.0 has been picked 30, his deltas theta's mean
 is -0.001991910394281149,
the empirical var of deltas thetas is 0.005556823220103979
the minimum of the deltas theta is -0.5386694073677063 and the maximum is 0.536718487739563
the added laplace noise var is 0.009762471764201303
global epoch 96 has been done artifficialy in 0.13 secs, the total time by now is 60.18 
 with avg train loss 1.275, val loss 1.543, avg val acc 46.51%
iteration: 97
user 19, emp_avg: 0.06489943972058775, h: 1.5124005716911415, ucb: 1.5766728428062298,num_of_obs(calculated after picking at this round): 13, privacy reward: 0.5945205479701939, g: -0.0026524109808256295, curr_delay = 0.6903649343500003, data_size = 548
user 20, emp_avg: 0.06310923270793657, h: 1.5124005716911415, ucb: 1.5756585055769756,num_of_obs(calculated after picking at this round): 13, privacy reward: 0.5945205479701939, g: -0.004856107500882822, curr_delay = 0.815330581701532, data_size = 410
user 23, emp_avg: 0.0598099481919468, h: 1.5124005716911415, ucb: 1.5724759434511364,num_of_obs(calculated after picking at this round): 13, privacy reward: 0.5945205479701939, g: -0.0035764050158549957, curr_delay = 0.8830043068278723, data_size = 485
user 25, emp_avg: 0.05901637635836566, h: 1.5124005716911415, ucb: 1.5713737339823508,num_of_obs(calculated after picking at this round): 13, privacy reward: 0.5945205479701939, g: -0.0024920390375481943, curr_delay = 0.8398428832354115, data_size = 560
user 29, emp_avg: 0.05489537411166713, h: 1.5124005716911415, ucb: 1.5676013364182293,num_of_obs(calculated after picking at this round): 13, privacy reward: 0.5945205479701939, g: -0.0006659743018863986, curr_delay = 0.975977547730598, data_size = 743
num of fast users chosen: 0, num of slow users chosen: 5
max_delay = 0.98 seconds
after cleansing the weights updates who were almost zeros (meaning with absolute value of less than 10**-7, 0.00% of the weights upadtes) we get:
user No.19 has been picked 13, his deltas theta's mean
 is 0.0006592515856027603,
the empirical var of deltas thetas is 0.0011284685460850596
the minimum of the deltas theta is -0.23978039622306824 and the maximum is 0.37310871481895447
the added laplace noise var is 0.004945834083233656
global epoch 97 has been done artifficialy in 0.98 secs, the total time by now is 61.16 
 with avg train loss 1.251, val loss 1.317, avg val acc 54.59%
iteration: 98
user 4, emp_avg: 0.5835161496926494, h: 0.9420260401856483, ucb: 1.5180057460405547,num_of_obs(calculated after picking at this round): 32, privacy reward: 0.2780373004531934, g: 0.0325604386451663, curr_delay = 0.061188582687550785, data_size = 3770
user 6, emp_avg: 0.4954024239087341, h: 1.028625013381819, ucb: 1.5186462136597458,num_of_obs(calculated after picking at this round): 27, privacy reward: 0.33959552564493845, g: 0.025657033674955063, curr_delay = 0.07870121112510697, data_size = 3229
user 8, emp_avg: 0.3742983194639546, h: 1.1445482550734118, ucb: 1.5252783427310168,num_of_obs(calculated after picking at this round): 22, privacy reward: 0.41478291168158077, g: 0.018953322210823624, curr_delay = 0.20900285010483854, data_size = 2671
user 16, emp_avg: 0.06848703869441942, h: 1.454695444520775, ucb: 1.523600417399089,num_of_obs(calculated after picking at this round): 14, privacy reward: 0.5712090638488144, g: -3.2608495998045015e-06, curr_delay = 0.7929724333774241, data_size = 993
user 21, emp_avg: 0.06561416210894251, h: 1.454695444520775, ucb: 1.5207299843414188,num_of_obs(calculated after picking at this round): 14, privacy reward: 0.5712090638488144, g: 0.0019057374347598, curr_delay = 0.8312655345908013, data_size = 1338
num of fast users chosen: 3, num of slow users chosen: 2
max_delay = 0.83 seconds
after cleansing the weights updates who were almost zeros (meaning with absolute value of less than 10**-7, 0.00% of the weights upadtes) we get:
user No.4 has been picked 32, his deltas theta's mean
 is -0.0033354836050421,
the empirical var of deltas thetas is 0.006280385889112949
the minimum of the deltas theta is -0.5623009204864502 and the maximum is 0.5291743278503418
the added laplace noise var is 0.01057555941070121
global epoch 98 has been done artifficialy in 0.83 secs, the total time by now is 61.99 
 with avg train loss 1.331, val loss 1.575, avg val acc 48.70%
iteration: 99
user 1, emp_avg: 0.5887911653789714, h: 1.2735018672659475, ucb: 1.8725298226064806,num_of_obs(calculated after picking at this round): 18, privacy reward: 0.48675225595997107, g: -0.005585274948062738, curr_delay = 0.12054997714683827, data_size = 736
user 2, emp_avg: 0.7352490800265828, h: 1.2735018672659475, ucb: 2.0267459664652963,num_of_obs(calculated after picking at this round): 18, privacy reward: 0.48675225595997107, g: -0.00448368000192221, curr_delay = 0.11645951319627695, data_size = 795
user 3, emp_avg: 0.6895650213402473, h: 1.312695678289706, ucb: 1.9828585134637187,num_of_obs(calculated after picking at this round): 17, privacy reward: 0.5066169923655891, g: -0.010068771159300981, curr_delay = 0.05, data_size = 465
user 5, emp_avg: 0.5683910400548824, h: 1.2735018672659475, ucb: 1.853253999260379,num_of_obs(calculated after picking at this round): 18, privacy reward: 0.48675225595997107, g: -0.007774866437908682, curr_delay = 0.13324362410271576, data_size = 634
user 7, emp_avg: 0.48427945279531187, h: 1.3557462668411946, ucb: 1.8438728896951186,num_of_obs(calculated after picking at this round): 16, privacy reward: 0.5272924240430481, g: -0.008823184404048208, curr_delay = 0.11721353369831322, data_size = 437
num of fast users chosen: 5, num of slow users chosen: 0
max_delay = 0.13 seconds
after cleansing the weights updates who were almost zeros (meaning with absolute value of less than 10**-7, 0.00% of the weights upadtes) we get:
user No.1 has been picked 18, his deltas theta's mean
 is -0.00045759667409583926,
the empirical var of deltas thetas is 0.0011706330114975572
the minimum of the deltas theta is -0.25518205761909485 and the maximum is 0.3404739797115326
the added laplace noise var is 0.006040855390664162
global epoch 99 has been done artifficialy in 0.13 secs, the total time by now is 62.12 
 with avg train loss 1.215, val loss 1.253, avg val acc 56.04%
iteration: 100
user 13, emp_avg: 0.2883259966422571, h: 1.1753940002383998, ucb: 1.465980731501698,num_of_obs(calculated after picking at this round): 21, privacy reward: 0.4317105234290791, g: 0.023736053255572844, curr_delay = 0.20566711268373716, data_size = 2687
user 14, emp_avg: 0.3168774729807092, h: 1.2059287994153707, ucb: 1.5196855567243068,num_of_obs(calculated after picking at this round): 20, privacy reward: 0.449328964117221, g: 0.013175191932008449, curr_delay = 0.1329182488729298, data_size = 2313
user 17, emp_avg: 0.06961680495690062, h: 1.4048645363249326, ucb: 1.4744190170274025,num_of_obs(calculated after picking at this round): 15, privacy reward: 0.5488116360940261, g: 0.009859241756465173, curr_delay = 0.7093270669664334, data_size = 1816
user 27, emp_avg: 0.05885776809425907, h: 1.4048645363249326, ucb: 1.4640983572260022,num_of_obs(calculated after picking at this round): 15, privacy reward: 0.5488116360940261, g: 0.003943025768739876, curr_delay = 0.9329571610443418, data_size = 1539
user 28, emp_avg: 0.056514272985879424, h: 1.4578968285731795, ucb: 1.5145088063032428,num_of_obs(calculated after picking at this round): 14, privacy reward: 0.5712090638488144, g: 0.0010889391232648195, curr_delay = 0.9050738406864693, data_size = 1237
num of fast users chosen: 2, num of slow users chosen: 3
max_delay = 0.93 seconds
after cleansing the weights updates who were almost zeros (meaning with absolute value of less than 10**-7, 0.00% of the weights upadtes) we get:
user No.13 has been picked 21, his deltas theta's mean
 is -0.00053327128989622,
the empirical var of deltas thetas is 0.006822699680924416
the minimum of the deltas theta is -0.487480491399765 and the maximum is 0.5152192115783691
the added laplace noise var is 0.006811045433820142
global epoch 100 has been done artifficialy in 0.93 secs, the total time by now is 63.05 
 with avg train loss 1.216, val loss 1.530, avg val acc 49.03%
iteration: 101
user 0, emp_avg: 0.7690241645329563, h: 0.9607414341893723, ucb: 1.7246289441436113,num_of_obs(calculated after picking at this round): 31, privacy reward: 0.2893842179390499, g: 0.02870819105617208, curr_delay = 0.05416391593130622, data_size = 3540
user 9, emp_avg: 0.3940319048283281, h: 1.3586935661643886, ucb: 1.7485706993671704,num_of_obs(calculated after picking at this round): 16, privacy reward: 0.5272924240430481, g: -0.00793644578962761, curr_delay = 0.10956419152624577, data_size = 451
user 10, emp_avg: 0.3390002985700934, h: 1.3586935661643886, ucb: 1.696304681219039,num_of_obs(calculated after picking at this round): 16, privacy reward: 0.5272924240430481, g: -4.013705493928222e-05, curr_delay = 0.13895139721639055, data_size = 1079
user 11, emp_avg: 0.3355363845629293, h: 1.3586935661643886, ucb: 1.692782634899192,num_of_obs(calculated after picking at this round): 16, privacy reward: 0.5272924240430481, g: -0.005388461611413269, curr_delay = 0.13995953188296478, data_size = 570
user 12, emp_avg: 0.29862598536981627, h: 1.4063814535651302, ucb: 1.6983594522037722,num_of_obs(calculated after picking at this round): 15, privacy reward: 0.5488116360940261, g: -0.006270381694800162, curr_delay = 0.12764942782487193, data_size = 451
num of fast users chosen: 5, num of slow users chosen: 0
max_delay = 0.14 seconds
after cleansing the weights updates who were almost zeros (meaning with absolute value of less than 10**-7, 0.00% of the weights upadtes) we get:
user No.0 has been picked 31, his deltas theta's mean
 is -0.00104904780164361,
the empirical var of deltas thetas is 0.005178722087293863
the minimum of the deltas theta is -0.46181726455688477 and the maximum is 0.5680793523788452
the added laplace noise var is 0.010160885794929691
global epoch 101 has been done artifficialy in 0.14 secs, the total time by now is 63.19 
 with avg train loss 1.247, val loss 1.392, avg val acc 54.34%
iteration: 102
user 4, emp_avg: 0.5849530221031738, h: 0.9312262896261041, ucb: 1.5147424393187534,num_of_obs(calculated after picking at this round): 33, privacy reward: 0.26713530196584967, g: 0.033505894117725955, curr_delay = 0.07924772490121022, data_size = 3770
user 22, emp_avg: 0.06276998767281203, h: 1.461028006884342, ucb: 1.5237616097901103,num_of_obs(calculated after picking at this round): 14, privacy reward: 0.5712090638488144, g: -4.918925377326907e-05, curr_delay = 0.79060146082837, data_size = 914
user 24, emp_avg: 0.05958749687216975, h: 1.461028006884342, ucb: 1.5206247945356262,num_of_obs(calculated after picking at this round): 14, privacy reward: 0.5712090638488144, g: 0.00026172626767087, curr_delay = 0.8408064668428429, data_size = 1090
user 26, emp_avg: 0.058532221356386915, h: 1.461028006884342, ucb: 1.5199090218535256,num_of_obs(calculated after picking at this round): 14, privacy reward: 0.5712090638488144, g: 0.00022872929297561626, curr_delay = 0.92596186027605, data_size = 1082
user 29, emp_avg: 0.05489784291932288, h: 1.461028006884342, ucb: 1.515923380996009,num_of_obs(calculated after picking at this round): 14, privacy reward: 0.5712090638488144, g: -0.0008729730942744099, curr_delay = 0.9102504453763316, data_size = 743
num of fast users chosen: 1, num of slow users chosen: 4
max_delay = 0.93 seconds
after cleansing the weights updates who were almost zeros (meaning with absolute value of less than 10**-7, 0.00% of the weights upadtes) we get:
user No.4 has been picked 33, his deltas theta's mean
 is -0.0033325955737382174,
the empirical var of deltas thetas is 0.0072110602632164955
the minimum of the deltas theta is -0.5788816213607788 and the maximum is 0.5656033158302307
the added laplace noise var is 0.011007156177769524
global epoch 102 has been done artifficialy in 0.93 secs, the total time by now is 64.12 
 with avg train loss 1.129, val loss 1.503, avg val acc 52.35%
iteration: 103
user 4, emp_avg: 0.5802628616649588, h: 0.9179749440262157, ucb: 1.5029279661293895,num_of_obs(calculated after picking at this round): 34, privacy reward: 0.25666077695355527, g: 0.031111066279943814, curr_delay = 0.11751224678215738, data_size = 3770
user 6, emp_avg: 0.4872170807627239, h: 1.0148594854274857, ucb: 1.51026190933622,num_of_obs(calculated after picking at this round): 28, privacy reward: 0.3262797946230388, g: 0.026682677304106964, curr_delay = 0.18781965791505387, data_size = 3229
user 8, emp_avg: 0.40150274035682615, h: 1.1242851047620885, ucb: 1.4985834242260432,num_of_obs(calculated after picking at this round): 23, privacy reward: 0.3985190410845135, g: 0.01914474773911993, curr_delay = 0.05, data_size = 2671
user 15, emp_avg: 0.07163408736165089, h: 1.4625681819577563, ucb: 1.5343642418995784,num_of_obs(calculated after picking at this round): 14, privacy reward: 0.5712090638488144, g: -0.0012455621277067074, curr_delay = 0.7191301466469902, data_size = 690
user 18, emp_avg: 0.06640444906608438, h: 1.4625681819577563, ucb: 1.5286907575439865,num_of_obs(calculated after picking at this round): 14, privacy reward: 0.5712090638488144, g: -0.0014186052392451405, curr_delay = 0.7135843189636335, data_size = 672
num of fast users chosen: 3, num of slow users chosen: 2
max_delay = 0.72 seconds
after cleansing the weights updates who were almost zeros (meaning with absolute value of less than 10**-7, 0.00% of the weights upadtes) we get:
user No.4 has been picked 34, his deltas theta's mean
 is -0.0009511844255030155,
the empirical var of deltas thetas is 0.006323698442429304
the minimum of the deltas theta is -0.5494384765625 and the maximum is 0.4739963412284851
the added laplace noise var is 0.011456366743040828
global epoch 103 has been done artifficialy in 0.72 secs, the total time by now is 64.84 
 with avg train loss 1.273, val loss 1.599, avg val acc 45.59%
iteration: 104
user 13, emp_avg: 0.2847881585947602, h: 1.151941330244777, ucb: 1.440267326887034,num_of_obs(calculated after picking at this round): 22, privacy reward: 0.41478291168158077, g: 0.023147193425750643, curr_delay = 0.2375369588297637, data_size = 2687
user 14, emp_avg: 0.3140861471306322, h: 1.1803886096292235, ucb: 1.4972660826099327,num_of_obs(calculated after picking at this round): 21, privacy reward: 0.4317105234290791, g: 0.01265074858087971, curr_delay = 0.1936036227381222, data_size = 2313
user 17, emp_avg: 0.07002836748839547, h: 1.3629953630356006, ucb: 1.4326121679925012,num_of_obs(calculated after picking at this round): 16, privacy reward: 0.5272924240430481, g: 0.009036963579783107, curr_delay = 0.6561524323161769, data_size = 1816
user 21, emp_avg: 0.06541424387702471, h: 1.4108342363612953, ucb: 1.476448398470238,num_of_obs(calculated after picking at this round): 15, privacy reward: 0.5488116360940261, g: 0.0017382586630906745, curr_delay = 0.7985257473256988, data_size = 1338
user 28, emp_avg: 0.05643922708182634, h: 1.4108342363612953, ucb: 1.4673485093471748,num_of_obs(calculated after picking at this round): 15, privacy reward: 0.5488116360940261, g: 0.000805634028145054, curr_delay = 0.9027130864416387, data_size = 1237
num of fast users chosen: 2, num of slow users chosen: 3
max_delay = 0.90 seconds
after cleansing the weights updates who were almost zeros (meaning with absolute value of less than 10**-7, 0.00% of the weights upadtes) we get:
user No.13 has been picked 22, his deltas theta's mean
 is -0.001496066222898662,
the empirical var of deltas thetas is 0.005686379969120026
the minimum of the deltas theta is -0.45981255173683167 and the maximum is 0.5334070324897766
the added laplace noise var is 0.007089009471033874
global epoch 104 has been done artifficialy in 0.90 secs, the total time by now is 65.74 
 with avg train loss 1.244, val loss 1.473, avg val acc 50.44%
iteration: 105
user 0, emp_avg: 0.7762421593913014, h: 0.9490872032565433, ucb: 1.7181113677894997,num_of_obs(calculated after picking at this round): 32, privacy reward: 0.2780373004531934, g: 0.02931852272879178, curr_delay = 0.05, data_size = 3540
user 2, emp_avg: 0.7234416491281606, h: 1.2455200185943116, ucb: 1.9807690986208946,num_of_obs(calculated after picking at this round): 19, privacy reward: 0.4676664270099087, g: -0.004445113775885968, curr_delay = 0.09786499815193009, data_size = 795
user 10, emp_avg: 0.34462739685915744, h: 1.3210734768774488, ucb: 1.6600737754475423,num_of_obs(calculated after picking at this round): 17, privacy reward: 0.5066169923655891, g: -0.00010407023693485459, curr_delay = 0.11503218257515893, data_size = 1079
user 11, emp_avg: 0.3351111466740387, h: 1.3210734768774488, ucb: 1.6566098614403781,num_of_obs(calculated after picking at this round): 17, privacy reward: 0.5066169923655891, g: -0.005970999446449869, curr_delay = 0.1522963206707295, data_size = 570
user 12, emp_avg: 0.29981326634404765, h: 1.3643988200167168, ucb: 1.663024805386533,num_of_obs(calculated after picking at this round): 16, privacy reward: 0.5272924240430481, g: -0.0069604019138223665, curr_delay = 0.15741958771075606, data_size = 451
num of fast users chosen: 5, num of slow users chosen: 0
max_delay = 0.16 seconds
after cleansing the weights updates who were almost zeros (meaning with absolute value of less than 10**-7, 0.00% of the weights upadtes) we get:
user No.0 has been picked 32, his deltas theta's mean
 is -0.0007637020316906273,
the empirical var of deltas thetas is 0.004942120518535376
the minimum of the deltas theta is -0.4227076768875122 and the maximum is 0.49608924984931946
the added laplace noise var is 0.01057555941070121
global epoch 105 has been done artifficialy in 0.16 secs, the total time by now is 65.90 
 with avg train loss 1.212, val loss 1.392, avg val acc 52.79%
iteration: 106
user 1, emp_avg: 0.6104337356221834, h: 1.2467877517995418, ucb: 1.835578917178513,num_of_obs(calculated after picking at this round): 19, privacy reward: 0.4676664270099087, g: -0.005304040827225668, curr_delay = 0.05, data_size = 736
user 2, emp_avg: 0.7372695666717525, h: 1.2135340856721006, ucb: 1.9369757348002612,num_of_obs(calculated after picking at this round): 20, privacy reward: 0.449328964117221, g: -0.0055485214446194, curr_delay = 0.05, data_size = 795
user 3, emp_avg: 0.6690021681668584, h: 1.2829340124397852, ucb: 1.9724990337800326,num_of_obs(calculated after picking at this round): 18, privacy reward: 0.48675225595997107, g: -0.009821694687801216, curr_delay = 0.15652702141525715, data_size = 465
user 5, emp_avg: 0.5662505285658491, h: 1.2467877517995418, ucb: 1.8151787918544242,num_of_obs(calculated after picking at this round): 19, privacy reward: 0.4676664270099087, g: -0.007442401114496731, curr_delay = 0.0947469771222003, data_size = 634
user 7, emp_avg: 0.49072583321579455, h: 1.322418110996679, ucb: 1.8066975637919909,num_of_obs(calculated after picking at this round): 17, privacy reward: 0.5066169923655891, g: -0.008716099293062907, curr_delay = 0.0841938052568246, data_size = 437
num of fast users chosen: 5, num of slow users chosen: 0
max_delay = 0.16 seconds
after cleansing the weights updates who were almost zeros (meaning with absolute value of less than 10**-7, 0.00% of the weights upadtes) we get:
user No.1 has been picked 19, his deltas theta's mean
 is -0.0003427515912335366,
the empirical var of deltas thetas is 0.0012021461734548211
the minimum of the deltas theta is -0.24156884849071503 and the maximum is 0.2679309844970703
the added laplace noise var is 0.006287387375941429
global epoch 106 has been done artifficialy in 0.16 secs, the total time by now is 66.05 
 with avg train loss 1.228, val loss 1.237, avg val acc 56.34%
iteration: 107
user 0, emp_avg: 0.7830227000158074, h: 0.9360317336830025, ucb: 1.712273893074304,num_of_obs(calculated after picking at this round): 33, privacy reward: 0.26713530196584967, g: 0.028022491920845393, curr_delay = 0.05, data_size = 3540
user 19, emp_avg: 0.0645208455747137, h: 1.4685674078128352, ucb: 1.533466847533423,num_of_obs(calculated after picking at this round): 14, privacy reward: 0.5712090638488144, g: -0.002429065418451543, curr_delay = 0.8389385378838895, data_size = 548
user 20, emp_avg: 0.0630442623497225, h: 1.4685674078128352, ucb: 1.5316766405207718,num_of_obs(calculated after picking at this round): 14, privacy reward: 0.5712090638488144, g: -0.0045521690255382035, curr_delay = 0.8038630740616813, data_size = 410
user 23, emp_avg: 0.06029410503959903, h: 1.4685674078128352, ucb: 1.528377356004782,num_of_obs(calculated after picking at this round): 14, privacy reward: 0.5712090638488144, g: -0.003316267036690013, curr_delay = 0.7508844210410672, data_size = 485
user 25, emp_avg: 0.05909003488462492, h: 1.4685674078128352, ucb: 1.527583784171201,num_of_obs(calculated after picking at this round): 14, privacy reward: 0.5712090638488144, g: -0.00227570155456285, curr_delay = 0.8326728055550511, data_size = 560
num of fast users chosen: 1, num of slow users chosen: 4
max_delay = 0.84 seconds
after cleansing the weights updates who were almost zeros (meaning with absolute value of less than 10**-7, 0.00% of the weights upadtes) we get:
user No.0 has been picked 33, his deltas theta's mean
 is -0.0018223701044917107,
the empirical var of deltas thetas is 0.005283537320792675
the minimum of the deltas theta is -0.49576297402381897 and the maximum is 0.4839833378791809
the added laplace noise var is 0.011007156177769524
global epoch 107 has been done artifficialy in 0.84 secs, the total time by now is 66.89 
 with avg train loss 1.266, val loss 1.341, avg val acc 56.40%
iteration: 108
user 4, emp_avg: 0.5809544681666455, h: 0.9089875971901105, ucb: 1.4892504588550692,num_of_obs(calculated after picking at this round): 35, privacy reward: 0.2465969639416059, g: 0.0331082873842569, curr_delay = 0.08271721563825413, data_size = 3770
user 6, emp_avg: 0.5048992503915956, h: 1.0016555467743198, ucb: 1.4888726275370436,num_of_obs(calculated after picking at this round): 29, privacy reward: 0.3134861808826046, g: 0.027630748718591887, curr_delay = 0.05, data_size = 3229
user 8, emp_avg: 0.4031037364635914, h: 1.1051812238319405, ucb: 1.5066839641887666,num_of_obs(calculated after picking at this round): 24, privacy reward: 0.3828928859751114, g: 0.01931928104924957, curr_delay = 0.11365531128916663, data_size = 2671
user 15, emp_avg: 0.07167167513109815, h: 1.416554859074481, ucb: 1.4881889464361318,num_of_obs(calculated after picking at this round): 15, privacy reward: 0.5488116360940261, g: -0.0014983525909468749, curr_delay = 0.6925408813381514, data_size = 690
user 16, emp_avg: 0.06833036061041833, h: 1.416554859074481, ucb: 1.4850418977689004,num_of_obs(calculated after picking at this round): 15, privacy reward: 0.5488116360940261, g: 1.4826698829459567e-06, curr_delay = 0.7560079867645972, data_size = 993
num of fast users chosen: 3, num of slow users chosen: 2
max_delay = 0.76 seconds
after cleansing the weights updates who were almost zeros (meaning with absolute value of less than 10**-7, 0.00% of the weights upadtes) we get:
user No.4 has been picked 35, his deltas theta's mean
 is -0.000971728703007102,
the empirical var of deltas thetas is 0.005684028845280409
the minimum of the deltas theta is -0.4499264061450958 and the maximum is 0.42573750019073486
the added laplace noise var is 0.011923909939256253
global epoch 108 has been done artifficialy in 0.76 secs, the total time by now is 67.65 
 with avg train loss 1.300, val loss 1.510, avg val acc 50.54%
iteration: 109
user 6, emp_avg: 0.5008341924048276, h: 0.9852023648832492, ucb: 1.4901016152748447,num_of_obs(calculated after picking at this round): 30, privacy reward: 0.3011942119122014, g: 0.02541767225295234, curr_delay = 0.13056619664935576, data_size = 3229
user 8, emp_avg: 0.40289142361810326, h: 1.0829759787535853, ucb: 1.4860797152171767,num_of_obs(calculated after picking at this round): 25, privacy reward: 0.36787944117144167, g: 0.017364200829978242, curr_delay = 0.12569259279340567, data_size = 2671
user 22, emp_avg: 0.06274317837009225, h: 1.4179483995591977, ucb: 1.4807183872320098,num_of_obs(calculated after picking at this round): 15, privacy reward: 0.5488116360940261, g: -6.404627523044219e-05, curr_delay = 0.8016951281398063, data_size = 914
user 24, emp_avg: 0.059300988068175124, h: 1.4179483995591977, ucb: 1.4775358964313674,num_of_obs(calculated after picking at this round): 15, privacy reward: 0.5488116360940261, g: 0.00023069264790090952, curr_delay = 0.9043248734607445, data_size = 1090
user 26, emp_avg: 0.058573271528636076, h: 1.4179483995591977, ucb: 1.4764806209155847,num_of_obs(calculated after picking at this round): 15, privacy reward: 0.5488116360940261, g: 0.00019978161144325278, curr_delay = 0.8453374928888547, data_size = 1082
num of fast users chosen: 2, num of slow users chosen: 3
max_delay = 0.90 seconds
after cleansing the weights updates who were almost zeros (meaning with absolute value of less than 10**-7, 0.00% of the weights upadtes) we get:
user No.6 has been picked 30, his deltas theta's mean
 is -0.000278398219961673,
the empirical var of deltas thetas is 0.005856698378920555
the minimum of the deltas theta is -0.42667412757873535 and the maximum is 0.5180621147155762
the added laplace noise var is 0.009762471764201303
global epoch 109 has been done artifficialy in 0.90 secs, the total time by now is 68.55 
 with avg train loss 1.188, val loss 1.439, avg val acc 53.70%
iteration: 110
user 4, emp_avg: 0.586387212093783, h: 0.8976617593146334, ucb: 1.4786162274812789,num_of_obs(calculated after picking at this round): 36, privacy reward: 0.23692775868212124, g: 0.03189432558850319, curr_delay = 0.06438874321143037, data_size = 3770
user 13, emp_avg: 0.2881508931928215, h: 1.1322319509140604, ucb: 1.4170201095088206,num_of_obs(calculated after picking at this round): 23, privacy reward: 0.3985190410845135, g: 0.023736053255572844, curr_delay = 0.13807156110851387, data_size = 2687
user 17, emp_avg: 0.06951063407232587, h: 1.327659646585734, ucb: 1.3976880140741295,num_of_obs(calculated after picking at this round): 17, privacy reward: 0.5066169923655891, g: 0.008805789663451039, curr_delay = 0.816634526287593, data_size = 1816
user 21, emp_avg: 0.06501989311785325, h: 1.3712009868421795, ucb: 1.4366152307192042,num_of_obs(calculated after picking at this round): 16, privacy reward: 0.5272924240430481, g: 0.0015955373223503942, curr_delay = 0.8459573900768134, data_size = 1338
user 27, emp_avg: 0.05893918552694541, h: 1.3712009868421795, ucb: 1.4300587549364385,num_of_obs(calculated after picking at this round): 16, privacy reward: 0.5272924240430481, g: 0.004412929032380489, curr_delay = 0.8311108457301071, data_size = 1539
num of fast users chosen: 2, num of slow users chosen: 3
max_delay = 0.85 seconds
after cleansing the weights updates who were almost zeros (meaning with absolute value of less than 10**-7, 0.00% of the weights upadtes) we get:
user No.4 has been picked 36, his deltas theta's mean
 is -0.0026613250374794006,
the empirical var of deltas thetas is 0.005462115630507469
the minimum of the deltas theta is -0.3987680673599243 and the maximum is 0.4819352626800537
the added laplace noise var is 0.012410533935277612
global epoch 110 has been done artifficialy in 0.85 secs, the total time by now is 69.40 
 with avg train loss 1.211, val loss 1.559, avg val acc 50.31%
iteration: 111
user 0, emp_avg: 0.7894043853094601, h: 0.9253530236728167, ucb: 1.7083757236886241,num_of_obs(calculated after picking at this round): 34, privacy reward: 0.25666077695355527, g: 0.02861758301779331, curr_delay = 0.05, data_size = 3540
user 1, emp_avg: 0.6152217598789089, h: 1.219516323618637, ucb: 1.8299500592408204,num_of_obs(calculated after picking at this round): 20, privacy reward: 0.449328964117221, g: -0.0055039626938341475, curr_delay = 0.07080205208479971, data_size = 736
user 2, emp_avg: 0.7283277485043081, h: 1.188637480644835, ucb: 1.9259070473165876,num_of_obs(calculated after picking at this round): 21, privacy reward: 0.4317105234290791, g: -0.005688673461103996, curr_delay = 0.09099323729317028, data_size = 795
user 7, emp_avg: 0.47515912636516916, h: 1.2892583642834905, ucb: 1.7799841974992852,num_of_obs(calculated after picking at this round): 18, privacy reward: 0.48675225595997107, g: -0.009133588361525728, curr_delay = 0.23750136039673642, data_size = 437
user 9, emp_avg: 0.4034972551033326, h: 1.3289371036629707, ucb: 1.7229690084912987,num_of_obs(calculated after picking at this round): 17, privacy reward: 0.5066169923655891, g: -0.007176804806624906, curr_delay = 0.09009936634691172, data_size = 451
num of fast users chosen: 5, num of slow users chosen: 0
max_delay = 0.24 seconds
after cleansing the weights updates who were almost zeros (meaning with absolute value of less than 10**-7, 0.00% of the weights upadtes) we get:
user No.0 has been picked 34, his deltas theta's mean
 is -0.00101960520260036,
the empirical var of deltas thetas is 0.006110491696745157
the minimum of the deltas theta is -0.5263420343399048 and the maximum is 0.47802019119262695
the added laplace noise var is 0.011456366743040828
global epoch 111 has been done artifficialy in 0.24 secs, the total time by now is 69.64 
 with avg train loss 1.207, val loss 1.489, avg val acc 49.49%
iteration: 112
user 14, emp_avg: 0.31595672903467575, h: 1.1610954029087106, ucb: 1.4751815500393428,num_of_obs(calculated after picking at this round): 22, privacy reward: 0.41478291168158077, g: 0.013755358126500477, curr_delay = 0.14075033196104486, data_size = 2313
user 18, emp_avg: 0.06666909500079735, h: 1.4220456399087942, ucb: 1.4884500889748786,num_of_obs(calculated after picking at this round): 15, privacy reward: 0.5488116360940261, g: -0.001328659656366448, curr_delay = 0.7104882753710542, data_size = 672
user 19, emp_avg: 0.06466520932807099, h: 1.4220456399087942, ucb: 1.486566485483508,num_of_obs(calculated after picking at this round): 15, privacy reward: 0.5488116360940261, g: -0.0027868076117375604, curr_delay = 0.7497791689463841, data_size = 548
user 25, emp_avg: 0.059230049789948266, h: 1.4220456399087942, ucb: 1.481135674793419,num_of_obs(calculated after picking at this round): 15, privacy reward: 0.5488116360940261, g: -0.0026223603179460196, curr_delay = 0.8171235300309806, data_size = 560
user 29, emp_avg: 0.05505874420128168, h: 1.4220456399087942, ucb: 1.4769434828281172,num_of_obs(calculated after picking at this round): 15, privacy reward: 0.5488116360940261, g: -0.000734146486944116, curr_delay = 0.8724273534149444, data_size = 743
num of fast users chosen: 1, num of slow users chosen: 4
max_delay = 0.87 seconds
after cleansing the weights updates who were almost zeros (meaning with absolute value of less than 10**-7, 0.00% of the weights upadtes) we get:
user No.14 has been picked 22, his deltas theta's mean
 is -0.0023950079921633005,
the empirical var of deltas thetas is 0.0049595520831644535
the minimum of the deltas theta is -0.5499281287193298 and the maximum is 0.6609773635864258
the added laplace noise var is 0.007089009471033874
global epoch 112 has been done artifficialy in 0.87 secs, the total time by now is 70.51 
 with avg train loss 1.206, val loss 1.378, avg val acc 52.64%
iteration: 113
user 0, emp_avg: 0.795421402872047, h: 0.9133700833640933, ucb: 1.7027744686735535,num_of_obs(calculated after picking at this round): 35, privacy reward: 0.2465969639416059, g: 0.027416625160918705, curr_delay = 0.05, data_size = 3540
user 9, emp_avg: 0.3972208359082795, h: 1.2917003593593452, ucb: 1.695197614462678,num_of_obs(calculated after picking at this round): 18, privacy reward: 0.48675225595997107, g: -0.00828361340388205, curr_delay = 0.1721041779292633, data_size = 451
user 10, emp_avg: 0.3466742141630956, h: 1.2917003593593452, ucb: 1.6363277562185026,num_of_obs(calculated after picking at this round): 18, privacy reward: 0.48675225595997107, g: -6.82772944351412e-05, curr_delay = 0.13107186882580213, data_size = 1079
user 11, emp_avg: 0.3336582207130784, h: 1.2917003593593452, ucb: 1.6268115060333839,num_of_obs(calculated after picking at this round): 18, privacy reward: 0.48675225595997107, g: -0.005675176586183201, curr_delay = 0.16183404352864061, data_size = 570
user 12, emp_avg: 0.300256415561707, h: 1.3314542545717174, ucb: 1.631267520915765,num_of_obs(calculated after picking at this round): 17, privacy reward: 0.5066169923655891, g: -0.00675105447524157, curr_delay = 0.16268267476593914, data_size = 451
num of fast users chosen: 5, num of slow users chosen: 0
max_delay = 0.17 seconds
after cleansing the weights updates who were almost zeros (meaning with absolute value of less than 10**-7, 0.00% of the weights upadtes) we get:
user No.0 has been picked 35, his deltas theta's mean
 is -0.00023776007583364844,
the empirical var of deltas thetas is 0.005142740905284882
the minimum of the deltas theta is -0.3937569260597229 and the maximum is 0.4711380898952484
the added laplace noise var is 0.011923909939256253
global epoch 113 has been done artifficialy in 0.17 secs, the total time by now is 70.68 
 with avg train loss 1.219, val loss 1.333, avg val acc 56.02%
iteration: 114
user 4, emp_avg: 0.5787219196914216, h: 0.8884629469289922, ucb: 1.4748501590227752,num_of_obs(calculated after picking at this round): 37, privacy reward: 0.22763768838381226, g: 0.03275454567096601, curr_delay = 0.16514109695268558, data_size = 3770
user 6, emp_avg: 0.49727149793822073, h: 0.9732623950810485, ucb: 1.4740965874858762,num_of_obs(calculated after picking at this round): 31, privacy reward: 0.2893842179390499, g: 0.026349846757369372, curr_delay = 0.12807683333247644, data_size = 3229
user 8, emp_avg: 0.40768753471614533, h: 1.0661555363147908, ucb: 1.4690469599328941,num_of_obs(calculated after picking at this round): 26, privacy reward: 0.3534546819587794, g: 0.0175982866258665, curr_delay = 0.09477050439878942, data_size = 2671
user 20, emp_avg: 0.06367183365572213, h: 1.424710263536489, ucb: 1.4877545258862115,num_of_obs(calculated after picking at this round): 15, privacy reward: 0.5488116360940261, g: -0.004730888445792031, curr_delay = 0.6900565289008213, data_size = 410
user 23, emp_avg: 0.06052753510798529, h: 1.424710263536489, ucb: 1.485004368576088,num_of_obs(calculated after picking at this round): 15, privacy reward: 0.5488116360940261, g: -0.003469060305124316, curr_delay = 0.7837536512535148, data_size = 485
num of fast users chosen: 3, num of slow users chosen: 2
max_delay = 0.78 seconds
after cleansing the weights updates who were almost zeros (meaning with absolute value of less than 10**-7, 0.00% of the weights upadtes) we get:
user No.4 has been picked 37, his deltas theta's mean
 is -0.003856732277199626,
the empirical var of deltas thetas is 0.007023021578788757
the minimum of the deltas theta is -0.602295458316803 and the maximum is 0.5653706789016724
the added laplace noise var is 0.012917017433317197
global epoch 114 has been done artifficialy in 0.78 secs, the total time by now is 71.47 
 with avg train loss 1.258, val loss 1.496, avg val acc 49.20%
iteration: 115
user 13, emp_avg: 0.2873661101383606, h: 1.1125683715224661, ucb: 1.4007192647152875,num_of_obs(calculated after picking at this round): 24, privacy reward: 0.3828928859751114, g: 0.023736053255572844, curr_delay = 0.1856554436263163, data_size = 2687
user 16, emp_avg: 0.06865017131713888, h: 1.3776693548690484, ucb: 1.4459997154794668,num_of_obs(calculated after picking at this round): 16, privacy reward: 0.5272924240430481, g: 1.7015323685642166e-07, curr_delay = 0.6807599227138469, data_size = 993
user 24, emp_avg: 0.059048528650878826, h: 1.3776693548690484, ucb: 1.4369703429372236,num_of_obs(calculated after picking at this round): 16, privacy reward: 0.5272924240430481, g: 0.0001740857000420985, curr_delay = 0.9047867989476208, data_size = 1090
user 26, emp_avg: 0.05858603471585912, h: 1.3776693548690484, ucb: 1.4362426263976844,num_of_obs(calculated after picking at this round): 16, privacy reward: 0.5272924240430481, g: 0.00014737951932030906, curr_delay = 0.8506658987888742, data_size = 1082
user 28, emp_avg: 0.05626721295177263, h: 1.3776693548690484, ucb: 1.4341085819508748,num_of_obs(calculated after picking at this round): 16, privacy reward: 0.5272924240430481, g: 0.0010604333090839628, curr_delay = 0.9313241393219074, data_size = 1237
num of fast users chosen: 1, num of slow users chosen: 4
max_delay = 0.93 seconds
after cleansing the weights updates who were almost zeros (meaning with absolute value of less than 10**-7, 0.00% of the weights upadtes) we get:
user No.13 has been picked 24, his deltas theta's mean
 is -0.002085453597828746,
the empirical var of deltas thetas is 0.006273194216191769
the minimum of the deltas theta is -0.5037280917167664 and the maximum is 0.5452165007591248
the added laplace noise var is 0.007679432282596293
global epoch 115 has been done artifficialy in 0.93 secs, the total time by now is 72.40 
 with avg train loss 1.144, val loss 1.428, avg val acc 52.90%
iteration: 116
user 0, emp_avg: 0.7909119724592276, h: 0.9027187688412344, ucb: 1.6981401717132814,num_of_obs(calculated after picking at this round): 36, privacy reward: 0.23692775868212124, g: 0.027139426381084755, curr_delay = 0.07897872197473499, data_size = 3540
user 1, emp_avg: 0.6101818977787723, h: 1.1941846830921543, ucb: 1.8094064429710632,num_of_obs(calculated after picking at this round): 21, privacy reward: 0.4317105234290791, g: -0.005689883805988161, curr_delay = 0.09815764851382483, data_size = 736
user 3, emp_avg: 0.6644035106204607, h: 1.2587811818191919, ucb: 1.9277833499860502,num_of_obs(calculated after picking at this round): 19, privacy reward: 0.4676664270099087, g: -0.008817119633412054, curr_delay = 0.08596564807280971, data_size = 465
user 5, emp_avg: 0.5533644597216698, h: 1.2252076332442206, ucb: 1.7914581618100698,num_of_obs(calculated after picking at this round): 20, privacy reward: 0.449328964117221, g: -0.006440244638205563, curr_delay = 0.16205924052030016, data_size = 634
user 7, emp_avg: 0.49226798093733, h: 1.2587811818191919, ucb: 1.733940308184361,num_of_obs(calculated after picking at this round): 19, privacy reward: 0.4676664270099087, g: -0.009523626481770173, curr_delay = 0.06248224229398178, data_size = 437
num of fast users chosen: 5, num of slow users chosen: 0
max_delay = 0.16 seconds
after cleansing the weights updates who were almost zeros (meaning with absolute value of less than 10**-7, 0.00% of the weights upadtes) we get:
user No.0 has been picked 36, his deltas theta's mean
 is -0.0020800551865249872,
the empirical var of deltas thetas is 0.006590553559362888
the minimum of the deltas theta is -0.5746740698814392 and the maximum is 0.44020572304725647
the added laplace noise var is 0.012410533935277612
global epoch 116 has been done artifficialy in 0.16 secs, the total time by now is 72.56 
 with avg train loss 1.196, val loss 1.377, avg val acc 53.38%
iteration: 117
user 4, emp_avg: 0.5775902098604964, h: 0.8787743862101897, ucb: 1.4574963059016113,num_of_obs(calculated after picking at this round): 38, privacy reward: 0.21871188695221422, g: 0.0325919210661923, curr_delay = 0.09333286983449035, data_size = 3770
user 6, emp_avg: 0.5129817636276514, h: 0.96005785458711, ucb: 1.4573293525253308,num_of_obs(calculated after picking at this round): 32, privacy reward: 0.2780373004531934, g: 0.025768914058573917, curr_delay = 0.05, data_size = 3229
user 14, emp_avg: 0.31555901331339364, h: 1.1396379729941861, ucb: 1.4555947020288618,num_of_obs(calculated after picking at this round): 23, privacy reward: 0.3985190410845135, g: 0.013630340877695657, curr_delay = 0.16296769786764267, data_size = 2313
user 15, emp_avg: 0.07186321355375366, h: 1.3801701249915181, ucb: 1.4518418001226163,num_of_obs(calculated after picking at this round): 16, privacy reward: 0.5272924240430481, g: -0.001390100998503325, curr_delay = 0.6690190277199038, data_size = 690
user 22, emp_avg: 0.0626648748334557, h: 1.3801701249915181, ucb: 1.4429133033616104,num_of_obs(calculated after picking at this round): 16, privacy reward: 0.5272924240430481, g: -6.0336431760380676e-05, curr_delay = 0.8131360927937997, data_size = 914
num of fast users chosen: 3, num of slow users chosen: 2
max_delay = 0.81 seconds
after cleansing the weights updates who were almost zeros (meaning with absolute value of less than 10**-7, 0.00% of the weights upadtes) we get:
user No.4 has been picked 38, his deltas theta's mean
 is -0.0029855011962354183,
the empirical var of deltas thetas is 0.005917932838201523
the minimum of the deltas theta is -0.5012019872665405 and the maximum is 0.568985104560852
the added laplace noise var is 0.01344417091502745
global epoch 117 has been done artifficialy in 0.81 secs, the total time by now is 73.37 
 with avg train loss 1.265, val loss 1.466, avg val acc 50.40%
iteration: 118
user 13, emp_avg: 0.28800423462061525, h: 1.092094847582579, ucb: 1.3794609577209396,num_of_obs(calculated after picking at this round): 25, privacy reward: 0.36787944117144167, g: 0.022703035093124883, curr_delay = 0.1648428333628671, data_size = 2687
user 17, emp_avg: 0.06946910148703755, h: 1.2976020360376512, ucb: 1.3671126701099772,num_of_obs(calculated after picking at this round): 18, privacy reward: 0.48675225595997107, g: 0.009067975454511407, curr_delay = 0.7271347299288486, data_size = 1816
user 21, emp_avg: 0.06496388949752341, h: 1.3375375636499427, ucb: 1.4025574567677959,num_of_obs(calculated after picking at this round): 17, privacy reward: 0.5066169923655891, g: 0.0016576781321961886, curr_delay = 0.7804228545431222, data_size = 1338
user 27, emp_avg: 0.05889471961827103, h: 1.3375375636499427, ucb: 1.3964767491768881,num_of_obs(calculated after picking at this round): 17, privacy reward: 0.5066169923655891, g: 0.004515879862243497, curr_delay = 0.8593536291182325, data_size = 1539
user 29, emp_avg: 0.05495954994833923, h: 1.3814028557181521, ucb: 1.436461599919434,num_of_obs(calculated after picking at this round): 16, privacy reward: 0.5272924240430481, g: -0.0008534450451356408, curr_delay = 0.9350751837069115, data_size = 743
num of fast users chosen: 1, num of slow users chosen: 4
max_delay = 0.94 seconds
after cleansing the weights updates who were almost zeros (meaning with absolute value of less than 10**-7, 0.00% of the weights upadtes) we get:
user No.13 has been picked 25, his deltas theta's mean
 is -0.000767426798120141,
the empirical var of deltas thetas is 0.005496722646057606
the minimum of the deltas theta is -0.3990042209625244 and the maximum is 0.6112545132637024
the added laplace noise var is 0.007992835859407068
global epoch 118 has been done artifficialy in 0.94 secs, the total time by now is 74.31 
 with avg train loss 1.130, val loss 1.366, avg val acc 54.65%
iteration: 119
user 4, emp_avg: 0.5884212301204836, h: 0.8686762609170161, ucb: 1.4462664707775126,num_of_obs(calculated after picking at this round): 39, privacy reward: 0.21013607120076416, g: 0.031486341932588875, curr_delay = 0.05, data_size = 3770
user 6, emp_avg: 0.5056828531197769, h: 0.9466180089975109, ucb: 1.4595997726251624,num_of_obs(calculated after picking at this round): 33, privacy reward: 0.26713530196584967, g: 0.02451626000781646, curr_delay = 0.183744008201759, data_size = 3229
user 8, emp_avg: 0.4042582058120803, h: 1.05017839068251, ucb: 1.4578659253986552,num_of_obs(calculated after picking at this round): 27, privacy reward: 0.33959552564493845, g: 0.01781407662319758, curr_delay = 0.15868197265387107, data_size = 2671
user 18, emp_avg: 0.06677597181425238, h: 1.3826240983161735, ucb: 1.4492931933169708,num_of_obs(calculated after picking at this round): 16, privacy reward: 0.5272924240430481, g: -0.0014063403162688638, curr_delay = 0.7312173228227308, data_size = 672
user 19, emp_avg: 0.06490900980806535, h: 1.3826240983161735, ucb: 1.4472893076442446,num_of_obs(calculated after picking at this round): 16, privacy reward: 0.5272924240430481, g: -0.0028988148234492623, curr_delay = 0.7292242160453944, data_size = 548
num of fast users chosen: 3, num of slow users chosen: 2
max_delay = 0.73 seconds
after cleansing the weights updates who were almost zeros (meaning with absolute value of less than 10**-7, 0.00% of the weights upadtes) we get:
user No.4 has been picked 39, his deltas theta's mean
 is -0.0017551309429109097,
the empirical var of deltas thetas is 0.006061685737222433
the minimum of the deltas theta is -0.4895433485507965 and the maximum is 0.5808554291725159
the added laplace noise var is 0.013992837938444509
global epoch 119 has been done artifficialy in 0.73 secs, the total time by now is 75.04 
 with avg train loss 1.259, val loss 1.424, avg val acc 53.69%
iteration: 120
user 0, emp_avg: 0.7859198625097525, h: 0.8932610427325678, ucb: 1.6841730151917953,num_of_obs(calculated after picking at this round): 37, privacy reward: 0.22763768838381226, g: 0.02771046965997784, curr_delay = 0.08248049813432502, data_size = 3540
user 9, emp_avg: 0.401574279277945, h: 1.2632618813719303, ucb: 1.66048271728021,num_of_obs(calculated after picking at this round): 19, privacy reward: 0.4676664270099087, g: -0.008203265510703998, curr_delay = 0.10418050098380194, data_size = 451
user 10, emp_avg: 0.3422419291706796, h: 1.2632618813719303, ucb: 1.609936095535026,num_of_obs(calculated after picking at this round): 19, privacy reward: 0.4676664270099087, g: -6.116068500849232e-05, curr_delay = 0.19050463967184103, data_size = 1079
user 11, emp_avg: 0.329702932613096, h: 1.2632618813719303, ucb: 1.5969201020850088,num_of_obs(calculated after picking at this round): 19, privacy reward: 0.4676664270099087, g: -0.005608705321614092, curr_delay = 0.193417801270339, data_size = 570
user 12, emp_avg: 0.2944966670867902, h: 1.2998857519184992, ucb: 1.600142167480206,num_of_obs(calculated after picking at this round): 18, privacy reward: 0.48675225595997107, g: -0.006763178615929397, curr_delay = 0.2543481541679323, data_size = 451
num of fast users chosen: 5, num of slow users chosen: 0
max_delay = 0.25 seconds
after cleansing the weights updates who were almost zeros (meaning with absolute value of less than 10**-7, 0.00% of the weights upadtes) we get:
user No.0 has been picked 37, his deltas theta's mean
 is -0.0008071322226896882,
the empirical var of deltas thetas is 0.006084090564399958
the minimum of the deltas theta is -0.4287585914134979 and the maximum is 0.5427355766296387
the added laplace noise var is 0.012917017433317197
global epoch 120 has been done artifficialy in 0.25 secs, the total time by now is 75.29 
 with avg train loss 1.205, val loss 1.357, avg val acc 53.51%
iteration: 121
user 1, emp_avg: 0.6279009024251917, h: 1.1705664740502768, ucb: 1.780748371829049,num_of_obs(calculated after picking at this round): 22, privacy reward: 0.41478291168158077, g: -0.005863155464971385, curr_delay = 0.05, data_size = 736
user 2, emp_avg: 0.7406764872086579, h: 1.1705664740502768, ucb: 1.8988942225545848,num_of_obs(calculated after picking at this round): 22, privacy reward: 0.41478291168158077, g: -0.0047330043743653225, curr_delay = 0.05, data_size = 795
user 3, emp_avg: 0.647172314322663, h: 1.230634052955511, ucb: 1.8950375635759718,num_of_obs(calculated after picking at this round): 20, privacy reward: 0.449328964117221, g: -0.00916842604889951, curr_delay = 0.15635769885828452, data_size = 465
user 5, emp_avg: 0.5481736190062604, h: 1.1994737027876112, ucb: 1.752838162509281,num_of_obs(calculated after picking at this round): 21, privacy reward: 0.4317105234290791, g: -0.006682619023340124, curr_delay = 0.11252218818607673, data_size = 634
user 7, emp_avg: 0.4798798391074913, h: 1.230634052955511, ucb: 1.7229020338928411,num_of_obs(calculated after picking at this round): 20, privacy reward: 0.449328964117221, g: -0.009888601793994783, curr_delay = 0.20449467488650405, data_size = 437
num of fast users chosen: 5, num of slow users chosen: 0
max_delay = 0.20 seconds
after cleansing the weights updates who were almost zeros (meaning with absolute value of less than 10**-7, 0.00% of the weights upadtes) we get:
user No.1 has been picked 22, his deltas theta's mean
 is 0.0002754793968051672,
the empirical var of deltas thetas is 0.0012893466046079993
the minimum of the deltas theta is -0.22940707206726074 and the maximum is 0.25000542402267456
the added laplace noise var is 0.007089009471033874
global epoch 121 has been done artifficialy in 0.20 secs, the total time by now is 75.50 
 with avg train loss 1.189, val loss 1.208, avg val acc 57.67%
iteration: 122
user 4, emp_avg: 0.5914808452774223, h: 0.859697714739427, ucb: 1.4481189448599108,num_of_obs(calculated after picking at this round): 40, privacy reward: 0.2018965179946548, g: 0.0313642371577936, curr_delay = 0.07034269759709985, data_size = 3770
user 8, emp_avg: 0.39772310872062977, h: 1.0332280639640727, ucb: 1.437486269776153,num_of_obs(calculated after picking at this round): 28, privacy reward: 0.3262797946230388, g: 0.017068195493705505, curr_delay = 0.22596267042981544, data_size = 2671
user 14, emp_avg: 0.312475569047258, h: 1.1194743772122533, ucb: 1.435033390525647,num_of_obs(calculated after picking at this round): 24, privacy reward: 0.3828928859751114, g: 0.013516073405565154, curr_delay = 0.206991038771275, data_size = 2313
user 23, emp_avg: 0.06061621551663672, h: 1.3862209123705005, ucb: 1.4467484474784857,num_of_obs(calculated after picking at this round): 16, privacy reward: 0.5272924240430481, g: -0.0034860205094084593, curr_delay = 0.8071491245354145, data_size = 485
user 25, emp_avg: 0.0592117626921971, h: 1.3862209123705005, ucb: 1.4454509621604488,num_of_obs(calculated after picking at this round): 16, privacy reward: 0.5272924240430481, g: -0.0024166865616864733, curr_delay = 0.8483569397418694, data_size = 560
num of fast users chosen: 3, num of slow users chosen: 2
max_delay = 0.85 seconds
after cleansing the weights updates who were almost zeros (meaning with absolute value of less than 10**-7, 0.00% of the weights upadtes) we get:
user No.4 has been picked 40, his deltas theta's mean
 is -0.00033513063681311905,
the empirical var of deltas thetas is 0.006938340608030558
the minimum of the deltas theta is -0.5287345051765442 and the maximum is 0.5158377885818481
the added laplace noise var is 0.014563896487861052
global epoch 122 has been done artifficialy in 0.85 secs, the total time by now is 76.35 
 with avg train loss 1.231, val loss 1.496, avg val acc 48.86%
iteration: 123
user 16, emp_avg: 0.06845235751776821, h: 1.3433425226890783, ucb: 1.411992694006217,num_of_obs(calculated after picking at this round): 17, privacy reward: 0.5066169923655891, g: 5.867225161298807e-07, curr_delay = 0.7658453002675601, data_size = 993
user 22, emp_avg: 0.062156986583403455, h: 1.3433425226890783, ucb: 1.406007397522534,num_of_obs(calculated after picking at this round): 17, privacy reward: 0.5066169923655891, g: -9.300337065674383e-05, curr_delay = 0.9253985415958144, data_size = 914
user 24, emp_avg: 0.05901081500964101, h: 1.3433425226890783, ucb: 1.4023910513399571,num_of_obs(calculated after picking at this round): 17, privacy reward: 0.5066169923655891, g: 0.0001835384359261125, curr_delay = 0.856055958360111, data_size = 1090
user 26, emp_avg: 0.058928002756812085, h: 1.3433425226890783, ucb: 1.4019285574049374,num_of_obs(calculated after picking at this round): 17, privacy reward: 0.5066169923655891, g: 0.00015608700435032385, curr_delay = 0.7764036470424188, data_size = 1082
user 28, emp_avg: 0.05658586378121908, h: 1.3433425226890783, ucb: 1.399609735640851,num_of_obs(calculated after picking at this round): 17, privacy reward: 0.5066169923655891, g: 0.0010835800294102125, curr_delay = 0.8105793305732705, data_size = 1237
num of fast users chosen: 0, num of slow users chosen: 5
max_delay = 0.93 seconds
after cleansing the weights updates who were almost zeros (meaning with absolute value of less than 10**-7, 0.00% of the weights upadtes) we get:
user No.16 has been picked 17, his deltas theta's mean
 is 0.00018731523596215993,
the empirical var of deltas thetas is 0.001875389600172639
the minimum of the deltas theta is -0.2794680595397949 and the maximum is 0.33356133103370667
the added laplace noise var is 0.0058039900627965095
global epoch 123 has been done artifficialy in 0.93 secs, the total time by now is 77.27 
 with avg train loss 1.072, val loss 1.235, avg val acc 57.69%
iteration: 124
user 6, emp_avg: 0.4991390450668507, h: 0.9361702997371828, ucb: 1.4418531528569596,num_of_obs(calculated after picking at this round): 34, privacy reward: 0.25666077695355527, g: 0.02539408654498253, curr_delay = 0.17655779990340387, data_size = 3229
user 13, emp_avg: 0.2862740553688015, h: 1.0755777869337062, ucb: 1.3635820215543215,num_of_obs(calculated after picking at this round): 26, privacy reward: 0.3534546819587794, g: 0.023241670537500567, curr_delay = 0.2057447437747805, data_size = 2687
user 21, emp_avg: 0.06471943717278843, h: 1.304329654145811, ucb: 1.3692935436433342,num_of_obs(calculated after picking at this round): 18, privacy reward: 0.48675225595997107, g: 0.0015375056380943263, curr_delay = 0.8255763874960005, data_size = 1338
user 27, emp_avg: 0.05887947534785863, h: 1.304329654145811, ucb: 1.363224373764082,num_of_obs(calculated after picking at this round): 18, privacy reward: 0.48675225595997107, g: 0.004316062006495138, curr_delay = 0.852946515025401, data_size = 1539
user 29, emp_avg: 0.05493183525995658, h: 1.3444722336671326, ucb: 1.399431783615472,num_of_obs(calculated after picking at this round): 17, privacy reward: 0.5066169923655891, g: -0.000968914767037339, curr_delay = 0.9176264998498029, data_size = 743
num of fast users chosen: 2, num of slow users chosen: 3
max_delay = 0.92 seconds
after cleansing the weights updates who were almost zeros (meaning with absolute value of less than 10**-7, 0.00% of the weights upadtes) we get:
user No.6 has been picked 34, his deltas theta's mean
 is -0.002009056508541107,
the empirical var of deltas thetas is 0.0066513377241790295
the minimum of the deltas theta is -0.4444488286972046 and the maximum is 0.514045000076294
the added laplace noise var is 0.011456366743040828
global epoch 124 has been done artifficialy in 0.92 secs, the total time by now is 78.19 
 with avg train loss 1.149, val loss 1.423, avg val acc 54.29%
iteration: 125
user 0, emp_avg: 0.7828469302686075, h: 0.8848558047717215, ucb: 1.670775667281474,num_of_obs(calculated after picking at this round): 38, privacy reward: 0.21871188695221422, g: 0.02905818661873394, curr_delay = 0.07472183630629681, data_size = 3540
user 1, emp_avg: 0.644079124058879, h: 1.1475246565743509, ucb: 1.7754255589995425,num_of_obs(calculated after picking at this round): 23, privacy reward: 0.3985190410845135, g: -0.00624376931491285, curr_delay = 0.05, data_size = 736
user 2, emp_avg: 0.7262929461425766, h: 1.1475246565743509, ucb: 1.8882011437830086,num_of_obs(calculated after picking at this round): 23, privacy reward: 0.3985190410845135, g: -0.005075581439878695, curr_delay = 0.12199435115396608, data_size = 795
user 3, emp_avg: 0.6346059212268848, h: 1.2035340133085937, ucb: 1.8507063276312565,num_of_obs(calculated after picking at this round): 21, privacy reward: 0.4317105234290791, g: -0.009747041265713892, curr_delay = 0.13045359311681068, data_size = 465
user 5, emp_avg: 0.5687111817787032, h: 1.1745289313838976, ucb: 1.7227025503901578,num_of_obs(calculated after picking at this round): 22, privacy reward: 0.41478291168158077, g: -0.007133159061406178, curr_delay = 0.05, data_size = 634
num of fast users chosen: 5, num of slow users chosen: 0
max_delay = 0.13 seconds
after cleansing the weights updates who were almost zeros (meaning with absolute value of less than 10**-7, 0.00% of the weights upadtes) we get:
user No.0 has been picked 38, his deltas theta's mean
 is -0.0013776826672255993,
the empirical var of deltas thetas is 0.006155623123049736
the minimum of the deltas theta is -0.45718929171562195 and the maximum is 0.5201166868209839
the added laplace noise var is 0.01344417091502745
global epoch 125 has been done artifficialy in 0.13 secs, the total time by now is 78.32 
 with avg train loss 1.153, val loss 1.397, avg val acc 52.24%
iteration: 126
user 4, emp_avg: 0.5937247199225588, h: 0.8517289980050707, ucb: 1.4432098432824931,num_of_obs(calculated after picking at this round): 41, privacy reward: 0.19398004229089127, g: 0.032152551526954384, curr_delay = 0.07315506163674819, data_size = 3770
user 14, emp_avg: 0.3132465447962734, h: 1.0995774082518563, ucb: 1.4120529772991144,num_of_obs(calculated after picking at this round): 25, privacy reward: 0.36787944117144167, g: 0.013066101318998631, curr_delay = 0.15071591744010573, data_size = 2313
user 15, emp_avg: 0.07154201530878582, h: 1.3467017914545165, ucb: 1.41856500500827,num_of_obs(calculated after picking at this round): 17, privacy reward: 0.5066169923655891, g: -0.0013005440812263176, curr_delay = 0.75297980399521, data_size = 690
user 18, emp_avg: 0.0666238716844093, h: 1.3467017914545165, ucb: 1.413477763268769,num_of_obs(calculated after picking at this round): 17, privacy reward: 0.5066169923655891, g: -0.0014772423846266852, curr_delay = 0.7789342575780334, data_size = 672
user 20, emp_avg: 0.06388325178582052, h: 1.3908676294962765, ucb: 1.4545394631519986,num_of_obs(calculated after picking at this round): 16, privacy reward: 0.5272924240430481, g: -0.004227867731653576, curr_delay = 0.7456618467068385, data_size = 410
num of fast users chosen: 2, num of slow users chosen: 3
max_delay = 0.78 seconds
after cleansing the weights updates who were almost zeros (meaning with absolute value of less than 10**-7, 0.00% of the weights upadtes) we get:
user No.4 has been picked 41, his deltas theta's mean
 is -0.000980969169177115,
the empirical var of deltas thetas is 0.0073823099955916405
the minimum of the deltas theta is -0.515317440032959 and the maximum is 0.6263741254806519
the added laplace noise var is 0.015158260378788464
global epoch 126 has been done artifficialy in 0.78 secs, the total time by now is 79.10 
 with avg train loss 1.218, val loss 1.419, avg val acc 52.88%
