Namespace(full_exp=True, data='cifar10', i_i_d=True, wandb=True, method_choosing_users='sa_pause', model='cnn3', num_users=30, num_users_per_round=5, global_epochs=300, max_seconds=600.0, epsilon_bar=40.0, epsilon_sum_deascent_coeff=0.04, delta_f=0.012, alpha=100.0, beta=2.0, gamma=5.0, alternative_privacy_reward=False, mixed_precision=True, shared_res_constraint=True, clusters_partition_level=5, resources_cluster_num=6, rho=0.05, shared_res_constraint_verbose=True, choosing_users_verbose=True, sa_pause_verbose=True, snr_verbose=False, dirichlet_coeff=1.0, label_dominance=0.25, bar_plot_interval=30, save_data_global_epochs=None, sa_pause_accelerated=False, ucb_neighbors_only=True, max_iterations_sa_pause=100, sa_pause_simulation=False, max_time_sa_pause=600.0, pre_sa_pause_rounds=1, beta_max_reduction=1.0, accel_ucb_coeff=1.0, add_tiny_noise=True, higher_threshold=False, max_neighbors=None, sa_informed_sampling=True, sampling_temp=0.0001, data_truncation=None, num_classes_subset=None, tau_min=0.05, production=False, privacy_noise='laplace', privacy=True, save_best_model=False, seed=5.0, norm_mean=0.5, norm_std=0.5, train_batch_size=20, test_batch_size=1000, local_epochs=1, local_iterations=100, lr=0.01, momentum=0.5, lr_scheduler=False, optimizer='adam', device=device(type='cuda'), exp_path=PosixPath('/home/oripele/PAUSE/checkpoints/fraboni/cnn3/26-08-2025_18-39-08'), fraboni_distributions=array([[0.16666667, 0.16666667, 0.16666667, 0.16666667, 0.16666667,
        0.16666667, 0.        , 0.        , 0.        , 0.        ,
        0.        , 0.        , 0.        , 0.        , 0.        ,
        0.        , 0.        , 0.        , 0.        , 0.        ,
        0.        , 0.        , 0.        , 0.        , 0.        ,
        0.        , 0.        , 0.        , 0.        , 0.        ],
       [0.        , 0.        , 0.        , 0.        , 0.        ,
        0.        , 0.16666667, 0.16666667, 0.16666667, 0.16666667,
        0.16666667, 0.16666667, 0.        , 0.        , 0.        ,
        0.        , 0.        , 0.        , 0.        , 0.        ,
        0.        , 0.        , 0.        , 0.        , 0.        ,
        0.        , 0.        , 0.        , 0.        , 0.        ],
       [0.        , 0.        , 0.        , 0.        , 0.        ,
        0.        , 0.        , 0.        , 0.        , 0.        ,
        0.        , 0.        , 0.16666667, 0.16666667, 0.16666667,
        0.16666667, 0.16666667, 0.16666667, 0.        , 0.        ,
        0.        , 0.        , 0.        , 0.        , 0.        ,
        0.        , 0.        , 0.        , 0.        , 0.        ],
       [0.        , 0.        , 0.        , 0.        , 0.        ,
        0.        , 0.        , 0.        , 0.        , 0.        ,
        0.        , 0.        , 0.        , 0.        , 0.        ,
        0.        , 0.        , 0.        , 0.16666667, 0.16666667,
        0.16666667, 0.16666667, 0.16666667, 0.16666667, 0.        ,
        0.        , 0.        , 0.        , 0.        , 0.        ],
       [0.        , 0.        , 0.        , 0.        , 0.        ,
        0.        , 0.        , 0.        , 0.        , 0.        ,
        0.        , 0.        , 0.        , 0.        , 0.        ,
        0.        , 0.        , 0.        , 0.        , 0.        ,
        0.        , 0.        , 0.        , 0.        , 0.16666667,
        0.16666667, 0.16666667, 0.16666667, 0.16666667, 0.16666667]]))
=================================================================
Layer (type:depth-idx)                   Param #
=================================================================
CNN3LayerCifar                           --
├─Conv2d: 1-1                            896
├─BatchNorm2d: 1-2                       64
├─Conv2d: 1-3                            18,496
├─BatchNorm2d: 1-4                       128
├─Conv2d: 1-5                            73,856
├─BatchNorm2d: 1-6                       256
├─MaxPool2d: 1-7                         --
├─Linear: 1-8                            65,664
├─BatchNorm1d: 1-9                       256
├─Linear: 1-10                           8,256
├─BatchNorm1d: 1-11                      128
├─Linear: 1-12                           2,080
├─BatchNorm1d: 1-13                      64
├─Linear: 1-14                           330
├─Dropout: 1-15                          --
├─Dropout: 1-16                          --
├─Dropout: 1-17                          --
=================================================================
Total params: 170,474
Trainable params: 170,474
Non-trainable params: 0
=================================================================
Using mixed precision training (AMP)
iteration: 1
user 11, emp_avg: 0.5294309493898472, h: 0, ucb: inf,num_of_obs: 0, privacy reward: 0.9607894391523232, g: 0.027777777777777776, curr_delay = 0.09444102211558175, data_size = 1666
user 18, emp_avg: 0.06364758919469947, h: 0, ucb: inf,num_of_obs: 0, privacy reward: 0.9607894391523232, g: 0.027777777777777776, curr_delay = 0.7855757088779722, data_size = 1666
user 23, emp_avg: 0.0648533997031814, h: 0, ucb: inf,num_of_obs: 0, privacy reward: 0.9607894391523232, g: 0.027777777777777776, curr_delay = 0.7709696057390688, data_size = 1666
user 25, emp_avg: 0.06220267054041249, h: 0, ucb: inf,num_of_obs: 0, privacy reward: 0.9607894391523232, g: 0.027777777777777776, curr_delay = 0.8038240089308621, data_size = 1666
user 29, emp_avg: 0.05838352091855904, h: 0, ucb: inf,num_of_obs: 0, privacy reward: 0.9607894391523232, g: 0.027777777777777776, curr_delay = 0.8564060408372173, data_size = 1666
num of fast users chosen: 1, num of slow users chosen: 4
Shared resource constraint latency penalty: 0.1000 seconds
Shared resource constraint reward penalty: 0.1000
Resource cluster collisions:
  Cluster 5: 3 users [np.int64(11), np.int64(23), np.int64(29)] (excess: 2)
max_delay = 0.96 seconds
global epoch 1 has been done artifficialy in 0.96 secs, the total time by now is 0.96 
 with avg train loss 2.048, val loss 2.352, avg val acc 10.00%
iteration: 2
user 0, emp_avg: 1.0, h: 0, ucb: inf,num_of_obs: 0, privacy reward: 0.9607894391523232, g: 0.027777777777777776, curr_delay = 0.05, data_size = 1666
user 5, emp_avg: 0.3489417228053648, h: 0, ucb: inf,num_of_obs: 0, privacy reward: 0.9607894391523232, g: 0.027777777777777776, curr_delay = 0.1432904027584267, data_size = 1666
user 16, emp_avg: 0.06146418645154649, h: 0, ucb: inf,num_of_obs: 0, privacy reward: 0.9607894391523232, g: 0.027777777777777776, curr_delay = 0.8134818483185497, data_size = 1666
user 20, emp_avg: 0.06705181248301205, h: 0, ucb: inf,num_of_obs: 0, privacy reward: 0.9607894391523232, g: 0.027777777777777776, curr_delay = 0.7456919977020425, data_size = 1666
user 24, emp_avg: 0.05955119182052427, h: 0, ucb: inf,num_of_obs: 0, privacy reward: 0.9607894391523232, g: 0.027777777777777776, curr_delay = 0.8396137587084789, data_size = 1666
num of fast users chosen: 2, num of slow users chosen: 3
Shared resource constraint latency penalty: 0.0500 seconds
Shared resource constraint reward penalty: 0.0500
Resource cluster collisions:
  Cluster 0: 2 users [np.int64(0), np.int64(24)] (excess: 1)
max_delay = 0.89 seconds
global epoch 2 has been done artifficialy in 0.89 secs, the total time by now is 1.85 
 with avg train loss 2.012, val loss 2.339, avg val acc 10.00%
iteration: 3
user 2, emp_avg: 1.0, h: 0, ucb: inf,num_of_obs: 0, privacy reward: 0.9607894391523232, g: 0.027777777777777776, curr_delay = 0.05, data_size = 1666
user 4, emp_avg: 1.0, h: 0, ucb: inf,num_of_obs: 0, privacy reward: 0.9607894391523232, g: 0.027777777777777776, curr_delay = 0.05, data_size = 1666
user 6, emp_avg: 0.6882310057261313, h: 0, ucb: inf,num_of_obs: 0, privacy reward: 0.9607894391523232, g: 0.027777777777777776, curr_delay = 0.07265002533160585, data_size = 1666
user 12, emp_avg: 0.3350119071674637, h: 0, ucb: inf,num_of_obs: 0, privacy reward: 0.9607894391523232, g: 0.027777777777777776, curr_delay = 0.14924842648952866, data_size = 1666
user 13, emp_avg: 0.24573798224683, h: 0, ucb: inf,num_of_obs: 0, privacy reward: 0.9607894391523232, g: 0.027777777777777776, curr_delay = 0.20346874969363837, data_size = 1666
num of fast users chosen: 5, num of slow users chosen: 0
Shared resource constraint latency penalty: 0.0500 seconds
Shared resource constraint reward penalty: 0.0500
Resource cluster collisions:
  Cluster 0: 2 users [np.int64(6), np.int64(12)] (excess: 1)
max_delay = 0.25 seconds
global epoch 3 has been done artifficialy in 0.25 secs, the total time by now is 2.10 
 with avg train loss 2.006, val loss 2.327, avg val acc 10.00%
iteration: 4
user 1, emp_avg: 0.6455882774447894, h: 0, ucb: inf,num_of_obs: 0, privacy reward: 0.9607894391523232, g: 0.027777777777777776, curr_delay = 0.07744874209596532, data_size = 1666
user 15, emp_avg: 0.06423908704970806, h: 0, ucb: inf,num_of_obs: 0, privacy reward: 0.9607894391523232, g: 0.027777777777777776, curr_delay = 0.7783423192379761, data_size = 1666
user 19, emp_avg: 0.0716915831776332, h: 0, ucb: inf,num_of_obs: 0, privacy reward: 0.9607894391523232, g: 0.027777777777777776, curr_delay = 0.6974319408753038, data_size = 1666
user 26, emp_avg: 0.050339669285320035, h: 0, ucb: inf,num_of_obs: 0, privacy reward: 0.9607894391523232, g: 0.027777777777777776, curr_delay = 0.9932524529830575, data_size = 1666
user 27, emp_avg: 0.05794919252348809, h: 0, ucb: inf,num_of_obs: 0, privacy reward: 0.9607894391523232, g: 0.027777777777777776, curr_delay = 0.86282479224769, data_size = 1666
num of fast users chosen: 1, num of slow users chosen: 4
Shared resource constraint latency penalty: 0.1000 seconds
Shared resource constraint reward penalty: 0.1000
Resource cluster collisions:
  Cluster 1: 2 users [np.int64(1), np.int64(19)] (excess: 1)
  Cluster 3: 2 users [np.int64(15), np.int64(27)] (excess: 1)
max_delay = 1.09 seconds
global epoch 4 has been done artifficialy in 1.09 secs, the total time by now is 3.19 
 with avg train loss 1.982, val loss 2.319, avg val acc 10.00%
iteration: 5
user 3, emp_avg: 0.6413179925187102, h: 0, ucb: inf,num_of_obs: 0, privacy reward: 0.9607894391523232, g: 0.027777777777777776, curr_delay = 0.07796444288679655, data_size = 1666
user 7, emp_avg: 0.5631022054568986, h: 0, ucb: inf,num_of_obs: 0, privacy reward: 0.9607894391523232, g: 0.027777777777777776, curr_delay = 0.08879382732914397, data_size = 1666
user 8, emp_avg: 0.29690041450436083, h: 0, ucb: inf,num_of_obs: 0, privacy reward: 0.9607894391523232, g: 0.027777777777777776, curr_delay = 0.16840663588654442, data_size = 1666
user 14, emp_avg: 0.2492051404732595, h: 0, ucb: inf,num_of_obs: 0, privacy reward: 0.9607894391523232, g: 0.027777777777777776, curr_delay = 0.2006379158353082, data_size = 1666
user 28, emp_avg: 0.05284743552394364, h: 0, ucb: inf,num_of_obs: 0, privacy reward: 0.9607894391523232, g: 0.027777777777777776, curr_delay = 0.9461197029578938, data_size = 1666
num of fast users chosen: 4, num of slow users chosen: 1
Shared resource constraint latency penalty: 0.0500 seconds
Shared resource constraint reward penalty: 0.0500
Resource cluster collisions:
  Cluster 2: 2 users [np.int64(8), np.int64(14)] (excess: 1)
max_delay = 1.00 seconds
global epoch 5 has been done artifficialy in 1.00 secs, the total time by now is 4.19 
 with avg train loss 1.996, val loss 2.315, avg val acc 10.00%
iteration: 6
user 9, emp_avg: 0.34171600495815535, h: 0, ucb: inf,num_of_obs: 0, privacy reward: 0.9607894391523232, g: 0.027777777777777776, curr_delay = 0.14632033406255796, data_size = 1666
user 10, emp_avg: 1.0, h: 0, ucb: inf,num_of_obs: 0, privacy reward: 0.9607894391523232, g: 0.027777777777777776, curr_delay = 0.05, data_size = 1666
user 17, emp_avg: 0.05870465682225482, h: 0, ucb: inf,num_of_obs: 0, privacy reward: 0.9607894391523232, g: 0.027777777777777776, curr_delay = 0.8517211871519722, data_size = 1666
user 21, emp_avg: 0.06048373958836338, h: 0, ucb: inf,num_of_obs: 0, privacy reward: 0.9607894391523232, g: 0.027777777777777776, curr_delay = 0.8266684623055224, data_size = 1666
user 22, emp_avg: 0.057235685030374635, h: 0, ucb: inf,num_of_obs: 0, privacy reward: 0.9607894391523232, g: 0.027777777777777776, curr_delay = 0.8735808783185752, data_size = 1666
num of fast users chosen: 2, num of slow users chosen: 3
Shared resource constraint latency penalty: 0.1000 seconds
Shared resource constraint reward penalty: 0.1000
Resource cluster collisions:
  Cluster 3: 2 users [np.int64(9), np.int64(21)] (excess: 1)
  Cluster 4: 2 users [np.int64(10), np.int64(22)] (excess: 1)
max_delay = 0.97 seconds
global epoch 6 has been done artifficialy in 0.97 secs, the total time by now is 5.16 
 with avg train loss 1.964, val loss 2.315, avg val acc 10.00%
iteration: 7
user 0, emp_avg: 1.0, h: 3.416937355927363, ucb: 4.416937355927363,num_of_obs: 1, privacy reward: 0.9231163463866358, g: 0.0005668934240362811, curr_delay = 0.05, data_size = 1666
user 1, emp_avg: 0.5791314198275912, h: 3.416937355927363, ucb: 4.062525633372152,num_of_obs: 1, privacy reward: 0.9231163463866358, g: 0.0005668934240362811, curr_delay = 0.09752775675942521, data_size = 1666
user 2, emp_avg: 0.9334739838573608, h: 3.416937355927363, ucb: 4.416937355927363,num_of_obs: 1, privacy reward: 0.9231163463866358, g: 0.0005668934240362811, curr_delay = 0.05767358810679285, data_size = 1666
user 3, emp_avg: 0.7374918675105749, h: 3.416937355927363, ucb: 4.058255348446073,num_of_obs: 1, privacy reward: 0.9231163463866358, g: 0.0005668934240362811, curr_delay = 0.05997607608285965, data_size = 1666
user 4, emp_avg: 0.6766255629240436, h: 3.416937355927363, ucb: 4.416937355927363,num_of_obs: 1, privacy reward: 0.9231163463866358, g: 0.0005668934240362811, curr_delay = 0.1415423655903707, data_size = 1666
num of fast users chosen: 5, num of slow users chosen: 0
Shared resource constraint latency penalty: 0.0000 seconds
Shared resource constraint reward penalty: 0.0000
max_delay = 0.14 seconds
global epoch 7 has been done artifficialy in 0.14 secs, the total time by now is 5.30 
 with avg train loss 1.952, val loss 2.316, avg val acc 10.00%
iteration: 8
user 6, emp_avg: 0.5779334069398422, h: 3.5322300675464238, ucb: 4.220461073272555,num_of_obs: 1, privacy reward: 0.9231163463866358, g: 0.0017361111111111104, curr_delay = 0.10692081129848374, data_size = 1666
user 7, emp_avg: 0.42040566981913263, h: 3.5322300675464238, ucb: 4.095332273003322,num_of_obs: 1, privacy reward: 0.9231163463866358, g: 0.0017361111111111104, curr_delay = 0.18004449204521278, data_size = 1666
user 9, emp_avg: 0.4674600429983364, h: 3.5322300675464238, ucb: 3.8739460725045793,num_of_obs: 1, privacy reward: 0.9231163463866358, g: 0.0017361111111111104, curr_delay = 0.08428802430432614, data_size = 1666
user 10, emp_avg: 0.6413908079154835, h: 3.5322300675464238, ucb: 4.532230067546424,num_of_obs: 1, privacy reward: 0.9231163463866358, g: 0.0017361111111111104, curr_delay = 0.17681488894910177, data_size = 1666
user 11, emp_avg: 0.4542258458985178, h: 3.5322300675464238, ucb: 4.061661016936271,num_of_obs: 1, privacy reward: 0.9231163463866358, g: 0.0017361111111111104, curr_delay = 0.1319189015420274, data_size = 1666
num of fast users chosen: 5, num of slow users chosen: 0
Shared resource constraint latency penalty: 0.0000 seconds
Shared resource constraint reward penalty: 0.0000
max_delay = 0.18 seconds
global epoch 8 has been done artifficialy in 0.18 secs, the total time by now is 5.48 
 with avg train loss 1.956, val loss 2.316, avg val acc 10.00%
iteration: 9
user 5, emp_avg: 0.5473844216554241, h: 3.63088797183517, ucb: 3.979829694640535,num_of_obs: 1, privacy reward: 0.9231163463866358, g: 0.0030864197530864196, curr_delay = 0.06703966458890978, data_size = 1666
user 8, emp_avg: 0.4340250689182962, h: 3.63088797183517, ucb: 3.927788386339531,num_of_obs: 1, privacy reward: 0.9231163463866358, g: 0.0030864197530864196, curr_delay = 0.08754271946117281, data_size = 1666
user 12, emp_avg: 0.3671393383561982, h: 3.63088797183517, ucb: 3.9658998790026336,num_of_obs: 1, privacy reward: 0.9231163463866358, g: 0.0030864197530864196, curr_delay = 0.12522955530956878, data_size = 1666
user 13, emp_avg: 0.26486269042724614, h: 3.63088797183517, ucb: 3.8766259540820003,num_of_obs: 1, privacy reward: 0.9231163463866358, g: 0.0030864197530864196, curr_delay = 0.1760641501881448, data_size = 1666
user 14, emp_avg: 0.2311684318357431, h: 3.63088797183517, ucb: 3.8800931123084297,num_of_obs: 1, privacy reward: 0.9231163463866358, g: 0.0030864197530864196, curr_delay = 0.23459670503154836, data_size = 1666
num of fast users chosen: 5, num of slow users chosen: 0
Shared resource constraint latency penalty: 0.0500 seconds
Shared resource constraint reward penalty: 0.0500
Resource cluster collisions:
  Cluster 2: 2 users [np.int64(8), np.int64(14)] (excess: 1)
max_delay = 0.28 seconds
global epoch 9 has been done artifficialy in 0.28 secs, the total time by now is 5.77 
 with avg train loss 1.926, val loss 2.323, avg val acc 10.00%
iteration: 10
user 15, emp_avg: 0.06778617702867137, h: 3.7169221888498387, ucb: 3.7811612758995468,num_of_obs: 1, privacy reward: 0.9231163463866358, g: 0.004444444444444443, curr_delay = 0.7009352311684893, data_size = 1666
user 18, emp_avg: 0.06360557234820716, h: 3.7169221888498387, ucb: 3.780569778044538,num_of_obs: 1, privacy reward: 0.9231163463866358, g: 0.004444444444444443, curr_delay = 0.7866142729956491, data_size = 1666
user 19, emp_avg: 0.06463402248258132, h: 3.7169221888498387, ucb: 3.788613772027472,num_of_obs: 1, privacy reward: 0.9231163463866358, g: 0.004444444444444443, curr_delay = 0.8684104310631603, data_size = 1666
user 20, emp_avg: 0.06560474303056295, h: 3.7169221888498387, ucb: 3.783974001332851,num_of_obs: 1, privacy reward: 0.9231163463866358, g: 0.004444444444444443, curr_delay = 0.7793300039023943, data_size = 1666
user 23, emp_avg: 0.06300695622417936, h: 3.7169221888498387, ucb: 3.78177558855302,num_of_obs: 1, privacy reward: 0.9231163463866358, g: 0.004444444444444443, curr_delay = 0.817520942120333, data_size = 1666
num of fast users chosen: 0, num of slow users chosen: 5
Shared resource constraint latency penalty: 0.0000 seconds
Shared resource constraint reward penalty: 0.0000
max_delay = 0.87 seconds
global epoch 10 has been done artifficialy in 0.87 secs, the total time by now is 6.64 
 with avg train loss 1.897, val loss 2.328, avg val acc 10.00%
iteration: 11
user 16, emp_avg: 0.06582600373165884, h: 3.793068894284709, ucb: 3.8545330807362554,num_of_obs: 1, privacy reward: 0.9231163463866358, g: 0.005739210284664828, curr_delay = 0.7123743019692049, data_size = 1666
user 17, emp_avg: 0.06908494832977166, h: 3.793068894284709, ucb: 3.8517735511069637,num_of_obs: 1, privacy reward: 0.9231163463866358, g: 0.005739210284664828, curr_delay = 0.6292059283075095, data_size = 1666
user 21, emp_avg: 0.06011112060655242, h: 3.793068894284709, ucb: 3.8535526338730723,num_of_obs: 1, privacy reward: 0.9231163463866358, g: 0.005739210284664828, curr_delay = 0.8369811535294998, data_size = 1666
user 24, emp_avg: 0.05674305676347803, h: 3.793068894284709, ucb: 3.852620086105233,num_of_obs: 1, privacy reward: 0.9231163463866358, g: 0.005739210284664828, curr_delay = 0.9270431553076205, data_size = 1666
user 25, emp_avg: 0.0638925326498334, h: 3.793068894284709, ucb: 3.8552715648251215,num_of_obs: 1, privacy reward: 0.9231163463866358, g: 0.005739210284664828, curr_delay = 0.7623997291276791, data_size = 1666
num of fast users chosen: 0, num of slow users chosen: 5
Shared resource constraint latency penalty: 0.0000 seconds
Shared resource constraint reward penalty: 0.0000
max_delay = 0.93 seconds
global epoch 11 has been done artifficialy in 0.93 secs, the total time by now is 7.56 
 with avg train loss 1.907, val loss 2.328, avg val acc 10.00%
iteration: 12
user 22, emp_avg: 0.06106980881478301, h: 3.8612743879097744, ucb: 3.918510072940149,num_of_obs: 1, privacy reward: 0.9231163463866358, g: 0.006944444444444444, curr_delay = 0.7703693443164787, data_size = 1666
user 26, emp_avg: 0.054821555049942856, h: 3.8612743879097744, ucb: 3.9116140571950946,num_of_obs: 1, privacy reward: 0.9231163463866358, g: 0.006944444444444444, curr_delay = 0.8431213992514136, data_size = 1666
user 27, emp_avg: 0.057134693406470136, h: 3.8612743879097744, ucb: 3.9192235804332625,num_of_obs: 1, privacy reward: 0.9231163463866358, g: 0.006944444444444444, curr_delay = 0.887781028293863, data_size = 1666
user 28, emp_avg: 0.05369285690720776, h: 3.8612743879097744, ucb: 3.914121823433718,num_of_obs: 1, privacy reward: 0.9231163463866358, g: 0.006944444444444444, curr_delay = 0.9167872834873715, data_size = 1666
user 29, emp_avg: 0.05821629296690849, h: 3.8612743879097744, ucb: 3.9196579088283334,num_of_obs: 1, privacy reward: 0.9231163463866358, g: 0.006944444444444444, curr_delay = 0.8613403159354546, data_size = 1666
num of fast users chosen: 0, num of slow users chosen: 5
Shared resource constraint latency penalty: 0.0500 seconds
Shared resource constraint reward penalty: 0.0500
Resource cluster collisions:
  Cluster 4: 2 users [np.int64(22), np.int64(28)] (excess: 1)
max_delay = 0.97 seconds
global epoch 12 has been done artifficialy in 0.97 secs, the total time by now is 8.53 
 with avg train loss 1.898, val loss 2.326, avg val acc 10.00%
iteration: 13
user 0, emp_avg: 0.8670345875078692, h: 2.7739589168523406, ucb: 3.7739589168523406,num_of_obs: 2, privacy reward: 0.8869204367171575, g: 0.00016436554898093314, curr_delay = 0.08318031447696408, data_size = 1666
user 2, emp_avg: 0.7897871511897995, h: 2.7739589168523406, ucb: 3.7074329007097013,num_of_obs: 2, privacy reward: 0.8869204367171575, g: 0.00016436554898093314, curr_delay = 0.09951962160200153, data_size = 1666
user 3, emp_avg: 0.6852049633977213, h: 2.7739589168523406, ucb: 3.5114507843629155,num_of_obs: 2, privacy reward: 0.8869204367171575, g: 0.00016436554898093314, curr_delay = 0.08611318830314456, data_size = 1666
user 4, emp_avg: 0.5994382400671528, h: 2.7739589168523406, ucb: 3.450584479776384,num_of_obs: 2, privacy reward: 0.8869204367171575, g: 0.00016436554898093314, curr_delay = 0.11234349570345004, data_size = 1666
user 10, emp_avg: 0.5259030217824844, h: 2.7739589168523406, ucb: 3.4153497247678244,num_of_obs: 2, privacy reward: 0.8869204367171575, g: 0.00016436554898093314, curr_delay = 0.1695332193797886, data_size = 1666
num of fast users chosen: 5, num of slow users chosen: 0
Shared resource constraint latency penalty: 0.0500 seconds
Shared resource constraint reward penalty: 0.0500
Resource cluster collisions:
  Cluster 4: 2 users [np.int64(4), np.int64(10)] (excess: 1)
max_delay = 0.22 seconds
global epoch 13 has been done artifficialy in 0.22 secs, the total time by now is 8.75 
 with avg train loss 1.905, val loss 2.328, avg val acc 10.00%
iteration: 14
user 1, emp_avg: 0.6858852866179096, h: 2.8137469660304877, ucb: 3.392878385858079,num_of_obs: 2, privacy reward: 0.8869204367171575, g: 0.0005668934240362811, curr_delay = 0.055593048730756454, data_size = 1666
user 6, emp_avg: 0.581479424765038, h: 2.8137469660304877, ucb: 3.3916803729703298,num_of_obs: 2, privacy reward: 0.8869204367171575, g: 0.0005668934240362811, curr_delay = 0.08495145171447605, data_size = 1666
user 8, emp_avg: 0.3938424564662831, h: 2.8137469660304877, ucb: 3.2477720349487837,num_of_obs: 2, privacy reward: 0.8869204367171575, g: 0.0005668934240362811, curr_delay = 0.15950121720425475, data_size = 1666
user 9, emp_avg: 0.4333828897210575, h: 2.8137469660304877, ucb: 3.281207009028824,num_of_obs: 2, privacy reward: 0.8869204367171575, g: 0.0005668934240362811, curr_delay = 0.13690056667116357, data_size = 1666
user 11, emp_avg: 0.5294051033147317, h: 2.8137469660304877, ucb: 3.2679728119290052,num_of_obs: 2, privacy reward: 0.8869204367171575, g: 0.0005668934240362811, curr_delay = 0.07355498097454179, data_size = 1666
num of fast users chosen: 5, num of slow users chosen: 0
Shared resource constraint latency penalty: 0.0000 seconds
Shared resource constraint reward penalty: 0.0000
max_delay = 0.16 seconds
global epoch 14 has been done artifficialy in 0.16 secs, the total time by now is 8.91 
 with avg train loss 1.892, val loss 2.325, avg val acc 10.00%
iteration: 15
user 5, emp_avg: 0.5331665486098938, h: 2.8502895648173414, ucb: 3.3976739864727654,num_of_obs: 2, privacy reward: 0.8869204367171575, g: 0.0011111111111111107, curr_delay = 0.09906270778497682, data_size = 1666
user 7, emp_avg: 0.3661137548710261, h: 2.8502895648173414, ucb: 3.270695234636474,num_of_obs: 2, privacy reward: 0.8869204367171575, g: 0.0011111111111111107, curr_delay = 0.19415219417661894, data_size = 1666
user 12, emp_avg: 0.336417421802467, h: 2.8502895648173414, ucb: 3.2174289031735395,num_of_obs: 2, privacy reward: 0.8869204367171575, g: 0.0011111111111111107, curr_delay = 0.18183564551524645, data_size = 1666
user 13, emp_avg: 0.30245189147087403, h: 2.8502895648173414, ucb: 3.1151522552445874,num_of_obs: 2, privacy reward: 0.8869204367171575, g: 0.0011111111111111107, curr_delay = 0.13240463186596374, data_size = 1666
user 14, emp_avg: 0.2691411203627683, h: 2.8502895648173414, ucb: 3.0814579966530844,num_of_obs: 2, privacy reward: 0.8869204367171575, g: 0.0011111111111111107, curr_delay = 0.14489120952074405, data_size = 1666
num of fast users chosen: 5, num of slow users chosen: 0
Shared resource constraint latency penalty: 0.0500 seconds
Shared resource constraint reward penalty: 0.0500
Resource cluster collisions:
  Cluster 1: 2 users [np.int64(7), np.int64(13)] (excess: 1)
max_delay = 0.24 seconds
global epoch 15 has been done artifficialy in 0.24 secs, the total time by now is 9.15 
 with avg train loss 1.881, val loss 2.331, avg val acc 10.00%
iteration: 16
user 15, emp_avg: 0.06776963401561602, h: 2.884053773201766, ucb: 2.951839950230437,num_of_obs: 2, privacy reward: 0.8869204367171575, g: 0.0017361111111111104, curr_delay = 0.7381539432411987, data_size = 1666
user 16, emp_avg: 0.06693558100977903, h: 2.884053773201766, ucb: 2.949879776933425,num_of_obs: 2, privacy reward: 0.8869204367171575, g: 0.0017361111111111104, curr_delay = 0.7230162850130039, data_size = 1666
user 17, emp_avg: 0.06803191747118777, h: 2.884053773201766, ucb: 2.9531387215315377,num_of_obs: 2, privacy reward: 0.8869204367171575, g: 0.0017361111111111104, curr_delay = 0.7584277735666878, data_size = 1666
user 19, emp_avg: 0.06547086741570682, h: 2.884053773201766, ucb: 2.9486877956843474,num_of_obs: 2, privacy reward: 0.8869204367171575, g: 0.0017361111111111104, curr_delay = 0.7446619953131381, data_size = 1666
user 20, emp_avg: 0.06366295460775735, h: 2.884053773201766, ucb: 2.9496585162323288,num_of_obs: 2, privacy reward: 0.8869204367171575, g: 0.0017361111111111104, curr_delay = 0.8364088398334127, data_size = 1666
num of fast users chosen: 0, num of slow users chosen: 5
Shared resource constraint latency penalty: 0.0000 seconds
Shared resource constraint reward penalty: 0.0000
max_delay = 0.84 seconds
global epoch 16 has been done artifficialy in 0.84 secs, the total time by now is 9.99 
 with avg train loss 1.853, val loss 2.339, avg val acc 10.00%
iteration: 17
user 18, emp_avg: 0.06569628130656535, h: 2.9154142127952674, ucb: 2.9790197851434743,num_of_obs: 2, privacy reward: 0.8869204367171575, g: 0.002402921953094963, curr_delay = 0.7155358656018982, data_size = 1666
user 21, emp_avg: 0.06182254754962104, h: 2.9154142127952674, ucb: 2.9755253334018197,num_of_obs: 2, privacy reward: 0.8869204367171575, g: 0.002402921953094963, curr_delay = 0.7663375333697784, data_size = 1666
user 22, emp_avg: 0.061751742144678025, h: 2.9154142127952674, ucb: 2.9764840216100503,num_of_obs: 2, privacy reward: 0.8869204367171575, g: 0.002402921953094963, curr_delay = 0.7921970641984905, data_size = 1666
user 23, emp_avg: 0.061449304602730896, h: 2.9154142127952674, ucb: 2.978421169019447,num_of_obs: 2, privacy reward: 0.8869204367171575, g: 0.002402921953094963, curr_delay = 0.8571330413556654, data_size = 1666
user 25, emp_avg: 0.06313560861084992, h: 2.9154142127952674, ucb: 2.9793067454451005,num_of_obs: 2, privacy reward: 0.8869204367171575, g: 0.002402921953094963, curr_delay = 0.8114016796602019, data_size = 1666
num of fast users chosen: 0, num of slow users chosen: 5
Shared resource constraint latency penalty: 0.0000 seconds
Shared resource constraint reward penalty: 0.0000
max_delay = 0.86 seconds
global epoch 17 has been done artifficialy in 0.86 secs, the total time by now is 10.85 
 with avg train loss 1.825, val loss 2.282, avg val acc 10.00%
iteration: 18
user 24, emp_avg: 0.058049612905971854, h: 2.944675750178361, ucb: 3.001418806941839,num_of_obs: 2, privacy reward: 0.8869204367171575, g: 0.0030864197530864196, curr_delay = 0.8242293738470466, data_size = 1666
user 26, emp_avg: 0.056888913144610136, h: 2.944675750178361, ucb: 2.999497305228304,num_of_obs: 2, privacy reward: 0.8869204367171575, g: 0.0030864197530864196, curr_delay = 0.8193547408722749, data_size = 1666
user 27, emp_avg: 0.06031245728688742, h: 2.944675750178361, ucb: 3.001810443584831,num_of_obs: 2, privacy reward: 0.8869204367171575, g: 0.0030864197530864196, curr_delay = 0.749985168506431, data_size = 1666
user 28, emp_avg: 0.05446012427310182, h: 2.944675750178361, ucb: 2.9983686070855686,num_of_obs: 2, privacy reward: 0.8869204367171575, g: 0.0030864197530864196, curr_delay = 0.8929423071517154, data_size = 1666
user 29, emp_avg: 0.0565725736869274, h: 2.944675750178361, ucb: 3.0028920431452693,num_of_obs: 2, privacy reward: 0.8869204367171575, g: 0.0030864197530864196, curr_delay = 0.9383480004482009, data_size = 1666
num of fast users chosen: 0, num of slow users chosen: 5
Shared resource constraint latency penalty: 0.0000 seconds
Shared resource constraint reward penalty: 0.0000
max_delay = 0.94 seconds
global epoch 18 has been done artifficialy in 0.94 secs, the total time by now is 11.79 
 with avg train loss 1.827, val loss 2.292, avg val acc 10.03%
iteration: 19
user 0, emp_avg: 0.7397783077577512, h: 2.426701044284788, ucb: 3.293735631792657,num_of_obs: 3, privacy reward: 0.8521437889662112, g: 7.694675284702985e-05, curr_delay = 0.1396611106640798, data_size = 1666
user 1, emp_avg: 0.7644139649634322, h: 2.426701044284788, ucb: 3.1125863309026975,num_of_obs: 3, privacy reward: 0.8521437889662112, g: 7.694675284702985e-05, curr_delay = 0.05, data_size = 1666
user 2, emp_avg: 0.8423403633923496, h: 2.426701044284788, ucb: 3.216488195474587,num_of_obs: 3, privacy reward: 0.8521437889662112, g: 7.694675284702985e-05, curr_delay = 0.05, data_size = 1666
user 3, emp_avg: 0.672910888182378, h: 2.426701044284788, ucb: 3.111906007682509,num_of_obs: 3, privacy reward: 0.8521437889662112, g: 7.694675284702985e-05, curr_delay = 0.0786128093671291, data_size = 1666
user 4, emp_avg: 0.6995786800503646, h: 2.426701044284788, ucb: 3.026139284351941,num_of_obs: 3, privacy reward: 0.8521437889662112, g: 7.694675284702985e-05, curr_delay = 0.05, data_size = 1666
num of fast users chosen: 5, num of slow users chosen: 0
Shared resource constraint latency penalty: 0.0000 seconds
Shared resource constraint reward penalty: 0.0000
max_delay = 0.14 seconds
global epoch 19 has been done artifficialy in 0.14 secs, the total time by now is 11.93 
 with avg train loss 1.838, val loss 2.293, avg val acc 10.24%
iteration: 20
user 5, emp_avg: 0.47030169066334304, h: 2.4477468306808166, ucb: 2.98091337929071,num_of_obs: 3, privacy reward: 0.8521437889662112, g: 0.00027777777777777767, curr_delay = 0.17748930365608395, data_size = 1666
user 6, emp_avg: 0.498197000490545, h: 2.4477468306808166, ucb: 3.0292262554458547,num_of_obs: 3, privacy reward: 0.8521437889662112, g: 0.00027777777777777767, curr_delay = 0.20132899065236448, data_size = 1666
user 8, emp_avg: 0.4725190843257707, h: 2.4477468306808166, ucb: 2.8415892871471,num_of_obs: 3, privacy reward: 0.8521437889662112, g: 0.00027777777777777767, curr_delay = 0.07056675299082213, data_size = 1666
user 9, emp_avg: 0.426714999085984, h: 2.4477468306808166, ucb: 2.881129720401874,num_of_obs: 3, privacy reward: 0.8521437889662112, g: 0.00027777777777777767, curr_delay = 0.12293731858069801, data_size = 1666
user 10, emp_avg: 0.4973781152716894, h: 2.4477468306808166, ucb: 2.973649852463301,num_of_obs: 3, privacy reward: 0.8521437889662112, g: 0.00027777777777777767, curr_delay = 0.12141716294066923, data_size = 1666
num of fast users chosen: 5, num of slow users chosen: 0
Shared resource constraint latency penalty: 0.0000 seconds
Shared resource constraint reward penalty: 0.0000
max_delay = 0.20 seconds
global epoch 20 has been done artifficialy in 0.20 secs, the total time by now is 12.13 
 with avg train loss 1.835, val loss 2.261, avg val acc 11.97%
iteration: 21
user 7, emp_avg: 0.4777634945594833, h: 2.467599010262171, ucb: 2.833712765133197,num_of_obs: 3, privacy reward: 0.8521437889662112, g: 0.0005668934240362811, curr_delay = 0.06152235490077472, data_size = 1666
user 11, emp_avg: 0.4519729873275792, h: 2.467599010262171, ucb: 2.9970041135769026,num_of_obs: 3, privacy reward: 0.8521437889662112, g: 0.0005668934240362811, curr_delay = 0.2276072692311542, data_size = 1666
user 12, emp_avg: 0.30975176071061383, h: 2.467599010262171, ucb: 2.804016432064638,num_of_obs: 3, privacy reward: 0.8521437889662112, g: 0.0005668934240362811, curr_delay = 0.21762333109322915, data_size = 1666
user 13, emp_avg: 0.31105466277161054, h: 2.467599010262171, ucb: 2.770050901733045,num_of_obs: 3, privacy reward: 0.8521437889662112, g: 0.0005668934240362811, curr_delay = 0.14842830308542435, data_size = 1666
user 14, emp_avg: 0.2756536970210758, h: 2.467599010262171, ucb: 2.7367401306249395,num_of_obs: 3, privacy reward: 0.8521437889662112, g: 0.0005668934240362811, curr_delay = 0.16938161283619485, data_size = 1666
num of fast users chosen: 5, num of slow users chosen: 0
Shared resource constraint latency penalty: 0.0500 seconds
Shared resource constraint reward penalty: 0.0500
Resource cluster collisions:
  Cluster 1: 2 users [np.int64(7), np.int64(13)] (excess: 1)
max_delay = 0.28 seconds
global epoch 21 has been done artifficialy in 0.28 secs, the total time by now is 12.40 
 with avg train loss 1.839, val loss 2.219, avg val acc 12.86%
iteration: 22
user 15, emp_avg: 0.06712720873041164, h: 2.48637987980852, ucb: 2.5541495138241364,num_of_obs: 3, privacy reward: 0.8521437889662112, g: 0.0009182736455463729, curr_delay = 0.7668719551600387, data_size = 1666
user 16, emp_avg: 0.06748480962280262, h: 2.48637987980852, ucb: 2.553315460818299,num_of_obs: 3, privacy reward: 0.8521437889662112, g: 0.0009182736455463729, curr_delay = 0.7232488812381297, data_size = 1666
user 17, emp_avg: 0.06873445226808943, h: 2.48637987980852, ucb: 2.554411797279708,num_of_obs: 3, privacy reward: 0.8521437889662112, g: 0.0009182736455463729, curr_delay = 0.7057954322362685, data_size = 1666
user 18, emp_avg: 0.06681387056066458, h: 2.48637987980852, ucb: 2.5520761611150853,num_of_obs: 3, privacy reward: 0.8521437889662112, g: 0.0009182736455463729, curr_delay = 0.7125893614834522, data_size = 1666
user 19, emp_avg: 0.0652937164093346, h: 2.48637987980852, ucb: 2.551850747224227,num_of_obs: 3, privacy reward: 0.8521437889662112, g: 0.0009182736455463729, curr_delay = 0.7720545481668928, data_size = 1666
num of fast users chosen: 0, num of slow users chosen: 5
Shared resource constraint latency penalty: 0.0000 seconds
Shared resource constraint reward penalty: 0.0000
max_delay = 0.77 seconds
global epoch 22 has been done artifficialy in 0.77 secs, the total time by now is 13.18 
 with avg train loss 1.779, val loss 2.160, avg val acc 21.42%
iteration: 23
user 20, emp_avg: 0.06517259743205173, h: 2.504194168162345, ucb: 2.567857122770102,num_of_obs: 3, privacy reward: 0.8521437889662112, g: 0.0013127494223902538, curr_delay = 0.7173444103389427, data_size = 1666
user 21, emp_avg: 0.06124465430696401, h: 2.504194168162345, ucb: 2.566016715711966,num_of_obs: 3, privacy reward: 0.8521437889662112, g: 0.0013127494223902538, curr_delay = 0.8401811658055043, data_size = 1666
user 22, emp_avg: 0.0600104188865369, h: 2.504194168162345, ucb: 2.565945910307023,num_of_obs: 3, privacy reward: 0.8521437889662112, g: 0.0013127494223902538, curr_delay = 0.9126344344325245, data_size = 1666
user 23, emp_avg: 0.06074267003920533, h: 2.504194168162345, ucb: 2.5656434727650756,num_of_obs: 3, privacy reward: 0.8521437889662112, g: 0.0013127494223902538, curr_delay = 0.8529109612919119, data_size = 1666
user 25, emp_avg: 0.062183918043227905, h: 2.504194168162345, ucb: 2.567329776773195,num_of_obs: 3, privacy reward: 0.8521437889662112, g: 0.0013127494223902538, curr_delay = 0.8427603616823511, data_size = 1666
num of fast users chosen: 0, num of slow users chosen: 5
Shared resource constraint latency penalty: 0.0000 seconds
Shared resource constraint reward penalty: 0.0000
max_delay = 0.91 seconds
global epoch 23 has been done artifficialy in 0.91 secs, the total time by now is 14.09 
 with avg train loss 1.766, val loss 2.194, avg val acc 17.47%
iteration: 24
user 24, emp_avg: 0.0597484793335392, h: 2.5211322180115605, ucb: 2.5791818309175323,num_of_obs: 3, privacy reward: 0.8521437889662112, g: 0.0017361111111111104, curr_delay = 0.7710685385378941, data_size = 1666
user 26, emp_avg: 0.05858675625771804, h: 2.5211322180115605, ucb: 2.5780211311561705,num_of_obs: 3, privacy reward: 0.8521437889662112, g: 0.0017361111111111104, curr_delay = 0.7851723579946183, data_size = 1666
user 27, emp_avg: 0.0600437394644196, h: 2.5211322180115605, ucb: 2.581444675298448,num_of_obs: 3, privacy reward: 0.8521437889662112, g: 0.0017361111111111104, curr_delay = 0.8440587029072822, data_size = 1666
user 28, emp_avg: 0.055060252070793125, h: 2.5211322180115605, ucb: 2.5755923422846623,num_of_obs: 3, privacy reward: 0.8521437889662112, g: 0.0017361111111111104, curr_delay = 0.8793429688588913, data_size = 1666
user 29, emp_avg: 0.05576202764471413, h: 2.5211322180115605, ucb: 2.577704791698488,num_of_obs: 3, privacy reward: 0.8521437889662112, g: 0.0017361111111111104, curr_delay = 0.9375517496089991, data_size = 1666
num of fast users chosen: 0, num of slow users chosen: 5
Shared resource constraint latency penalty: 0.0000 seconds
Shared resource constraint reward penalty: 0.0000
max_delay = 0.94 seconds
global epoch 24 has been done artifficialy in 0.94 secs, the total time by now is 15.03 
 with avg train loss 1.763, val loss 2.116, avg val acc 22.07%
iteration: 25
user 0, emp_avg: 0.791822646206201, h: 2.197342426046132, ucb: 2.937120733803883,num_of_obs: 4, privacy reward: 0.8187307530779817, g: 4.444444444444428e-05, curr_delay = 0.05, data_size = 1666
user 1, emp_avg: 0.6812976140283726, h: 2.197342426046132, ucb: 2.961756391009564,num_of_obs: 4, privacy reward: 0.8187307530779817, g: 4.444444444444428e-05, curr_delay = 0.14333538740215573, data_size = 1666
user 2, emp_avg: 0.783314906784399, h: 2.197342426046132, ucb: 3.0396827894384817,num_of_obs: 4, privacy reward: 0.8187307530779817, g: 4.444444444444428e-05, curr_delay = 0.09137208483353972, data_size = 1666
user 3, emp_avg: 0.6740859249801063, h: 2.197342426046132, ucb: 2.87025331422851,num_of_obs: 4, privacy reward: 0.8187307530779817, g: 4.444444444444428e-05, curr_delay = 0.07366091033671436, data_size = 1666
user 4, emp_avg: 0.6183925429377555, h: 2.197342426046132, ucb: 2.896921106096497,num_of_obs: 4, privacy reward: 0.8187307530779817, g: 4.444444444444428e-05, curr_delay = 0.17027189335072812, data_size = 1666
num of fast users chosen: 5, num of slow users chosen: 0
Shared resource constraint latency penalty: 0.0000 seconds
Shared resource constraint reward penalty: 0.0000
max_delay = 0.17 seconds
global epoch 25 has been done artifficialy in 0.17 secs, the total time by now is 15.20 
 with avg train loss 1.782, val loss 2.131, avg val acc 20.36%
iteration: 26
user 5, emp_avg: 0.45167947416039933, h: 2.2106887630402032, ucb: 2.6809904537035463,num_of_obs: 4, privacy reward: 0.8187307530779817, g: 0.00016436554898093314, curr_delay = 0.13255897395064112, data_size = 1666
user 6, emp_avg: 0.598557600392436, h: 2.2106887630402032, ucb: 2.7088857635307484,num_of_obs: 4, privacy reward: 0.8187307530779817, g: 0.00016436554898093314, curr_delay = 0.05, data_size = 1666
user 7, emp_avg: 0.507752059510205, h: 2.2106887630402032, ucb: 2.6884522575996863,num_of_obs: 4, privacy reward: 0.8187307530779817, g: 0.00016436554898093314, curr_delay = 0.07965508464964276, data_size = 1666
user 8, emp_avg: 0.42896301654028823, h: 2.2106887630402032, ucb: 2.683207847365974,num_of_obs: 4, privacy reward: 0.8187307530779817, g: 0.00016436554898093314, curr_delay = 0.19627952521243072, data_size = 1666
user 10, emp_avg: 0.4492096789331298, h: 2.2106887630402032, ucb: 2.7080668783118926,num_of_obs: 4, privacy reward: 0.8187307530779817, g: 0.00016436554898093314, curr_delay = 0.19490446933674374, data_size = 1666
num of fast users chosen: 5, num of slow users chosen: 0
Shared resource constraint latency penalty: 0.0000 seconds
Shared resource constraint reward penalty: 0.0000
max_delay = 0.20 seconds
global epoch 26 has been done artifficialy in 0.20 secs, the total time by now is 15.39 
 with avg train loss 1.779, val loss 2.159, avg val acc 20.59%
iteration: 27
user 9, emp_avg: 0.404966733936423, h: 2.2234557110512667, ucb: 2.6501707101372505,num_of_obs: 4, privacy reward: 0.8187307530779817, g: 0.0003429355281207133, curr_delay = 0.157245722499871, data_size = 1666
user 11, emp_avg: 0.4210524657374733, h: 2.2234557110512667, ucb: 2.675428698378846,num_of_obs: 4, privacy reward: 0.8187307530779817, g: 0.0003429355281207133, curr_delay = 0.168140485628539, data_size = 1666
user 12, emp_avg: 0.31479711724603576, h: 2.2234557110512667, ucb: 2.5332074717618807,num_of_obs: 4, privacy reward: 0.8187307530779817, g: 0.0003429355281207133, curr_delay = 0.14926329159574594, data_size = 1666
user 13, emp_avg: 0.295289838045527, h: 2.2234557110512667, ucb: 2.534510373822877,num_of_obs: 4, privacy reward: 0.8187307530779817, g: 0.0003429355281207133, curr_delay = 0.21530329380840268, data_size = 1666
user 14, emp_avg: 0.2860835668334808, h: 2.2234557110512667, ucb: 2.4991094080723424,num_of_obs: 4, privacy reward: 0.8187307530779817, g: 0.0003429355281207133, curr_delay = 0.15253061433518408, data_size = 1666
num of fast users chosen: 5, num of slow users chosen: 0
Shared resource constraint latency penalty: 0.0000 seconds
Shared resource constraint reward penalty: 0.0000
max_delay = 0.22 seconds
global epoch 27 has been done artifficialy in 0.22 secs, the total time by now is 15.61 
 with avg train loss 1.769, val loss 2.061, avg val acc 23.81%
iteration: 28
user 15, emp_avg: 0.06745596842225624, h: 2.235689326642413, ucb: 2.3028165353728247,num_of_obs: 4, privacy reward: 0.8187307530779817, g: 0.0005668934240362811, curr_delay = 0.7270505703388354, data_size = 1666
user 16, emp_avg: 0.06782405301147862, h: 2.235689326642413, ucb: 2.3031741362652154,num_of_obs: 4, privacy reward: 0.8187307530779817, g: 0.0005668934240362811, curr_delay = 0.7227415157271054, data_size = 1666
user 17, emp_avg: 0.06828616297662882, h: 2.235689326642413, ucb: 2.304423778910502,num_of_obs: 4, privacy reward: 0.8187307530779817, g: 0.0005668934240362811, curr_delay = 0.7519587870983131, data_size = 1666
user 18, emp_avg: 0.06611144486203856, h: 2.235689326642413, ucb: 2.3025031972030776,num_of_obs: 4, privacy reward: 0.8187307530779817, g: 0.0005668934240362811, curr_delay = 0.7898676776802872, data_size = 1666
user 19, emp_avg: 0.0661012365905281, h: 2.235689326642413, ucb: 2.3009830430517475,num_of_obs: 4, privacy reward: 0.8187307530779817, g: 0.0005668934240362811, curr_delay = 0.7211748158860449, data_size = 1666
num of fast users chosen: 0, num of slow users chosen: 5
Shared resource constraint latency penalty: 0.0000 seconds
Shared resource constraint reward penalty: 0.0000
max_delay = 0.79 seconds
global epoch 28 has been done artifficialy in 0.79 secs, the total time by now is 16.40 
 with avg train loss 1.737, val loss 2.057, avg val acc 26.00%
iteration: 29
user 20, emp_avg: 0.0670289063560148, h: 2.2474304761170503, ucb: 2.312603073549102,num_of_obs: 4, privacy reward: 0.8187307530779817, g: 0.0008257365570088515, curr_delay = 0.6715543101036396, data_size = 1666
user 22, emp_avg: 0.060550088944846814, h: 2.2474304761170503, ucb: 2.307440895003587,num_of_obs: 4, privacy reward: 0.8187307530779817, g: 0.0008257365570088515, curr_delay = 0.7973366509236555, data_size = 1666
user 23, emp_avg: 0.06055488586536637, h: 2.2474304761170503, ucb: 2.3081731461562556,num_of_obs: 4, privacy reward: 0.8187307530779817, g: 0.0008257365570088515, curr_delay = 0.8360679839295637, data_size = 1666
user 25, emp_avg: 0.06178244176254766, h: 2.2474304761170503, ucb: 2.309614394160278,num_of_obs: 4, privacy reward: 0.8187307530779817, g: 0.0008257365570088515, curr_delay = 0.830888628557405, data_size = 1666
user 27, emp_avg: 0.05915571198936618, h: 2.2474304761170503, ucb: 2.30747421558147,num_of_obs: 4, privacy reward: 0.8187307530779817, g: 0.0008257365570088515, curr_delay = 0.8992223187237415, data_size = 1666
num of fast users chosen: 0, num of slow users chosen: 5
Shared resource constraint latency penalty: 0.0000 seconds
Shared resource constraint reward penalty: 0.0000
max_delay = 0.90 seconds
global epoch 29 has been done artifficialy in 0.90 secs, the total time by now is 17.30 
 with avg train loss 1.705, val loss 1.949, avg val acc 27.87%
iteration: 30
user 21, emp_avg: 0.06112021357528774, h: 2.2587155802564505, ucb: 2.3199602345634145,num_of_obs: 4, privacy reward: 0.8187307530779817, g: 0.0011111111111111107, curr_delay = 0.8247769508666176, data_size = 1666
user 24, emp_avg: 0.058924253340069566, h: 2.2587155802564505, ucb: 2.3184640595899895,num_of_obs: 4, privacy reward: 0.8187307530779817, g: 0.0011111111111111107, curr_delay = 0.898838441336714, data_size = 1666
user 26, emp_avg: 0.05909012668717042, h: 2.2587155802564505, ucb: 2.3173023365141687,num_of_obs: 4, privacy reward: 0.8187307530779817, g: 0.0011111111111111107, curr_delay = 0.8182822799696561, data_size = 1666
user 28, emp_avg: 0.05695915421290648, h: 2.2587155802564505, ucb: 2.3137758323272437,num_of_obs: 4, privacy reward: 0.8187307530779817, g: 0.0011111111111111107, curr_delay = 0.7745361898291634, data_size = 1666
user 29, emp_avg: 0.0557575604278945, h: 2.2587155802564505, ucb: 2.3144776079011646,num_of_obs: 4, privacy reward: 0.8187307530779817, g: 0.0011111111111111107, curr_delay = 0.8970268510658297, data_size = 1666
num of fast users chosen: 0, num of slow users chosen: 5
Shared resource constraint latency penalty: 0.0000 seconds
Shared resource constraint reward penalty: 0.0000
max_delay = 0.90 seconds
global epoch 30 has been done artifficialy in 0.90 secs, the total time by now is 18.20 
 with avg train loss 1.706, val loss 1.974, avg val acc 27.58%
iteration: 31
user 0, emp_avg: 0.8265188718385009, h: 2.0299715873337183, ucb: 2.8217942335399195,num_of_obs: 5, privacy reward: 0.7866278610665532, g: 2.8905075731298364e-05, curr_delay = 0.05, data_size = 1666
user 1, emp_avg: 0.6429621356545853, h: 2.0299715873337183, ucb: 2.711269201362091,num_of_obs: 5, privacy reward: 0.7866278610665532, g: 2.8905075731298364e-05, curr_delay = 0.11079479350569195, data_size = 1666
user 2, emp_avg: 0.7134896517643005, h: 2.0299715873337183, ucb: 2.8132864941181173,num_of_obs: 5, privacy reward: 0.7866278610665532, g: 2.8905075731298364e-05, curr_delay = 0.13722564670964213, data_size = 1666
user 3, emp_avg: 0.6905825994928976, h: 2.0299715873337183, ucb: 2.704057512313825,num_of_obs: 5, privacy reward: 0.7866278610665532, g: 2.8905075731298364e-05, curr_delay = 0.06467753310492734, data_size = 1666
user 4, emp_avg: 0.6070952178754299, h: 2.0299715873337183, ucb: 2.6483641302714735,num_of_obs: 5, privacy reward: 0.7866278610665532, g: 2.8905075731298364e-05, curr_delay = 0.0908086082841256, data_size = 1666
num of fast users chosen: 5, num of slow users chosen: 0
Shared resource constraint latency penalty: 0.0000 seconds
Shared resource constraint reward penalty: 0.0000
max_delay = 0.14 seconds
global epoch 31 has been done artifficialy in 0.14 secs, the total time by now is 18.33 
 with avg train loss 1.714, val loss 1.946, avg val acc 25.77%
iteration: 32
user 5, emp_avg: 0.42193713190276827, h: 2.039333980337618, ucb: 2.491013454498017,num_of_obs: 5, privacy reward: 0.7866278610665532, g: 0.00010850694444444425, curr_delay = 0.1829990777853921, data_size = 1666
user 6, emp_avg: 0.550124549624388, h: 2.039333980337618, ucb: 2.637891580730054,num_of_obs: 5, privacy reward: 0.7866278610665532, g: 0.00010850694444444425, curr_delay = 0.16235911915789536, data_size = 1666
user 7, emp_avg: 0.5094145199669526, h: 2.039333980337618, ucb: 2.547086039847823,num_of_obs: 5, privacy reward: 0.7866278610665532, g: 0.00010850694444444425, curr_delay = 0.09657602784155012, data_size = 1666
user 8, emp_avg: 0.3988296939147482, h: 2.039333980337618, ucb: 2.468296996877906,num_of_obs: 5, privacy reward: 0.7866278610665532, g: 0.00010850694444444425, curr_delay = 0.20148041296644614, data_size = 1666
user 10, emp_avg: 0.42854472519504966, h: 2.039333980337618, ucb: 2.4885436592707477,num_of_obs: 5, privacy reward: 0.7866278610665532, g: 0.00010850694444444425, curr_delay = 0.1537421028444338, data_size = 1666
num of fast users chosen: 5, num of slow users chosen: 0
Shared resource constraint latency penalty: 0.0000 seconds
Shared resource constraint reward penalty: 0.0000
max_delay = 0.20 seconds
global epoch 32 has been done artifficialy in 0.20 secs, the total time by now is 18.54 
 with avg train loss 1.716, val loss 2.052, avg val acc 25.15%
iteration: 33
user 9, emp_avg: 0.3887864353477426, h: 2.0483674166906134, ucb: 2.4533341506270365,num_of_obs: 5, privacy reward: 0.7866278610665532, g: 0.0002295684113865928, curr_delay = 0.16239832844548732, data_size = 1666
user 11, emp_avg: 0.4383098086746711, h: 2.0483674166906134, ucb: 2.469419882428087,num_of_obs: 5, privacy reward: 0.7866278610665532, g: 0.0002295684113865928, curr_delay = 0.09531134457333218, data_size = 1666
user 12, emp_avg: 0.33662812208189435, h: 2.0483674166906134, ucb: 2.363164533936649,num_of_obs: 5, privacy reward: 0.7866278610665532, g: 0.0002295684113865928, curr_delay = 0.11216215870732951, data_size = 1666
user 13, emp_avg: 0.2820195454360406, h: 2.0483674166906134, ucb: 2.3436572547361405,num_of_obs: 5, privacy reward: 0.7866278610665532, g: 0.0002295684113865928, curr_delay = 0.23183773623908774, data_size = 1666
user 14, emp_avg: 0.28177285990894485, h: 2.0483674166906134, ucb: 2.334450983524094,num_of_obs: 5, privacy reward: 0.7866278610665532, g: 0.0002295684113865928, curr_delay = 0.1921456061919897, data_size = 1666
num of fast users chosen: 5, num of slow users chosen: 0
Shared resource constraint latency penalty: 0.0000 seconds
Shared resource constraint reward penalty: 0.0000
max_delay = 0.23 seconds
global epoch 33 has been done artifficialy in 0.23 secs, the total time by now is 18.77 
 with avg train loss 1.702, val loss 1.977, avg val acc 27.72%
iteration: 34
user 15, emp_avg: 0.06876460742328495, h: 2.0570932476529578, ucb: 2.124549216075214,num_of_obs: 5, privacy reward: 0.7866278610665532, g: 0.0003844675124951936, curr_delay = 0.6639418279071315, data_size = 1666
user 16, emp_avg: 0.06760836188850756, h: 2.0570932476529578, ucb: 2.1249173006644364,num_of_obs: 5, privacy reward: 0.7866278610665532, g: 0.0003844675124951936, curr_delay = 0.751541717108978, data_size = 1666
user 17, emp_avg: 0.06747569283272363, h: 2.0570932476529578, ucb: 2.1253794106295865,num_of_obs: 5, privacy reward: 0.7866278610665532, g: 0.0003844675124951936, curr_delay = 0.7883532834135463, data_size = 1666
user 18, emp_avg: 0.06605027354977933, h: 2.0570932476529578, ucb: 2.1232046925149963,num_of_obs: 5, privacy reward: 0.7866278610665532, g: 0.0003844675124951936, curr_delay = 0.7605208516604349, data_size = 1666
user 20, emp_avg: 0.06545434638474627, h: 2.0570932476529578, ucb: 2.1241221540089725,num_of_obs: 5, privacy reward: 0.7866278610665532, g: 0.0003844675124951936, curr_delay = 0.8683337460437283, data_size = 1666
num of fast users chosen: 0, num of slow users chosen: 5
Shared resource constraint latency penalty: 0.0000 seconds
Shared resource constraint reward penalty: 0.0000
max_delay = 0.87 seconds
global epoch 34 has been done artifficialy in 0.87 secs, the total time by now is 19.64 
 with avg train loss 1.676, val loss 1.845, avg val acc 31.94%
iteration: 35
user 19, emp_avg: 0.06691039626250579, h: 2.06553084551824, ucb: 2.1316320821087684,num_of_obs: 5, privacy reward: 0.7866278610665532, g: 0.0005668934240362811, curr_delay = 0.704660111299426, data_size = 1666
user 22, emp_avg: 0.06029740965935307, h: 2.06553084551824, ucb: 2.126080934463087,num_of_obs: 5, privacy reward: 0.7866278610665532, g: 0.0005668934240362811, curr_delay = 0.8469693531354725, data_size = 1666
user 23, emp_avg: 0.05983178368160021, h: 2.06553084551824, ucb: 2.1260857313836063,num_of_obs: 5, privacy reward: 0.7866278610665532, g: 0.0005668934240362811, curr_delay = 0.8894221822744834, data_size = 1666
user 26, emp_avg: 0.05866635817464828, h: 2.06553084551824, ucb: 2.1246209722054106,num_of_obs: 5, privacy reward: 0.7866278610665532, g: 0.0005668934240362811, curr_delay = 0.8842121436959511, data_size = 1666
user 27, emp_avg: 0.05855847140241712, h: 2.06553084551824, ucb: 2.1246865575076064,num_of_obs: 5, privacy reward: 0.7866278610665532, g: 0.0005668934240362811, curr_delay = 0.8997293322493505, data_size = 1666
num of fast users chosen: 0, num of slow users chosen: 5
Shared resource constraint latency penalty: 0.0000 seconds
Shared resource constraint reward penalty: 0.0000
max_delay = 0.90 seconds
global epoch 35 has been done artifficialy in 0.90 secs, the total time by now is 20.54 
 with avg train loss 1.662, val loss 1.845, avg val acc 31.95%
iteration: 36
user 21, emp_avg: 0.061275246407959706, h: 2.0736978386802964, ucb: 2.134818052255584,num_of_obs: 5, privacy reward: 0.7866278610665532, g: 0.000771604938271604, curr_delay = 0.8057964409845598, data_size = 1666
user 24, emp_avg: 0.05973906007397919, h: 2.0736978386802964, ucb: 2.132622092020366,num_of_obs: 5, privacy reward: 0.7866278610665532, g: 0.000771604938271604, curr_delay = 0.783538253151558, data_size = 1666
user 25, emp_avg: 0.06108884606307999, h: 2.0736978386802964, ucb: 2.1354802804428443,num_of_obs: 5, privacy reward: 0.7866278610665532, g: 0.000771604938271604, curr_delay = 0.8677411866968727, data_size = 1666
user 28, emp_avg: 0.05678303331514628, h: 2.0736978386802964, ucb: 2.130656992893203,num_of_obs: 5, privacy reward: 0.7866278610665532, g: 0.000771604938271604, curr_delay = 0.8944155209305746, data_size = 1666
user 29, emp_avg: 0.05632277362026574, h: 2.0736978386802964, ucb: 2.129455399108191,num_of_obs: 5, privacy reward: 0.7866278610665532, g: 0.000771604938271604, curr_delay = 0.8453251213927918, data_size = 1666
num of fast users chosen: 0, num of slow users chosen: 5
Shared resource constraint latency penalty: 0.0000 seconds
Shared resource constraint reward penalty: 0.0000
max_delay = 0.89 seconds
global epoch 36 has been done artifficialy in 0.89 secs, the total time by now is 21.43 
 with avg train loss 1.653, val loss 1.848, avg val acc 31.99%
iteration: 37
user 0, emp_avg: 0.8451240675796641, h: 1.9002415406058841, ucb: 2.726760412444385,num_of_obs: 6, privacy reward: 0.7557837414557254, g: 2.029056083110121e-05, curr_delay = 0.052259969743241416, data_size = 1666
user 1, emp_avg: 0.6150422769465386, h: 1.9002415406058841, ucb: 2.5432036762604695,num_of_obs: 6, privacy reward: 0.7557837414557254, g: 2.029056083110121e-05, curr_delay = 0.11172607009685229, data_size = 1666
user 2, emp_avg: 0.7180811783705291, h: 1.9002415406058841, ucb: 2.6137311923701847,num_of_obs: 6, privacy reward: 0.7557837414557254, g: 2.029056083110121e-05, curr_delay = 0.06705735731406112, data_size = 1666
user 3, emp_avg: 0.6605877953616407, h: 1.9002415406058841, ucb: 2.590824140098782,num_of_obs: 6, privacy reward: 0.7557837414557254, g: 2.029056083110121e-05, curr_delay = 0.10403251444751554, data_size = 1666
user 4, emp_avg: 0.5524021799345379, h: 1.9002415406058841, ucb: 2.5073367584813138,num_of_obs: 6, privacy reward: 0.7557837414557254, g: 2.029056083110121e-05, curr_delay = 0.22297145358693873, data_size = 1666
num of fast users chosen: 5, num of slow users chosen: 0
Shared resource constraint latency penalty: 0.0000 seconds
Shared resource constraint reward penalty: 0.0000
max_delay = 0.22 seconds
global epoch 37 has been done artifficialy in 0.22 secs, the total time by now is 21.65 
 with avg train loss 1.660, val loss 1.899, avg val acc 28.92%
iteration: 38
user 6, emp_avg: 0.5580160419750798, h: 1.9072456998840988, ucb: 2.457370249508487,num_of_obs: 6, privacy reward: 0.7557837414557254, g: 7.694675284702985e-05, curr_delay = 0.08259479871455261, data_size = 1666
user 7, emp_avg: 0.47242116133960355, h: 1.9072456998840988, ucb: 2.4166602198510514,num_of_obs: 6, privacy reward: 0.7557837414557254, g: 7.694675284702985e-05, curr_delay = 0.19963187118323106, data_size = 1666
user 8, emp_avg: 0.39406595828437, h: 1.9072456998840988, ucb: 2.3060753937988467,num_of_obs: 6, privacy reward: 0.7557837414557254, g: 7.694675284702985e-05, curr_delay = 0.13680506483025134, data_size = 1666
user 10, emp_avg: 0.39930312721307154, h: 1.9072456998840988, ucb: 2.3357904250791486,num_of_obs: 6, privacy reward: 0.7557837414557254, g: 7.694675284702985e-05, curr_delay = 0.22336032814855789, data_size = 1666
user 11, emp_avg: 0.41632630667949533, h: 1.9072456998840988, ucb: 2.34555550855877,num_of_obs: 6, privacy reward: 0.7557837414557254, g: 7.694675284702985e-05, curr_delay = 0.17579308496895174, data_size = 1666
num of fast users chosen: 5, num of slow users chosen: 0
Shared resource constraint latency penalty: 0.0000 seconds
Shared resource constraint reward penalty: 0.0000
max_delay = 0.22 seconds
global epoch 38 has been done artifficialy in 0.22 secs, the total time by now is 21.88 
 with avg train loss 1.667, val loss 1.874, avg val acc 31.69%
iteration: 39
user 5, emp_avg: 0.4163903510335006, h: 1.9140432717495302, ucb: 2.3359804036522984,num_of_obs: 6, privacy reward: 0.7557837414557254, g: 0.00016436554898093314, curr_delay = 0.13051093318999368, data_size = 1666
user 9, emp_avg: 0.4112996396620309, h: 1.9140432717495302, ucb: 2.3028297070972727,num_of_obs: 6, privacy reward: 0.7557837414557254, g: 0.00016436554898093314, curr_delay = 0.09151159232682529, data_size = 1666
user 12, emp_avg: 0.341407697459196, h: 1.9140432717495302, ucb: 2.2506713938314244,num_of_obs: 6, privacy reward: 0.7557837414557254, g: 0.00016436554898093314, curr_delay = 0.13510404304907395, data_size = 1666
user 13, emp_avg: 0.28491325261152145, h: 1.9140432717495302, ucb: 2.1960628171855707,num_of_obs: 6, privacy reward: 0.7557837414557254, g: 0.00016436554898093314, curr_delay = 0.16541201889388737, data_size = 1666
user 14, emp_avg: 0.2761347002789441, h: 1.9140432717495302, ucb: 2.195816131658475,num_of_obs: 6, privacy reward: 0.7557837414557254, g: 0.00016436554898093314, curr_delay = 0.20635086681950507, data_size = 1666
num of fast users chosen: 5, num of slow users chosen: 0
Shared resource constraint latency penalty: 0.0000 seconds
Shared resource constraint reward penalty: 0.0000
max_delay = 0.21 seconds
global epoch 39 has been done artifficialy in 0.21 secs, the total time by now is 22.08 
 with avg train loss 1.653, val loss 1.840, avg val acc 31.14%
iteration: 40
user 15, emp_avg: 0.06837306462930573, h: 1.9206455826398414, ucb: 1.9894101900631265,num_of_obs: 6, privacy reward: 0.7557837414557254, g: 0.00027777777777777767, curr_delay = 0.7573025794257419, data_size = 1666
user 16, emp_avg: 0.06768670681388973, h: 1.9206455826398414, ucb: 1.988253944528349,num_of_obs: 6, privacy reward: 0.7557837414557254, g: 0.00027777777777777767, curr_delay = 0.7336027709316442, data_size = 1666
user 17, emp_avg: 0.06704638080723004, h: 1.9206455826398414, ucb: 1.988121275472565,num_of_obs: 6, privacy reward: 0.7557837414557254, g: 0.00027777777777777767, curr_delay = 0.775548402574758, data_size = 1666
user 18, emp_avg: 0.06637598567071752, h: 1.9206455826398414, ucb: 1.9866958561896206,num_of_obs: 6, privacy reward: 0.7557837414557254, g: 0.00027777777777777767, curr_delay = 0.731740244709411, data_size = 1666
user 19, emp_avg: 0.06615514809786337, h: 1.9206455826398414, ucb: 1.9875559789023471,num_of_obs: 6, privacy reward: 0.7557837414557254, g: 0.00027777777777777767, curr_delay = 0.8113766810039869, data_size = 1666
num of fast users chosen: 0, num of slow users chosen: 5
Shared resource constraint latency penalty: 0.0000 seconds
Shared resource constraint reward penalty: 0.0000
max_delay = 0.81 seconds
global epoch 40 has been done artifficialy in 0.81 secs, the total time by now is 22.89 
 with avg train loss 1.616, val loss 1.833, avg val acc 31.19%
iteration: 41
user 20, emp_avg: 0.06602834170061446, h: 1.9270630676509546, ucb: 1.992517414035701,num_of_obs: 6, privacy reward: 0.7557837414557254, g: 0.0004131138872364333, curr_delay = 0.7197111685511193, data_size = 1666
user 21, emp_avg: 0.062235204586742296, h: 1.9270630676509546, ucb: 1.9883383140589144,num_of_obs: 6, privacy reward: 0.7557837414557254, g: 0.0004131138872364333, curr_delay = 0.7353486885281513, data_size = 1666
user 22, emp_avg: 0.06053459634081078, h: 1.9270630676509546, ucb: 1.9873604773103077,num_of_obs: 6, privacy reward: 0.7557837414557254, g: 0.0004131138872364333, curr_delay = 0.807001982664219, data_size = 1666
user 23, emp_avg: 0.06064120624739929, h: 1.9270630676509546, ucb: 1.9868948513325548,num_of_obs: 6, privacy reward: 0.7557837414557254, g: 0.0004131138872364333, curr_delay = 0.7633850991862274, data_size = 1666
user 25, emp_avg: 0.059904403419909595, h: 1.9270630676509546, ucb: 1.9881519137140347,num_of_obs: 6, privacy reward: 0.7557837414557254, g: 0.0004131138872364333, curr_delay = 0.9470100962610042, data_size = 1666
num of fast users chosen: 0, num of slow users chosen: 5
Shared resource constraint latency penalty: 0.0000 seconds
Shared resource constraint reward penalty: 0.0000
max_delay = 0.95 seconds
global epoch 41 has been done artifficialy in 0.95 secs, the total time by now is 23.84 
 with avg train loss 1.608, val loss 1.732, avg val acc 37.25%
iteration: 42
user 24, emp_avg: 0.06047804855958503, h: 1.933305360847936, ucb: 1.9930444209219151,num_of_obs: 6, privacy reward: 0.7557837414557254, g: 0.0005668934240362811, curr_delay = 0.7702738447627819, data_size = 1666
user 26, emp_avg: 0.05854037916784021, h: 1.933305360847936, ucb: 1.9919717190225843,num_of_obs: 6, privacy reward: 0.7557837414557254, g: 0.0005668934240362811, curr_delay = 0.8652838661526318, data_size = 1666
user 27, emp_avg: 0.057777592598405744, h: 1.933305360847936, ucb: 1.9918638322503532,num_of_obs: 6, privacy reward: 0.7557837414557254, g: 0.0005668934240362811, curr_delay = 0.9417557984378719, data_size = 1666
user 28, emp_avg: 0.05654970434324225, h: 1.933305360847936, ucb: 1.9900883941630823,num_of_obs: 6, privacy reward: 0.7557837414557254, g: 0.0005668934240362811, curr_delay = 0.9066227438642775, data_size = 1666
user 29, emp_avg: 0.05687999138952406, h: 1.933305360847936, ucb: 1.9896281344682019,num_of_obs: 6, privacy reward: 0.7557837414557254, g: 0.0005668934240362811, curr_delay = 0.8302434714848625, data_size = 1666
num of fast users chosen: 0, num of slow users chosen: 5
Shared resource constraint latency penalty: 0.0000 seconds
Shared resource constraint reward penalty: 0.0000
max_delay = 0.94 seconds
global epoch 42 has been done artifficialy in 0.94 secs, the total time by now is 24.78 
 with avg train loss 1.601, val loss 1.671, avg val acc 38.81%
iteration: 43
user 0, emp_avg: 0.7988673693124444, h: 1.7955182576213544, ucb: 2.6406423252010187,num_of_obs: 7, privacy reward: 0.7261490370736907, g: 1.5023135628868296e-05, curr_delay = 0.1052475410558933, data_size = 1666
user 1, emp_avg: 0.5886276573540654, h: 1.7955182576213544, ucb: 2.410560534567893,num_of_obs: 7, privacy reward: 0.7261490370736907, g: 1.5023135628868296e-05, curr_delay = 0.12384657958632458, data_size = 1666
user 2, emp_avg: 0.682115778444374, h: 1.7955182576213544, ucb: 2.5135994359918836,num_of_obs: 7, privacy reward: 0.7261490370736907, g: 1.5023135628868296e-05, curr_delay = 0.11618234689334678, data_size = 1666
user 3, emp_avg: 0.6084614765607731, h: 1.7955182576213544, ucb: 2.456106052982995,num_of_obs: 7, privacy reward: 0.7261490370736907, g: 1.5023135628868296e-05, curr_delay = 0.20527369052597222, data_size = 1666
user 4, emp_avg: 0.5594190152684768, h: 1.7955182576213544, ucb: 2.347920437555892,num_of_obs: 7, privacy reward: 0.7261490370736907, g: 1.5023135628868296e-05, curr_delay = 0.08216429122448854, data_size = 1666
num of fast users chosen: 5, num of slow users chosen: 0
Shared resource constraint latency penalty: 0.0000 seconds
Shared resource constraint reward penalty: 0.0000
max_delay = 0.21 seconds
global epoch 43 has been done artifficialy in 0.21 secs, the total time by now is 24.99 
 with avg train loss 1.603, val loss 1.706, avg val acc 37.40%
iteration: 44
user 6, emp_avg: 0.5369943863859489, h: 1.8009972556300802, ucb: 2.35901329760516,num_of_obs: 7, privacy reward: 0.7261490370736907, g: 5.73921028466482e-05, curr_delay = 0.1282568264725244, data_size = 1666
user 7, emp_avg: 0.4517952619139294, h: 1.8009972556300802, ucb: 2.2734184169696836,num_of_obs: 7, privacy reward: 0.7261490370736907, g: 5.73921028466482e-05, curr_delay = 0.16264713233848505, data_size = 1666
user 9, emp_avg: 0.3997303441764743, h: 1.8009972556300802, ucb: 2.212296895292111,num_of_obs: 7, privacy reward: 0.7261490370736907, g: 5.73921028466482e-05, curr_delay = 0.15686507000935215, data_size = 1666
user 10, emp_avg: 0.38838815003396066, h: 1.8009972556300802, ucb: 2.2003003828431518,num_of_obs: 7, privacy reward: 0.7261490370736907, g: 5.73921028466482e-05, curr_delay = 0.16026498351860158, data_size = 1666
user 11, emp_avg: 0.4030974971570132, h: 1.8009972556300802, ucb: 2.2173235623095753,num_of_obs: 7, privacy reward: 0.7261490370736907, g: 5.73921028466482e-05, curr_delay = 0.16103275821624355, data_size = 1666
num of fast users chosen: 5, num of slow users chosen: 0
Shared resource constraint latency penalty: 0.0000 seconds
Shared resource constraint reward penalty: 0.0000
max_delay = 0.16 seconds
global epoch 44 has been done artifficialy in 0.16 secs, the total time by now is 25.15 
 with avg train loss 1.625, val loss 1.791, avg val acc 35.51%
iteration: 45
user 3, emp_avg: 0.5796089368413688, h: 1.6896735978666826, ucb: 2.2981350744274556,num_of_obs: 8, privacy reward: 0.6976763260710308, g: -0.00012345679012345715, curr_delay = 0.14335330129465151, data_size = 1666
user 5, emp_avg: 0.4055225084407835, h: 1.8063370567699357, ucb: 2.2227274078034363,num_of_obs: 7, privacy reward: 0.7261490370736907, g: 0.00012345679012345652, curr_delay = 0.151769199223267, data_size = 1666
user 8, emp_avg: 0.3753375871559118, h: 1.8063370567699357, ucb: 2.200403015054306,num_of_obs: 7, privacy reward: 0.7261490370736907, g: 0.00012345679012345652, curr_delay = 0.20471751931239845, data_size = 1666
user 12, emp_avg: 0.3378712108499539, h: 1.8063370567699357, ucb: 2.147744754229132,num_of_obs: 7, privacy reward: 0.7261490370736907, g: 0.00012345679012345652, curr_delay = 0.1596853281367514, data_size = 1666
user 13, emp_avg: 0.27708123214596214, h: 1.8063370567699357, ucb: 2.091250309381457,num_of_obs: 7, privacy reward: 0.7261490370736907, g: 0.00012345679012345652, curr_delay = 0.22496470303995764, data_size = 1666
num of fast users chosen: 5, num of slow users chosen: 0
Shared resource constraint latency penalty: 0.0000 seconds
Shared resource constraint reward penalty: 0.0000
max_delay = 0.22 seconds
global epoch 45 has been done artifficialy in 0.22 secs, the total time by now is 25.38 
 with avg train loss 1.598, val loss 1.686, avg val acc 36.42%
iteration: 46
user 14, emp_avg: 0.28320651604586433, h: 1.8115442654161342, ucb: 2.0876789656950785,num_of_obs: 7, privacy reward: 0.7261490370736907, g: 0.0002100399075824401, curr_delay = 0.15028137493769883, data_size = 1666
user 15, emp_avg: 0.06818872142620512, h: 1.8115442654161342, ucb: 1.87991733004544,num_of_obs: 7, privacy reward: 0.7261490370736907, g: 0.0002100399075824401, curr_delay = 0.7474029354405162, data_size = 1666
user 16, emp_avg: 0.06671088424931655, h: 1.8115442654161342, ucb: 1.879230972230024,num_of_obs: 7, privacy reward: 0.7261490370736907, g: 0.0002100399075824401, curr_delay = 0.8350015788502264, data_size = 1666
user 17, emp_avg: 0.06698145968441661, h: 1.8115442654161342, ucb: 1.8785906462233644,num_of_obs: 7, privacy reward: 0.7261490370736907, g: 0.0002100399075824401, curr_delay = 0.7515744150922332, data_size = 1666
user 18, emp_avg: 0.06722010296321432, h: 1.8115442654161342, ucb: 1.8779202510868518,num_of_obs: 7, privacy reward: 0.7261490370736907, g: 0.0002100399075824401, curr_delay = 0.6837239939793138, data_size = 1666
num of fast users chosen: 1, num of slow users chosen: 4
Shared resource constraint latency penalty: 0.0000 seconds
Shared resource constraint reward penalty: 0.0000
max_delay = 0.84 seconds
global epoch 46 has been done artifficialy in 0.84 secs, the total time by now is 26.21 
 with avg train loss 1.608, val loss 1.679, avg val acc 40.19%
iteration: 47
user 19, emp_avg: 0.06622462101199908, h: 1.8166250344392698, ucb: 1.882780182537133,num_of_obs: 7, privacy reward: 0.7261490370736907, g: 0.0003143705045017855, curr_delay = 0.7495023520507114, data_size = 1666
user 20, emp_avg: 0.06602447407770981, h: 1.8166250344392698, ucb: 1.8826533761398843,num_of_obs: 7, privacy reward: 0.7261490370736907, g: 0.0003143705045017855, curr_delay = 0.757605594409946, data_size = 1666
user 21, emp_avg: 0.062286585928097396, h: 1.8166250344392698, ucb: 1.878860239026012,num_of_obs: 7, privacy reward: 0.7261490370736907, g: 0.0003143705045017855, curr_delay = 0.7981323025059783, data_size = 1666
user 22, emp_avg: 0.06031517247831647, h: 1.8166250344392698, ucb: 1.8771596307800806,num_of_obs: 7, privacy reward: 0.7261490370736907, g: 0.0003143705045017855, curr_delay = 0.8506409643510757, data_size = 1666
user 23, emp_avg: 0.061611171652823205, h: 1.8166250344392698, ucb: 1.8772662406866691,num_of_obs: 7, privacy reward: 0.7261490370736907, g: 0.0003143705045017855, curr_delay = 0.7309842186681386, data_size = 1666
num of fast users chosen: 0, num of slow users chosen: 5
Shared resource constraint latency penalty: 0.0000 seconds
Shared resource constraint reward penalty: 0.0000
max_delay = 0.85 seconds
global epoch 47 has been done artifficialy in 0.85 secs, the total time by now is 27.06 
 with avg train loss 1.575, val loss 1.665, avg val acc 41.91%
iteration: 48
user 24, emp_avg: 0.05983912986924693, h: 1.8215851050840053, ucb: 1.8820631536435903,num_of_obs: 7, privacy reward: 0.7261490370736907, g: 0.000434027777777777, curr_delay = 0.9030699115129577, data_size = 1666
user 25, emp_avg: 0.0600652788916244, h: 1.8215851050840053, ucb: 1.881489508503915,num_of_obs: 7, privacy reward: 0.7261490370736907, g: 0.000434027777777777, curr_delay = 0.8171081903997555, data_size = 1666
user 26, emp_avg: 0.058299376772854655, h: 1.8215851050840053, ucb: 1.8801254842518456,num_of_obs: 7, privacy reward: 0.7261490370736907, g: 0.000434027777777777, curr_delay = 0.8831993577546225, data_size = 1666
user 27, emp_avg: 0.057601914081715555, h: 1.8215851050840053, ucb: 1.879362697682411,num_of_obs: 7, privacy reward: 0.7261490370736907, g: 0.000434027777777777, curr_delay = 0.8869625723019094, data_size = 1666
user 29, emp_avg: 0.05631439784889703, h: 1.8215851050840053, ucb: 1.8784650964735294,num_of_obs: 7, privacy reward: 0.7261490370736907, g: 0.000434027777777777, curr_delay = 0.9550141890926587, data_size = 1666
num of fast users chosen: 0, num of slow users chosen: 5
Shared resource constraint latency penalty: 0.0000 seconds
Shared resource constraint reward penalty: 0.0000
max_delay = 0.96 seconds
global epoch 48 has been done artifficialy in 0.96 secs, the total time by now is 28.02 
 with avg train loss 1.548, val loss 1.599, avg val acc 41.98%
iteration: 49
user 0, emp_avg: 0.7707070799182293, h: 1.7084686779636815, ucb: 2.5073360472761257,num_of_obs: 8, privacy reward: 0.6976763260710308, g: 1.1569253551760866e-05, curr_delay = 0.09167167175034299, data_size = 1666
user 1, emp_avg: 0.5984486950048843, h: 1.7084686779636815, ucb: 2.2970963353177467,num_of_obs: 8, privacy reward: 0.6976763260710308, g: 1.1569253551760866e-05, curr_delay = 0.07385338961916518, data_size = 1666
user 2, emp_avg: 0.6547537779410466, h: 1.7084686779636815, ucb: 2.3905844564080554,num_of_obs: 8, privacy reward: 0.6976763260710308, g: 1.1569253551760866e-05, curr_delay = 0.1147163203054779, data_size = 1666
user 4, emp_avg: 0.5378056792677574, h: 1.7084686779636815, ucb: 2.2678876932321583,num_of_obs: 8, privacy reward: 0.6976763260710308, g: 1.1569253551760866e-05, curr_delay = 0.1370242209414591, data_size = 1666
user 6, emp_avg: 0.5884394545652879, h: 1.7084686779636815, ucb: 2.2454630643496305,num_of_obs: 8, privacy reward: 0.6976763260710308, g: 1.1569253551760866e-05, curr_delay = 0.05, data_size = 1666
num of fast users chosen: 5, num of slow users chosen: 0
Shared resource constraint latency penalty: 0.0500 seconds
Shared resource constraint reward penalty: 0.0500
Resource cluster collisions:
  Cluster 0: 2 users [np.int64(0), np.int64(6)] (excess: 1)
max_delay = 0.19 seconds
global epoch 49 has been done artifficialy in 0.19 secs, the total time by now is 28.20 
 with avg train loss 1.562, val loss 1.553, avg val acc 43.68%
iteration: 50
user 5, emp_avg: 0.38718992107457817, h: 1.7128973273582715, ucb: 2.118419835799055,num_of_obs: 8, privacy reward: 0.6976763260710308, g: 4.444444444444428e-05, curr_delay = 0.2078749498880913, data_size = 1666
user 7, emp_avg: 0.4355026524149272, h: 1.7128973273582715, ucb: 2.164692589272201,num_of_obs: 8, privacy reward: 0.6976763260710308, g: 4.444444444444428e-05, curr_delay = 0.16384751912935303, data_size = 1666
user 8, emp_avg: 0.381957831635043, h: 1.7128973273582715, ucb: 2.0882349145141834,num_of_obs: 8, privacy reward: 0.6976763260710308, g: 4.444444444444428e-05, curr_delay = 0.1149637276590186, data_size = 1666
user 9, emp_avg: 0.389849014053415, h: 1.7128973273582715, ucb: 2.112627671534746,num_of_obs: 8, privacy reward: 0.6976763260710308, g: 4.444444444444428e-05, curr_delay = 0.16087600300568206, data_size = 1666
user 10, emp_avg: 0.3709918895929295, h: 1.7128973273582715, ucb: 2.1012854773922323,num_of_obs: 8, privacy reward: 0.6976763260710308, g: 4.444444444444428e-05, curr_delay = 0.2156829025223345, data_size = 1666
num of fast users chosen: 5, num of slow users chosen: 0
Shared resource constraint latency penalty: 0.0000 seconds
Shared resource constraint reward penalty: 0.0000
max_delay = 0.22 seconds
global epoch 50 has been done artifficialy in 0.22 secs, the total time by now is 28.42 
 with avg train loss 1.565, val loss 1.727, avg val acc 34.19%
iteration: 51
user 9, emp_avg: 0.37467367880453784, h: 1.6190173218600485, ucb: 2.0088663359134635,num_of_obs: 9, privacy reward: 0.6703200460356391, g: -9.611687812379895e-05, curr_delay = 0.20999962650064863, data_size = 1666
user 11, emp_avg: 0.3966374285881077, h: 1.7172271907185852, ucb: 2.1203246878755984,num_of_obs: 8, privacy reward: 0.6976763260710308, g: 9.61168781237984e-05, curr_delay = 0.14494565232227508, data_size = 1666
user 12, emp_avg: 0.33028423373605165, h: 1.7172271907185852, ucb: 2.055098401568539,num_of_obs: 8, privacy reward: 0.6976763260710308, g: 9.61168781237984e-05, curr_delay = 0.1854679091516302, data_size = 1666
user 13, emp_avg: 0.2701676247794692, h: 1.7172271907185852, ucb: 1.9943084228645473,num_of_obs: 8, privacy reward: 0.6976763260710308, g: 9.61168781237984e-05, curr_delay = 0.23271100810232903, data_size = 1666
user 14, emp_avg: 0.2980663267135263, h: 1.7172271907185852, ucb: 2.0004337067644498,num_of_obs: 8, privacy reward: 0.6976763260710308, g: 9.61168781237984e-05, curr_delay = 0.11991994756712726, data_size = 1666
num of fast users chosen: 5, num of slow users chosen: 0
Shared resource constraint latency penalty: 0.0000 seconds
Shared resource constraint reward penalty: 0.0000
max_delay = 0.23 seconds
global epoch 51 has been done artifficialy in 0.23 secs, the total time by now is 28.65 
 with avg train loss 1.576, val loss 1.599, avg val acc 43.52%
iteration: 52
user 15, emp_avg: 0.06825964219434398, h: 1.721462398350911, ucb: 1.789651119777116,num_of_obs: 8, privacy reward: 0.6976763260710308, g: 0.00016436554898093314, curr_delay = 0.7264590050667316, data_size = 1666
user 17, emp_avg: 0.06670139678158257, h: 1.721462398350911, ucb: 1.7884438580353277,num_of_obs: 8, privacy reward: 0.6976763260710308, g: 0.00016436554898093314, curr_delay = 0.7756640846795808, data_size = 1666
user 18, emp_avg: 0.06641760294799562, h: 1.721462398350911, ucb: 1.7886825013141252,num_of_obs: 8, privacy reward: 0.6976763260710308, g: 0.00016436554898093314, curr_delay = 0.8333666287434982, data_size = 1666
user 19, emp_avg: 0.06551046184504981, h: 1.721462398350911, ucb: 1.78768701936291,num_of_obs: 8, privacy reward: 0.6976763260710308, g: 0.00016436554898093314, curr_delay = 0.8361597132964461, data_size = 1666
user 28, emp_avg: 0.05677933009199296, h: 1.8403207139552205, ucb: 1.8968704182984628,num_of_obs: 7, privacy reward: 0.7261490370736907, g: 0.0010272846811308347, curr_delay = 0.856359259061182, data_size = 1666
num of fast users chosen: 0, num of slow users chosen: 5
Shared resource constraint latency penalty: 0.0000 seconds
Shared resource constraint reward penalty: 0.0000
max_delay = 0.86 seconds
global epoch 52 has been done artifficialy in 0.86 secs, the total time by now is 29.51 
 with avg train loss 1.554, val loss 1.639, avg val acc 42.57%
iteration: 53
user 16, emp_avg: 0.06620048070392821, h: 1.7256068309913737, ucb: 1.7923177152406902,num_of_obs: 8, privacy reward: 0.6976763260710308, g: 0.0002472212333372888, curr_delay = 0.8049293572365807, data_size = 1666
user 20, emp_avg: 0.06577092460402598, h: 1.7256068309913737, ucb: 1.7916313050690835,num_of_obs: 8, privacy reward: 0.6976763260710308, g: 0.0002472212333372888, curr_delay = 0.784405653962425, data_size = 1666
user 21, emp_avg: 0.061503156338763715, h: 1.7256068309913737, ucb: 1.7878934169194711,num_of_obs: 8, privacy reward: 0.6976763260710308, g: 0.0002472212333372888, curr_delay = 0.9052113440410335, data_size = 1666
user 23, emp_avg: 0.061799742645930876, h: 1.7256068309913737, ucb: 1.7872180026441968,num_of_obs: 8, privacy reward: 0.6976763260710308, g: 0.0002472212333372888, curr_delay = 0.7897857253400189, data_size = 1666
user 25, emp_avg: 0.06000566459105203, h: 1.7256068309913737, ucb: 1.7856721098829982,num_of_obs: 8, privacy reward: 0.6976763260710308, g: 0.0002472212333372888, curr_delay = 0.8399302831552082, data_size = 1666
num of fast users chosen: 0, num of slow users chosen: 5
Shared resource constraint latency penalty: 0.0000 seconds
Shared resource constraint reward penalty: 0.0000
max_delay = 0.91 seconds
global epoch 53 has been done artifficialy in 0.91 secs, the total time by now is 30.41 
 with avg train loss 1.526, val loss 1.463, avg val acc 48.62%
iteration: 54
user 22, emp_avg: 0.06030722989791129, h: 1.7296641393412786, ucb: 1.789979311819595,num_of_obs: 8, privacy reward: 0.6976763260710308, g: 0.0003429355281207133, curr_delay = 0.8299624511479309, data_size = 1666
user 24, emp_avg: 0.05962009744139796, h: 1.7296641393412786, ucb: 1.7895032692105255,num_of_obs: 8, privacy reward: 0.6976763260710308, g: 0.0003429355281207133, curr_delay = 0.8640378094637566, data_size = 1666
user 26, emp_avg: 0.05865060884777715, h: 1.7296641393412786, ucb: 1.7879635161141332,num_of_obs: 8, privacy reward: 0.6976763260710308, g: 0.0003429355281207133, curr_delay = 0.8135310989954889, data_size = 1666
user 27, emp_avg: 0.05784454119363036, h: 1.7296641393412786, ucb: 1.7872660534229943,num_of_obs: 8, privacy reward: 0.6976763260710308, g: 0.0003429355281207133, curr_delay = 0.8363223761432513, data_size = 1666
user 29, emp_avg: 0.05635290578107524, h: 1.7296641393412786, ucb: 1.7859785371901757,num_of_obs: 8, privacy reward: 0.6976763260710308, g: 0.0003429355281207133, curr_delay = 0.8824416643763512, data_size = 1666
num of fast users chosen: 0, num of slow users chosen: 5
Shared resource constraint latency penalty: 0.0000 seconds
Shared resource constraint reward penalty: 0.0000
max_delay = 0.88 seconds
global epoch 54 has been done artifficialy in 0.88 secs, the total time by now is 31.30 
 with avg train loss 1.523, val loss 1.550, avg val acc 46.50%
iteration: 55
user 0, emp_avg: 0.7329701227760088, h: 1.634489356594789, ucb: 2.4051964365130183,num_of_obs: 9, privacy reward: 0.6703200460356391, g: 9.182736455463678e-06, curr_delay = 0.1271172947405431, data_size = 1666
user 1, emp_avg: 0.6235341826555105, h: 1.634489356594789, ucb: 2.2329380515996733,num_of_obs: 9, privacy reward: 0.6703200460356391, g: 9.182736455463678e-06, curr_delay = 0.05887176467542237, data_size = 1666
user 2, emp_avg: 0.6592129722547743, h: 1.634489356594789, ucb: 2.2892431345358357,num_of_obs: 9, privacy reward: 0.6703200460356391, g: 9.182736455463678e-06, curr_delay = 0.07149539704469035, data_size = 1666
user 3, emp_avg: 0.5686233510768355, h: 1.634489356594789, ucb: 2.214098293436158,num_of_obs: 9, privacy reward: 0.6703200460356391, g: 9.182736455463678e-06, curr_delay = 0.10643889782600917, data_size = 1666
user 4, emp_avg: 0.5481257506290569, h: 1.634489356594789, ucb: 2.1722950358625464,num_of_obs: 9, privacy reward: 0.6703200460356391, g: 9.182736455463678e-06, curr_delay = 0.07800234218459907, data_size = 1666
num of fast users chosen: 5, num of slow users chosen: 0
Shared resource constraint latency penalty: 0.0000 seconds
Shared resource constraint reward penalty: 0.0000
max_delay = 0.13 seconds
global epoch 55 has been done artifficialy in 0.13 secs, the total time by now is 31.42 
 with avg train loss 1.534, val loss 1.495, avg val acc 46.89%
iteration: 56
user 6, emp_avg: 0.5642145636289813, h: 1.6381598804217594, ucb: 2.226599334987047,num_of_obs: 9, privacy reward: 0.6703200460356391, g: 3.5430839002267324e-05, curr_delay = 0.1444291321439562, data_size = 1666
user 7, emp_avg: 0.4919523871734345, h: 1.6381598804217594, ucb: 2.0736625328366864,num_of_obs: 9, privacy reward: 0.6703200460356391, g: 3.5430839002267324e-05, curr_delay = 0.05, data_size = 1666
user 8, emp_avg: 0.38088663981685983, h: 1.6381598804217594, ucb: 2.0201177120568024,num_of_obs: 9, privacy reward: 0.6703200460356391, g: 3.5430839002267324e-05, curr_delay = 0.13468161719253935, data_size = 1666
user 10, emp_avg: 0.3609432953440538, h: 1.6381598804217594, ucb: 2.009151770014689,num_of_obs: 9, privacy reward: 0.6703200460356391, g: 3.5430839002267324e-05, curr_delay = 0.18483881975705654, data_size = 1666
user 11, emp_avg: 0.37888548719916293, h: 1.6381598804217594, ucb: 2.034797309009867,num_of_obs: 9, privacy reward: 0.6703200460356391, g: 3.5430839002267324e-05, curr_delay = 0.22818753660561444, data_size = 1666
num of fast users chosen: 5, num of slow users chosen: 0
Shared resource constraint latency penalty: 0.0000 seconds
Shared resource constraint reward penalty: 0.0000
max_delay = 0.23 seconds
global epoch 56 has been done artifficialy in 0.23 secs, the total time by now is 31.65 
 with avg train loss 1.542, val loss 1.535, avg val acc 47.03%
iteration: 57
user 5, emp_avg: 0.3862251318715795, h: 1.6417574461197673, ucb: 2.0289473671943457,num_of_obs: 9, privacy reward: 0.6703200460356391, g: 7.694675284702985e-05, curr_delay = 0.13243558638101868, data_size = 1666
user 9, emp_avg: 0.3779476500425503, h: 1.5575078685838895, ucb: 1.9321815473884274,num_of_obs: 10, privacy reward: 0.6440364210831411, g: -7.694675284702985e-05, curr_delay = 0.12174711124551352, data_size = 1666
user 12, emp_avg: 0.3409895970148505, h: 1.6417574461197673, ucb: 1.972041679855819,num_of_obs: 9, privacy reward: 0.6703200460356391, g: 7.694675284702985e-05, curr_delay = 0.11432808322178879, data_size = 1666
user 13, emp_avg: 0.2651423670614589, h: 1.6417574461197673, ucb: 1.9119250708992364,num_of_obs: 9, privacy reward: 0.6703200460356391, g: 7.694675284702985e-05, curr_delay = 0.2273605219188477, data_size = 1666
user 14, emp_avg: 0.3048464173404642, h: 1.6417574461197673, ucb: 1.9398237728332934,num_of_obs: 9, privacy reward: 0.6703200460356391, g: 7.694675284702985e-05, curr_delay = 0.136661596044968, data_size = 1666
num of fast users chosen: 5, num of slow users chosen: 0
Shared resource constraint latency penalty: 0.0000 seconds
Shared resource constraint reward penalty: 0.0000
max_delay = 0.23 seconds
global epoch 57 has been done artifficialy in 0.23 secs, the total time by now is 31.88 
 with avg train loss 1.522, val loss 1.552, avg val acc 46.02%
iteration: 58
user 15, emp_avg: 0.06857717562299183, h: 1.6452847799183419, ucb: 1.7135444221126859,num_of_obs: 9, privacy reward: 0.6703200460356391, g: 0.00013211784912141598, curr_delay = 0.6999372361160234, data_size = 1666
user 17, emp_avg: 0.06651764022202404, h: 1.6452847799183419, ucb: 1.7119861766999245,num_of_obs: 9, privacy reward: 0.6703200460356391, g: 0.00013211784912141598, curr_delay = 0.7708456174385507, data_size = 1666
user 18, emp_avg: 0.06664617140557651, h: 1.6452847799183419, ucb: 1.7117023828663376,num_of_obs: 9, privacy reward: 0.6703200460356391, g: 0.00013211784912141598, curr_delay = 0.7277672117608038, data_size = 1666
user 20, emp_avg: 0.06642019300444865, h: 1.6452847799183419, ucb: 1.7110557045223678,num_of_obs: 9, privacy reward: 0.6703200460356391, g: 0.00013211784912141598, curr_delay = 0.6919111979454877, data_size = 1666
user 28, emp_avg: 0.05648737920298455, h: 1.7450880372949138, ucb: 1.8018673673869068,num_of_obs: 8, privacy reward: 0.6976763260710308, g: 0.0008257365570088515, curr_delay = 0.9233308176148561, data_size = 1666
num of fast users chosen: 0, num of slow users chosen: 5
Shared resource constraint latency penalty: 0.0000 seconds
Shared resource constraint reward penalty: 0.0000
max_delay = 0.92 seconds
global epoch 58 has been done artifficialy in 0.92 secs, the total time by now is 32.80 
 with avg train loss 1.493, val loss 1.465, avg val acc 49.01%
iteration: 59
user 16, emp_avg: 0.06642036286420523, h: 1.6487444604720123, ucb: 1.7149449411759405,num_of_obs: 9, privacy reward: 0.6703200460356391, g: 0.0001994956749337669, curr_delay = 0.7310016084053464, data_size = 1666
user 21, emp_avg: 0.06159673917953943, h: 1.6487444604720123, ucb: 1.710247616810776,num_of_obs: 9, privacy reward: 0.6703200460356391, g: 0.0001994956749337669, curr_delay = 0.800781758431555, data_size = 1666
user 23, emp_avg: 0.06145272669955861, h: 1.6487444604720123, ucb: 1.7105442031179432,num_of_obs: 9, privacy reward: 0.6703200460356391, g: 0.0001994956749337669, curr_delay = 0.8571979649470747, data_size = 1666
user 24, emp_avg: 0.059262709967361694, h: 1.6487444604720123, ucb: 1.7083645579134101,num_of_obs: 9, privacy reward: 0.6703200460356391, g: 0.0001994956749337669, curr_delay = 0.8921207815683239, data_size = 1666
user 25, emp_avg: 0.060149767987323875, h: 1.6487444604720123, ucb: 1.7087501250630643,num_of_obs: 9, privacy reward: 0.6703200460356391, g: 0.0001994956749337669, curr_delay = 0.8137133674683301, data_size = 1666
num of fast users chosen: 0, num of slow users chosen: 5
Shared resource constraint latency penalty: 0.0000 seconds
Shared resource constraint reward penalty: 0.0000
max_delay = 0.89 seconds
global epoch 59 has been done artifficialy in 0.89 secs, the total time by now is 33.69 
 with avg train loss 1.505, val loss 1.487, avg val acc 47.11%
iteration: 60
user 19, emp_avg: 0.06577517637536745, h: 1.6521389292312558, ucb: 1.7176493910763055,num_of_obs: 9, privacy reward: 0.6703200460356391, g: 0.00027777777777777767, curr_delay = 0.7335938289509228, data_size = 1666
user 22, emp_avg: 0.06017903791413104, h: 1.6521389292312558, ucb: 1.712446159129167,num_of_obs: 9, privacy reward: 0.6703200460356391, g: 0.00027777777777777767, curr_delay = 0.8470942371854071, data_size = 1666
user 26, emp_avg: 0.0588476628320246, h: 1.6521389292312558, ucb: 1.710789538079033,num_of_obs: 9, privacy reward: 0.6703200460356391, g: 0.00027777777777777767, curr_delay = 0.8247946645729011, data_size = 1666
user 27, emp_avg: 0.05764607573069128, h: 1.6521389292312558, ucb: 1.7099834704248862,num_of_obs: 9, privacy reward: 0.6703200460356391, g: 0.00027777777777777767, curr_delay = 0.8950966977439063, data_size = 1666
user 29, emp_avg: 0.056066306201756635, h: 1.6521389292312558, ucb: 1.708491835012331,num_of_obs: 9, privacy reward: 0.6703200460356391, g: 0.00027777777777777767, curr_delay = 0.9348081616851911, data_size = 1666
num of fast users chosen: 0, num of slow users chosen: 5
Shared resource constraint latency penalty: 0.0000 seconds
Shared resource constraint reward penalty: 0.0000
max_delay = 0.93 seconds
global epoch 60 has been done artifficialy in 0.93 secs, the total time by now is 34.63 
 with avg train loss 1.492, val loss 1.517, avg val acc 47.08%
iteration: 61
user 0, emp_avg: 0.7025831601853144, h: 1.5705172136923513, ucb: 2.3034873364683603,num_of_obs: 10, privacy reward: 0.6440364210831411, g: 7.465137806443923e-06, curr_delay = 0.12540331767391555, data_size = 1666
user 1, emp_avg: 0.618508669978003, h: 1.5705172136923513, ucb: 2.194051396347862,num_of_obs: 10, privacy reward: 0.6440364210831411, g: 7.465137806443923e-06, curr_delay = 0.08798889263088075, data_size = 1666
user 2, emp_avg: 0.6901936111407039, h: 1.5705172136923513, ucb: 2.2297301859471257,num_of_obs: 10, privacy reward: 0.6440364210831411, g: 7.465137806443923e-06, curr_delay = 0.05, data_size = 1666
user 3, emp_avg: 0.5614198911910436, h: 1.5705172136923513, ucb: 2.139140564769187,num_of_obs: 10, privacy reward: 0.6440364210831411, g: 7.465137806443923e-06, curr_delay = 0.10216898787788875, data_size = 1666
user 4, emp_avg: 0.5522472819026712, h: 1.5705172136923513, ucb: 2.118642964321408,num_of_obs: 10, privacy reward: 0.6440364210831411, g: 7.465137806443923e-06, curr_delay = 0.08425130825714515, data_size = 1666
num of fast users chosen: 5, num of slow users chosen: 0
Shared resource constraint latency penalty: 0.0000 seconds
Shared resource constraint reward penalty: 0.0000
max_delay = 0.13 seconds
global epoch 61 has been done artifficialy in 0.13 secs, the total time by now is 34.75 
 with avg train loss 1.494, val loss 1.459, avg val acc 47.88%
iteration: 62
user 6, emp_avg: 0.5448289988551999, h: 1.5736202308775311, ucb: 2.1378347945065124,num_of_obs: 10, privacy reward: 0.6440364210831411, g: 2.8905075731298364e-05, curr_delay = 0.14246095847680806, data_size = 1666
user 7, emp_avg: 0.48230151754417944, h: 1.5736202308775311, ucb: 2.0655726180509655,num_of_obs: 10, privacy reward: 0.6440364210831411, g: 2.8905075731298364e-05, curr_delay = 0.12960324102917434, data_size = 1666
user 8, emp_avg: 0.39061450025191635, h: 1.5736202308775311, ucb: 1.9545068706943909,num_of_obs: 10, privacy reward: 0.6440364210831411, g: 2.8905075731298364e-05, curr_delay = 0.10248146474777153, data_size = 1666
user 10, emp_avg: 0.3472139372158906, h: 1.5736202308775311, ucb: 1.9345635262215848,num_of_obs: 10, privacy reward: 0.6440364210831411, g: 2.8905075731298364e-05, curr_delay = 0.23818557174921462, data_size = 1666
user 11, emp_avg: 0.37343859355266723, h: 1.5736202308775311, ucb: 1.952505718076694,num_of_obs: 10, privacy reward: 0.6440364210831411, g: 2.8905075731298364e-05, curr_delay = 0.15675472224071485, data_size = 1666
num of fast users chosen: 5, num of slow users chosen: 0
Shared resource constraint latency penalty: 0.0000 seconds
Shared resource constraint reward penalty: 0.0000
max_delay = 0.24 seconds
global epoch 62 has been done artifficialy in 0.24 secs, the total time by now is 34.99 
 with avg train loss 1.518, val loss 1.578, avg val acc 44.83%
iteration: 63
user 1, emp_avg: 0.6067723518678548, h: 1.5032936070311866, ucb: 2.1218022770091896,num_of_obs: 11, privacy reward: 0.6187833918061405, g: -6.298815822625346e-05, curr_delay = 0.1046741503561738, data_size = 1666
user 3, emp_avg: 0.5465721528073159, h: 1.5032936070311866, ucb: 2.0647134982222304,num_of_obs: 11, privacy reward: 0.6187833918061405, g: -6.298815822625346e-05, curr_delay = 0.1304641549955583, data_size = 1666
user 5, emp_avg: 0.39535441476729205, h: 1.5766676364519312, ucb: 1.9628927683235107,num_of_obs: 10, privacy reward: 0.6440364210831411, g: 6.298815822625346e-05, curr_delay = 0.10274382654947146, data_size = 1666
user 12, emp_avg: 0.3289213134795585, h: 1.5766676364519312, ucb: 1.9176572334667816,num_of_obs: 10, privacy reward: 0.6440364210831411, g: 6.298815822625346e-05, curr_delay = 0.24010932297340806, data_size = 1666
user 14, emp_avg: 0.30694183165406447, h: 1.5766676364519312, ucb: 1.8815140537923953,num_of_obs: 10, privacy reward: 0.6440364210831411, g: 6.298815822625346e-05, curr_delay = 0.15248738576925827, data_size = 1666
num of fast users chosen: 5, num of slow users chosen: 0
Shared resource constraint latency penalty: 0.0000 seconds
Shared resource constraint reward penalty: 0.0000
max_delay = 0.24 seconds
global epoch 63 has been done artifficialy in 0.24 secs, the total time by now is 35.23 
 with avg train loss 1.492, val loss 1.521, avg val acc 46.11%
iteration: 64
user 13, emp_avg: 0.25904942466973874, h: 1.5796613086404954, ucb: 1.8448036757019541,num_of_obs: 10, privacy reward: 0.6440364210831411, g: 0.00010850694444444425, curr_delay = 0.252372298657786, data_size = 1666
user 15, emp_avg: 0.06858073025675453, h: 1.5796613086404954, ucb: 1.6482384842634872,num_of_obs: 10, privacy reward: 0.6440364210831411, g: 0.00010850694444444425, curr_delay = 0.7286900788215334, data_size = 1666
user 17, emp_avg: 0.06729246389229265, h: 1.5796613086404954, ucb: 1.6461789488625194,num_of_obs: 10, privacy reward: 0.6440364210831411, g: 0.00010850694444444425, curr_delay = 0.666305079824185, data_size = 1666
user 18, emp_avg: 0.06713494416359879, h: 1.5796613086404954, ucb: 1.646307480046072,num_of_obs: 10, privacy reward: 0.6440364210831411, g: 0.00010850694444444425, curr_delay = 0.6942258429102105, data_size = 1666
user 28, emp_avg: 0.056212432462535676, h: 1.6651092223153954, ucb: 1.72159660151838,num_of_obs: 9, privacy reward: 0.6703200460356391, g: 0.0006781684027777773, curr_delay = 0.9304418114996339, data_size = 1666
num of fast users chosen: 1, num of slow users chosen: 4
Shared resource constraint latency penalty: 0.0000 seconds
Shared resource constraint reward penalty: 0.0000
max_delay = 0.93 seconds
global epoch 64 has been done artifficialy in 0.93 secs, the total time by now is 36.16 
 with avg train loss 1.482, val loss 1.404, avg val acc 51.48%
iteration: 65
user 16, emp_avg: 0.06658888988305918, h: 1.5826030335928787, ucb: 1.649023396457084,num_of_obs: 10, privacy reward: 0.6440364210831411, g: 0.00016436554898093314, curr_delay = 0.7323414883107353, data_size = 1666
user 19, emp_avg: 0.06555516816242969, h: 1.5826030335928787, ucb: 1.648378209968246,num_of_obs: 10, privacy reward: 0.6440364210831411, g: 0.00016436554898093314, curr_delay = 0.7892026217739675, data_size = 1666
user 20, emp_avg: 0.06644061922723328, h: 1.5826030335928787, ucb: 1.6490232265973273,num_of_obs: 10, privacy reward: 0.6440364210831411, g: 0.00016436554898093314, curr_delay = 0.7502451637445164, data_size = 1666
user 21, emp_avg: 0.06145636455350121, h: 1.5826030335928787, ucb: 1.644199772772418,num_of_obs: 10, privacy reward: 0.6440364210831411, g: 0.00016436554898093314, curr_delay = 0.8326031640443746, data_size = 1666
user 23, emp_avg: 0.06119988240834802, h: 1.5826030335928787, ucb: 1.6440557602924373,num_of_obs: 10, privacy reward: 0.6440364210831411, g: 0.00016436554898093314, curr_delay = 0.852203396223175, data_size = 1666
num of fast users chosen: 0, num of slow users chosen: 5
Shared resource constraint latency penalty: 0.0000 seconds
Shared resource constraint reward penalty: 0.0000
max_delay = 0.85 seconds
global epoch 65 has been done artifficialy in 0.85 secs, the total time by now is 37.01 
 with avg train loss 1.463, val loss 1.389, avg val acc 51.59%
iteration: 66
user 22, emp_avg: 0.060779019838555916, h: 1.5854945112537775, ucb: 1.6456735491679084,num_of_obs: 10, privacy reward: 0.6440364210831411, g: 0.0002295684113865928, curr_delay = 0.7487401800741221, data_size = 1666
user 24, emp_avg: 0.05939464928606639, h: 1.5854945112537775, ucb: 1.6447572212211392,num_of_obs: 10, privacy reward: 0.6440364210831411, g: 0.0002295684113865928, curr_delay = 0.8235327111045533, data_size = 1666
user 25, emp_avg: 0.060449459404879086, h: 1.5854945112537775, ucb: 1.6456442792411015,num_of_obs: 10, privacy reward: 0.6440364210831411, g: 0.0002295684113865928, curr_delay = 0.7880671057836719, data_size = 1666
user 26, emp_avg: 0.05887972167895495, h: 1.5854945112537775, ucb: 1.6443421740858022,num_of_obs: 10, privacy reward: 0.6440364210831411, g: 0.0002295684113865928, curr_delay = 0.8445901697944196, data_size = 1666
user 27, emp_avg: 0.05754809658081103, h: 1.5854945112537775, ucb: 1.6431405869844689,num_of_obs: 10, privacy reward: 0.6440364210831411, g: 0.0002295684113865928, curr_delay = 0.8838871860755554, data_size = 1666
num of fast users chosen: 0, num of slow users chosen: 5
Shared resource constraint latency penalty: 0.0000 seconds
Shared resource constraint reward penalty: 0.0000
max_delay = 0.88 seconds
global epoch 66 has been done artifficialy in 0.88 secs, the total time by now is 37.90 
 with avg train loss 1.460, val loss 1.445, avg val acc 48.93%
iteration: 67
user 0, emp_avg: 0.7015740072775499, h: 1.5144202526003083, ucb: 2.2170034127856226,num_of_obs: 11, privacy reward: 0.6187833918061405, g: 6.1879656444146855e-06, curr_delay = 0.07241409359129841, data_size = 1666
user 8, emp_avg: 0.3781224752690908, h: 1.5144202526003083, ucb: 1.9050347528522247,num_of_obs: 11, privacy reward: 0.6187833918061405, g: 6.1879656444146855e-06, curr_delay = 0.2077186588057454, data_size = 1666
user 13, emp_avg: 0.2668225432109095, h: 1.5144202526003083, ucb: 1.7734696772700471,num_of_obs: 11, privacy reward: 0.6187833918061405, g: 6.1879656444146855e-06, curr_delay = 0.14191368157861758, data_size = 1666
user 28, emp_avg: 0.0558836025682718, h: 1.5883373607752793, ucb: 1.644549793237815,num_of_obs: 10, privacy reward: 0.6440364210831411, g: 0.0003032103165763225, curr_delay = 0.9506552211561303, data_size = 1666
user 29, emp_avg: 0.05603731588601002, h: 1.5883373607752793, ucb: 1.6444036669770359,num_of_obs: 10, privacy reward: 0.6440364210831411, g: 0.0003032103165763225, curr_delay = 0.8969026104129662, data_size = 1666
num of fast users chosen: 3, num of slow users chosen: 2
Shared resource constraint latency penalty: 0.0000 seconds
Shared resource constraint reward penalty: 0.0000
max_delay = 0.95 seconds
global epoch 67 has been done artifficialy in 0.95 secs, the total time by now is 38.85 
 with avg train loss 1.458, val loss 1.422, avg val acc 50.25%
iteration: 68
user 2, emp_avg: 0.7160108102123118, h: 1.5170859096863254, ucb: 2.2072795208270293,num_of_obs: 11, privacy reward: 0.6187833918061405, g: 2.4029219530949463e-05, curr_delay = 0.05, data_size = 1666
user 4, emp_avg: 0.534820592741767, h: 1.5170859096863254, ucb: 2.0693331915889965,num_of_obs: 11, privacy reward: 0.6187833918061405, g: 2.4029219530949463e-05, curr_delay = 0.14571863553577202, data_size = 1666
user 5, emp_avg: 0.39448484661103483, h: 1.5170859096863254, ucb: 1.9124403244536174,num_of_obs: 11, privacy reward: 0.6187833918061405, g: 2.4029219530949463e-05, curr_delay = 0.12989725751480072, data_size = 1666
user 6, emp_avg: 0.5217708603268444, h: 1.5170859096863254, ucb: 2.0619149085415254,num_of_obs: 11, privacy reward: 0.6187833918061405, g: 2.4029219530949463e-05, curr_delay = 0.18647577955594657, data_size = 1666
user 7, emp_avg: 0.5024151061417296, h: 1.5170859096863254, ucb: 1.9993874272305048,num_of_obs: 11, privacy reward: 0.6187833918061405, g: 2.4029219530949463e-05, curr_delay = 0.06909278322094167, data_size = 1666
num of fast users chosen: 5, num of slow users chosen: 0
Shared resource constraint latency penalty: 0.0000 seconds
Shared resource constraint reward penalty: 0.0000
max_delay = 0.19 seconds
global epoch 68 has been done artifficialy in 0.19 secs, the total time by now is 39.04 
 with avg train loss 1.447, val loss 1.372, avg val acc 51.96%
iteration: 69
user 9, emp_avg: 0.38485989550049776, h: 1.5197080768592475, ucb: 1.8976557269017977,num_of_obs: 11, privacy reward: 0.6187833918061405, g: 5.250997689561023e-05, curr_delay = 0.10848467411869732, data_size = 1666
user 10, emp_avg: 0.35475297706324654, h: 1.5197080768592475, ucb: 1.8669220140751381,num_of_obs: 11, privacy reward: 0.6187833918061405, g: 5.250997689561023e-05, curr_delay = 0.11423808277998568, data_size = 1666
user 11, emp_avg: 0.37420534388361854, h: 1.5197080768592475, ucb: 1.8931466704119146,num_of_obs: 11, privacy reward: 0.6187833918061405, g: 5.250997689561023e-05, curr_delay = 0.13067126435301316, data_size = 1666
user 12, emp_avg: 0.3429976070506991, h: 1.5197080768592475, ucb: 1.848629390338806,num_of_obs: 11, privacy reward: 0.6187833918061405, g: 5.250997689561023e-05, curr_delay = 0.10043451257698943, data_size = 1666
user 14, emp_avg: 0.30108287626320845, h: 1.5197080768592475, ucb: 1.8266499085133119,num_of_obs: 11, privacy reward: 0.6187833918061405, g: 5.250997689561023e-05, curr_delay = 0.211296442868971, data_size = 1666
num of fast users chosen: 5, num of slow users chosen: 0
Shared resource constraint latency penalty: 0.0000 seconds
Shared resource constraint reward penalty: 0.0000
max_delay = 0.21 seconds
global epoch 69 has been done artifficialy in 0.21 secs, the total time by now is 39.25 
 with avg train loss 1.476, val loss 1.423, avg val acc 50.42%
iteration: 70
user 15, emp_avg: 0.06776059556353227, h: 1.5222880939946397, ucb: 1.5908688242513942,num_of_obs: 11, privacy reward: 0.6187833918061405, g: 9.070294784580487e-05, curr_delay = 0.8512215566053886, data_size = 1666
user 16, emp_avg: 0.06681146520275826, h: 1.5222880939946397, ucb: 1.5888769838776988,num_of_obs: 11, privacy reward: 0.6187833918061405, g: 9.070294784580487e-05, curr_delay = 0.7219195627774446, data_size = 1666
user 17, emp_avg: 0.06756986380869846, h: 1.5222880939946397, ucb: 1.5895805578869324,num_of_obs: 11, privacy reward: 0.6187833918061405, g: 9.070294784580487e-05, curr_delay = 0.7080020655885647, data_size = 1666
user 18, emp_avg: 0.06724563001347689, h: 1.5222880939946397, ucb: 1.5894230381582386,num_of_obs: 11, privacy reward: 0.6187833918061405, g: 9.070294784580487e-05, curr_delay = 0.730319627534724, data_size = 1666
user 20, emp_avg: 0.0658542707662513, h: 1.5222880939946397, ucb: 1.588728713221873,num_of_obs: 11, privacy reward: 0.6187833918061405, g: 9.070294784580487e-05, curr_delay = 0.8416879603563697, data_size = 1666
num of fast users chosen: 0, num of slow users chosen: 5
Shared resource constraint latency penalty: 0.0000 seconds
Shared resource constraint reward penalty: 0.0000
max_delay = 0.85 seconds
global epoch 70 has been done artifficialy in 0.85 secs, the total time by now is 40.10 
 with avg train loss 1.448, val loss 1.406, avg val acc 50.22%
iteration: 71
user 19, emp_avg: 0.06531518601402439, h: 1.5248272409521704, ucb: 1.5903824091146002,num_of_obs: 11, privacy reward: 0.6187833918061405, g: 0.00013775926293283967, curr_delay = 0.7977613873275039, data_size = 1666
user 21, emp_avg: 0.061361420580166325, h: 1.5248272409521704, ucb: 1.5862836055056715,num_of_obs: 11, privacy reward: 0.6187833918061405, g: 0.00013775926293283967, curr_delay = 0.8289531878841641, data_size = 1666
user 22, emp_avg: 0.06125935034099247, h: 1.5248272409521704, ucb: 1.5856062607907262,num_of_obs: 11, privacy reward: 0.6187833918061405, g: 0.00013775926293283967, curr_delay = 0.7513939951438069, data_size = 1666
user 23, emp_avg: 0.06103098855059804, h: 1.5248272409521704, ucb: 1.5860271233605183,num_of_obs: 11, privacy reward: 0.6187833918061405, g: 0.00013775926293283967, curr_delay = 0.8449777446809374, data_size = 1666
user 24, emp_avg: 0.0590027303295536, h: 1.5248272409521704, ucb: 1.5842218902382368,num_of_obs: 11, privacy reward: 0.6187833918061405, g: 0.00013775926293283967, curr_delay = 0.9142168095802531, data_size = 1666
num of fast users chosen: 0, num of slow users chosen: 5
Shared resource constraint latency penalty: 0.0000 seconds
Shared resource constraint reward penalty: 0.0000
max_delay = 0.91 seconds
global epoch 71 has been done artifficialy in 0.91 secs, the total time by now is 41.01 
 with avg train loss 1.443, val loss 1.392, avg val acc 51.87%
iteration: 72
user 25, emp_avg: 0.06032672065805328, h: 1.5273267410769567, ucb: 1.5877762004818357,num_of_obs: 11, privacy reward: 0.6187833918061405, g: 0.00019290123456790063, curr_delay = 0.8477939506722487, data_size = 1666
user 26, emp_avg: 0.05887328509296439, h: 1.5273267410769567, ucb: 1.5862064627559116,num_of_obs: 11, privacy reward: 0.6187833918061405, g: 0.00019290123456790063, curr_delay = 0.8503042346034844, data_size = 1666
user 27, emp_avg: 0.057379212264811345, h: 1.5273267410769567, ucb: 1.5848748376577677,num_of_obs: 11, privacy reward: 0.6187833918061405, g: 0.00019290123456790063, curr_delay = 0.9005522851231965, data_size = 1666
user 28, emp_avg: 0.05590766878897265, h: 1.5273267410769567, ucb: 1.5832103436452285,num_of_obs: 11, privacy reward: 0.6187833918061405, g: 0.00019290123456790063, curr_delay = 0.8901168986455695, data_size = 1666
user 29, emp_avg: 0.05663181368792667, h: 1.5273267410769567, ucb: 1.5833640569629668,num_of_obs: 11, privacy reward: 0.6187833918061405, g: 0.00019290123456790063, curr_delay = 0.791498802519595, data_size = 1666
num of fast users chosen: 0, num of slow users chosen: 5
Shared resource constraint latency penalty: 0.0000 seconds
Shared resource constraint reward penalty: 0.0000
max_delay = 0.90 seconds
global epoch 72 has been done artifficialy in 0.90 secs, the total time by now is 41.91 
 with avg train loss 1.441, val loss 1.338, avg val acc 52.88%
iteration: 73
user 0, emp_avg: 0.7124937158524125, h: 1.4646602747989703, ucb: 2.16623428207652,num_of_obs: 12, privacy reward: 0.594520547970194, g: 5.2125685452763695e-06, curr_delay = 0.05927469922067298, data_size = 1666
user 1, emp_avg: 0.5863026439970188, h: 1.4646602747989703, ucb: 2.0714326266668253,num_of_obs: 12, privacy reward: 0.594520547970194, g: 5.2125685452763695e-06, curr_delay = 0.14677125997546128, data_size = 1666
user 2, emp_avg: 0.7227513403406337, h: 1.4646602747989703, ucb: 2.1806710850112823,num_of_obs: 12, privacy reward: 0.594520547970194, g: 5.2125685452763695e-06, curr_delay = 0.06221709096400166, data_size = 1666
user 3, emp_avg: 0.5218642110623485, h: 1.4646602747989703, ucb: 2.011232427606286,num_of_obs: 12, privacy reward: 0.594520547970194, g: 5.2125685452763695e-06, curr_delay = 0.22185846296531742, data_size = 1666
user 4, emp_avg: 0.5285949664681328, h: 1.4646602747989703, ucb: 1.9994808675407372,num_of_obs: 12, privacy reward: 0.594520547970194, g: 5.2125685452763695e-06, curr_delay = 0.11015946765990905, data_size = 1666
num of fast users chosen: 5, num of slow users chosen: 0
Shared resource constraint latency penalty: 0.0000 seconds
Shared resource constraint reward penalty: 0.0000
max_delay = 0.22 seconds
global epoch 73 has been done artifficialy in 0.22 secs, the total time by now is 42.13 
 with avg train loss 1.436, val loss 1.333, avg val acc 53.46%
iteration: 74
user 5, emp_avg: 0.4061758502963583, h: 1.466980758770232, ucb: 1.8614656053812668,num_of_obs: 12, privacy reward: 0.594520547970194, g: 2.029056083110121e-05, curr_delay = 0.09149668352227062, data_size = 1666
user 6, emp_avg: 0.5504369026566723, h: 1.466980758770232, ucb: 1.9887516190970764,num_of_obs: 12, privacy reward: 0.594520547970194, g: 2.029056083110121e-05, curr_delay = 0.05590156071192069, data_size = 1666
user 7, emp_avg: 0.5032201745730821, h: 1.466980758770232, ucb: 1.9693958649119616,num_of_obs: 12, privacy reward: 0.594520547970194, g: 2.029056083110121e-05, curr_delay = 0.09748850203925112, data_size = 1666
user 8, emp_avg: 0.3706016804957716, h: 1.466980758770232, ucb: 1.8451032340393227,num_of_obs: 12, privacy reward: 0.594520547970194, g: 2.029056083110121e-05, curr_delay = 0.17834712952947704, data_size = 1666
user 9, emp_avg: 0.3805507266887395, h: 1.466980758770232, ucb: 1.8518406542707297,num_of_obs: 12, privacy reward: 0.594520547970194, g: 2.029056083110121e-05, curr_delay = 0.1520493048941687, data_size = 1666
num of fast users chosen: 5, num of slow users chosen: 0
Shared resource constraint latency penalty: 0.0000 seconds
Shared resource constraint reward penalty: 0.0000
max_delay = 0.18 seconds
global epoch 74 has been done artifficialy in 0.18 secs, the total time by now is 42.31 
 with avg train loss 1.432, val loss 1.348, avg val acc 52.57%
iteration: 75
user 7, emp_avg: 0.4967820378373889, h: 1.4116255954154924, ucb: 1.9148457699885744,num_of_obs: 13, privacy reward: 0.5712090638488145, g: -4.444444444444465e-05, curr_delay = 0.12104009454807438, data_size = 1666
user 10, emp_avg: 0.3564554519675779, h: 1.4692665029762828, ucb: 1.8240194800395293,num_of_obs: 12, privacy reward: 0.594520547970194, g: 4.444444444444428e-05, curr_delay = 0.13266641015511688, data_size = 1666
user 11, emp_avg: 0.36833987435613724, h: 1.4692665029762828, ucb: 1.8434718468599014,num_of_obs: 12, privacy reward: 0.594520547970194, g: 4.444444444444428e-05, curr_delay = 0.16781100344662372, data_size = 1666
user 12, emp_avg: 0.33199611429701353, h: 1.4692665029762828, ucb: 1.8122641100269818,num_of_obs: 12, privacy reward: 0.594520547970194, g: 4.444444444444428e-05, curr_delay = 0.2500272514042488, data_size = 1666
user 14, emp_avg: 0.29539885663656523, h: 1.4692665029762828, ucb: 1.7703493792394913,num_of_obs: 12, privacy reward: 0.594520547970194, g: 4.444444444444428e-05, curr_delay = 0.2200795074823283, data_size = 1666
num of fast users chosen: 5, num of slow users chosen: 0
Shared resource constraint latency penalty: 0.0000 seconds
Shared resource constraint reward penalty: 0.0000
max_delay = 0.25 seconds
global epoch 75 has been done artifficialy in 0.25 secs, the total time by now is 42.56 
 with avg train loss 1.452, val loss 1.410, avg val acc 49.84%
iteration: 76
user 13, emp_avg: 0.2739439054068969, h: 1.471518491267835, ucb: 1.7383410344787444,num_of_obs: 12, privacy reward: 0.594520547970194, g: 7.694675284702985e-05, curr_delay = 0.1391206593632645, data_size = 1666
user 15, emp_avg: 0.0684722754167531, h: 1.471518491267835, ucb: 1.5392790868313673,num_of_obs: 12, privacy reward: 0.594520547970194, g: 7.694675284702985e-05, curr_delay = 0.6492458117052655, data_size = 1666
user 16, emp_avg: 0.06722041142084333, h: 1.471518491267835, ucb: 1.5383299564705932,num_of_obs: 12, privacy reward: 0.594520547970194, g: 7.694675284702985e-05, curr_delay = 0.6932143160201566, data_size = 1666
user 17, emp_avg: 0.06841401469005318, h: 1.471518491267835, ucb: 1.5390883550765335,num_of_obs: 12, privacy reward: 0.594520547970194, g: 7.694675284702985e-05, curr_delay = 0.6365872788913783, data_size = 1666
user 18, emp_avg: 0.06662645991458588, h: 1.471518491267835, ucb: 1.538764121281312,num_of_obs: 12, privacy reward: 0.594520547970194, g: 7.694675284702985e-05, curr_delay = 0.8446456909806204, data_size = 1666
num of fast users chosen: 1, num of slow users chosen: 4
Shared resource constraint latency penalty: 0.0000 seconds
Shared resource constraint reward penalty: 0.0000
max_delay = 0.84 seconds
global epoch 76 has been done artifficialy in 0.84 secs, the total time by now is 43.41 
 with avg train loss 1.424, val loss 1.308, avg val acc 53.98%
iteration: 77
user 19, emp_avg: 0.06551945161753689, h: 1.4737376669295124, ucb: 1.5390528529435368,num_of_obs: 12, privacy reward: 0.594520547970194, g: 0.00011712674050336376, curr_delay = 0.7356117411698315, data_size = 1666
user 20, emp_avg: 0.06548458531304567, h: 1.4737376669295124, ucb: 1.5395919376957636,num_of_obs: 12, privacy reward: 0.594520547970194, g: 0.00011712674050336376, curr_delay = 0.8190228222793114, data_size = 1666
user 21, emp_avg: 0.061947857820908954, h: 1.4737376669295124, ucb: 1.5350990875096786,num_of_obs: 12, privacy reward: 0.594520547970194, g: 0.00011712674050336376, curr_delay = 0.7247941452045388, data_size = 1666
user 22, emp_avg: 0.061237917485074185, h: 1.4737376669295124, ucb: 1.5349970172705047,num_of_obs: 12, privacy reward: 0.594520547970194, g: 0.00011712674050336376, curr_delay = 0.8199312399836548, data_size = 1666
user 23, emp_avg: 0.060674668299441015, h: 1.4737376669295124, ucb: 1.5347686554801103,num_of_obs: 12, privacy reward: 0.594520547970194, g: 0.00011712674050336376, curr_delay = 0.886543287858242, data_size = 1666
num of fast users chosen: 0, num of slow users chosen: 5
Shared resource constraint latency penalty: 0.0000 seconds
Shared resource constraint reward penalty: 0.0000
max_delay = 0.89 seconds
global epoch 77 has been done artifficialy in 0.89 secs, the total time by now is 44.29 
 with avg train loss 1.413, val loss 1.345, avg val acc 53.11%
iteration: 78
user 24, emp_avg: 0.05901998818756096, h: 1.475924934861118, ucb: 1.5349276651906716,num_of_obs: 12, privacy reward: 0.594520547970194, g: 0.00016436554898093314, curr_delay = 0.844208390879349, data_size = 1666
user 25, emp_avg: 0.06034481643037111, h: 1.475924934861118, ucb: 1.5362516555191714,num_of_obs: 12, privacy reward: 0.594520547970194, g: 0.00016436554898093314, curr_delay = 0.8256006789670367, data_size = 1666
user 26, emp_avg: 0.05909637856975748, h: 1.475924934861118, ucb: 1.5347982199540824,num_of_obs: 12, privacy reward: 0.594520547970194, g: 0.00016436554898093314, curr_delay = 0.8094085613449103, data_size = 1666
user 27, emp_avg: 0.05702838452410076, h: 1.475924934861118, ucb: 1.5333041471259294,num_of_obs: 12, privacy reward: 0.594520547970194, g: 0.00016436554898093314, curr_delay = 0.9466388819002137, data_size = 1666
user 29, emp_avg: 0.05643267403227639, h: 1.475924934861118, ucb: 1.5325567485490448,num_of_obs: 12, privacy reward: 0.594520547970194, g: 0.00016436554898093314, curr_delay = 0.925189232614952, data_size = 1666
num of fast users chosen: 0, num of slow users chosen: 5
Shared resource constraint latency penalty: 0.0000 seconds
Shared resource constraint reward penalty: 0.0000
max_delay = 0.95 seconds
global epoch 78 has been done artifficialy in 0.95 secs, the total time by now is 45.24 
 with avg train loss 1.415, val loss 1.283, avg val acc 54.99%
iteration: 79
user 1, emp_avg: 0.6158524551400889, h: 1.4200944474224817, ucb: 2.0063970914195006,num_of_obs: 13, privacy reward: 0.5712090638488145, g: 4.450853673734631e-06, curr_delay = 0.05, data_size = 1666
user 2, emp_avg: 0.7425548160305884, h: 1.4200944474224817, ucb: 2.1428457877631155,num_of_obs: 13, privacy reward: 0.5712090638488145, g: 4.450853673734631e-06, curr_delay = 0.05, data_size = 1666
user 3, emp_avg: 0.5165771573760111, h: 1.4200944474224817, ucb: 1.9419586584848303,num_of_obs: 13, privacy reward: 0.5712090638488145, g: 4.450853673734631e-06, curr_delay = 0.11164565576036078, data_size = 1666
user 4, emp_avg: 0.5622667545775518, h: 1.4200944474224817, ucb: 1.9486894138906146,num_of_obs: 13, privacy reward: 0.5712090638488145, g: 4.450853673734631e-06, curr_delay = 0.05, data_size = 1666
user 6, emp_avg: 0.5452736891044087, h: 1.4200944474224817, ucb: 1.970531350079154,num_of_obs: 13, privacy reward: 0.5712090638488145, g: 4.450853673734631e-06, curr_delay = 0.10456927735400415, data_size = 1666
num of fast users chosen: 5, num of slow users chosen: 0
Shared resource constraint latency penalty: 0.0000 seconds
Shared resource constraint reward penalty: 0.0000
max_delay = 0.11 seconds
global epoch 79 has been done artifficialy in 0.11 secs, the total time by now is 45.35 
 with avg train loss 1.430, val loss 1.383, avg val acc 51.95%
iteration: 80
user 0, emp_avg: 0.689974437182555, h: 1.422137064908986, ucb: 2.1346307807613982,num_of_obs: 13, privacy reward: 0.5712090638488145, g: 1.736111111111099e-05, curr_delay = 0.1258736213138637, data_size = 1666
user 8, emp_avg: 0.3631038353049766, h: 1.422137064908986, ucb: 1.7927387454047574,num_of_obs: 13, privacy reward: 0.5712090638488145, g: 1.736111111111099e-05, curr_delay = 0.18823044152826043, data_size = 1666
user 9, emp_avg: 0.3878311765225093, h: 1.422137064908986, ucb: 1.8026877915977255,num_of_obs: 13, privacy reward: 0.5712090638488145, g: 1.736111111111099e-05, curr_delay = 0.10363187773794463, data_size = 1666
user 10, emp_avg: 0.3489586398658298, h: 1.422137064908986, ucb: 1.778592516876564,num_of_obs: 13, privacy reward: 0.5712090638488145, g: 1.736111111111099e-05, curr_delay = 0.19880709180853018, data_size = 1666
user 11, emp_avg: 0.35444142267861434, h: 1.422137064908986, ucb: 1.7904769392651232,num_of_obs: 13, privacy reward: 0.5712090638488145, g: 1.736111111111099e-05, curr_delay = 0.28775065455747806, data_size = 1666
num of fast users chosen: 5, num of slow users chosen: 0
Shared resource constraint latency penalty: 0.0000 seconds
Shared resource constraint reward penalty: 0.0000
max_delay = 0.29 seconds
global epoch 80 has been done artifficialy in 0.29 secs, the total time by now is 45.64 
 with avg train loss 1.424, val loss 1.339, avg val acc 55.00%
iteration: 81
user 5, emp_avg: 0.4042157600525993, h: 1.4241514323120663, ucb: 1.8303272826084247,num_of_obs: 13, privacy reward: 0.5712090638488145, g: 3.810394756896814e-05, curr_delay = 0.1320185737759132, data_size = 1666
user 12, emp_avg: 0.3282133465091556, h: 1.4241514323120663, ucb: 1.75614754660908,num_of_obs: 13, privacy reward: 0.5712090638488145, g: 3.810394756896814e-05, curr_delay = 0.1791874717285852, data_size = 1666
user 13, emp_avg: 0.2700785096276824, h: 1.4241514323120663, ucb: 1.6980953377189631,num_of_obs: 13, privacy reward: 0.5712090638488145, g: 3.810394756896814e-05, curr_delay = 0.22745017511368143, data_size = 1666
user 14, emp_avg: 0.2939017797439337, h: 1.4241514323120663, ucb: 1.7195502889486316,num_of_obs: 13, privacy reward: 0.5712090638488145, g: 3.810394756896814e-05, curr_delay = 0.1821893312060799, data_size = 1666
user 28, emp_avg: 0.05553038130425274, h: 1.4823038073675112, ucb: 1.5382114761564838,num_of_obs: 12, privacy reward: 0.594520547970194, g: 0.0003429355281207133, curr_delay = 0.9803358070142036, data_size = 1666
num of fast users chosen: 4, num of slow users chosen: 1
Shared resource constraint latency penalty: 0.0000 seconds
Shared resource constraint reward penalty: 0.0000
max_delay = 0.98 seconds
global epoch 81 has been done artifficialy in 0.98 secs, the total time by now is 46.62 
 with avg train loss 1.409, val loss 1.302, avg val acc 55.56%
iteration: 82
user 15, emp_avg: 0.0688962128137083, h: 1.4261382898633186, ucb: 1.4946105652800716,num_of_obs: 13, privacy reward: 0.5712090638488145, g: 6.609822195782915e-05, curr_delay = 0.6719761836774716, data_size = 1666
user 16, emp_avg: 0.06770759881049815, h: 1.4261382898633186, ucb: 1.4933587012841618,num_of_obs: 13, privacy reward: 0.5712090638488145, g: 6.609822195782915e-05, curr_delay = 0.675301204038139, data_size = 1666
user 17, emp_avg: 0.06877335869634074, h: 1.4261382898633186, ucb: 1.4945523045533717,num_of_obs: 13, privacy reward: 0.5712090638488145, g: 6.609822195782915e-05, curr_delay = 0.6807831057720035, data_size = 1666
user 18, emp_avg: 0.06647170970267227, h: 1.4261382898633186, ucb: 1.4927647497779044,num_of_obs: 13, privacy reward: 0.5712090638488145, g: 6.609822195782915e-05, curr_delay = 0.77567535517428, data_size = 1666
user 19, emp_avg: 0.06566706033953822, h: 1.4261382898633186, ucb: 1.4916577414808554,num_of_obs: 13, privacy reward: 0.5712090638488145, g: 6.609822195782915e-05, curr_delay = 0.7397984706565537, data_size = 1666
num of fast users chosen: 0, num of slow users chosen: 5
Shared resource constraint latency penalty: 0.0000 seconds
Shared resource constraint reward penalty: 0.0000
max_delay = 0.78 seconds
global epoch 82 has been done artifficialy in 0.78 secs, the total time by now is 47.40 
 with avg train loss 1.397, val loss 1.289, avg val acc 54.87%
iteration: 83
user 20, emp_avg: 0.06583692424880254, h: 1.4280983495215316, ucb: 1.4935829348345773,num_of_obs: 13, privacy reward: 0.5712090638488145, g: 0.000100804825728617, curr_delay = 0.7100524786482617, data_size = 1666
user 21, emp_avg: 0.06167000002570678, h: 1.4280983495215316, ucb: 1.4900462073424405,num_of_obs: 13, privacy reward: 0.5712090638488145, g: 0.000100804825728617, curr_delay = 0.8612100022622247, data_size = 1666
user 22, emp_avg: 0.06112367697502563, h: 1.4280983495215316, ucb: 1.4893362670066057,num_of_obs: 13, privacy reward: 0.5712090638488145, g: 0.000100804825728617, curr_delay = 0.8383838928220956, data_size = 1666
user 23, emp_avg: 0.06095143999582782, h: 1.4280983495215316, ucb: 1.4887730178209726,num_of_obs: 13, privacy reward: 0.5712090638488145, g: 0.000100804825728617, curr_delay = 0.7745996739083463, data_size = 1666
user 25, emp_avg: 0.0605454362799954, h: 1.4280983495215316, ucb: 1.4884431659519026,num_of_obs: 13, privacy reward: 0.5712090638488145, g: 0.000100804825728617, curr_delay = 0.7917218284486742, data_size = 1666
num of fast users chosen: 0, num of slow users chosen: 5
Shared resource constraint latency penalty: 0.0000 seconds
Shared resource constraint reward penalty: 0.0000
max_delay = 0.86 seconds
global epoch 83 has been done artifficialy in 0.86 secs, the total time by now is 48.26 
 with avg train loss 1.389, val loss 1.274, avg val acc 56.00%
iteration: 84
user 24, emp_avg: 0.05907216140175923, h: 1.4300322963824676, ucb: 1.4890522845700287,num_of_obs: 13, privacy reward: 0.5712090638488145, g: 0.00014172335600906995, curr_delay = 0.8368142968998522, data_size = 1666
user 26, emp_avg: 0.05908968082205134, h: 1.4300322963824676, ucb: 1.4891286749522252,num_of_obs: 13, privacy reward: 0.5712090638488145, g: 0.00014172335600906995, curr_delay = 0.8474201380866383, data_size = 1666
user 27, emp_avg: 0.057349034833873554, h: 1.4300322963824676, ucb: 1.4870606809065685,num_of_obs: 13, privacy reward: 0.5712090638488145, g: 0.00014172335600906995, curr_delay = 0.8127769992861885, data_size = 1666
user 28, emp_avg: 0.05578935967204862, h: 1.4300322963824676, ucb: 1.4855626776867203,num_of_obs: 13, privacy reward: 0.5712090638488145, g: 0.00014172335600906995, curr_delay = 0.8452216797871664, data_size = 1666
user 29, emp_avg: 0.056706235461294496, h: 1.4300322963824676, ucb: 1.4864649704147441,num_of_obs: 13, privacy reward: 0.5712090638488145, g: 0.00014172335600906995, curr_delay = 0.8297029123938203, data_size = 1666
num of fast users chosen: 0, num of slow users chosen: 5
Shared resource constraint latency penalty: 0.0000 seconds
Shared resource constraint reward penalty: 0.0000
max_delay = 0.85 seconds
global epoch 84 has been done artifficialy in 0.85 secs, the total time by now is 49.11 
 with avg train loss 1.389, val loss 1.291, avg val acc 55.19%
iteration: 85
user 0, emp_avg: 0.7106428080370513, h: 1.3798526717148853, ucb: 2.0698271088974405,num_of_obs: 14, privacy reward: 0.5488116360940261, g: 3.844675124951914e-06, curr_delay = 0.05, data_size = 1666
user 1, emp_avg: 0.5970705480524817, h: 1.3798526717148853, ucb: 1.9957051268549741,num_of_obs: 14, privacy reward: 0.5488116360940261, g: 3.844675124951914e-06, curr_delay = 0.14964510966722772, data_size = 1666
user 2, emp_avg: 0.7374277374592071, h: 1.3798526717148853, ucb: 2.1224074877454737,num_of_obs: 14, privacy reward: 0.5488116360940261, g: 3.844675124951914e-06, curr_delay = 0.07511470344294732, data_size = 1666
user 3, emp_avg: 0.5363974188260536, h: 1.3798526717148853, ucb: 1.8964298290908963,num_of_obs: 14, privacy reward: 0.5488116360940261, g: 3.844675124951914e-06, curr_delay = 0.0614340365961738, data_size = 1666
user 4, emp_avg: 0.5556411578216204, h: 1.3798526717148853, ucb: 1.9421194262924373,num_of_obs: 14, privacy reward: 0.5488116360940261, g: 3.844675124951914e-06, curr_delay = 0.10801870289881753, data_size = 1666
num of fast users chosen: 5, num of slow users chosen: 0
Shared resource constraint latency penalty: 0.0000 seconds
Shared resource constraint reward penalty: 0.0000
max_delay = 0.15 seconds
global epoch 85 has been done artifficialy in 0.15 secs, the total time by now is 49.25 
 with avg train loss 1.382, val loss 1.243, avg val acc 56.17%
iteration: 86
user 5, emp_avg: 0.39570764344427256, h: 1.3816678269789182, ucb: 1.7858835870315175,num_of_obs: 14, privacy reward: 0.5488116360940261, g: 1.5023135628868296e-05, curr_delay = 0.1807703638712193, data_size = 1666
user 6, emp_avg: 0.552475963573714, h: 1.3816678269789182, ucb: 1.926941516083327,num_of_obs: 14, privacy reward: 0.5488116360940261, g: 1.5023135628868296e-05, curr_delay = 0.07653360258331299, data_size = 1666
user 7, emp_avg: 0.4906723337369027, h: 1.3816678269789182, ucb: 1.878449864816307,num_of_obs: 14, privacy reward: 0.5488116360940261, g: 1.5023135628868296e-05, curr_delay = 0.12341520184240622, data_size = 1666
user 8, emp_avg: 0.38192593441857625, h: 1.3816678269789182, ucb: 1.744771662283895,num_of_obs: 14, privacy reward: 0.5488116360940261, g: 1.5023135628868296e-05, curr_delay = 0.07746709591965124, data_size = 1666
user 9, emp_avg: 0.38173873874753655, h: 1.3816678269789182, ucb: 1.7694990035014275,num_of_obs: 14, privacy reward: 0.5488116360940261, g: 1.5023135628868296e-05, curr_delay = 0.16866557302970583, data_size = 1666
num of fast users chosen: 5, num of slow users chosen: 0
Shared resource constraint latency penalty: 0.0000 seconds
Shared resource constraint reward penalty: 0.0000
max_delay = 0.18 seconds
global epoch 86 has been done artifficialy in 0.18 secs, the total time by now is 49.44 
 with avg train loss 1.387, val loss 1.300, avg val acc 54.90%
iteration: 87
user 3, emp_avg: 0.546743441768573, h: 1.3365490067565176, ucb: 1.8729464255825712,num_of_obs: 15, privacy reward: 0.5272924240430481, g: -3.3029462280354315e-05, curr_delay = 0.07123178995499985, data_size = 1666
user 10, emp_avg: 0.3378663720321392, h: 1.3834596569038564, ucb: 1.7324182967696862,num_of_obs: 14, privacy reward: 0.5488116360940261, g: 3.3029462280353996e-05, curr_delay = 0.27386062396602656, data_size = 1666
user 11, emp_avg: 0.3554853134774319, h: 1.3834596569038564, ucb: 1.7379010795824708,num_of_obs: 14, privacy reward: 0.5488116360940261, g: 3.3029462280353996e-05, curr_delay = 0.13509870059993428, data_size = 1666
user 12, emp_avg: 0.3249937810190363, h: 1.3834596569038564, ucb: 1.711673003413012,num_of_obs: 14, privacy reward: 0.5488116360940261, g: 3.3029462280353996e-05, curr_delay = 0.17862255024491924, data_size = 1666
user 14, emp_avg: 0.2914404431024709, h: 1.3834596569038564, ucb: 1.6773614366477902,num_of_obs: 14, privacy reward: 0.5488116360940261, g: 3.3029462280353996e-05, curr_delay = 0.19456636071468764, data_size = 1666
num of fast users chosen: 5, num of slow users chosen: 0
Shared resource constraint latency penalty: 0.0000 seconds
Shared resource constraint reward penalty: 0.0000
max_delay = 0.27 seconds
global epoch 87 has been done artifficialy in 0.27 secs, the total time by now is 49.71 
 with avg train loss 1.398, val loss 1.277, avg val acc 55.69%
iteration: 88
user 13, emp_avg: 0.28019852846423393, h: 1.3852287301295676, ucb: 1.65530723975725,num_of_obs: 14, privacy reward: 0.5488116360940261, g: 5.73921028466482e-05, curr_delay = 0.11851745318154364, data_size = 1666
user 15, emp_avg: 0.0691474208538046, h: 1.3852287301295676, ucb: 1.4541249429432759,num_of_obs: 14, privacy reward: 0.5488116360940261, g: 5.73921028466482e-05, curr_delay = 0.6880954885299112, data_size = 1666
user 16, emp_avg: 0.06723379327676474, h: 1.3852287301295676, ucb: 1.4529363289400656,num_of_obs: 14, privacy reward: 0.5488116360940261, g: 5.73921028466482e-05, curr_delay = 0.8250754855173983, data_size = 1666
user 17, emp_avg: 0.06963939629016384, h: 1.3852287301295676, ucb: 1.4540020888259084,num_of_obs: 14, privacy reward: 0.5488116360940261, g: 5.73921028466482e-05, curr_delay = 0.6115166494928559, data_size = 1666
user 18, emp_avg: 0.06632077398605592, h: 1.3852287301295676, ucb: 1.45170043983224,num_of_obs: 14, privacy reward: 0.5488116360940261, g: 5.73921028466482e-05, curr_delay = 0.7787231170571222, data_size = 1666
num of fast users chosen: 1, num of slow users chosen: 4
Shared resource constraint latency penalty: 0.0000 seconds
Shared resource constraint reward penalty: 0.0000
max_delay = 0.83 seconds
global epoch 88 has been done artifficialy in 0.83 secs, the total time by now is 50.53 
 with avg train loss 1.387, val loss 1.285, avg val acc 55.89%
iteration: 89
user 19, emp_avg: 0.06605164099708395, h: 1.3869755950678346, ucb: 1.4526426554073728,num_of_obs: 14, privacy reward: 0.5488116360940261, g: 8.767130973923037e-05, curr_delay = 0.6999294591226116, data_size = 1666
user 20, emp_avg: 0.0654811958562616, h: 1.3869755950678346, ucb: 1.4528125193166372,num_of_obs: 14, privacy reward: 0.5488116360940261, g: 8.767130973923037e-05, curr_delay = 0.8264326433411128, data_size = 1666
user 21, emp_avg: 0.0618192460383945, h: 1.3869755950678346, ucb: 1.4486455950935415,num_of_obs: 14, privacy reward: 0.5488116360940261, g: 8.767130973923037e-05, curr_delay = 0.7823662139059852, data_size = 1666
user 22, emp_avg: 0.06107293403908129, h: 1.3869755950678346, ucb: 1.4480992720428603,num_of_obs: 14, privacy reward: 0.5488116360940261, g: 8.767130973923037e-05, curr_delay = 0.8283283945875605, data_size = 1666
user 23, emp_avg: 0.06121965338081923, h: 1.3869755950678346, ucb: 1.4479270350636624,num_of_obs: 14, privacy reward: 0.5488116360940261, g: 8.767130973923037e-05, curr_delay = 0.7695309955841743, data_size = 1666
num of fast users chosen: 0, num of slow users chosen: 5
Shared resource constraint latency penalty: 0.0000 seconds
Shared resource constraint reward penalty: 0.0000
max_delay = 0.83 seconds
global epoch 89 has been done artifficialy in 0.83 secs, the total time by now is 51.36 
 with avg train loss 1.359, val loss 1.265, avg val acc 56.60%
iteration: 90
user 24, emp_avg: 0.059274951367242305, h: 1.3887007808426446, ucb: 1.447772942244404,num_of_obs: 14, privacy reward: 0.5488116360940261, g: 0.00012345679012345652, curr_delay = 0.8049713629566161, data_size = 1666
user 25, emp_avg: 0.06007836438573086, h: 1.3887007808426446, ucb: 1.44924621712264,num_of_obs: 14, privacy reward: 0.5488116360940261, g: 0.00012345679012345652, curr_delay = 0.9338924109832645, data_size = 1666
user 26, emp_avg: 0.0591968365435715, h: 1.3887007808426446, ucb: 1.447790461664696,num_of_obs: 14, privacy reward: 0.5488116360940261, g: 0.00012345679012345652, curr_delay = 0.8237637163051459, data_size = 1666
user 27, emp_avg: 0.05770029677721689, h: 1.3887007808426446, ucb: 1.4460498156765182,num_of_obs: 14, privacy reward: 0.5488116360940261, g: 0.00012345679012345652, curr_delay = 0.7984929055303847, data_size = 1666
user 29, emp_avg: 0.05626872656260314, h: 1.3887007808426446, ucb: 1.445407016303939,num_of_obs: 14, privacy reward: 0.5488116360940261, g: 0.00012345679012345652, curr_delay = 0.9971361853705927, data_size = 1666
num of fast users chosen: 0, num of slow users chosen: 5
Shared resource constraint latency penalty: 0.0000 seconds
Shared resource constraint reward penalty: 0.0000
max_delay = 1.00 seconds
global epoch 90 has been done artifficialy in 1.00 secs, the total time by now is 52.36 
 with avg train loss 1.360, val loss 1.284, avg val acc 54.84%
iteration: 91
user 0, emp_avg: 0.7287276325347356, h: 1.3432586506725874, ucb: 2.053901458709639,num_of_obs: 15, privacy reward: 0.5272924240430481, g: 3.354398958794539e-06, curr_delay = 0.05, data_size = 1666
user 1, emp_avg: 0.5848435287059471, h: 1.3432586506725874, ucb: 1.940329198725069,num_of_obs: 15, privacy reward: 0.5272924240430481, g: 3.354398958794539e-06, curr_delay = 0.1245521607155331, data_size = 1666
user 2, emp_avg: 0.7522463644210455, h: 1.3432586506725874, ucb: 2.0806863881317943,num_of_obs: 15, privacy reward: 0.5272924240430481, g: 3.354398958794539e-06, curr_delay = 0.05130700654439723, data_size = 1666
user 4, emp_avg: 0.5538376102781981, h: 1.3432586506725874, ucb: 1.8988998084942077,num_of_obs: 15, privacy reward: 0.5272924240430481, g: 3.354398958794539e-06, curr_delay = 0.09491549156107332, data_size = 1666
user 6, emp_avg: 0.5715932803261338, h: 1.3432586506725874, ucb: 1.8957346142463014,num_of_obs: 15, privacy reward: 0.5272924240430481, g: 3.354398958794539e-06, curr_delay = 0.05825109035390034, data_size = 1666
num of fast users chosen: 5, num of slow users chosen: 0
Shared resource constraint latency penalty: 0.0500 seconds
Shared resource constraint reward penalty: 0.0500
Resource cluster collisions:
  Cluster 0: 2 users [np.int64(0), np.int64(6)] (excess: 1)
max_delay = 0.17 seconds
global epoch 91 has been done artifficialy in 0.17 secs, the total time by now is 52.53 
 with avg train loss 1.347, val loss 1.227, avg val acc 56.80%
iteration: 92
user 5, emp_avg: 0.3935875160257649, h: 1.3448849135965562, ucb: 1.7405925570408287,num_of_obs: 15, privacy reward: 0.5272924240430481, g: 1.3127494223902458e-05, curr_delay = 0.1382033982109554, data_size = 1666
user 7, emp_avg: 0.4907163961702711, h: 1.3448849135965562, ucb: 1.835557247333459,num_of_obs: 15, privacy reward: 0.5272924240430481, g: 1.3127494223902458e-05, curr_delay = 0.10175479550152147, data_size = 1666
user 8, emp_avg: 0.3756390743245807, h: 1.3448849135965562, ucb: 1.7268108480151323,num_of_obs: 15, privacy reward: 0.5272924240430481, g: 1.3127494223902458e-05, curr_delay = 0.17772332466884436, data_size = 1666
user 9, emp_avg: 0.3734809047099218, h: 1.3448849135965562, ucb: 1.7266236523440928,num_of_obs: 15, privacy reward: 0.5272924240430481, g: 1.3127494223902458e-05, curr_delay = 0.2003097637092937, data_size = 1666
user 10, emp_avg: 0.33352674849468644, h: 1.3448849135965562, ucb: 1.6827512856286955,num_of_obs: 15, privacy reward: 0.5272924240430481, g: 1.3127494223902458e-05, curr_delay = 0.18626663864235196, data_size = 1666
num of fast users chosen: 5, num of slow users chosen: 0
Shared resource constraint latency penalty: 0.0000 seconds
Shared resource constraint reward penalty: 0.0000
max_delay = 0.20 seconds
global epoch 92 has been done artifficialy in 0.20 secs, the total time by now is 52.73 
 with avg train loss 1.364, val loss 1.283, avg val acc 55.95%
iteration: 93
user 11, emp_avg: 0.36023190453662346, h: 1.3464916625294427, ucb: 1.7019769760068746,num_of_obs: 15, privacy reward: 0.5272924240430481, g: 2.8905075731298364e-05, curr_delay = 0.11589344902498147, data_size = 1666
user 12, emp_avg: 0.3172005087014732, h: 1.3464916625294427, ucb: 1.671485443548479,num_of_obs: 15, privacy reward: 0.5272924240430481, g: 2.8905075731298364e-05, curr_delay = 0.24962378707537342, data_size = 1666
user 13, emp_avg: 0.27646146926122106, h: 1.3464916625294427, ucb: 1.6266901909936766,num_of_obs: 15, privacy reward: 0.5272924240430481, g: 2.8905075731298364e-05, curr_delay = 0.22685450941912894, data_size = 1666
user 14, emp_avg: 0.2942018636791271, h: 1.3464916625294427, ucb: 1.6379321056319136,num_of_obs: 15, privacy reward: 0.5272924240430481, g: 2.8905075731298364e-05, curr_delay = 0.14897660269712018, data_size = 1666
user 28, emp_avg: 0.05574613894416009, h: 1.3937512833797945, ucb: 1.4495406430518432,num_of_obs: 14, privacy reward: 0.5488116360940261, g: 0.0002601456815816853, curr_delay = 0.9067654883264488, data_size = 1666
num of fast users chosen: 4, num of slow users chosen: 1
Shared resource constraint latency penalty: 0.0000 seconds
Shared resource constraint reward penalty: 0.0000
max_delay = 0.91 seconds
global epoch 93 has been done artifficialy in 0.91 secs, the total time by now is 53.64 
 with avg train loss 1.375, val loss 1.237, avg val acc 56.82%
iteration: 94
user 15, emp_avg: 0.06931769401304053, h: 1.3480793422154356, ucb: 1.4172267630692401,num_of_obs: 15, privacy reward: 0.5272924240430481, g: 5.029928072028545e-05, curr_delay = 0.695683230165059, data_size = 1666
user 16, emp_avg: 0.06713703126390332, h: 1.3480793422154356, ucb: 1.4153131354922004,num_of_obs: 15, privacy reward: 0.5272924240430481, g: 5.029928072028545e-05, curr_delay = 0.7612018339600525, data_size = 1666
user 17, emp_avg: 0.06950129754858642, h: 1.3480793422154356, ucb: 1.4177187385055994,num_of_obs: 15, privacy reward: 0.5272924240430481, g: 5.029928072028545e-05, curr_delay = 0.7415117325088532, data_size = 1666
user 18, emp_avg: 0.06653493175321029, h: 1.3480793422154356, ucb: 1.4144001162014914,num_of_obs: 15, privacy reward: 0.5272924240430481, g: 5.029928072028545e-05, curr_delay = 0.7168736459616799, data_size = 1666
user 19, emp_avg: 0.06577317497657788, h: 1.3480793422154356, ucb: 1.4141309832125195,num_of_obs: 15, privacy reward: 0.5272924240430481, g: 5.029928072028545e-05, curr_delay = 0.8117385884969388, data_size = 1666
num of fast users chosen: 0, num of slow users chosen: 5
Shared resource constraint latency penalty: 0.0000 seconds
Shared resource constraint reward penalty: 0.0000
max_delay = 0.81 seconds
global epoch 94 has been done artifficialy in 0.81 secs, the total time by now is 54.45 
 with avg train loss 1.345, val loss 1.219, avg val acc 57.23%
iteration: 95
user 20, emp_avg: 0.06568049661559076, h: 1.3496483825945986, ucb: 1.4151295784508602,num_of_obs: 15, privacy reward: 0.5272924240430481, g: 7.694675284702985e-05, curr_delay = 0.7281199092910375, data_size = 1666
user 21, emp_avg: 0.06183211218608345, h: 1.3496483825945986, ucb: 1.411467628632993,num_of_obs: 15, privacy reward: 0.5272924240430481, g: 7.694675284702985e-05, curr_delay = 0.8061252049880806, data_size = 1666
user 22, emp_avg: 0.06149760750338319, h: 1.3496483825945986, ucb: 1.4107213166336798,num_of_obs: 15, privacy reward: 0.5272924240430481, g: 7.694675284702985e-05, curr_delay = 0.7367273831989318, data_size = 1666
user 23, emp_avg: 0.06129836661402878, h: 1.3496483825945986, ucb: 1.4108680359754178,num_of_obs: 15, privacy reward: 0.5272924240430481, g: 7.694675284702985e-05, curr_delay = 0.8002680563518724, data_size = 1666
user 25, emp_avg: 0.060553294273830695, h: 1.3496483825945986, ucb: 1.4097267469803294,num_of_obs: 15, privacy reward: 0.5272924240430481, g: 7.694675284702985e-05, curr_delay = 0.7388007856491996, data_size = 1666
num of fast users chosen: 0, num of slow users chosen: 5
Shared resource constraint latency penalty: 0.0000 seconds
Shared resource constraint reward penalty: 0.0000
max_delay = 0.81 seconds
global epoch 95 has been done artifficialy in 0.81 secs, the total time by now is 55.26 
 with avg train loss 1.354, val loss 1.217, avg val acc 57.77%
iteration: 96
user 24, emp_avg: 0.05946934899392538, h: 1.3511991994473407, ucb: 1.410474150814583,num_of_obs: 15, privacy reward: 0.5272924240430481, g: 0.00010850694444444425, curr_delay = 0.8014706872446591, data_size = 1666
user 26, emp_avg: 0.05934116062891328, h: 1.3511991994473407, ucb: 1.4103960359909122,num_of_obs: 15, privacy reward: 0.5272924240430481, g: 0.00010850694444444425, curr_delay = 0.8129285303794159, data_size = 1666
user 27, emp_avg: 0.05760084891063061, h: 1.3511991994473407, ucb: 1.4088994962245576,num_of_obs: 15, privacy reward: 0.5272924240430481, g: 0.00010850694444444425, curr_delay = 0.8911205571614432, data_size = 1666
user 28, emp_avg: 0.0559741782895398, h: 1.3511991994473407, ucb: 1.4069453383915007,num_of_obs: 15, privacy reward: 0.5272924240430481, g: 0.00010850694444444425, curr_delay = 0.8418249837114279, data_size = 1666
user 29, emp_avg: 0.05613676809598875, h: 1.3511991994473407, ucb: 1.4074679260099439,num_of_obs: 15, privacy reward: 0.5272924240430481, g: 0.00010850694444444425, curr_delay = 0.9232350190328765, data_size = 1666
num of fast users chosen: 0, num of slow users chosen: 5
Shared resource constraint latency penalty: 0.0000 seconds
Shared resource constraint reward penalty: 0.0000
max_delay = 0.92 seconds
global epoch 96 has been done artifficialy in 0.92 secs, the total time by now is 56.18 
 with avg train loss 1.361, val loss 1.259, avg val acc 54.31%
iteration: 97
user 0, emp_avg: 0.7446848306209276, h: 1.3097773157826367, ucb: 2.0385049483173723,num_of_obs: 16, privacy reward: 0.5066169923655892, g: 2.9522561141223915e-06, curr_delay = 0.05, data_size = 1666
user 1, emp_avg: 0.5865926420141611, h: 1.3097773157826367, ucb: 1.8946208444885837,num_of_obs: 16, privacy reward: 0.5066169923655892, g: 2.9522561141223915e-06, curr_delay = 0.08135657798877305, data_size = 1666
user 2, emp_avg: 0.7307426737550056, h: 1.3097773157826367, ucb: 2.062023680203682,num_of_obs: 16, privacy reward: 0.5066169923655892, g: 2.9522561141223915e-06, curr_delay = 0.12930467445030852, data_size = 1666
user 3, emp_avg: 0.5344294865251652, h: 1.3097773157826367, ucb: 1.8565207575512097,num_of_obs: 16, privacy reward: 0.5066169923655892, g: 2.9522561141223915e-06, curr_delay = 0.14818933265057804, data_size = 1666
user 4, emp_avg: 0.5412223807419314, h: 1.3097773157826367, ucb: 1.8636149260608348,num_of_obs: 16, privacy reward: 0.5066169923655892, g: 2.9522561141223915e-06, curr_delay = 0.147328040320615, data_size = 1666
num of fast users chosen: 5, num of slow users chosen: 0
Shared resource constraint latency penalty: 0.0000 seconds
Shared resource constraint reward penalty: 0.0000
max_delay = 0.15 seconds
global epoch 97 has been done artifficialy in 0.15 secs, the total time by now is 56.33 
 with avg train loss 1.351, val loss 1.239, avg val acc 56.67%
iteration: 98
user 5, emp_avg: 0.38823837040815323, h: 1.3112447538508838, ucb: 1.7048322698766487,num_of_obs: 16, privacy reward: 0.5066169923655892, g: 1.1569253551760866e-05, curr_delay = 0.16520622135255064, data_size = 1666
user 6, emp_avg: 0.565788361748587, h: 1.3112447538508838, ucb: 1.8828380341770177,num_of_obs: 16, privacy reward: 0.5066169923655892, g: 1.1569253551760866e-05, curr_delay = 0.10572843769652175, data_size = 1666
user 7, emp_avg: 0.476209638769742, h: 1.3112447538508838, ucb: 1.801961150021155,num_of_obs: 16, privacy reward: 0.5066169923655892, g: 1.1569253551760866e-05, curr_delay = 0.20483280860356284, data_size = 1666
user 8, emp_avg: 0.3701365722212131, h: 1.3112447538508838, ucb: 1.6868838281754646,num_of_obs: 16, privacy reward: 0.5066169923655892, g: 1.1569253551760866e-05, curr_delay = 0.17724428755465205, data_size = 1666
user 9, emp_avg: 0.36188499375876343, h: 1.3112447538508838, ucb: 1.6847256585608057,num_of_obs: 16, privacy reward: 0.5066169923655892, g: 1.1569253551760866e-05, curr_delay = 0.28352640392851614, data_size = 1666
num of fast users chosen: 5, num of slow users chosen: 0
Shared resource constraint latency penalty: 0.0000 seconds
Shared resource constraint reward penalty: 0.0000
max_delay = 0.28 seconds
global epoch 98 has been done artifficialy in 0.28 secs, the total time by now is 56.61 
 with avg train loss 1.353, val loss 1.239, avg val acc 56.83%
iteration: 99
user 10, emp_avg: 0.32537077628443506, h: 1.312695678289706, ucb: 1.6462224267843923,num_of_obs: 16, privacy reward: 0.5066169923655892, g: 2.5507601265176792e-05, curr_delay = 0.25657443652325596, data_size = 1666
user 11, emp_avg: 0.3584768340654889, h: 1.312695678289706, ucb: 1.6729275828263295,num_of_obs: 16, privacy reward: 0.5066169923655892, g: 2.5507601265176792e-05, curr_delay = 0.15133368567506802, data_size = 1666
user 12, emp_avg: 0.313558969635715, h: 1.312695678289706, ucb: 1.629896186991179,num_of_obs: 16, privacy reward: 0.5066169923655892, g: 2.5507601265176792e-05, curr_delay = 0.19585236046476498, data_size = 1666
user 13, emp_avg: 0.27637910602482796, h: 1.312695678289706, ucb: 1.589157147550927,num_of_obs: 16, privacy reward: 0.5066169923655892, g: 2.5507601265176792e-05, curr_delay = 0.18177766572970475, data_size = 1666
user 14, emp_avg: 0.2967683824600171, h: 1.312695678289706, ucb: 1.606897541968833,num_of_obs: 16, privacy reward: 0.5066169923655892, g: 2.5507601265176792e-05, curr_delay = 0.1480022582858572, data_size = 1666
num of fast users chosen: 5, num of slow users chosen: 0
Shared resource constraint latency penalty: 0.0000 seconds
Shared resource constraint reward penalty: 0.0000
max_delay = 0.26 seconds
global epoch 99 has been done artifficialy in 0.26 secs, the total time by now is 56.87 
 with avg train loss 1.372, val loss 1.247, avg val acc 55.94%
iteration: 100
user 15, emp_avg: 0.06944823955868144, h: 1.314130442439233, ucb: 1.3834481364522735,num_of_obs: 16, privacy reward: 0.5066169923655892, g: 4.444444444444428e-05, curr_delay = 0.6989393204091502, data_size = 1666
user 16, emp_avg: 0.0673333206561585, h: 1.314130442439233, ucb: 1.3812674737031363,num_of_obs: 16, privacy reward: 0.5066169923655892, g: 4.444444444444428e-05, curr_delay = 0.7094820048910465, data_size = 1666
user 17, emp_avg: 0.0697884023744924, h: 1.314130442439233, ucb: 1.3836317399878195,num_of_obs: 16, privacy reward: 0.5066169923655892, g: 4.444444444444428e-05, curr_delay = 0.6722049218882334, data_size = 1666
user 18, emp_avg: 0.06679971284452338, h: 1.314130442439233, ucb: 1.3806653741924433,num_of_obs: 16, privacy reward: 0.5066169923655892, g: 4.444444444444428e-05, curr_delay = 0.7038663772313538, data_size = 1666
user 19, emp_avg: 0.06539704014790579, h: 1.314130442439233, ucb: 1.379903617415811,num_of_obs: 16, privacy reward: 0.5066169923655892, g: 4.444444444444428e-05, curr_delay = 0.842050196419817, data_size = 1666
num of fast users chosen: 0, num of slow users chosen: 5
Shared resource constraint latency penalty: 0.0000 seconds
Shared resource constraint reward penalty: 0.0000
max_delay = 0.84 seconds
global epoch 100 has been done artifficialy in 0.84 secs, the total time by now is 57.71 
 with avg train loss 1.322, val loss 1.235, avg val acc 57.12%
iteration: 101
user 20, emp_avg: 0.06571364486137406, h: 1.3155493885884606, ucb: 1.3812298852040514,num_of_obs: 16, privacy reward: 0.5066169923655892, g: 6.80761145421471e-05, curr_delay = 0.754785147699545, data_size = 1666
user 21, emp_avg: 0.06220002595476641, h: 1.3155493885884606, ucb: 1.377381500774544,num_of_obs: 16, privacy reward: 0.5066169923655892, g: 6.80761145421471e-05, curr_delay = 0.7343583911255945, data_size = 1666
user 22, emp_avg: 0.061593978262873696, h: 1.3155493885884606, ucb: 1.3770469960918439,num_of_obs: 16, privacy reward: 0.5066169923655892, g: 6.80761145421471e-05, curr_delay = 0.7919423299919839, data_size = 1666
user 23, emp_avg: 0.06122471598273294, h: 1.3155493885884606, ucb: 1.3768477552024894,num_of_obs: 16, privacy reward: 0.5066169923655892, g: 6.80761145421471e-05, curr_delay = 0.8326906920511966, data_size = 1666
user 25, emp_avg: 0.06018762756422168, h: 1.3155493885884606, ucb: 1.3761026828622913,num_of_obs: 16, privacy reward: 0.5066169923655892, g: 6.80761145421471e-05, curr_delay = 0.9201839743394188, data_size = 1666
num of fast users chosen: 0, num of slow users chosen: 5
Shared resource constraint latency penalty: 0.0000 seconds
Shared resource constraint reward penalty: 0.0000
max_delay = 0.92 seconds
global epoch 101 has been done artifficialy in 0.92 secs, the total time by now is 58.63 
 with avg train loss 1.325, val loss 1.215, avg val acc 58.07%
iteration: 102
user 24, emp_avg: 0.05946778657360846, h: 1.3169528484276123, ucb: 1.3764221974215376,num_of_obs: 16, privacy reward: 0.5066169923655892, g: 9.61168781237984e-05, curr_delay = 0.8411449363277115, data_size = 1666
user 26, emp_avg: 0.05954723766794534, h: 1.3169528484276123, ucb: 1.3762940090565257,num_of_obs: 16, privacy reward: 0.5066169923655892, g: 9.61168781237984e-05, curr_delay = 0.7956149485756782, data_size = 1666
user 27, emp_avg: 0.05786878706267782, h: 1.3169528484276123, ucb: 1.3745536973382428,num_of_obs: 16, privacy reward: 0.5066169923655892, g: 9.61168781237984e-05, curr_delay = 0.8044301901793423, data_size = 1666
user 28, emp_avg: 0.05580549819108049, h: 1.3169528484276123, ucb: 1.372927026717152,num_of_obs: 16, privacy reward: 0.5066169923655892, g: 9.61168781237984e-05, curr_delay = 0.9415022681973827, data_size = 1666
user 29, emp_avg: 0.05625595523563752, h: 1.3169528484276123, ucb: 1.373089616523601,num_of_obs: 16, privacy reward: 0.5066169923655892, g: 9.61168781237984e-05, curr_delay = 0.8596537908686047, data_size = 1666
num of fast users chosen: 0, num of slow users chosen: 5
Shared resource constraint latency penalty: 0.0000 seconds
Shared resource constraint reward penalty: 0.0000
max_delay = 0.94 seconds
global epoch 102 has been done artifficialy in 0.94 secs, the total time by now is 59.57 
 with avg train loss 1.327, val loss 1.178, avg val acc 59.14%
iteration: 103
user 0, emp_avg: 0.7283547219549975, h: 1.2789787729779203, ucb: 2.023663603598848,num_of_obs: 17, privacy reward: 0.4867522559599712, g: 2.6183219698159222e-06, curr_delay = 0.11092798758178721, data_size = 1666
user 1, emp_avg: 0.5715898375671261, h: 1.2789787729779203, ucb: 1.8655714149920812,num_of_obs: 17, privacy reward: 0.4867522559599712, g: 2.6183219698159222e-06, curr_delay = 0.15795684116521677, data_size = 1666
user 2, emp_avg: 0.7457014141019497, h: 1.2789787729779203, ucb: 2.009721446732926,num_of_obs: 17, privacy reward: 0.4867522559599712, g: 2.6183219698159222e-06, curr_delay = 0.05, data_size = 1666
user 3, emp_avg: 0.5326876553876589, h: 1.2789787729779203, ucb: 1.8134082595030856,num_of_obs: 17, privacy reward: 0.4867522559599712, g: 2.6183219698159222e-06, curr_delay = 0.09938845764197957, data_size = 1666
user 4, emp_avg: 0.5318618607894052, h: 1.2789787729779203, ucb: 1.8202011537198517,num_of_obs: 17, privacy reward: 0.4867522559599712, g: 2.6183219698159222e-06, curr_delay = 0.13414427244960486, data_size = 1666
num of fast users chosen: 5, num of slow users chosen: 0
Shared resource constraint latency penalty: 0.0000 seconds
Shared resource constraint reward penalty: 0.0000
max_delay = 0.16 seconds
global epoch 103 has been done artifficialy in 0.16 secs, the total time by now is 59.73 
 with avg train loss 1.321, val loss 1.245, avg val acc 56.76%
iteration: 104
user 5, emp_avg: 0.3932787863617396, h: 1.2803112074539726, ucb: 1.6685495778621258,num_of_obs: 17, privacy reward: 0.4867522559599712, g: 1.0272846811308277e-05, curr_delay = 0.1043915744921545, data_size = 1666
user 6, emp_avg: 0.5543697018758519, h: 1.2803112074539726, ucb: 1.8460995692025597,num_of_obs: 17, privacy reward: 0.4867522559599712, g: 1.0272846811308277e-05, curr_delay = 0.13879154819245598, data_size = 1666
user 7, emp_avg: 0.47517013375002093, h: 1.2803112074539726, ucb: 1.7565208462237147,num_of_obs: 17, privacy reward: 0.4867522559599712, g: 1.0272846811308277e-05, curr_delay = 0.1092899642485216, data_size = 1666
user 8, emp_avg: 0.36907247353314454, h: 1.2803112074539726, ucb: 1.6504477796751857,num_of_obs: 17, privacy reward: 0.4867522559599712, g: 1.0272846811308277e-05, curr_delay = 0.14245712494513793, data_size = 1666
user 9, emp_avg: 0.3705337182567502, h: 1.2803112074539726, ucb: 1.642196201212736,num_of_obs: 17, privacy reward: 0.4867522559599712, g: 1.0272846811308277e-05, curr_delay = 0.09660677686068281, data_size = 1666
num of fast users chosen: 5, num of slow users chosen: 0
Shared resource constraint latency penalty: 0.0000 seconds
Shared resource constraint reward penalty: 0.0000
max_delay = 0.14 seconds
global epoch 104 has been done artifficialy in 0.14 secs, the total time by now is 59.88 
 with avg train loss 1.314, val loss 1.218, avg val acc 57.45%
iteration: 105
user 10, emp_avg: 0.3283129269890486, h: 1.2816295257335744, ucb: 1.6070003020180095,num_of_obs: 17, privacy reward: 0.4867522559599712, g: 2.2675736961451085e-05, curr_delay = 0.13215993322766859, data_size = 1666
user 11, emp_avg: 0.3525873609406926, h: 1.2816295257335744, ucb: 1.6401063597990633,num_of_obs: 17, privacy reward: 0.4867522559599712, g: 2.2675736961451085e-05, curr_delay = 0.19804622031131944, data_size = 1666
user 12, emp_avg: 0.30758053801118757, h: 1.2816295257335744, ucb: 1.5951884953692894,num_of_obs: 17, privacy reward: 0.4867522559599712, g: 2.2675736961451085e-05, curr_delay = 0.24278067341673437, data_size = 1666
user 13, emp_avg: 0.28479494125929455, h: 1.2816295257335744, ucb: 1.5580086317584023,num_of_obs: 17, privacy reward: 0.4867522559599712, g: 2.2675736961451085e-05, curr_delay = 0.11685952454754188, data_size = 1666
user 14, emp_avg: 0.2981764351341951, h: 1.2816295257335744, ucb: 1.5783979081935915,num_of_obs: 17, privacy reward: 0.4867522559599712, g: 2.2675736961451085e-05, curr_delay = 0.15522487041317617, data_size = 1666
num of fast users chosen: 5, num of slow users chosen: 0
Shared resource constraint latency penalty: 0.0000 seconds
Shared resource constraint reward penalty: 0.0000
max_delay = 0.24 seconds
global epoch 105 has been done artifficialy in 0.24 secs, the total time by now is 60.12 
 with avg train loss 1.350, val loss 1.181, avg val acc 58.69%
iteration: 106
user 15, emp_avg: 0.06939606236010891, h: 1.2829340124397852, ucb: 1.3523822519984667,num_of_obs: 17, privacy reward: 0.4867522559599712, g: 3.95553973339662e-05, curr_delay = 0.729830584592884, data_size = 1666
user 16, emp_avg: 0.06708744481386704, h: 1.2829340124397852, ucb: 1.3502673330959438,num_of_obs: 17, privacy reward: 0.4867522559599712, g: 3.95553973339662e-05, curr_delay = 0.7948170868607982, data_size = 1666
user 17, emp_avg: 0.06956235627331026, h: 1.2829340124397852, ucb: 1.3527224148142776,num_of_obs: 17, privacy reward: 0.4867522559599712, g: 3.95553973339662e-05, curr_delay = 0.7608083567420385, data_size = 1666
user 18, emp_avg: 0.06689442409560836, h: 1.2829340124397852, ucb: 1.3497337252843087,num_of_obs: 17, privacy reward: 0.4867522559599712, g: 3.95553973339662e-05, curr_delay = 0.7298788953441324, data_size = 1666
user 20, emp_avg: 0.06560923436059517, h: 1.2829340124397852, ucb: 1.3486476573011592,num_of_obs: 17, privacy reward: 0.4867522559599712, g: 3.95553973339662e-05, curr_delay = 0.7832784973567217, data_size = 1666
num of fast users chosen: 0, num of slow users chosen: 5
Shared resource constraint latency penalty: 0.0000 seconds
Shared resource constraint reward penalty: 0.0000
max_delay = 0.79 seconds
global epoch 106 has been done artifficialy in 0.79 secs, the total time by now is 60.91 
 with avg train loss 1.318, val loss 1.179, avg val acc 59.11%
iteration: 107
user 21, emp_avg: 0.062225189634274494, h: 1.2842249438009965, ucb: 1.3464249697557629,num_of_obs: 17, privacy reward: 0.4867522559599712, g: 6.0655467241195266e-05, curr_delay = 0.798046736739537, data_size = 1666
user 22, emp_avg: 0.062113858413092325, h: 1.2842249438009965, ucb: 1.34581892206387,num_of_obs: 17, privacy reward: 0.4867522559599712, g: 6.0655467241195266e-05, curr_delay = 0.7047035483894042, data_size = 1666
user 23, emp_avg: 0.06121819688786867, h: 1.2842249438009965, ucb: 1.3454496597837295,num_of_obs: 17, privacy reward: 0.4867522559599712, g: 6.0655467241195266e-05, curr_delay = 0.818231878386821, data_size = 1666
user 25, emp_avg: 0.0601637228290555, h: 1.2842249438009965, ucb: 1.3444125713652182,num_of_obs: 17, privacy reward: 0.4867522559599712, g: 6.0655467241195266e-05, curr_delay = 0.8367172643464237, data_size = 1666
user 26, emp_avg: 0.05971718737257983, h: 1.2842249438009965, ucb: 1.3437721814689418,num_of_obs: 17, privacy reward: 0.4867522559599712, g: 6.0655467241195266e-05, curr_delay = 0.7986412575549777, data_size = 1666
num of fast users chosen: 0, num of slow users chosen: 5
Shared resource constraint latency penalty: 0.0000 seconds
Shared resource constraint reward penalty: 0.0000
max_delay = 0.84 seconds
global epoch 107 has been done artifficialy in 0.84 secs, the total time by now is 61.75 
 with avg train loss 1.309, val loss 1.171, avg val acc 59.13%
iteration: 108
user 19, emp_avg: 0.0657334403991987, h: 1.285502587975186, ucb: 1.3508996281230918,num_of_obs: 17, privacy reward: 0.4867522559599712, g: 8.573388203017806e-05, curr_delay = 0.6997680790869327, data_size = 1666
user 24, emp_avg: 0.06004261316105333, h: 1.285502587975186, ucb: 1.3449703745487944,num_of_obs: 17, privacy reward: 0.4867522559599712, g: 8.573388203017806e-05, curr_delay = 0.7161819066850776, data_size = 1666
user 27, emp_avg: 0.05779983434208136, h: 1.285502587975186, ucb: 1.3433713750378637,num_of_obs: 17, privacy reward: 0.4867522559599712, g: 8.573388203017806e-05, curr_delay = 0.882961071390956, data_size = 1666
user 28, emp_avg: 0.05558501757551445, h: 1.285502587975186, ucb: 1.3413080861662665,num_of_obs: 17, privacy reward: 0.4867522559599712, g: 8.573388203017806e-05, curr_delay = 0.9645648373065137, data_size = 1666
user 29, emp_avg: 0.05633577633326868, h: 1.285502587975186, ucb: 1.3417585432108234,num_of_obs: 17, privacy reward: 0.4867522559599712, g: 8.573388203017806e-05, curr_delay = 0.866660247708278, data_size = 1666
num of fast users chosen: 0, num of slow users chosen: 5
Shared resource constraint latency penalty: 0.0000 seconds
Shared resource constraint reward penalty: 0.0000
max_delay = 0.96 seconds
global epoch 108 has been done artifficialy in 0.96 secs, the total time by now is 62.71 
 with avg train loss 1.306, val loss 1.238, avg val acc 57.25%
iteration: 109
user 0, emp_avg: 0.7118176830838281, h: 1.2505129457185618, ucb: 1.9788676676735593,num_of_obs: 18, privacy reward: 0.4676664270099088, g: 2.3379999812959437e-06, curr_delay = 0.12072891772267758, data_size = 1666
user 1, emp_avg: 0.5628769627098914, h: 1.2505129457185618, ucb: 1.822102783285688,num_of_obs: 18, privacy reward: 0.4676664270099088, g: 2.3379999812959437e-06, curr_delay = 0.12313899565486115, data_size = 1666
user 2, emp_avg: 0.7590855502018471, h: 1.2505129457185618, ucb: 1.9962143598205113,num_of_obs: 18, privacy reward: 0.4676664270099088, g: 2.3379999812959437e-06, curr_delay = 0.05, data_size = 1666
user 3, emp_avg: 0.5572830419462033, h: 1.2505129457185618, ucb: 1.7832006011062207,num_of_obs: 18, privacy reward: 0.4676664270099088, g: 2.3379999812959437e-06, curr_delay = 0.05, data_size = 1666
user 4, emp_avg: 0.5527854363616034, h: 1.2505129457185618, ucb: 1.782374806507967,num_of_obs: 18, privacy reward: 0.4676664270099088, g: 2.3379999812959437e-06, curr_delay = 0.05379758227169648, data_size = 1666
num of fast users chosen: 5, num of slow users chosen: 0
Shared resource constraint latency penalty: 0.0000 seconds
Shared resource constraint reward penalty: 0.0000
max_delay = 0.12 seconds
global epoch 109 has been done artifficialy in 0.12 secs, the total time by now is 62.84 
 with avg train loss 1.299, val loss 1.191, avg val acc 58.70%
iteration: 110
user 5, emp_avg: 0.39304113854634953, h: 1.2517295189446769, ucb: 1.6450083053064164,num_of_obs: 18, privacy reward: 0.4676664270099088, g: 9.182736455463678e-06, curr_delay = 0.1286129043654815, data_size = 1666
user 6, emp_avg: 0.5478261466575775, h: 1.2517295189446769, ucb: 1.8060992208205287,num_of_obs: 18, privacy reward: 0.4676664270099088, g: 9.182736455463678e-06, curr_delay = 0.1162676720938813, data_size = 1666
user 7, emp_avg: 0.46606309640068677, h: 1.2517295189446769, ucb: 1.7268996526946978,num_of_obs: 18, privacy reward: 0.4676664270099088, g: 9.182736455463678e-06, curr_delay = 0.16548815703648553, data_size = 1666
user 8, emp_avg: 0.36330644796646017, h: 1.2517295189446769, ucb: 1.6208019924778214,num_of_obs: 18, privacy reward: 0.4676664270099088, g: 9.182736455463678e-06, curr_delay = 0.1926648724059015, data_size = 1666
user 9, emp_avg: 0.36459111732514327, h: 1.2517295189446769, ucb: 1.6222632372014272,num_of_obs: 18, privacy reward: 0.4676664270099088, g: 9.182736455463678e-06, curr_delay = 0.1940810703495302, data_size = 1666
num of fast users chosen: 5, num of slow users chosen: 0
Shared resource constraint latency penalty: 0.0000 seconds
Shared resource constraint reward penalty: 0.0000
max_delay = 0.19 seconds
global epoch 110 has been done artifficialy in 0.19 secs, the total time by now is 63.03 
 with avg train loss 1.323, val loss 1.198, avg val acc 58.70%
iteration: 111
user 10, emp_avg: 0.32357178376225965, h: 1.2529339170273286, ucb: 1.5812468440163772,num_of_obs: 18, privacy reward: 0.4676664270099088, g: 2.029056083110121e-05, curr_delay = 0.2098801450350269, data_size = 1666
user 11, emp_avg: 0.3450082106258258, h: 1.2529339170273286, ucb: 1.6055212779680212,num_of_obs: 18, privacy reward: 0.4676664270099088, g: 2.029056083110121e-05, curr_delay = 0.2397121479477216, data_size = 1666
user 12, emp_avg: 0.3044301292338974, h: 1.2529339170273286, ucb: 1.5605144550385162,num_of_obs: 18, privacy reward: 0.4676664270099088, g: 2.029056083110121e-05, curr_delay = 0.20183853001958726, data_size = 1666
user 13, emp_avg: 0.2801273035806883, h: 1.2529339170273286, ucb: 1.537728858286623,num_of_obs: 18, privacy reward: 0.4676664270099088, g: 2.029056083110121e-05, curr_delay = 0.25495917864769013, data_size = 1666
user 14, emp_avg: 0.3006870945809408, h: 1.2529339170273286, ucb: 1.5511103521615237,num_of_obs: 18, privacy reward: 0.4676664270099088, g: 2.029056083110121e-05, curr_delay = 0.14455923925466488, data_size = 1666
num of fast users chosen: 5, num of slow users chosen: 0
Shared resource constraint latency penalty: 0.0000 seconds
Shared resource constraint reward penalty: 0.0000
max_delay = 0.25 seconds
global epoch 111 has been done artifficialy in 0.25 secs, the total time by now is 63.29 
 with avg train loss 1.325, val loss 1.204, avg val acc 58.41%
iteration: 112
user 15, emp_avg: 0.06988163412935268, h: 1.2541263720607922, ucb: 1.3235224344209011,num_of_obs: 18, privacy reward: 0.4676664270099088, g: 3.5430839002267324e-05, curr_delay = 0.6359549118070179, data_size = 1666
user 16, emp_avg: 0.06747863016782457, h: 1.2541263720607922, ucb: 1.3212138168746592,num_of_obs: 18, privacy reward: 0.4676664270099088, g: 3.5430839002267324e-05, curr_delay = 0.6709611171630376, data_size = 1666
user 17, emp_avg: 0.06958259704965018, h: 1.2541263720607922, ucb: 1.3236887283341026,num_of_obs: 18, privacy reward: 0.4676664270099088, g: 3.5430839002267324e-05, curr_delay = 0.7148276453045429, data_size = 1666
user 18, emp_avg: 0.06654328159698268, h: 1.2541263720607922, ucb: 1.3210207961564007,num_of_obs: 18, privacy reward: 0.4676664270099088, g: 3.5430839002267324e-05, curr_delay = 0.8302514865622417, data_size = 1666
user 19, emp_avg: 0.06593153848933804, h: 1.2541263720607922, ucb: 1.319859812459991,num_of_obs: 18, privacy reward: 0.4676664270099088, g: 3.5430839002267324e-05, curr_delay = 0.7194523678146135, data_size = 1666
num of fast users chosen: 0, num of slow users chosen: 5
Shared resource constraint latency penalty: 0.0000 seconds
Shared resource constraint reward penalty: 0.0000
max_delay = 0.83 seconds
global epoch 112 has been done artifficialy in 0.83 secs, the total time by now is 64.12 
 with avg train loss 1.275, val loss 1.137, avg val acc 60.23%
iteration: 113
user 20, emp_avg: 0.06550202622867145, h: 1.2553071096631216, ucb: 1.3209163440237168,num_of_obs: 18, privacy reward: 0.4676664270099088, g: 5.438518634540239e-05, curr_delay = 0.7865063218559236, data_size = 1666
user 21, emp_avg: 0.06213705280274926, h: 1.2553071096631216, ucb: 1.3175322992973961,num_of_obs: 18, privacy reward: 0.4676664270099088, g: 5.438518634540239e-05, curr_delay = 0.8257557876150518, data_size = 1666
user 22, emp_avg: 0.06210780508283036, h: 1.2553071096631216, ucb: 1.317420968076214,num_of_obs: 18, privacy reward: 0.4676664270099088, g: 5.438518634540239e-05, curr_delay = 0.8064666347996461, data_size = 1666
user 23, emp_avg: 0.06160685965653908, h: 1.2553071096631216, ucb: 1.3165253065509903,num_of_obs: 18, privacy reward: 0.4676664270099088, g: 5.438518634540239e-05, curr_delay = 0.7288333370961344, data_size = 1666
user 25, emp_avg: 0.059974253874218154, h: 1.2553071096631216, ucb: 1.3154708324921771,num_of_obs: 18, privacy reward: 0.4676664270099088, g: 5.438518634540239e-05, curr_delay = 0.8839573859094281, data_size = 1666
num of fast users chosen: 0, num of slow users chosen: 5
Shared resource constraint latency penalty: 0.0000 seconds
Shared resource constraint reward penalty: 0.0000
max_delay = 0.88 seconds
global epoch 113 has been done artifficialy in 0.88 secs, the total time by now is 65.00 
 with avg train loss 1.289, val loss 1.130, avg val acc 60.06%
iteration: 114
user 24, emp_avg: 0.06024865986240655, h: 1.256476349212948, ucb: 1.3165189623740015,num_of_obs: 18, privacy reward: 0.4676664270099088, g: 7.694675284702985e-05, curr_delay = 0.7817691376220535, data_size = 1666
user 26, emp_avg: 0.0596040772443789, h: 1.256476349212948, ucb: 1.316193536585528,num_of_obs: 18, privacy reward: 0.4676664270099088, g: 7.694675284702985e-05, curr_delay = 0.8685366443847831, data_size = 1666
user 27, emp_avg: 0.057775829463351455, h: 1.256476349212948, ucb: 1.3142761835550294,num_of_obs: 18, privacy reward: 0.4676664270099088, g: 7.694675284702985e-05, curr_delay = 0.8719347319273117, data_size = 1666
user 28, emp_avg: 0.05565173548837642, h: 1.256476349212948, ucb: 1.3120613667884624,num_of_obs: 18, privacy reward: 0.4676664270099088, g: 7.694675284702985e-05, curr_delay = 0.8794663579397153, data_size = 1666
user 29, emp_avg: 0.056377739496716275, h: 1.256476349212948, ucb: 1.3128121255462166,num_of_obs: 18, privacy reward: 0.4676664270099088, g: 7.694675284702985e-05, curr_delay = 0.8751497926701486, data_size = 1666
num of fast users chosen: 0, num of slow users chosen: 5
Shared resource constraint latency penalty: 0.0000 seconds
Shared resource constraint reward penalty: 0.0000
max_delay = 0.88 seconds
global epoch 114 has been done artifficialy in 0.88 secs, the total time by now is 65.88 
 with avg train loss 1.303, val loss 1.193, avg val acc 59.04%
iteration: 115
user 0, emp_avg: 0.7051127528525776, h: 1.2240913444196604, ucb: 1.9359090275034885,num_of_obs: 19, privacy reward: 0.4493289641172211, g: 2.100399075824409e-06, curr_delay = 0.08654725430460969, data_size = 1666
user 1, emp_avg: 0.5847331145743968, h: 1.2240913444196604, ucb: 1.786968307129552,num_of_obs: 19, privacy reward: 0.4493289641172211, g: 2.100399075824409e-06, curr_delay = 0.05, data_size = 1666
user 2, emp_avg: 0.7711312726917547, h: 1.2240913444196604, ucb: 1.9831768946215074,num_of_obs: 19, privacy reward: 0.4493289641172211, g: 2.100399075824409e-06, curr_delay = 0.05, data_size = 1666
user 3, emp_avg: 0.5577888213788826, h: 1.2240913444196604, ucb: 1.7813743863658638,num_of_obs: 19, privacy reward: 0.4493289641172211, g: 2.100399075824409e-06, curr_delay = 0.08812146752477293, data_size = 1666
user 4, emp_avg: 0.5457830411796918, h: 1.2240913444196604, ucb: 1.7768767807812638,num_of_obs: 19, privacy reward: 0.4493289641172211, g: 2.100399075824409e-06, curr_delay = 0.12114236296874756, data_size = 1666
num of fast users chosen: 5, num of slow users chosen: 0
Shared resource constraint latency penalty: 0.0000 seconds
Shared resource constraint reward penalty: 0.0000
max_delay = 0.12 seconds
global epoch 115 has been done artifficialy in 0.12 secs, the total time by now is 66.00 
 with avg train loss 1.278, val loss 1.161, avg val acc 59.66%
iteration: 116
user 5, emp_avg: 0.39175935702998516, h: 1.2252076332442206, ucb: 1.61824877179057,num_of_obs: 19, privacy reward: 0.4493289641172211, g: 8.257365570088499e-06, curr_delay = 0.13608941314561884, data_size = 1666
user 6, emp_avg: 0.5367006801129479, h: 1.2252076332442206, ucb: 1.7730337799017981,num_of_obs: 19, privacy reward: 0.4493289641172211, g: 8.257365570088499e-06, curr_delay = 0.1536963279393484, data_size = 1666
user 7, emp_avg: 0.4587563054985222, h: 1.2252076332442206, ucb: 1.6912707296449074,num_of_obs: 19, privacy reward: 0.4493289641172211, g: 8.257365570088499e-06, curr_delay = 0.15628551668590188, data_size = 1666
user 8, emp_avg: 0.35736911214360373, h: 1.2252076332442206, ucb: 1.5885140812106808,num_of_obs: 19, privacy reward: 0.4493289641172211, g: 8.257365570088499e-06, curr_delay = 0.20444903047373575, data_size = 1666
user 9, emp_avg: 0.3724455320406907, h: 1.2252076332442206, ucb: 1.5897987505693638,num_of_obs: 19, privacy reward: 0.4493289641172211, g: 8.257365570088499e-06, curr_delay = 0.0958443037711415, data_size = 1666
num of fast users chosen: 5, num of slow users chosen: 0
Shared resource constraint latency penalty: 0.0000 seconds
Shared resource constraint reward penalty: 0.0000
max_delay = 0.20 seconds
global epoch 116 has been done artifficialy in 0.20 secs, the total time by now is 66.21 
 with avg train loss 1.294, val loss 1.204, avg val acc 57.36%
iteration: 117
user 7, emp_avg: 0.45410950259056293, h: 1.1952623897869985, ucb: 1.6540186952855207,num_of_obs: 20, privacy reward: 0.43171052342907923, g: -1.8262838775659394e-05, curr_delay = 0.13843764199972844, data_size = 1666
user 10, emp_avg: 0.3232200386997023, h: 1.226313336983028, ucb: 1.5498851207452875,num_of_obs: 19, privacy reward: 0.4493289641172211, g: 1.8262838775659157e-05, curr_delay = 0.15795947569631005, data_size = 1666
user 11, emp_avg: 0.3414391733955958, h: 1.226313336983028, ucb: 1.5713215476088538,num_of_obs: 19, privacy reward: 0.4493289641172211, g: 1.8262838775659157e-05, curr_delay = 0.18273019418350808, data_size = 1666
user 12, emp_avg: 0.2992752476410841, h: 1.226313336983028, ucb: 1.5307434662169253,num_of_obs: 19, privacy reward: 0.4493289641172211, g: 1.8262838775659157e-05, curr_delay = 0.2483454020153386, data_size = 1666
user 14, emp_avg: 0.2991392377227349, h: 1.226313336983028, ucb: 1.5270004315639687,num_of_obs: 19, privacy reward: 0.4493289641172211, g: 1.8262838775659157e-05, curr_delay = 0.18537058500600065, data_size = 1666
num of fast users chosen: 5, num of slow users chosen: 0
Shared resource constraint latency penalty: 0.0000 seconds
Shared resource constraint reward penalty: 0.0000
max_delay = 0.25 seconds
global epoch 117 has been done artifficialy in 0.25 secs, the total time by now is 66.45 
 with avg train loss 1.313, val loss 1.155, avg val acc 58.92%
iteration: 118
user 13, emp_avg: 0.2781584942644887, h: 1.227408646976779, ucb: 1.5075359505574675,num_of_obs: 19, privacy reward: 0.4493289641172211, g: 3.191930798940283e-05, curr_delay = 0.20768335603065435, data_size = 1666
user 15, emp_avg: 0.07075477507326944, h: 1.227408646976779, ucb: 1.2972902811061318,num_of_obs: 19, privacy reward: 0.4493289641172211, g: 3.191930798940283e-05, curr_delay = 0.5724461975347087, data_size = 1666
user 16, emp_avg: 0.06773045187305192, h: 1.227408646976779, ucb: 1.2948872771446036,num_of_obs: 19, privacy reward: 0.4493289641172211, g: 3.191930798940283e-05, curr_delay = 0.6895119035156139, data_size = 1666
user 17, emp_avg: 0.06940855922909665, h: 1.227408646976779, ucb: 1.2969912440264293,num_of_obs: 19, privacy reward: 0.4493289641172211, g: 3.191930798940283e-05, curr_delay = 0.7564085888830452, data_size = 1666
user 18, emp_avg: 0.06662619096677985, h: 1.227408646976779, ucb: 1.2939519285737617,num_of_obs: 19, privacy reward: 0.4493289641172211, g: 3.191930798940283e-05, curr_delay = 0.7331220388403377, data_size = 1666
num of fast users chosen: 1, num of slow users chosen: 4
Shared resource constraint latency penalty: 0.0000 seconds
Shared resource constraint reward penalty: 0.0000
max_delay = 0.76 seconds
global epoch 118 has been done artifficialy in 0.76 secs, the total time by now is 67.21 
 with avg train loss 1.276, val loss 1.178, avg val acc 57.87%
iteration: 119
user 19, emp_avg: 0.06589901828197692, h: 1.2284937495003936, ucb: 1.2944252879897316,num_of_obs: 19, privacy reward: 0.4493289641172211, g: 4.9039223532550315e-05, curr_delay = 0.7659180635245632, data_size = 1666
user 20, emp_avg: 0.06526891405929748, h: 1.2284937495003936, ucb: 1.293995775729065,num_of_obs: 19, privacy reward: 0.4493289641172211, g: 4.9039223532550315e-05, curr_delay = 0.8218306782999742, data_size = 1666
user 21, emp_avg: 0.0621624173502478, h: 1.2284937495003936, ucb: 1.2906308023031428,num_of_obs: 19, privacy reward: 0.4493289641172211, g: 4.9039223532550315e-05, curr_delay = 0.7981566571655403, data_size = 1666
user 22, emp_avg: 0.06222370954185961, h: 1.2284937495003936, ucb: 1.290601554583224,num_of_obs: 19, privacy reward: 0.4493289641172211, g: 4.9039223532550315e-05, curr_delay = 0.7760854633319831, data_size = 1666
user 23, emp_avg: 0.06148429706876089, h: 1.2284937495003936, ucb: 1.2901006091569327,num_of_obs: 19, privacy reward: 0.4493289641172211, g: 4.9039223532550315e-05, curr_delay = 0.8452284030906835, data_size = 1666
num of fast users chosen: 0, num of slow users chosen: 5
Shared resource constraint latency penalty: 0.0000 seconds
Shared resource constraint reward penalty: 0.0000
max_delay = 0.85 seconds
global epoch 119 has been done artifficialy in 0.85 secs, the total time by now is 68.06 
 with avg train loss 1.274, val loss 1.190, avg val acc 57.61%
iteration: 120
user 24, emp_avg: 0.060108044340115185, h: 1.2295688259388518, ucb: 1.2898174858012583,num_of_obs: 19, privacy reward: 0.4493289641172211, g: 6.944444444444442e-05, curr_delay = 0.8705288638272571, data_size = 1666
user 25, emp_avg: 0.060054149542605864, h: 1.2295688259388518, ucb: 1.2895430798130698,num_of_obs: 19, privacy reward: 0.4493289641172211, g: 6.944444444444442e-05, curr_delay = 0.8120552229955648, data_size = 1666
user 26, emp_avg: 0.05952825478920322, h: 1.2295688259388518, ucb: 1.2891729031832306,num_of_obs: 19, privacy reward: 0.4493289641172211, g: 6.944444444444442e-05, curr_delay = 0.8607684906456783, data_size = 1666
user 27, emp_avg: 0.057483749762381756, h: 1.2295688259388518, ucb: 1.2873446554022032,num_of_obs: 19, privacy reward: 0.4493289641172211, g: 6.944444444444442e-05, curr_delay = 0.9627560620191526, data_size = 1666
user 29, emp_avg: 0.05622139977883005, h: 1.2295688259388518, ucb: 1.285946565435568,num_of_obs: 19, privacy reward: 0.4493289641172211, g: 6.944444444444442e-05, curr_delay = 0.9389504706347195, data_size = 1666
num of fast users chosen: 0, num of slow users chosen: 5
Shared resource constraint latency penalty: 0.0000 seconds
Shared resource constraint reward penalty: 0.0000
max_delay = 0.96 seconds
global epoch 120 has been done artifficialy in 0.96 secs, the total time by now is 69.02 
 with avg train loss 1.273, val loss 1.125, avg val acc 60.76%
iteration: 121
user 0, emp_avg: 0.7128449852700177, h: 1.1994737027876112, ucb: 1.9045864556401888,num_of_obs: 20, privacy reward: 0.43171052342907923, g: 1.8972595982362693e-06, curr_delay = 0.05763757636090705, data_size = 1666
user 5, emp_avg: 0.4207231971714145, h: 1.1994737027876112, ucb: 1.5912330598175963,num_of_obs: 20, privacy reward: 0.43171052342907923, g: 1.8972595982362693e-06, curr_delay = 0.05, data_size = 1666
user 14, emp_avg: 0.30144334475121015, h: 1.1994737027876112, ucb: 1.498612940510346,num_of_obs: 20, privacy reward: 0.43171052342907923, g: 1.8972595982362693e-06, curr_delay = 0.14387434047853281, data_size = 1666
user 15, emp_avg: 0.07082184509992703, h: 1.1994737027876112, ucb: 1.2702284778608806,num_of_obs: 20, privacy reward: 0.43171052342907923, g: 1.8972595982362693e-06, curr_delay = 0.6928734920575755, data_size = 1666
user 28, emp_avg: 0.055793271692709624, h: 1.230634052955511, ucb: 1.2862857884438874,num_of_obs: 19, privacy reward: 0.4493289641172211, g: 9.29657203135788e-05, curr_delay = 0.8549572019255383, data_size = 1666
num of fast users chosen: 3, num of slow users chosen: 2
Shared resource constraint latency penalty: 0.0000 seconds
Shared resource constraint reward penalty: 0.0000
max_delay = 0.85 seconds
global epoch 121 has been done artifficialy in 0.85 secs, the total time by now is 69.87 
 with avg train loss 1.269, val loss 1.115, avg val acc 61.40%
iteration: 122
user 1, emp_avg: 0.5846007920666609, h: 1.2005025253700956, ucb: 1.7852356399444924,num_of_obs: 20, privacy reward: 0.43171052342907923, g: 7.465137806443923e-06, curr_delay = 0.08591739316821834, data_size = 1666
user 2, emp_avg: 0.7537515448312837, h: 1.2005025253700956, ucb: 1.9716337980618504,num_of_obs: 20, privacy reward: 0.43171052342907923, g: 7.465137806443923e-06, curr_delay = 0.12310510842805183, data_size = 1666
user 3, emp_avg: 0.5450633222690948, h: 1.2005025253700956, ucb: 1.7582913467489782,num_of_obs: 20, privacy reward: 0.43171052342907923, g: 7.465137806443923e-06, curr_delay = 0.1720854421683097, data_size = 1666
user 4, emp_avg: 0.5548210084190062, h: 1.2005025253700956, ucb: 1.7462855665497874,num_of_obs: 20, privacy reward: 0.43171052342907923, g: 7.465137806443923e-06, curr_delay = 0.06797353923623005, data_size = 1666
user 6, emp_avg: 0.5451433908779793, h: 1.2005025253700956, ucb: 1.7372032054830435,num_of_obs: 20, privacy reward: 0.43171052342907923, g: 7.465137806443923e-06, curr_delay = 0.07002824598755386, data_size = 1666
num of fast users chosen: 5, num of slow users chosen: 0
Shared resource constraint latency penalty: 0.0000 seconds
Shared resource constraint reward penalty: 0.0000
max_delay = 0.17 seconds
global epoch 122 has been done artifficialy in 0.17 secs, the total time by now is 70.05 
 with avg train loss 1.256, val loss 1.133, avg val acc 60.92%
iteration: 123
user 6, emp_avg: 0.5340504561590961, h: 1.1725654846620255, ucb: 1.7177088755400047,num_of_obs: 21, privacy reward: 0.4147829116815809, g: -1.6524555489457512e-05, curr_delay = 0.16605843499221976, data_size = 1666
user 8, emp_avg: 0.37735566146313826, h: 1.201522079119533, ucb: 1.5588911912631367,num_of_obs: 20, privacy reward: 0.43171052342907923, g: 1.652455548945729e-05, curr_delay = 0.0643428890949174, data_size = 1666
user 9, emp_avg: 0.37724019658885294, h: 1.201522079119533, ucb: 1.5739676111602237,num_of_obs: 20, privacy reward: 0.43171052342907923, g: 1.652455548945729e-05, curr_delay = 0.10567842123940638, data_size = 1666
user 10, emp_avg: 0.3249992926738828, h: 1.201522079119533, ucb: 1.524742117819235,num_of_obs: 20, privacy reward: 0.43171052342907923, g: 1.652455548945729e-05, curr_delay = 0.13866380204120826, data_size = 1666
user 11, emp_avg: 0.3413045796707803, h: 1.201522079119533, ucb: 1.5429612525151288,num_of_obs: 20, privacy reward: 0.43171052342907923, g: 1.652455548945729e-05, curr_delay = 0.14766132290942113, data_size = 1666
num of fast users chosen: 5, num of slow users chosen: 0
Shared resource constraint latency penalty: 0.0000 seconds
Shared resource constraint reward penalty: 0.0000
max_delay = 0.17 seconds
global epoch 123 has been done artifficialy in 0.17 secs, the total time by now is 70.21 
 with avg train loss 1.291, val loss 1.143, avg val acc 60.45%
iteration: 124
user 16, emp_avg: 0.0678205672651328, h: 1.202532523336276, ucb: 1.270262975209328,num_of_obs: 20, privacy reward: 0.43171052342907923, g: 2.8905075731298364e-05, curr_delay = 0.7181547720248069, data_size = 1666
user 17, emp_avg: 0.06946628064715148, h: 1.202532523336276, ucb: 1.2719410825653727,num_of_obs: 20, privacy reward: 0.43171052342907923, g: 2.8905075731298364e-05, curr_delay = 0.70800761847577, data_size = 1666
user 18, emp_avg: 0.06634739805682738, h: 1.202532523336276, ucb: 1.2691587143030558,num_of_obs: 20, privacy reward: 0.43171052342907923, g: 2.8905075731298364e-05, curr_delay = 0.8227535474173229, data_size = 1666
user 19, emp_avg: 0.06578922942955874, h: 1.202532523336276, ucb: 1.268431541618253,num_of_obs: 20, privacy reward: 0.43171052342907923, g: 2.8905075731298364e-05, curr_delay = 0.7862444658655632, data_size = 1666
user 21, emp_avg: 0.0619986094358233, h: 1.202532523336276, ucb: 1.2646949406865238,num_of_obs: 20, privacy reward: 0.43171052342907923, g: 2.8905075731298364e-05, curr_delay = 0.8514630950017958, data_size = 1666
num of fast users chosen: 0, num of slow users chosen: 5
Shared resource constraint latency penalty: 0.0000 seconds
Shared resource constraint reward penalty: 0.0000
max_delay = 0.85 seconds
global epoch 124 has been done artifficialy in 0.85 secs, the total time by now is 71.06 
 with avg train loss 1.246, val loss 1.132, avg val acc 60.66%
iteration: 125
user 12, emp_avg: 0.29320026776042657, h: 1.2035340133085937, ucb: 1.5028092609496777,num_of_obs: 20, privacy reward: 0.43171052342907923, g: 4.444444444444428e-05, curr_delay = 0.2912044545726721, data_size = 1666
user 13, emp_avg: 0.2835742317006973, h: 1.2035340133085937, ucb: 1.4816925075730825,num_of_obs: 20, privacy reward: 0.43171052342907923, g: 4.444444444444428e-05, curr_delay = 0.12758715477478394, data_size = 1666
user 20, emp_avg: 0.06519280295060151, h: 1.2035340133085937, ucb: 1.2688029273678911,num_of_obs: 20, privacy reward: 0.43171052342907923, g: 4.444444444444428e-05, curr_delay = 0.7852920358205893, data_size = 1666
user 22, emp_avg: 0.0623668351665143, h: 1.2035340133085937, ucb: 1.2657577228504533,num_of_obs: 20, privacy reward: 0.43171052342907923, g: 4.444444444444428e-05, curr_delay = 0.7665261388312398, data_size = 1666
user 23, emp_avg: 0.06138526051558061, h: 1.2035340133085937, ucb: 1.2650183103773545,num_of_obs: 20, privacy reward: 0.43171052342907923, g: 4.444444444444428e-05, curr_delay = 0.8416866602810504, data_size = 1666
num of fast users chosen: 2, num of slow users chosen: 3
Shared resource constraint latency penalty: 0.0000 seconds
Shared resource constraint reward penalty: 0.0000
max_delay = 0.84 seconds
global epoch 125 has been done artifficialy in 0.84 secs, the total time by now is 71.90 
 with avg train loss 1.264, val loss 1.140, avg val acc 61.08%
iteration: 126
user 24, emp_avg: 0.05998333629484571, h: 1.2045267004452178, ucb: 1.264634744785333,num_of_obs: 20, privacy reward: 0.43171052342907923, g: 6.298815822625346e-05, curr_delay = 0.8697289474284292, data_size = 1666
user 25, emp_avg: 0.06023442346512503, h: 1.2045267004452178, ucb: 1.2645808499878237,num_of_obs: 20, privacy reward: 0.43171052342907923, g: 6.298815822625346e-05, curr_delay = 0.7832092233815544, data_size = 1666
user 26, emp_avg: 0.05978673958194074, h: 1.2045267004452178, ucb: 1.2640549552344211,num_of_obs: 20, privacy reward: 0.43171052342907923, g: 6.298815822625346e-05, curr_delay = 0.7697466719634224, data_size = 1666
user 27, emp_avg: 0.057320978193641535, h: 1.2045267004452178, ucb: 1.2620104502075995,num_of_obs: 20, privacy reward: 0.43171052342907923, g: 6.298815822625346e-05, curr_delay = 0.9248033718689673, data_size = 1666
user 29, emp_avg: 0.05612036078719705, h: 1.2045267004452178, ucb: 1.260748100224048,num_of_obs: 20, privacy reward: 0.43171052342907923, g: 6.298815822625346e-05, curr_delay = 0.9242215765408223, data_size = 1666
num of fast users chosen: 0, num of slow users chosen: 5
Shared resource constraint latency penalty: 0.0000 seconds
Shared resource constraint reward penalty: 0.0000
max_delay = 0.92 seconds
global epoch 126 has been done artifficialy in 0.92 secs, the total time by now is 72.83 
 with avg train loss 1.254, val loss 1.100, avg val acc 61.72%
iteration: 127
user 3, emp_avg: 0.5657422621659541, h: 1.1764580116918255, ucb: 1.7215213339609203,num_of_obs: 21, privacy reward: 0.4147829116815809, g: 1.7222256666735008e-06, curr_delay = 0.05, data_size = 1666
user 11, emp_avg: 0.3413996374975785, h: 1.1764580116918255, ucb: 1.5177625913626058,num_of_obs: 21, privacy reward: 0.4147829116815809, g: 1.7222256666735008e-06, curr_delay = 0.14560455442057854, data_size = 1666
user 12, emp_avg: 0.28873024827181976, h: 1.1764580116918255, ucb: 1.4696582794522521,num_of_obs: 21, privacy reward: 0.4147829116815809, g: 1.7222256666735008e-06, curr_delay = 0.2565946900795581, data_size = 1666
user 14, emp_avg: 0.3084291901548906, h: 1.1764580116918255, ucb: 1.4779013564430357,num_of_obs: 21, privacy reward: 0.4147829116815809, g: 1.7222256666735008e-06, curr_delay = 0.1098582525343638, data_size = 1666
user 28, emp_avg: 0.05587449374185169, h: 1.2055107324024856, ucb: 1.2613040040951953,num_of_obs: 20, privacy reward: 0.43171052342907923, g: 8.438905766700409e-05, curr_delay = 0.8695813277133183, data_size = 1666
num of fast users chosen: 4, num of slow users chosen: 1
Shared resource constraint latency penalty: 0.0000 seconds
Shared resource constraint reward penalty: 0.0000
max_delay = 0.87 seconds
global epoch 127 has been done artifficialy in 0.87 secs, the total time by now is 73.70 
 with avg train loss 1.277, val loss 1.133, avg val acc 60.71%
iteration: 128
user 0, emp_avg: 0.6959527287878475, h: 1.1774100225154747, ucb: 1.8902550077854925,num_of_obs: 21, privacy reward: 0.4147829116815809, g: 6.78168402777773e-06, curr_delay = 0.14653502861238274, data_size = 1666
user 1, emp_avg: 0.5942428009997067, h: 1.1774100225154747, ucb: 1.7620108145821356,num_of_obs: 21, privacy reward: 0.4147829116815809, g: 6.78168402777773e-06, curr_delay = 0.06275691200329621, data_size = 1666
user 2, emp_avg: 0.732254955930956, h: 1.1774100225154747, ucb: 1.9311615673467584,num_of_obs: 21, privacy reward: 0.4147829116815809, g: 6.78168402777773e-06, curr_delay = 0.17804581885839027, data_size = 1666
user 3, emp_avg: 0.5776927886244652, h: 1.1503395068713351, ucb: 1.7160817690372894,num_of_obs: 22, privacy reward: 0.39851904108451364, g: -2.7126736111111208e-05, curr_delay = 0.05948101359224054, data_size = 1666
user 4, emp_avg: 0.5409065874176128, h: 1.1774100225154747, ucb: 1.7322310309344808,num_of_obs: 21, privacy reward: 0.4147829116815809, g: 6.78168402777773e-06, curr_delay = 0.2010424077887628, data_size = 1666
num of fast users chosen: 5, num of slow users chosen: 0
Shared resource constraint latency penalty: 0.0000 seconds
Shared resource constraint reward penalty: 0.0000
max_delay = 0.20 seconds
global epoch 128 has been done artifficialy in 0.20 secs, the total time by now is 73.90 
 with avg train loss 1.238, val loss 1.105, avg val acc 61.63%
iteration: 129
user 5, emp_avg: 0.4470539609363502, h: 1.1783538644302145, ucb: 1.599077061601629,num_of_obs: 21, privacy reward: 0.4147829116815809, g: 1.5023135628868296e-05, curr_delay = 0.05, data_size = 1666
user 6, emp_avg: 0.5289182574059687, h: 1.1512616483700517, ucb: 1.6853121045291477,num_of_obs: 22, privacy reward: 0.39851904108451364, g: -1.5023135628868511e-05, curr_delay = 0.12018945179528812, data_size = 1666
user 7, emp_avg: 0.4700505271059558, h: 1.1783538644302145, ucb: 1.6324633670207773,num_of_obs: 21, privacy reward: 0.4147829116815809, g: 1.5023135628868296e-05, curr_delay = 0.06212630700721819, data_size = 1666
user 8, emp_avg: 0.37159877672879876, h: 1.1783538644302145, ucb: 1.5557095258933527,num_of_obs: 21, privacy reward: 0.4147829116815809, g: 1.5023135628868296e-05, curr_delay = 0.19943822455688323, data_size = 1666
user 9, emp_avg: 0.3719143543744827, h: 1.1783538644302145, ucb: 1.5555940610190675,num_of_obs: 21, privacy reward: 0.4147829116815809, g: 1.5023135628868296e-05, curr_delay = 0.1922546981337172, data_size = 1666
num of fast users chosen: 5, num of slow users chosen: 0
Shared resource constraint latency penalty: 0.0000 seconds
Shared resource constraint reward penalty: 0.0000
max_delay = 0.20 seconds
global epoch 129 has been done artifficialy in 0.20 secs, the total time by now is 74.10 
 with avg train loss 1.261, val loss 1.132, avg val acc 60.88%
iteration: 130
user 1, emp_avg: 0.58484124976892, h: 1.1521759395069813, ucb: 1.746418740506688,num_of_obs: 22, privacy reward: 0.39851904108451364, g: -6.57462195923744e-06, curr_delay = 0.13227263984861745, data_size = 1666
user 5, emp_avg: 0.44549016807981834, h: 1.1521759395069813, ucb: 1.5992299004433315,num_of_obs: 22, privacy reward: 0.39851904108451364, g: -6.57462195923744e-06, curr_delay = 0.12162883627847931, data_size = 1666
user 8, emp_avg: 0.39892056904493794, h: 1.1521759395069813, ucb: 1.52377471623578,num_of_obs: 22, privacy reward: 0.39851904108451364, g: -6.57462195923744e-06, curr_delay = 0.05, data_size = 1666
user 9, emp_avg: 0.3745692908490304, h: 1.1521759395069813, ucb: 1.524090293881464,num_of_obs: 22, privacy reward: 0.39851904108451364, g: -6.57462195923744e-06, curr_delay = 0.11547933687833192, data_size = 1666
user 10, emp_avg: 0.3235693536544293, h: 1.1792896712434968, ucb: 1.5042889639173795,num_of_obs: 21, privacy reward: 0.4147829116815809, g: 2.629848783694919e-05, curr_delay = 0.17033416899315487, data_size = 1666
num of fast users chosen: 5, num of slow users chosen: 0
Shared resource constraint latency penalty: 0.0000 seconds
Shared resource constraint reward penalty: 0.0000
max_delay = 0.17 seconds
global epoch 130 has been done artifficialy in 0.17 secs, the total time by now is 74.27 
 with avg train loss 1.251, val loss 1.143, avg val acc 60.25%
iteration: 131
user 13, emp_avg: 0.2864578677496161, h: 1.1802175735493072, ucb: 1.4637918052500045,num_of_obs: 21, privacy reward: 0.4147829116815809, g: 4.046643228509089e-05, curr_delay = 0.14408631240446718, data_size = 1666
user 15, emp_avg: 0.07067975635231907, h: 1.1802175735493072, ucb: 1.2510394186492342,num_of_obs: 21, privacy reward: 0.4147829116815809, g: 4.046643228509089e-05, curr_delay = 0.7385972477920372, data_size = 1666
user 16, emp_avg: 0.06764217642992047, h: 1.1802175735493072, ucb: 1.24803814081444,num_of_obs: 21, privacy reward: 0.4147829116815809, g: 4.046643228509089e-05, curr_delay = 0.7825219785886064, data_size = 1666
user 17, emp_avg: 0.0695024158781489, h: 1.1802175735493072, ucb: 1.2496838541964588,num_of_obs: 21, privacy reward: 0.4147829116815809, g: 4.046643228509089e-05, curr_delay = 0.7116297521465333, data_size = 1666
user 18, emp_avg: 0.0661831387028085, h: 1.1802175735493072, ucb: 1.2465649716061347,num_of_obs: 21, privacy reward: 0.4147829116815809, g: 4.046643228509089e-05, curr_delay = 0.7970198818534442, data_size = 1666
num of fast users chosen: 1, num of slow users chosen: 4
Shared resource constraint latency penalty: 0.0000 seconds
Shared resource constraint reward penalty: 0.0000
max_delay = 0.80 seconds
global epoch 131 has been done artifficialy in 0.80 secs, the total time by now is 75.07 
 with avg train loss 1.249, val loss 1.105, avg val acc 61.54%
iteration: 132
user 19, emp_avg: 0.06551011741103724, h: 1.1811376988294404, ucb: 1.2469269282589992,num_of_obs: 21, privacy reward: 0.4147829116815809, g: 5.73921028466482e-05, curr_delay = 0.8382403220165033, data_size = 1666
user 20, emp_avg: 0.06519218910062087, h: 1.1811376988294404, ucb: 1.246330501780042,num_of_obs: 21, privacy reward: 0.4147829116815809, g: 5.73921028466482e-05, curr_delay = 0.7671147333841031, data_size = 1666
user 21, emp_avg: 0.062022982366795106, h: 1.1811376988294404, ucb: 1.2431363082652638,num_of_obs: 21, privacy reward: 0.4147829116815809, g: 5.73921028466482e-05, curr_delay = 0.7995546299410227, data_size = 1666
user 22, emp_avg: 0.062467818034592046, h: 1.1811376988294404, ucb: 1.2435045339959547,num_of_obs: 21, privacy reward: 0.4147829116815809, g: 5.73921028466482e-05, curr_delay = 0.7741321180861018, data_size = 1666
user 23, emp_avg: 0.061105774762867264, h: 1.1811376988294404, ucb: 1.242522959345021,num_of_obs: 21, privacy reward: 0.4147829116815809, g: 5.73921028466482e-05, curr_delay = 0.9051973433386918, data_size = 1666
num of fast users chosen: 0, num of slow users chosen: 5
Shared resource constraint latency penalty: 0.0000 seconds
Shared resource constraint reward penalty: 0.0000
max_delay = 0.91 seconds
global epoch 132 has been done artifficialy in 0.91 secs, the total time by now is 75.97 
 with avg train loss 1.257, val loss 1.114, avg val acc 61.40%
iteration: 133
user 24, emp_avg: 0.05997583716597727, h: 1.182050171550835, ucb: 1.2420335078456806,num_of_obs: 21, privacy reward: 0.4147829116815809, g: 7.694675284702985e-05, curr_delay = 0.8358638350339104, data_size = 1666
user 25, emp_avg: 0.06035228474776353, h: 1.182050171550835, ucb: 1.24228459501596,num_of_obs: 21, privacy reward: 0.4147829116815809, g: 7.694675284702985e-05, curr_delay = 0.795831476957873, data_size = 1666
user 26, emp_avg: 0.05970349088622395, h: 1.182050171550835, ucb: 1.2418369111327756,num_of_obs: 21, privacy reward: 0.4147829116815809, g: 7.694675284702985e-05, curr_delay = 0.8627343378299528, data_size = 1666
user 27, emp_avg: 0.05717287053954907, h: 1.182050171550835, ucb: 1.2393711497444764,num_of_obs: 21, privacy reward: 0.4147829116815809, g: 7.694675284702985e-05, curr_delay = 0.9248536129061175, data_size = 1666
user 29, emp_avg: 0.05602917579962336, h: 1.182050171550835, ucb: 1.2381705323380319,num_of_obs: 21, privacy reward: 0.4147829116815809, g: 7.694675284702985e-05, curr_delay = 0.9239703416613122, data_size = 1666
num of fast users chosen: 0, num of slow users chosen: 5
Shared resource constraint latency penalty: 0.0000 seconds
Shared resource constraint reward penalty: 0.0000
max_delay = 0.92 seconds
global epoch 133 has been done artifficialy in 0.92 secs, the total time by now is 76.90 
 with avg train loss 1.233, val loss 1.090, avg val acc 61.84%
iteration: 134
user 7, emp_avg: 0.47255748058831687, h: 1.1557571072226651, ucb: 1.625807634328621,num_of_obs: 22, privacy reward: 0.39851904108451364, g: 6.1879656444146855e-06, curr_delay = 0.09474892778375521, data_size = 1666
user 11, emp_avg: 0.3376887207626623, h: 1.1557571072226651, ucb: 1.4971567447202436,num_of_obs: 22, privacy reward: 0.39851904108451364, g: 6.1879656444146855e-06, curr_delay = 0.19527546433423149, data_size = 1666
user 12, emp_avg: 0.28588856594979745, h: 1.1557571072226651, ucb: 1.4444873554944848,num_of_obs: 22, privacy reward: 0.39851904108451364, g: 6.1879656444146855e-06, curr_delay = 0.22384228837978043, data_size = 1666
user 14, emp_avg: 0.3044097319684756, h: 1.1557571072226651, ucb: 1.4641862973775557,num_of_obs: 22, privacy reward: 0.39851904108451364, g: 6.1879656444146855e-06, curr_delay = 0.23150114635992158, data_size = 1666
user 28, emp_avg: 0.05579192988813548, h: 1.1829551132591525, ucb: 1.238829607001004,num_of_obs: 21, privacy reward: 0.4147829116815809, g: 9.900745031063552e-05, curr_delay = 0.9249309578240806, data_size = 1666
num of fast users chosen: 4, num of slow users chosen: 1
Shared resource constraint latency penalty: 0.0000 seconds
Shared resource constraint reward penalty: 0.0000
max_delay = 0.92 seconds
global epoch 134 has been done artifficialy in 0.92 secs, the total time by now is 77.82 
 with avg train loss 1.247, val loss 1.111, avg val acc 61.60%
iteration: 135
user 0, emp_avg: 0.7091721753622889, h: 1.156634001013886, ucb: 1.8525867298017336,num_of_obs: 22, privacy reward: 0.39851904108451364, g: 1.3717421124828366e-05, curr_delay = 0.05, data_size = 1666
user 2, emp_avg: 0.7193226236715765, h: 1.156634001013886, ucb: 1.8888889569448422,num_of_obs: 22, privacy reward: 0.39851904108451364, g: 1.3717421124828366e-05, curr_delay = 0.11499240795744042, data_size = 1666
user 3, emp_avg: 0.5674489053597006, h: 1.131210368907158, ucb: 1.7089031575316231,num_of_obs: 23, privacy reward: 0.3828928859751114, g: -1.3717421124828571e-05, curr_delay = 0.1506752101498814, data_size = 1666
user 4, emp_avg: 0.5332119039502846, h: 1.156634001013886, ucb: 1.6975405884314987,num_of_obs: 22, privacy reward: 0.39851904108451364, g: 1.3717421124828366e-05, curr_delay = 0.1373894858087133, data_size = 1666
user 10, emp_avg: 0.3195485629186888, h: 1.156634001013886, ucb: 1.4802033546683153,num_of_obs: 22, privacy reward: 0.39851904108451364, g: 1.3717421124828366e-05, curr_delay = 0.21636482565298373, data_size = 1666
num of fast users chosen: 5, num of slow users chosen: 0
Shared resource constraint latency penalty: 0.0500 seconds
Shared resource constraint reward penalty: 0.0500
Resource cluster collisions:
  Cluster 4: 2 users [np.int64(4), np.int64(10)] (excess: 1)
max_delay = 0.27 seconds
global epoch 135 has been done artifficialy in 0.27 secs, the total time by now is 78.09 
 with avg train loss 1.250, val loss 1.093, avg val acc 62.05%
iteration: 136
user 2, emp_avg: 0.7119979262373501, h: 1.1320610160698306, ucb: 1.8513836397414072,num_of_obs: 23, privacy reward: 0.3828928859751114, g: -6.007304882737502e-06, curr_delay = 0.09199126185488168, data_size = 1666
user 4, emp_avg: 0.5409734405557379, h: 1.1320610160698306, ucb: 1.665272920020115,num_of_obs: 23, privacy reward: 0.3828928859751114, g: -6.007304882737502e-06, curr_delay = 0.06949378672392151, data_size = 1666
user 6, emp_avg: 0.51823710144518, h: 1.1320610160698306, ucb: 1.660979273475799,num_of_obs: 23, privacy reward: 0.3828928859751114, g: -6.007304882737502e-06, curr_delay = 0.18343877040324086, data_size = 1666
user 9, emp_avg: 0.37293145652856885, h: 1.1320610160698306, ucb: 1.506630306918861,num_of_obs: 23, privacy reward: 0.3828928859751114, g: -6.007304882737502e-06, curr_delay = 0.14913741877746678, data_size = 1666
user 13, emp_avg: 0.28596624360020184, h: 1.1575037662302032, ucb: 1.4439616339798194,num_of_obs: 22, privacy reward: 0.39851904108451364, g: 2.4029219530949463e-05, curr_delay = 0.18171872398008182, data_size = 1666
num of fast users chosen: 5, num of slow users chosen: 0
Shared resource constraint latency penalty: 0.0000 seconds
Shared resource constraint reward penalty: 0.0000
max_delay = 0.18 seconds
global epoch 136 has been done artifficialy in 0.18 secs, the total time by now is 78.27 
 with avg train loss 1.230, val loss 1.107, avg val acc 62.05%
iteration: 137
user 15, emp_avg: 0.07060710991213612, h: 1.1583665135747439, ucb: 1.229046269927063,num_of_obs: 22, privacy reward: 0.39851904108451364, g: 3.699954416561579e-05, curr_delay = 0.7245443490514364, data_size = 1666
user 16, emp_avg: 0.06783814659781884, h: 1.1583665135747439, ucb: 1.2260086900046643,num_of_obs: 22, privacy reward: 0.39851904108451364, g: 3.699954416561579e-05, curr_delay = 0.6930055887842231, data_size = 1666
user 17, emp_avg: 0.06955194815383099, h: 1.1583665135747439, ucb: 1.2278689294528928,num_of_obs: 22, privacy reward: 0.39851904108451364, g: 3.699954416561579e-05, curr_delay = 0.7077976545384552, data_size = 1666
user 18, emp_avg: 0.06639313111365734, h: 1.1583665135747439, ucb: 1.2245496522775523,num_of_obs: 22, privacy reward: 0.39851904108451364, g: 3.699954416561579e-05, curr_delay = 0.7040967884785596, data_size = 1666
user 19, emp_avg: 0.06540160893931807, h: 1.1583665135747439, ucb: 1.2238766309857811,num_of_obs: 22, privacy reward: 0.39851904108451364, g: 3.699954416561579e-05, curr_delay = 0.7934691451183988, data_size = 1666
num of fast users chosen: 0, num of slow users chosen: 5
Shared resource constraint latency penalty: 0.0000 seconds
Shared resource constraint reward penalty: 0.0000
max_delay = 0.79 seconds
global epoch 137 has been done artifficialy in 0.79 secs, the total time by now is 79.06 
 with avg train loss 1.221, val loss 1.076, avg val acc 62.37%
iteration: 138
user 20, emp_avg: 0.06536589932195437, h: 1.1592223512287574, ucb: 1.2244145403293782,num_of_obs: 22, privacy reward: 0.39851904108451364, g: 5.250997689561023e-05, curr_delay = 0.7226736407239944, data_size = 1666
user 21, emp_avg: 0.06193316095038459, h: 1.1592223512287574, ucb: 1.2212453335955524,num_of_obs: 22, privacy reward: 0.39851904108451364, g: 5.250997689561023e-05, curr_delay = 0.8339297350098981, data_size = 1666
user 22, emp_avg: 0.06273018989026698, h: 1.1592223512287574, ucb: 1.2216901692633495,num_of_obs: 22, privacy reward: 0.39851904108451364, g: 5.250997689561023e-05, curr_delay = 0.7299017461444929, data_size = 1666
user 23, emp_avg: 0.06112498062478673, h: 1.1592223512287574, ucb: 1.2203281259916245,num_of_obs: 22, privacy reward: 0.39851904108451364, g: 5.250997689561023e-05, curr_delay = 0.8123805550460289, data_size = 1666
user 25, emp_avg: 0.06051845128880875, h: 1.1592223512287574, ucb: 1.219574635976521,num_of_obs: 22, privacy reward: 0.39851904108451364, g: 5.250997689561023e-05, curr_delay = 0.7791303370612899, data_size = 1666
num of fast users chosen: 0, num of slow users chosen: 5
Shared resource constraint latency penalty: 0.0000 seconds
Shared resource constraint reward penalty: 0.0000
max_delay = 0.83 seconds
global epoch 138 has been done artifficialy in 0.83 secs, the total time by now is 79.90 
 with avg train loss 1.212, val loss 1.112, avg val acc 60.84%
iteration: 139
user 24, emp_avg: 0.05998177229739124, h: 1.160071384927045, ucb: 1.2200472220930223,num_of_obs: 22, privacy reward: 0.39851904108451364, g: 7.044723933083755e-05, curr_delay = 0.8317758996627306, data_size = 1666
user 26, emp_avg: 0.0595605732165981, h: 1.160071384927045, ucb: 1.219774875813269,num_of_obs: 22, privacy reward: 0.39851904108451364, g: 7.044723933083755e-05, curr_delay = 0.8862673575518687, data_size = 1666
user 27, emp_avg: 0.05737008109735236, h: 1.160071384927045, ucb: 1.217244255466594,num_of_obs: 22, privacy reward: 0.39851904108451364, g: 7.044723933083755e-05, curr_delay = 0.8102583455434353, data_size = 1666
user 28, emp_avg: 0.05590771689915365, h: 1.160071384927045, ucb: 1.2158633148151805,num_of_obs: 22, privacy reward: 0.39851904108451364, g: 7.044723933083755e-05, curr_delay = 0.8553583673391792, data_size = 1666
user 29, emp_avg: 0.05594362774938879, h: 1.160071384927045, ucb: 1.2161005607266684,num_of_obs: 22, privacy reward: 0.39851904108451364, g: 7.044723933083755e-05, curr_delay = 0.9248713902347225, data_size = 1666
num of fast users chosen: 0, num of slow users chosen: 5
Shared resource constraint latency penalty: 0.0000 seconds
Shared resource constraint reward penalty: 0.0000
max_delay = 0.92 seconds
global epoch 139 has been done artifficialy in 0.92 secs, the total time by now is 80.82 
 with avg train loss 1.213, val loss 1.077, avg val acc 62.79%
iteration: 140
user 0, emp_avg: 0.6959536481418241, h: 1.1353960147216942, ucb: 1.844568190083983,num_of_obs: 23, privacy reward: 0.3828928859751114, g: 5.668934240362771e-06, curr_delay = 0.12757460801878845, data_size = 1666
user 1, emp_avg: 0.5879470450859224, h: 1.1353960147216942, ucb: 1.7202372644906143,num_of_obs: 23, privacy reward: 0.3828928859751114, g: 5.668934240362771e-06, curr_delay = 0.07582877008268182, data_size = 1666
user 2, emp_avg: 0.7041038156022307, h: 1.1114902634086932, ucb: 1.8234881896460433,num_of_obs: 24, privacy reward: 0.36787944117144167, g: -2.267573696145135e-05, curr_delay = 0.09715431884191066, data_size = 1666
user 4, emp_avg: 0.5476490965776952, h: 1.1114902634086932, ucb: 1.6524637039644312,num_of_obs: 24, privacy reward: 0.36787944117144167, g: -2.267573696145135e-05, curr_delay = 0.07063495330827817, data_size = 1666
user 7, emp_avg: 0.46797197026608434, h: 1.1353960147216942, ucb: 1.607953495310011,num_of_obs: 23, privacy reward: 0.3828928859751114, g: 5.668934240362771e-06, curr_delay = 0.13792904341338427, data_size = 1666
num of fast users chosen: 5, num of slow users chosen: 0
Shared resource constraint latency penalty: 0.0500 seconds
Shared resource constraint reward penalty: 0.0500
Resource cluster collisions:
  Cluster 1: 2 users [np.int64(1), np.int64(7)] (excess: 1)
max_delay = 0.19 seconds
global epoch 140 has been done artifficialy in 0.19 secs, the total time by now is 81.01 
 with avg train loss 1.234, val loss 1.119, avg val acc 61.16%
iteration: 141
user 10, emp_avg: 0.31850652546443475, h: 1.136213378273737, ucb: 1.4557619411924256,num_of_obs: 23, privacy reward: 0.3828928859751114, g: 1.2574820180071264e-05, curr_delay = 0.16975642369573582, data_size = 1666
user 11, emp_avg: 0.33474819383054477, h: 1.136213378273737, ucb: 1.4739020990363993,num_of_obs: 23, privacy reward: 0.3828928859751114, g: 1.2574820180071264e-05, curr_delay = 0.18718454182825947, data_size = 1666
user 12, emp_avg: 0.2823701249018223, h: 1.136213378273737, ucb: 1.4221019442235343,num_of_obs: 23, privacy reward: 0.3828928859751114, g: 1.2574820180071264e-05, curr_delay = 0.24820549807861386, data_size = 1666
user 13, emp_avg: 0.2876641214736604, h: 1.136213378273737, ucb: 1.4221796218739389,num_of_obs: 23, privacy reward: 0.3828928859751114, g: 1.2574820180071264e-05, curr_delay = 0.15303843461676417, data_size = 1666
user 14, emp_avg: 0.3047666701712257, h: 1.136213378273737, ucb: 1.4406231102422125,num_of_obs: 23, privacy reward: 0.3828928859751114, g: 1.2574820180071264e-05, curr_delay = 0.15975653164161746, data_size = 1666
num of fast users chosen: 5, num of slow users chosen: 0
Shared resource constraint latency penalty: 0.0000 seconds
Shared resource constraint reward penalty: 0.0000
max_delay = 0.25 seconds
global epoch 141 has been done artifficialy in 0.25 secs, the total time by now is 81.26 
 with avg train loss 1.254, val loss 1.077, avg val acc 62.99%
iteration: 142
user 8, emp_avg: 0.39674112920657584, h: 1.1370243839993162, ucb: 1.5359449530442542,num_of_obs: 23, privacy reward: 0.3828928859751114, g: 2.204148206925419e-05, curr_delay = 0.14425267916368825, data_size = 1666
user 15, emp_avg: 0.07051909461330863, h: 1.1370243839993162, ucb: 1.2076314939114523,num_of_obs: 23, privacy reward: 0.3828928859751114, g: 2.204148206925419e-05, curr_delay = 0.7299830322685323, data_size = 1666
user 16, emp_avg: 0.06803277081925617, h: 1.1370243839993162, ucb: 1.204862530597135,num_of_obs: 23, privacy reward: 0.3828928859751114, g: 2.204148206925419e-05, curr_delay = 0.6895683542141771, data_size = 1666
user 17, emp_avg: 0.06946054849528992, h: 1.1370243839993162, ucb: 1.206576332153147,num_of_obs: 23, privacy reward: 0.3828928859751114, g: 2.204148206925419e-05, curr_delay = 0.7422983978565734, data_size = 1666
user 18, emp_avg: 0.06654097426987388, h: 1.1370243839993162, ucb: 1.2034175151129736,num_of_obs: 23, privacy reward: 0.3828928859751114, g: 2.204148206925419e-05, curr_delay = 0.7148845131672005, data_size = 1666
num of fast users chosen: 1, num of slow users chosen: 4
Shared resource constraint latency penalty: 0.0000 seconds
Shared resource constraint reward penalty: 0.0000
max_delay = 0.74 seconds
global epoch 142 has been done artifficialy in 0.74 secs, the total time by now is 82.00 
 with avg train loss 1.211, val loss 1.066, avg val acc 63.17%
iteration: 143
user 5, emp_avg: 0.4565696768769312, h: 1.137829126423369, ucb: 1.5833192945031875,num_of_obs: 23, privacy reward: 0.3828928859751114, g: 3.395982416961434e-05, curr_delay = 0.07028410727543045, data_size = 1666
user 19, emp_avg: 0.06575922642753042, h: 1.137829126423369, ucb: 1.2032307353626872,num_of_obs: 23, privacy reward: 0.3828928859751114, g: 3.395982416961434e-05, curr_delay = 0.6758178836820004, data_size = 1666
user 20, emp_avg: 0.0653002732086273, h: 1.137829126423369, ucb: 1.2031950257453234,num_of_obs: 23, privacy reward: 0.3828928859751114, g: 3.395982416961434e-05, curr_delay = 0.7838111936777327, data_size = 1666
user 21, emp_avg: 0.0619940253942956, h: 1.137829126423369, ucb: 1.1997622873737537,num_of_obs: 23, privacy reward: 0.3828928859751114, g: 3.395982416961434e-05, curr_delay = 0.7887193247675586, data_size = 1666
user 22, emp_avg: 0.06291791350176974, h: 1.137829126423369, ucb: 1.200559316313636,num_of_obs: 23, privacy reward: 0.3828928859751114, g: 3.395982416961434e-05, curr_delay = 0.7436541400630913, data_size = 1666
num of fast users chosen: 1, num of slow users chosen: 4
Shared resource constraint latency penalty: 0.0000 seconds
Shared resource constraint reward penalty: 0.0000
max_delay = 0.79 seconds
global epoch 143 has been done artifficialy in 0.79 secs, the total time by now is 82.79 
 with avg train loss 1.212, val loss 1.084, avg val acc 62.09%
iteration: 144
user 23, emp_avg: 0.06125960577524956, h: 1.1386276980084404, ucb: 1.199752678633227,num_of_obs: 23, privacy reward: 0.3828928859751114, g: 4.8225308641975353e-05, curr_delay = 0.7769285264401614, data_size = 1666
user 24, emp_avg: 0.05988547433732546, h: 1.1386276980084404, ucb: 1.1986094703058316,num_of_obs: 23, privacy reward: 0.3828928859751114, g: 4.8225308641975353e-05, curr_delay = 0.866992567640506, data_size = 1666
user 25, emp_avg: 0.0607233304676991, h: 1.1386276980084404, ucb: 1.1991461492972493,num_of_obs: 23, privacy reward: 0.3828928859751114, g: 4.8225308641975353e-05, curr_delay = 0.7641106216886939, data_size = 1666
user 26, emp_avg: 0.05966072841790652, h: 1.1386276980084404, ucb: 1.1981882712250385,num_of_obs: 23, privacy reward: 0.3828928859751114, g: 4.8225308641975353e-05, curr_delay = 0.8069162658998872, data_size = 1666
user 27, emp_avg: 0.05745272899260575, h: 1.1386276980084404, ucb: 1.1959977791057927,num_of_obs: 23, privacy reward: 0.3828928859751114, g: 4.8225308641975353e-05, curr_delay = 0.8424084509828708, data_size = 1666
num of fast users chosen: 0, num of slow users chosen: 5
Shared resource constraint latency penalty: 0.0000 seconds
Shared resource constraint reward penalty: 0.0000
max_delay = 0.87 seconds
global epoch 144 has been done artifficialy in 0.87 secs, the total time by now is 83.66 
 with avg train loss 1.215, val loss 1.060, avg val acc 62.91%
iteration: 145
user 0, emp_avg: 0.7081155022161512, h: 1.1154297089485934, ucb: 1.8113833570904174,num_of_obs: 24, privacy reward: 0.36787944117144167, g: 1.321178491214147e-06, curr_delay = 0.05, data_size = 1666
user 1, emp_avg: 0.6044291632824855, h: 1.1154297089485934, ucb: 1.7033767540345157,num_of_obs: 24, privacy reward: 0.36787944117144167, g: 1.321178491214147e-06, curr_delay = 0.05, data_size = 1666
user 8, emp_avg: 0.3921743043445989, h: 1.1154297089485934, ucb: 1.5121708381551693,num_of_obs: 24, privacy reward: 0.36787944117144167, g: 1.321178491214147e-06, curr_delay = 0.1769469871946655, data_size = 1666
user 28, emp_avg: 0.05600301085561545, h: 1.1394201892137843, ucb: 1.195327906112938,num_of_obs: 23, privacy reward: 0.3828928859751114, g: 6.473774606949365e-05, curr_delay = 0.8591837102693247, data_size = 1666
user 29, emp_avg: 0.05588521881480201, h: 1.1394201892137843, ucb: 1.195363816963173,num_of_obs: 23, privacy reward: 0.3828928859751114, g: 6.473774606949365e-05, curr_delay = 0.9167278635802446, data_size = 1666
num of fast users chosen: 3, num of slow users chosen: 2
Shared resource constraint latency penalty: 0.0000 seconds
Shared resource constraint reward penalty: 0.0000
max_delay = 0.92 seconds
global epoch 145 has been done artifficialy in 0.92 secs, the total time by now is 84.57 
 with avg train loss 1.211, val loss 1.092, avg val acc 62.08%
iteration: 146
user 3, emp_avg: 0.5736336097635234, h: 1.1161996485517651, ucb: 1.6836485539114658,num_of_obs: 24, privacy reward: 0.36787944117144167, g: 5.2125685452763695e-06, curr_delay = 0.06924569818678611, data_size = 1666
user 4, emp_avg: 0.5398059355238783, h: 1.0936478360102948, ucb: 1.64129693258799,num_of_obs: 25, privacy reward: 0.3534546819587796, g: -2.0850274181105478e-05, curr_delay = 0.14546431677259541, data_size = 1666
user 5, emp_avg: 0.4565271095474781, h: 1.1161996485517651, ucb: 1.5727693254286963,num_of_obs: 24, privacy reward: 0.36787944117144167, g: 5.2125685452763695e-06, curr_delay = 0.1097681602045621, data_size = 1666
user 6, emp_avg: 0.5135198075557744, h: 1.1161996485517651, ucb: 1.634436749996945,num_of_obs: 24, privacy reward: 0.36787944117144167, g: 5.2125685452763695e-06, curr_delay = 0.12490483681281694, data_size = 1666
user 7, emp_avg: 0.4626646614795316, h: 1.1161996485517651, ucb: 1.5841716188178494,num_of_obs: 24, privacy reward: 0.36787944117144167, g: 5.2125685452763695e-06, curr_delay = 0.14912497167799765, data_size = 1666
num of fast users chosen: 5, num of slow users chosen: 0
Shared resource constraint latency penalty: 0.0000 seconds
Shared resource constraint reward penalty: 0.0000
max_delay = 0.15 seconds
global epoch 146 has been done artifficialy in 0.15 secs, the total time by now is 84.72 
 with avg train loss 1.186, val loss 1.066, avg val acc 62.86%
iteration: 147
user 9, emp_avg: 0.3864445841104816, h: 1.1169638072447488, ucb: 1.4898952637733176,num_of_obs: 24, privacy reward: 0.36787944117144167, g: 1.1569253551760866e-05, curr_delay = 0.07034726897625011, data_size = 1666
user 10, emp_avg: 0.3184219184890086, h: 1.1169638072447488, ucb: 1.4354703327091836,num_of_obs: 24, privacy reward: 0.36787944117144167, g: 1.1569253551760866e-05, curr_delay = 0.1580321327669603, data_size = 1666
user 11, emp_avg: 0.33537334461885654, h: 1.1169638072447488, ucb: 1.4517120010752935,num_of_obs: 24, privacy reward: 0.36787944117144167, g: 1.1569253551760866e-05, curr_delay = 0.14270344572618784, data_size = 1666
user 13, emp_avg: 0.28862191356005895, h: 1.1169638072447488, ucb: 1.4046279287184091,num_of_obs: 24, privacy reward: 0.36787944117144167, g: 1.1569253551760866e-05, curr_delay = 0.1604575357372871, data_size = 1666
user 14, emp_avg: 0.30010004526750933, h: 1.1169638072447488, ucb: 1.4217304774159745,num_of_obs: 24, privacy reward: 0.36787944117144167, g: 1.1569253551760866e-05, curr_delay = 0.2658145748985392, data_size = 1666
num of fast users chosen: 5, num of slow users chosen: 0
Shared resource constraint latency penalty: 0.0000 seconds
Shared resource constraint reward penalty: 0.0000
max_delay = 0.27 seconds
global epoch 147 has been done artifficialy in 0.27 secs, the total time by now is 84.99 
 with avg train loss 1.220, val loss 1.057, avg val acc 63.21%
iteration: 148
user 12, emp_avg: 0.28613143943025315, h: 1.11772226802593, ucb: 1.4000923929277522,num_of_obs: 24, privacy reward: 0.36787944117144167, g: 2.029056083110121e-05, curr_delay = 0.1328363524708352, data_size = 1666
user 15, emp_avg: 0.07072866762821753, h: 1.11772226802593, ucb: 1.1882413626392387,num_of_obs: 24, privacy reward: 0.36787944117144167, g: 2.029056083110121e-05, curr_delay = 0.6599926451636582, data_size = 1666
user 16, emp_avg: 0.06791160297881149, h: 1.11772226802593, ucb: 1.185755038845186,num_of_obs: 24, privacy reward: 0.36787944117144167, g: 2.029056083110121e-05, curr_delay = 0.7691884661355468, data_size = 1666
user 17, emp_avg: 0.06976581386854971, h: 1.11772226802593, ucb: 1.18718281652122,num_of_obs: 24, privacy reward: 0.36787944117144167, g: 2.029056083110121e-05, curr_delay = 0.6485741895821366, data_size = 1666
user 19, emp_avg: 0.06589176142514884, h: 1.11772226802593, ucb: 1.1834814944534604,num_of_obs: 24, privacy reward: 0.36787944117144167, g: 2.029056083110121e-05, curr_delay = 0.7238760233398529, data_size = 1666
num of fast users chosen: 1, num of slow users chosen: 4
Shared resource constraint latency penalty: 0.0000 seconds
Shared resource constraint reward penalty: 0.0000
max_delay = 0.77 seconds
global epoch 148 has been done artifficialy in 0.77 secs, the total time by now is 85.76 
 with avg train loss 1.193, val loss 1.092, avg val acc 61.76%
iteration: 149
user 18, emp_avg: 0.06651970417602175, h: 1.1184751121443717, ucb: 1.1850160864142456,num_of_obs: 24, privacy reward: 0.36787944117144167, g: 3.127987227802553e-05, curr_delay = 0.7574699192469324, data_size = 1666
user 20, emp_avg: 0.06492159100010804, h: 1.1184751121443717, ucb: 1.183775385352999,num_of_obs: 24, privacy reward: 0.36787944117144167, g: 3.127987227802553e-05, curr_delay = 0.8955242379885621, data_size = 1666
user 21, emp_avg: 0.062024016151189895, h: 1.1184751121443717, ucb: 1.1804691375386673,num_of_obs: 24, privacy reward: 0.36787944117144167, g: 3.127987227802553e-05, curr_delay = 0.7968915578752188, data_size = 1666
user 22, emp_avg: 0.06287559931123464, h: 1.1184751121443717, ucb: 1.1813930256461413,num_of_obs: 24, privacy reward: 0.36787944117144167, g: 3.127987227802553e-05, curr_delay = 0.808275986472164, data_size = 1666
user 23, emp_avg: 0.0613688564734184, h: 1.1184751121443717, ucb: 1.1797347179196211,num_of_obs: 24, privacy reward: 0.36787944117144167, g: 3.127987227802553e-05, curr_delay = 0.7813614266631521, data_size = 1666
num of fast users chosen: 0, num of slow users chosen: 5
Shared resource constraint latency penalty: 0.0000 seconds
Shared resource constraint reward penalty: 0.0000
max_delay = 0.90 seconds
global epoch 149 has been done artifficialy in 0.90 secs, the total time by now is 86.65 
 with avg train loss 1.184, val loss 1.066, avg val acc 62.85%
iteration: 150
user 24, emp_avg: 0.059694859864348394, h: 1.1192224191482514, ucb: 1.1791078934855768,num_of_obs: 24, privacy reward: 0.36787944117144167, g: 4.444444444444428e-05, curr_delay = 0.9071099045434515, data_size = 1666
user 25, emp_avg: 0.06050476054159926, h: 1.1192224191482514, ucb: 1.1799457496159504,num_of_obs: 24, privacy reward: 0.36787944117144167, g: 4.444444444444428e-05, curr_delay = 0.9048286345906944, data_size = 1666
user 26, emp_avg: 0.059904487967846316, h: 1.1192224191482514, ucb: 1.1788831475661579,num_of_obs: 24, privacy reward: 0.36787944117144167, g: 4.444444444444428e-05, curr_delay = 0.7604017195217806, data_size = 1666
user 27, emp_avg: 0.0574688932296808, h: 1.1192224191482514, ucb: 1.176675148140857,num_of_obs: 24, privacy reward: 0.36787944117144167, g: 4.444444444444428e-05, curr_delay = 0.8642021304757451, data_size = 1666
user 28, emp_avg: 0.05604363313978419, h: 1.1192224191482514, ucb: 1.175225430003867,num_of_obs: 24, privacy reward: 0.36787944117144167, g: 4.444444444444428e-05, curr_delay = 0.8769073266663246, data_size = 1666
num of fast users chosen: 0, num of slow users chosen: 5
Shared resource constraint latency penalty: 0.0000 seconds
Shared resource constraint reward penalty: 0.0000
max_delay = 0.91 seconds
global epoch 150 has been done artifficialy in 0.91 secs, the total time by now is 87.56 
 with avg train loss 1.220, val loss 1.051, avg val acc 63.48%
iteration: 151
user 7, emp_avg: 0.45991464205781984, h: 1.0973363936530958, ucb: 1.5600010551326273,num_of_obs: 25, privacy reward: 0.3534546819587796, g: 1.2182701538431062e-06, curr_delay = 0.12782357270528524, data_size = 1666
user 8, emp_avg: 0.38805209253454787, h: 1.0973363936530958, ucb: 1.4895106979976946,num_of_obs: 25, privacy reward: 0.3534546819587796, g: 1.2182701538431062e-06, curr_delay = 0.17544056802260227, data_size = 1666
user 9, emp_avg: 0.38055441239773596, h: 1.0973363936530958, ucb: 1.4837809777635773,num_of_obs: 25, privacy reward: 0.3534546819587796, g: 1.2182701538431062e-06, curr_delay = 0.21431622105555204, data_size = 1666
user 12, emp_avg: 0.285996244295276, h: 1.0973363936530958, ucb: 1.383467833083349,num_of_obs: 25, privacy reward: 0.3534546819587796, g: 1.2182701538431062e-06, curr_delay = 0.17691827519289416, data_size = 1666
user 29, emp_avg: 0.055792292561506904, h: 1.1199642669316423, ucb: 1.1758494857464443,num_of_obs: 24, privacy reward: 0.36787944117144167, g: 5.9695237538314346e-05, curr_delay = 0.9334965399513266, data_size = 1666
num of fast users chosen: 4, num of slow users chosen: 1
Shared resource constraint latency penalty: 0.0000 seconds
Shared resource constraint reward penalty: 0.0000
max_delay = 0.93 seconds
global epoch 151 has been done artifficialy in 0.93 secs, the total time by now is 88.49 
 with avg train loss 1.208, val loss 1.057, avg val acc 63.27%
iteration: 152
user 0, emp_avg: 0.7040410257037816, h: 1.0980579788895968, ucb: 1.806173481105748,num_of_obs: 25, privacy reward: 0.3534546819587796, g: 4.809172052939274e-06, curr_delay = 0.08303177398442364, data_size = 1666
user 1, emp_avg: 0.6008309871406532, h: 1.0980579788895968, ucb: 1.7024871421720822,num_of_obs: 25, privacy reward: 0.3534546819587796, g: 4.809172052939274e-06, curr_delay = 0.09787099586394968, data_size = 1666
user 2, emp_avg: 0.715484438079068, h: 1.0980579788895968, ucb: 1.8021617944918273,num_of_obs: 25, privacy reward: 0.3534546819587796, g: 4.809172052939274e-06, curr_delay = 0.05, data_size = 1666
user 3, emp_avg: 0.590032317080311, h: 1.0980579788895968, ucb: 1.67169158865312,num_of_obs: 25, privacy reward: 0.3534546819587796, g: 4.809172052939274e-06, curr_delay = 0.05, data_size = 1666
user 4, emp_avg: 0.5308951077622848, h: 1.076734434887367, ucb: 1.6165403704112453,num_of_obs: 26, privacy reward: 0.33959552564493856, g: -1.9236688211757585e-05, curr_delay = 0.16710471163746504, data_size = 1666
num of fast users chosen: 5, num of slow users chosen: 0
Shared resource constraint latency penalty: 0.0000 seconds
Shared resource constraint reward penalty: 0.0000
max_delay = 0.17 seconds
global epoch 152 has been done artifficialy in 0.17 secs, the total time by now is 88.66 
 with avg train loss 1.187, val loss 1.042, avg val acc 63.76%
iteration: 153
user 6, emp_avg: 0.513056513126241, h: 1.0987743631584168, ucb: 1.6122941707141911,num_of_obs: 25, privacy reward: 0.3534546819587796, g: 1.0679653124866428e-05, curr_delay = 0.09970603621724333, data_size = 1666
user 10, emp_avg: 0.3207422800326368, h: 1.0987743631584168, ucb: 1.4171962816474255,num_of_obs: 25, privacy reward: 0.3534546819587796, g: 1.0679653124866428e-05, curr_delay = 0.1320127417159536, data_size = 1666
user 11, emp_avg: 0.3355537789542043, h: 1.0987743631584168, ucb: 1.4341477077772733,num_of_obs: 25, privacy reward: 0.3534546819587796, g: 1.0679653124866428e-05, curr_delay = 0.14703087151728356, data_size = 1666
user 13, emp_avg: 0.2871382247409394, h: 1.0987743631584168, ucb: 1.3873962767184758,num_of_obs: 25, privacy reward: 0.3534546819587796, g: 1.0679653124866428e-05, curr_delay = 0.19996320336084755, data_size = 1666
user 14, emp_avg: 0.3063354932879945, h: 1.0987743631584168, ucb: 1.3988744084259261,num_of_obs: 25, privacy reward: 0.3534546819587796, g: 1.0679653124866428e-05, curr_delay = 0.1081732005889394, data_size = 1666
num of fast users chosen: 5, num of slow users chosen: 0
Shared resource constraint latency penalty: 0.0000 seconds
Shared resource constraint reward penalty: 0.0000
max_delay = 0.20 seconds
global epoch 153 has been done artifficialy in 0.20 secs, the total time by now is 88.86 
 with avg train loss 1.210, val loss 1.054, avg val acc 63.00%
iteration: 154
user 5, emp_avg: 0.4551354253113504, h: 1.0994856181775507, ucb: 1.5560127277250289,num_of_obs: 25, privacy reward: 0.3534546819587796, g: 1.8740278480538153e-05, curr_delay = 0.11895038577132581, data_size = 1666
user 15, emp_avg: 0.0707350834279194, h: 1.0994856181775507, ucb: 1.1702142858057683,num_of_obs: 25, privacy reward: 0.3534546819587796, g: 1.8740278480538153e-05, curr_delay = 0.7052635952812198, data_size = 1666
user 16, emp_avg: 0.06784353498938898, h: 1.0994856181775507, ucb: 1.1673972211563624,num_of_obs: 25, privacy reward: 0.3534546819587796, g: 1.8740278480538153e-05, curr_delay = 0.7559512040771094, data_size = 1666
user 18, emp_avg: 0.06662435136535504, h: 1.0994856181775507, ucb: 1.1660053223535725,num_of_obs: 25, privacy reward: 0.3534546819587796, g: 1.8740278480538153e-05, curr_delay = 0.7221203998094106, data_size = 1666
user 19, emp_avg: 0.06568288564132743, h: 1.0994856181775507, ucb: 1.1653773796026996,num_of_obs: 25, privacy reward: 0.3534546819587796, g: 1.8740278480538153e-05, curr_delay = 0.8269794976091355, data_size = 1666
num of fast users chosen: 1, num of slow users chosen: 4
Shared resource constraint latency penalty: 0.0000 seconds
Shared resource constraint reward penalty: 0.0000
max_delay = 0.83 seconds
global epoch 154 has been done artifficialy in 0.83 secs, the total time by now is 89.69 
 with avg train loss 1.164, val loss 1.074, avg val acc 62.45%
iteration: 155
user 20, emp_avg: 0.0647124905223712, h: 1.100191814212694, ucb: 1.165113405212802,num_of_obs: 25, privacy reward: 0.3534546819587796, g: 2.8905075731298364e-05, curr_delay = 0.840548340008874, data_size = 1666
user 21, emp_avg: 0.062092475166836546, h: 1.100191814212694, ucb: 1.1622158303638839,num_of_obs: 25, privacy reward: 0.3534546819587796, g: 2.8905075731298364e-05, curr_delay = 0.7836505351584171, data_size = 1666
user 22, emp_avg: 0.06299390426997763, h: 1.100191814212694, ucb: 1.1630674135239287,num_of_obs: 25, privacy reward: 0.3534546819587796, g: 2.8905075731298364e-05, curr_delay = 0.758132545756114, data_size = 1666
user 23, emp_avg: 0.06115482730859002, h: 1.100191814212694, ucb: 1.1615606706861126,num_of_obs: 25, privacy reward: 0.3534546819587796, g: 2.8905075731298364e-05, curr_delay = 0.8959915422638077, data_size = 1666
user 25, emp_avg: 0.060367508273649166, h: 1.100191814212694, ucb: 1.1606965747542934,num_of_obs: 25, privacy reward: 0.3534546819587796, g: 2.8905075731298364e-05, curr_delay = 0.8781758989353603, data_size = 1666
num of fast users chosen: 0, num of slow users chosen: 5
Shared resource constraint latency penalty: 0.0000 seconds
Shared resource constraint reward penalty: 0.0000
max_delay = 0.90 seconds
global epoch 155 has been done artifficialy in 0.90 secs, the total time by now is 90.58 
 with avg train loss 1.187, val loss 1.084, avg val acc 62.92%
iteration: 156
user 17, emp_avg: 0.0698291719093994, h: 1.1008930201158915, ucb: 1.1706588339844413,num_of_obs: 25, privacy reward: 0.3534546819587796, g: 4.109138724523311e-05, curr_delay = 0.7001514280304135, data_size = 1666
user 24, emp_avg: 0.059568150026139466, h: 1.1008930201158915, ucb: 1.1605878799802398,num_of_obs: 25, privacy reward: 0.3534546819587796, g: 4.109138724523311e-05, curr_delay = 0.8865184713416482, data_size = 1666
user 26, emp_avg: 0.059921427574173784, h: 1.1008930201158915, ucb: 1.1607975080837378,num_of_obs: 25, privacy reward: 0.3534546819587796, g: 4.109138724523311e-05, curr_delay = 0.8285701908113957, data_size = 1666
user 27, emp_avg: 0.05766648304881862, h: 1.1008930201158915, ucb: 1.1583619133455723,num_of_obs: 25, privacy reward: 0.3534546819587796, g: 4.109138724523311e-05, curr_delay = 0.798642581995268, data_size = 1666
user 28, emp_avg: 0.05596254648767784, h: 1.1008930201158915, ucb: 1.1569366532556757,num_of_obs: 25, privacy reward: 0.3534546819587796, g: 4.109138724523311e-05, curr_delay = 0.9270352749620148, data_size = 1666
num of fast users chosen: 0, num of slow users chosen: 5
Shared resource constraint latency penalty: 0.0000 seconds
Shared resource constraint reward penalty: 0.0000
max_delay = 0.93 seconds
global epoch 156 has been done artifficialy in 0.93 secs, the total time by now is 91.51 
 with avg train loss 1.198, val loss 1.038, avg val acc 63.58%
iteration: 157
user 6, emp_avg: 0.5069574773964243, h: 1.080197183425498, ucb: 1.593253696551739,num_of_obs: 26, privacy reward: 0.33959552564493856, g: 1.1269332539972318e-06, curr_delay = 0.14352039224292745, data_size = 1666
user 7, emp_avg: 0.46168889891324955, h: 1.080197183425498, ucb: 1.5401118254833177,num_of_obs: 26, privacy reward: 0.33959552564493856, g: 1.1269332539972318e-06, curr_delay = 0.09846016626648421, data_size = 1666
user 9, emp_avg: 0.3771601604974973, h: 1.080197183425498, ucb: 1.460751595823234,num_of_obs: 26, privacy reward: 0.33959552564493856, g: 1.1269332539972318e-06, curr_delay = 0.17306450903843612, data_size = 1666
user 10, emp_avg: 0.31733721252540326, h: 1.080197183425498, ucb: 1.4009394634581347,num_of_obs: 26, privacy reward: 0.33959552564493856, g: 1.1269332539972318e-06, curr_delay = 0.2185262562434598, data_size = 1666
user 29, emp_avg: 0.05591320477716925, h: 1.1015893033629156, ucb: 1.1573815959244225,num_of_obs: 25, privacy reward: 0.3534546819587796, g: 5.5219729445864356e-05, curr_delay = 0.8483777550746179, data_size = 1666
num of fast users chosen: 4, num of slow users chosen: 1
Shared resource constraint latency penalty: 0.0000 seconds
Shared resource constraint reward penalty: 0.0000
max_delay = 0.85 seconds
global epoch 157 has been done artifficialy in 0.85 secs, the total time by now is 92.36 
 with avg train loss 1.194, val loss 1.028, avg val acc 63.68%
iteration: 158
user 0, emp_avg: 0.6967773338779777, h: 1.0808751831121675, ucb: 1.784916208815949,num_of_obs: 26, privacy reward: 0.33959552564493856, g: 4.450853673734631e-06, curr_delay = 0.09844043837434477, data_size = 1666
user 1, emp_avg: 0.5933351025628819, h: 1.0808751831121675, ucb: 1.6817061702528207,num_of_obs: 26, privacy reward: 0.33959552564493856, g: 4.450853673734631e-06, curr_delay = 0.12548874618336153, data_size = 1666
user 2, emp_avg: 0.7080913206480554, h: 1.0808751831121675, ucb: 1.7963596211912356,num_of_obs: 26, privacy reward: 0.33959552564493856, g: 4.450853673734631e-06, curr_delay = 0.09692359330565234, data_size = 1666
user 3, emp_avg: 0.5909590250404511, h: 1.0808751831121675, ucb: 1.6709075001924785,num_of_obs: 26, privacy reward: 0.33959552564493856, g: 4.450853673734631e-06, curr_delay = 0.08129375010083233, data_size = 1666
user 4, emp_avg: 0.5424654064803941, h: 1.0606701270661096, ucb: 1.5915652348283944,num_of_obs: 27, privacy reward: 0.3262797946230388, g: -1.7803414694938523e-05, curr_delay = 0.05848887178518003, data_size = 1666
num of fast users chosen: 5, num of slow users chosen: 0
Shared resource constraint latency penalty: 0.0000 seconds
Shared resource constraint reward penalty: 0.0000
max_delay = 0.13 seconds
global epoch 158 has been done artifficialy in 0.13 secs, the total time by now is 92.49 
 with avg train loss 1.186, val loss 1.035, avg val acc 64.01%
iteration: 159
user 5, emp_avg: 0.4502922211744071, h: 1.0815484841602268, ucb: 1.5366839094715772,num_of_obs: 26, privacy reward: 0.33959552564493856, g: 9.88884933349155e-06, curr_delay = 0.15414547418535476, data_size = 1666
user 11, emp_avg: 0.3307230137673682, h: 1.0815484841602268, ucb: 1.417102263114431,num_of_obs: 26, privacy reward: 0.33959552564493856, g: 9.88884933349155e-06, curr_delay = 0.2437560440080312, data_size = 1666
user 12, emp_avg: 0.2837693719328574, h: 1.0815484841602268, ucb: 1.3675447284555027,num_of_obs: 26, privacy reward: 0.33959552564493856, g: 9.88884933349155e-06, curr_delay = 0.22136559589519725, data_size = 1666
user 13, emp_avg: 0.2826534866551696, h: 1.0815484841602268, ucb: 1.368686708901166,num_of_obs: 26, privacy reward: 0.33959552564493856, g: 9.88884933349155e-06, curr_delay = 0.301113584717609, data_size = 1666
user 14, emp_avg: 0.30254851177971376, h: 1.0815484841602268, ucb: 1.3878839774482212,num_of_obs: 26, privacy reward: 0.33959552564493856, g: 9.88884933349155e-06, curr_delay = 0.24499356559541074, data_size = 1666
num of fast users chosen: 5, num of slow users chosen: 0
Shared resource constraint latency penalty: 0.0500 seconds
Shared resource constraint reward penalty: 0.0500
Resource cluster collisions:
  Cluster 5: 2 users [np.int64(5), np.int64(11)] (excess: 1)
max_delay = 0.35 seconds
global epoch 159 has been done artifficialy in 0.35 secs, the total time by now is 92.84 
 with avg train loss 1.175, val loss 1.030, avg val acc 64.22%
iteration: 160
user 8, emp_avg: 0.38396242945358516, h: 1.0822171488946442, ucb: 1.470269241429192,num_of_obs: 26, privacy reward: 0.33959552564493856, g: 1.736111111111099e-05, curr_delay = 0.18009503945620123, data_size = 1666
user 15, emp_avg: 0.07058773424856117, h: 1.0822171488946442, ucb: 1.1529522323225636,num_of_obs: 26, privacy reward: 0.33959552564493856, g: 1.736111111111099e-05, curr_delay = 0.748988989362279, data_size = 1666
user 16, emp_avg: 0.06741555547454346, h: 1.0822171488946442, ucb: 1.150060683884033,num_of_obs: 26, privacy reward: 0.33959552564493856, g: 1.736111111111099e-05, curr_delay = 0.8882874103190965, data_size = 1666
user 17, emp_avg: 0.06954070868459002, h: 1.0822171488946442, ucb: 1.1520463208040435,num_of_obs: 26, privacy reward: 0.33959552564493856, g: 1.736111111111099e-05, curr_delay = 0.8059230204787998, data_size = 1666
user 18, emp_avg: 0.06675762534586961, h: 1.0822171488946442, ucb: 1.1488415002599992,num_of_obs: 26, privacy reward: 0.33959552564493856, g: 1.736111111111099e-05, curr_delay = 0.7120199768091976, data_size = 1666
num of fast users chosen: 1, num of slow users chosen: 4
Shared resource constraint latency penalty: 0.0000 seconds
Shared resource constraint reward penalty: 0.0000
max_delay = 0.89 seconds
global epoch 160 has been done artifficialy in 0.89 secs, the total time by now is 93.73 
 with avg train loss 1.164, val loss 1.050, avg val acc 63.44%
iteration: 161
user 0, emp_avg: 0.6869926060801926, h: 1.062638682712307, ucb: 1.7594160165902848,num_of_obs: 27, privacy reward: 0.3262797946230388, g: -1.071632181543107e-06, curr_delay = 0.11825783814700339, data_size = 1666
user 1, emp_avg: 0.5844287491665437, h: 1.062638682712307, ucb: 1.655973785275189,num_of_obs: 27, privacy reward: 0.3262797946230388, g: -1.071632181543107e-06, curr_delay = 0.1453669204039803, data_size = 1666
user 2, emp_avg: 0.7047062307002657, h: 1.062638682712307, ucb: 1.7707300033603626,num_of_obs: 27, privacy reward: 0.3262797946230388, g: -1.071632181543107e-06, curr_delay = 0.08152499984997261, data_size = 1666
user 3, emp_avg: 0.6055676312890065, h: 1.062638682712307, ucb: 1.6535977077527582,num_of_obs: 27, privacy reward: 0.3262797946230388, g: -1.071632181543107e-06, curr_delay = 0.05, data_size = 1666
user 4, emp_avg: 0.5406740525684592, h: 1.043490471410852, ucb: 1.5859558778912461,num_of_obs: 28, privacy reward: 0.3134861808826046, g: -5.250997689561023e-05, curr_delay = 0.10193344441368456, data_size = 1666
num of fast users chosen: 5, num of slow users chosen: 0
Shared resource constraint latency penalty: 0.0000 seconds
Shared resource constraint reward penalty: 0.0000
max_delay = 0.15 seconds
global epoch 161 has been done artifficialy in 0.15 secs, the total time by now is 93.87 
 with avg train loss 1.176, val loss 1.034, avg val acc 63.74%
iteration: 162
user 2, emp_avg: 0.7122457278483445, h: 1.044126053066704, ucb: 1.7488322837669696,num_of_obs: 28, privacy reward: 0.3134861808826046, g: -3.810394756896814e-05, curr_delay = 0.054150550452361466, data_size = 1666
user 3, emp_avg: 0.6009206620083669, h: 1.044126053066704, ucb: 1.6496936843557104,num_of_obs: 28, privacy reward: 0.3134861808826046, g: -3.810394756896814e-05, curr_delay = 0.10620096334388564, data_size = 1666
user 5, emp_avg: 0.4542290636553821, h: 1.0632859273896997, ucb: 1.5135781485641069,num_of_obs: 27, privacy reward: 0.3262797946230388, g: 0.0, curr_delay = 0.08920227660401833, data_size = 1666
user 6, emp_avg: 0.5137929713501326, h: 1.0632859273896997, ucb: 1.570243404786124,num_of_obs: 27, privacy reward: 0.3262797946230388, g: 0.0, curr_delay = 0.07159720246821955, data_size = 1666
user 7, emp_avg: 0.4547720705079152, h: 1.0632859273896997, ucb: 1.5249748263029492,num_of_obs: 27, privacy reward: 0.3262797946230388, g: 0.0, curr_delay = 0.1865548407255923, data_size = 1666
num of fast users chosen: 5, num of slow users chosen: 0
Shared resource constraint latency penalty: 0.0000 seconds
Shared resource constraint reward penalty: 0.0000
max_delay = 0.19 seconds
global epoch 162 has been done artifficialy in 0.19 secs, the total time by now is 94.06 
 with avg train loss 1.143, val loss 1.085, avg val acc 62.18%
iteration: 163
user 19, emp_avg: 0.0655980349863844, h: 1.0841959304345277, ucb: 1.149878816075855,num_of_obs: 26, privacy reward: 0.33959552564493856, g: 5.122929395577965e-05, curr_delay = 0.7887440798562566, data_size = 1666
user 20, emp_avg: 0.06454079245063696, h: 1.0841959304345277, ucb: 1.148908420956899,num_of_obs: 26, privacy reward: 0.33959552564493856, g: 5.122929395577965e-05, curr_delay = 0.8322702109859434, data_size = 1666
user 21, emp_avg: 0.06200870350959025, h: 1.0841959304345277, ucb: 1.1462884056013642,num_of_obs: 26, privacy reward: 0.33959552564493856, g: 5.122929395577965e-05, curr_delay = 0.8356922080060917, data_size = 1666
user 22, emp_avg: 0.06323929552974046, h: 1.0841959304345277, ucb: 1.1471898347045053,num_of_obs: 26, privacy reward: 0.33959552564493856, g: 5.122929395577965e-05, curr_delay = 0.7181899148717973, data_size = 1666
user 23, emp_avg: 0.06134317327194389, h: 1.0841959304345277, ucb: 1.1453507577431177,num_of_obs: 26, privacy reward: 0.33959552564493856, g: 5.122929395577965e-05, curr_delay = 0.7548289998162487, data_size = 1666
num of fast users chosen: 0, num of slow users chosen: 5
Shared resource constraint latency penalty: 0.0000 seconds
Shared resource constraint reward penalty: 0.0000
max_delay = 0.84 seconds
global epoch 163 has been done artifficialy in 0.84 secs, the total time by now is 94.89 
 with avg train loss 1.162, val loss 1.048, avg val acc 63.56%
iteration: 164
user 24, emp_avg: 0.05952077210783786, h: 1.084846649335663, ucb: 1.1444147993618023,num_of_obs: 26, privacy reward: 0.33959552564493856, g: 6.609822195782915e-05, curr_delay = 0.8577955724400076, data_size = 1666
user 25, emp_avg: 0.06014135411887268, h: 1.084846649335663, ucb: 1.1452141576093122,num_of_obs: 26, privacy reward: 0.33959552564493856, g: 6.609822195782915e-05, curr_delay = 0.9214662664791234, data_size = 1666
user 26, emp_avg: 0.05995081506993042, h: 1.084846649335663, ucb: 1.1447680769098367,num_of_obs: 26, privacy reward: 0.33959552564493856, g: 6.609822195782915e-05, curr_delay = 0.8235212158544296, data_size = 1666
user 27, emp_avg: 0.05761004768438128, h: 1.084846649335663, ucb: 1.1425131323844817,num_of_obs: 26, privacy reward: 0.33959552564493856, g: 6.609822195782915e-05, curr_delay = 0.8905872869921475, data_size = 1666
user 28, emp_avg: 0.05598005731157949, h: 1.084846649335663, ucb: 1.1408091958233408,num_of_obs: 26, privacy reward: 0.33959552564493856, g: 6.609822195782915e-05, curr_delay = 0.8859696977550539, data_size = 1666
num of fast users chosen: 0, num of slow users chosen: 5
Shared resource constraint latency penalty: 0.0000 seconds
Shared resource constraint reward penalty: 0.0000
max_delay = 0.92 seconds
global epoch 164 has been done artifficialy in 0.92 secs, the total time by now is 95.81 
 with avg train loss 1.163, val loss 1.037, avg val acc 63.63%
iteration: 165
user 9, emp_avg: 0.37638301067410845, h: 1.065201647461965, ucb: 1.4423618079594622,num_of_obs: 27, privacy reward: 0.3262797946230388, g: 9.182736455463678e-06, curr_delay = 0.14068656404547122, data_size = 1666
user 10, emp_avg: 0.31686398983723263, h: 1.065201647461965, ucb: 1.3825388599873683,num_of_obs: 27, privacy reward: 0.3262797946230388, g: 9.182736455463678e-06, curr_delay = 0.1644266402036808, data_size = 1666
user 12, emp_avg: 0.3008291770191511, h: 1.065201647461965, ucb: 1.3489710193948223,num_of_obs: 27, privacy reward: 0.3262797946230388, g: 9.182736455463678e-06, curr_delay = 0.06566471812010283, data_size = 1666
user 14, emp_avg: 0.2983989909164212, h: 1.065201647461965, ucb: 1.3677501592416788,num_of_obs: 27, privacy reward: 0.3262797946230388, g: 9.182736455463678e-06, curr_delay = 0.26829514290762146, data_size = 1666
user 29, emp_avg: 0.05598978715275368, h: 1.085493025938754, ucb: 1.1414062307159234,num_of_obs: 26, privacy reward: 0.33959552564493856, g: 8.264462809917361e-05, curr_delay = 0.8623525171657219, data_size = 1666
num of fast users chosen: 4, num of slow users chosen: 1
Shared resource constraint latency penalty: 0.0000 seconds
Shared resource constraint reward penalty: 0.0000
max_delay = 0.86 seconds
global epoch 165 has been done artifficialy in 0.86 secs, the total time by now is 96.68 
 with avg train loss 1.163, val loss 1.060, avg val acc 62.37%
iteration: 166
user 8, emp_avg: 0.3889452587056887, h: 1.0658317345160324, ucb: 1.4497941639696177,num_of_obs: 27, privacy reward: 0.3262797946230388, g: 1.612877211657872e-05, curr_delay = 0.09551433205362393, data_size = 1666
user 11, emp_avg: 0.33869322041305444, h: 1.0658317345160324, ucb: 1.3965547482834006,num_of_obs: 27, privacy reward: 0.3262797946230388, g: 1.612877211657872e-05, curr_delay = 0.09027082694910803, data_size = 1666
user 13, emp_avg: 0.2843143575723755, h: 1.0658317345160324, ucb: 1.348485221171202,num_of_obs: 27, privacy reward: 0.3262797946230388, g: 1.612877211657872e-05, curr_delay = 0.15190279255669298, data_size = 1666
user 15, emp_avg: 0.07029969417373282, h: 1.0658317345160324, ucb: 1.1364194687645937,num_of_obs: 27, privacy reward: 0.3262797946230388, g: 1.612877211657872e-05, curr_delay = 0.7997106691152098, data_size = 1666
user 16, emp_avg: 0.06719366104459482, h: 1.0658317345160324, ucb: 1.133247289990576,num_of_obs: 27, privacy reward: 0.3262797946230388, g: 1.612877211657872e-05, curr_delay = 0.8169599388466373, data_size = 1666
num of fast users chosen: 3, num of slow users chosen: 2
Shared resource constraint latency penalty: 0.0000 seconds
Shared resource constraint reward penalty: 0.0000
max_delay = 0.82 seconds
global epoch 166 has been done artifficialy in 0.82 secs, the total time by now is 97.49 
 with avg train loss 1.178, val loss 1.041, avg val acc 64.20%
iteration: 167
user 17, emp_avg: 0.06957177410332667, h: 1.066457668318267, ucb: 1.135998377002857,num_of_obs: 27, privacy reward: 0.3262797946230388, g: 2.4900299201995142e-05, curr_delay = 0.7101209521956071, data_size = 1666
user 18, emp_avg: 0.06652970203985863, h: 1.066457668318267, ucb: 1.1332152936641366,num_of_obs: 27, privacy reward: 0.3262797946230388, g: 2.4900299201995142e-05, curr_delay = 0.8281467499258539, data_size = 1666
user 19, emp_avg: 0.06555756174033754, h: 1.066457668318267, ucb: 1.1320557033046514,num_of_obs: 27, privacy reward: 0.3262797946230388, g: 2.4900299201995142e-05, curr_delay = 0.7756172722879064, data_size = 1666
user 20, emp_avg: 0.06489216925905311, h: 1.066457668318267, ucb: 1.1309984607689039,num_of_obs: 27, privacy reward: 0.3262797946230388, g: 2.4900299201995142e-05, curr_delay = 0.6722296530905594, data_size = 1666
user 22, emp_avg: 0.06319978214884768, h: 1.066457668318267, ucb: 1.1296969638480074,num_of_obs: 27, privacy reward: 0.3262797946230388, g: 2.4900299201995142e-05, curr_delay = 0.8047263721730576, data_size = 1666
num of fast users chosen: 0, num of slow users chosen: 5
Shared resource constraint latency penalty: 0.0000 seconds
Shared resource constraint reward penalty: 0.0000
max_delay = 0.83 seconds
global epoch 167 has been done artifficialy in 0.83 secs, the total time by now is 98.32 
 with avg train loss 1.158, val loss 1.003, avg val acc 64.82%
iteration: 168
user 21, emp_avg: 0.06213051683059415, h: 1.0670795012976366, ucb: 1.1290882048072268,num_of_obs: 27, privacy reward: 0.3262797946230388, g: 3.5430839002267324e-05, curr_delay = 0.7642983814118159, data_size = 1666
user 23, emp_avg: 0.06148805901824187, h: 1.0670795012976366, ucb: 1.1284226745695805,num_of_obs: 27, privacy reward: 0.3262797946230388, g: 3.5430839002267324e-05, curr_delay = 0.7645262958566319, data_size = 1666
user 24, emp_avg: 0.05960092672662204, h: 1.0670795012976366, ucb: 1.1266002734054745,num_of_obs: 27, privacy reward: 0.3262797946230388, g: 3.5430839002267324e-05, curr_delay = 0.809518625231991, data_size = 1666
user 25, emp_avg: 0.060239848266859033, h: 1.0670795012976366, ucb: 1.1272208554165093,num_of_obs: 27, privacy reward: 0.3262797946230388, g: 3.5430839002267324e-05, curr_delay = 0.7949227929857302, data_size = 1666
user 26, emp_avg: 0.06007885590443216, h: 1.0670795012976366, ucb: 1.127030316367567,num_of_obs: 27, privacy reward: 0.3262797946230388, g: 3.5430839002267324e-05, curr_delay = 0.7869559416559613, data_size = 1666
num of fast users chosen: 0, num of slow users chosen: 5
Shared resource constraint latency penalty: 0.0000 seconds
Shared resource constraint reward penalty: 0.0000
max_delay = 0.81 seconds
global epoch 168 has been done artifficialy in 0.81 secs, the total time by now is 99.13 
 with avg train loss 1.143, val loss 1.023, avg val acc 64.19%
iteration: 169
user 7, emp_avg: 0.46450340637469906, h: 1.0484579201573416, ucb: 1.5032299906652569,num_of_obs: 28, privacy reward: 0.3134861808826046, g: 9.725772129048878e-07, curr_delay = 0.06784437162789123, data_size = 1666
user 12, emp_avg: 0.30322782772023715, h: 1.0484579201573416, ucb: 1.3492870971764928,num_of_obs: 28, privacy reward: 0.3134861808826046, g: 9.725772129048878e-07, curr_delay = 0.13499282812171534, data_size = 1666
user 27, emp_avg: 0.0575504254062547, h: 1.0676972849104411, ucb: 1.1253073325948224,num_of_obs: 27, privacy reward: 0.3262797946230388, g: 4.765628343234141e-05, curr_delay = 0.8938048329994958, data_size = 1666
user 28, emp_avg: 0.05592704879436061, h: 1.0676972849104411, ucb: 1.1236773422220205,num_of_obs: 27, privacy reward: 0.3262797946230388, g: 4.765628343234141e-05, curr_delay = 0.9175015822127417, data_size = 1666
user 29, emp_avg: 0.05595324731078318, h: 1.0676972849104411, ucb: 1.1236870720631948,num_of_obs: 27, privacy reward: 0.3262797946230388, g: 4.765628343234141e-05, curr_delay = 0.9096421261278307, data_size = 1666
num of fast users chosen: 2, num of slow users chosen: 3
Shared resource constraint latency penalty: 0.0000 seconds
Shared resource constraint reward penalty: 0.0000
max_delay = 0.92 seconds
global epoch 169 has been done artifficialy in 0.92 secs, the total time by now is 100.05 
 with avg train loss 1.162, val loss 1.016, avg val acc 64.78%
iteration: 170
user 0, emp_avg: 0.6897207329985597, h: 1.0490606448202937, ucb: 1.7360532509004862,num_of_obs: 28, privacy reward: 0.3134861808826046, g: 3.844675124951914e-06, curr_delay = 0.06526492516421727, data_size = 1666
user 1, emp_avg: 0.5811607300437703, h: 1.0490606448202937, ucb: 1.6334893939868373,num_of_obs: 28, privacy reward: 0.3134861808826046, g: 3.844675124951914e-06, curr_delay = 0.10211246288882458, data_size = 1666
user 5, emp_avg: 0.44738761330702725, h: 1.0490606448202937, ucb: 1.5032897084756758,num_of_obs: 28, privacy reward: 0.3134861808826046, g: 3.844675124951914e-06, curr_delay = 0.19544457506661786, data_size = 1666
user 8, emp_avg: 0.38782686159658347, h: 1.0490606448202937, ucb: 1.4380059035259825,num_of_obs: 28, privacy reward: 0.3134861808826046, g: 3.844675124951914e-06, curr_delay = 0.14024783487786666, data_size = 1666
user 9, emp_avg: 0.3786971661618454, h: 1.0490606448202937, ucb: 1.425443655494402,num_of_obs: 28, privacy reward: 0.3134861808826046, g: 3.844675124951914e-06, curr_delay = 0.11274121890318681, data_size = 1666
num of fast users chosen: 5, num of slow users chosen: 0
Shared resource constraint latency penalty: 0.0000 seconds
Shared resource constraint reward penalty: 0.0000
max_delay = 0.20 seconds
global epoch 170 has been done artifficialy in 0.20 secs, the total time by now is 100.24 
 with avg train loss 1.169, val loss 1.027, avg val acc 64.72%
iteration: 171
user 1, emp_avg: 0.5951220390423113, h: 1.031403151035553, ucb: 1.6125638810793235,num_of_obs: 29, privacy reward: 0.3011942119122014, g: -8.549639205225538e-06, curr_delay = 0.05, data_size = 1666
user 6, emp_avg: 0.5056657827222675, h: 1.0496594913694623, ucb: 1.563452462719595,num_of_obs: 28, privacy reward: 0.3134861808826046, g: 8.549639205225538e-06, curr_delay = 0.17978853198949885, data_size = 1666
user 10, emp_avg: 0.314172050516084, h: 1.0496594913694623, ucb: 1.3665234812066949,num_of_obs: 28, privacy reward: 0.3134861808826046, g: 8.549639205225538e-06, curr_delay = 0.20938220774560157, data_size = 1666
user 11, emp_avg: 0.33637009043517235, h: 1.0496594913694623, ucb: 1.3883527117825167,num_of_obs: 28, privacy reward: 0.3134861808826046, g: 8.549639205225538e-06, curr_delay = 0.18428257523724484, data_size = 1666
user 14, emp_avg: 0.2957038478632209, h: 1.0496594913694623, ucb: 1.3480584822858837,num_of_obs: 28, privacy reward: 0.3134861808826046, g: 8.549639205225538e-06, curr_delay = 0.22702522604961028, data_size = 1666
num of fast users chosen: 5, num of slow users chosen: 0
Shared resource constraint latency penalty: 0.0000 seconds
Shared resource constraint reward penalty: 0.0000
max_delay = 0.23 seconds
global epoch 171 has been done artifficialy in 0.23 secs, the total time by now is 100.47 
 with avg train loss 1.170, val loss 1.043, avg val acc 63.27%
iteration: 172
user 13, emp_avg: 0.28275071124310597, h: 1.0502545076055327, ucb: 1.3345688651779082,num_of_obs: 28, privacy reward: 0.3134861808826046, g: 1.5023135628868296e-05, curr_delay = 0.20923249776671846, data_size = 1666
user 15, emp_avg: 0.07013700033783667, h: 1.0502545076055327, ucb: 1.1205542017792656,num_of_obs: 28, privacy reward: 0.3134861808826046, g: 1.5023135628868296e-05, curr_delay = 0.7624092830355857, data_size = 1666
user 16, emp_avg: 0.06731534372884242, h: 1.0502545076055327, ucb: 1.1174481686501276,num_of_obs: 28, privacy reward: 0.3134861808826046, g: 1.5023135628868296e-05, curr_delay = 0.7069889931194504, data_size = 1666
user 17, emp_avg: 0.06947350244463266, h: 1.0502545076055327, ucb: 1.1198262817088593,num_of_obs: 28, privacy reward: 0.3134861808826046, g: 1.5023135628868296e-05, curr_delay = 0.7493791842950707, data_size = 1666
user 18, emp_avg: 0.06657403863358761, h: 1.0502545076055327, ucb: 1.1167842096453913,num_of_obs: 28, privacy reward: 0.3134861808826046, g: 1.5023135628868296e-05, curr_delay = 0.7372949707617314, data_size = 1666
num of fast users chosen: 1, num of slow users chosen: 4
Shared resource constraint latency penalty: 0.0000 seconds
Shared resource constraint reward penalty: 0.0000
max_delay = 0.76 seconds
global epoch 172 has been done artifficialy in 0.76 secs, the total time by now is 101.23 
 with avg train loss 1.152, val loss 1.027, avg val acc 63.48%
iteration: 173
user 19, emp_avg: 0.06532281506960652, h: 1.0508457404631395, ucb: 1.116403302203477,num_of_obs: 28, privacy reward: 0.3134861808826046, g: 2.3203062061694045e-05, curr_delay = 0.851065158330542, data_size = 1666
user 20, emp_avg: 0.06492124691001658, h: 1.0508457404631395, ucb: 1.1157379097221927,num_of_obs: 28, privacy reward: 0.3134861808826046, g: 2.3203062061694045e-05, curr_delay = 0.7606249284658765, data_size = 1666
user 21, emp_avg: 0.062028163109524664, h: 1.0508457404631395, ucb: 1.1129762572937336,num_of_obs: 28, privacy reward: 0.3134861808826046, g: 2.3203062061694045e-05, curr_delay = 0.8451333825499527, data_size = 1666
user 22, emp_avg: 0.06322489201101379, h: 1.0508457404631395, ucb: 1.1140455226119872,num_of_obs: 28, privacy reward: 0.3134861808826046, g: 2.3203062061694045e-05, curr_delay = 0.7821302857831858, data_size = 1666
user 23, emp_avg: 0.06170638885103199, h: 1.0508457404631395, ucb: 1.1123337994813813,num_of_obs: 28, privacy reward: 0.3134861808826046, g: 2.3203062061694045e-05, curr_delay = 0.7372497357887194, data_size = 1666
num of fast users chosen: 0, num of slow users chosen: 5
Shared resource constraint latency penalty: 0.0000 seconds
Shared resource constraint reward penalty: 0.0000
max_delay = 0.85 seconds
global epoch 173 has been done artifficialy in 0.85 secs, the total time by now is 102.08 
 with avg train loss 1.163, val loss 1.017, avg val acc 64.56%
iteration: 174
user 24, emp_avg: 0.05949420089308681, h: 1.051433236031506, ucb: 1.111034162758128,num_of_obs: 28, privacy reward: 0.3134861808826046, g: 3.3029462280353996e-05, curr_delay = 0.8848637020481397, data_size = 1666
user 25, emp_avg: 0.0603128221168388, h: 1.051433236031506, ucb: 1.111673084298365,num_of_obs: 28, privacy reward: 0.3134861808826046, g: 3.3029462280353996e-05, curr_delay = 0.8018463002913909, data_size = 1666
user 26, emp_avg: 0.060012174746365846, h: 1.051433236031506, ucb: 1.111512091935938,num_of_obs: 28, privacy reward: 0.3134861808826046, g: 3.3029462280353996e-05, curr_delay = 0.8599176543604415, data_size = 1666
user 27, emp_avg: 0.05769928155029153, h: 1.051433236031506, ucb: 1.1089836614377606,num_of_obs: 28, privacy reward: 0.3134861808826046, g: 3.3029462280353996e-05, curr_delay = 0.8081819881120132, data_size = 1666
user 29, emp_avg: 0.05584564010837309, h: 1.051433236031506, ucb: 1.107386483342289,num_of_obs: 28, privacy reward: 0.3134861808826046, g: 3.3029462280353996e-05, curr_delay = 0.9463846871085282, data_size = 1666
num of fast users chosen: 0, num of slow users chosen: 5
Shared resource constraint latency penalty: 0.0000 seconds
Shared resource constraint reward penalty: 0.0000
max_delay = 0.95 seconds
global epoch 174 has been done artifficialy in 0.95 secs, the total time by now is 103.03 
 with avg train loss 1.147, val loss 1.020, avg val acc 64.44%
iteration: 175
user 3, emp_avg: 0.6092390707395826, h: 1.0337196952742889, ucb: 1.6346403572826558,num_of_obs: 29, privacy reward: 0.3011942119122014, g: 9.07029478458054e-07, curr_delay = 0.05879081931036645, data_size = 1666
user 6, emp_avg: 0.49807624124380123, h: 1.0337196952742889, ucb: 1.5393854779965563,num_of_obs: 29, privacy reward: 0.3011942119122014, g: 9.07029478458054e-07, curr_delay = 0.17986935403050358, data_size = 1666
user 7, emp_avg: 0.45912676131295704, h: 1.0337196952742889, ucb: 1.498223101648988,num_of_obs: 29, privacy reward: 0.3011942119122014, g: 9.07029478458054e-07, curr_delay = 0.16490544652759473, data_size = 1666
user 11, emp_avg: 0.3346437343346522, h: 1.0337196952742889, ucb: 1.3700897857094612,num_of_obs: 29, privacy reward: 0.3011942119122014, g: 9.07029478458054e-07, curr_delay = 0.17569788500642605, data_size = 1666
user 28, emp_avg: 0.056076248372310206, h: 1.0520170395744732, ucb: 1.1079440883688338,num_of_obs: 28, privacy reward: 0.3134861808826046, g: 4.444444444444428e-05, curr_delay = 0.829822677838011, data_size = 1666
num of fast users chosen: 4, num of slow users chosen: 1
Shared resource constraint latency penalty: 0.0000 seconds
Shared resource constraint reward penalty: 0.0000
max_delay = 0.83 seconds
global epoch 175 has been done artifficialy in 0.83 secs, the total time by now is 103.86 
 with avg train loss 1.137, val loss 0.999, avg val acc 65.09%
iteration: 176
user 0, emp_avg: 0.6880380948104523, h: 1.0342897608108854, ucb: 1.7240104938094452,num_of_obs: 29, privacy reward: 0.3011942119122014, g: 3.5870064279155124e-06, curr_delay = 0.07821768950743527, data_size = 1666
user 4, emp_avg: 0.5486921458309025, h: 1.0342897608108854, ucb: 1.5749638133793447,num_of_obs: 29, privacy reward: 0.3011942119122014, g: 3.5870064279155124e-06, curr_delay = 0.06400271572704333, data_size = 1666
user 5, emp_avg: 0.44126147289199796, h: 1.0342897608108854, ucb: 1.4816773741179126,num_of_obs: 29, privacy reward: 0.3011942119122014, g: 3.5870064279155124e-06, curr_delay = 0.18967888819949483, data_size = 1666
user 8, emp_avg: 0.38449093816011637, h: 1.0342897608108854, ucb: 1.4221166224074688,num_of_obs: 29, privacy reward: 0.3011942119122014, g: 3.5870064279155124e-06, curr_delay = 0.17376245428552053, data_size = 1666
user 9, emp_avg: 0.37457747640292144, h: 1.0342897608108854, ucb: 1.4129869269727309,num_of_obs: 29, privacy reward: 0.3011942119122014, g: 3.5870064279155124e-06, curr_delay = 0.19599659442099857, data_size = 1666
num of fast users chosen: 5, num of slow users chosen: 0
Shared resource constraint latency penalty: 0.0000 seconds
Shared resource constraint reward penalty: 0.0000
max_delay = 0.20 seconds
global epoch 176 has been done artifficialy in 0.20 secs, the total time by now is 104.06 
 with avg train loss 1.148, val loss 1.011, avg val acc 64.77%
iteration: 177
user 2, emp_avg: 0.7005874774784268, h: 1.034856285132068, ucb: 1.7471020129804125,num_of_obs: 29, privacy reward: 0.3011942119122014, g: 7.979826997350708e-06, curr_delay = 0.13793171301135215, data_size = 1666
user 3, emp_avg: 0.6117840331899234, h: 1.0174625037389662, ucb: 1.626701574478549,num_of_obs: 30, privacy reward: 0.2893842179390499, g: -7.979826997350708e-06, curr_delay = 0.07266038219240048, data_size = 1666
user 10, emp_avg: 0.313230253466296, h: 1.034856285132068, ucb: 1.349028335648152,num_of_obs: 29, privacy reward: 0.3011942119122014, g: 7.979826997350708e-06, curr_delay = 0.17487522887127757, data_size = 1666
user 12, emp_avg: 0.306533360713244, h: 1.034856285132068, ucb: 1.338084112852305,num_of_obs: 29, privacy reward: 0.3011942119122014, g: 7.979826997350708e-06, curr_delay = 0.12425638224101815, data_size = 1666
user 14, emp_avg: 0.29797835871203054, h: 1.034856285132068, ucb: 1.3305601329952887,num_of_obs: 29, privacy reward: 0.3011942119122014, g: 7.979826997350708e-06, curr_delay = 0.13738559535333295, data_size = 1666
num of fast users chosen: 5, num of slow users chosen: 0
Shared resource constraint latency penalty: 0.0500 seconds
Shared resource constraint reward penalty: 0.0500
Resource cluster collisions:
  Cluster 2: 2 users [np.int64(2), np.int64(14)] (excess: 1)
max_delay = 0.22 seconds
global epoch 177 has been done artifficialy in 0.22 secs, the total time by now is 104.28 
 with avg train loss 1.137, val loss 1.000, avg val acc 65.08%
iteration: 178
user 13, emp_avg: 0.28211975758614, h: 1.035419310393762, ucb: 1.318170021636868,num_of_obs: 29, privacy reward: 0.3011942119122014, g: 1.4027409558276734e-05, curr_delay = 0.18952165004087915, data_size = 1666
user 15, emp_avg: 0.07041160056847563, h: 1.035419310393762, ucb: 1.1055563107315987,num_of_obs: 29, privacy reward: 0.3011942119122014, g: 1.4027409558276734e-05, curr_delay = 0.6379584736246493, data_size = 1666
user 16, emp_avg: 0.06726568007032996, h: 1.035419310393762, ucb: 1.1027346541226044,num_of_obs: 29, privacy reward: 0.3011942119122014, g: 1.4027409558276734e-05, curr_delay = 0.7595848136778347, data_size = 1666
user 17, emp_avg: 0.06919493195113068, h: 1.035419310393762, ucb: 1.1048928128383946,num_of_obs: 29, privacy reward: 0.3011942119122014, g: 1.4027409558276734e-05, curr_delay = 0.8181111798503077, data_size = 1666
user 18, emp_avg: 0.06669996895512151, h: 1.035419310393762, ucb: 1.1019933490273495,num_of_obs: 29, privacy reward: 0.3011942119122014, g: 1.4027409558276734e-05, curr_delay = 0.7107123714794887, data_size = 1666
num of fast users chosen: 1, num of slow users chosen: 4
Shared resource constraint latency penalty: 0.0000 seconds
Shared resource constraint reward penalty: 0.0000
max_delay = 0.82 seconds
global epoch 178 has been done artifficialy in 0.82 secs, the total time by now is 105.10 
 with avg train loss 1.139, val loss 0.998, avg val acc 65.20%
iteration: 179
user 19, emp_avg: 0.06539352808761185, h: 1.0359788780140213, ucb: 1.101301693083628,num_of_obs: 29, privacy reward: 0.3011942119122014, g: 2.1673619563822695e-05, curr_delay = 0.7413535313811963, data_size = 1666
user 20, emp_avg: 0.06511149263929532, h: 1.0359788780140213, ucb: 1.100900124924038,num_of_obs: 29, privacy reward: 0.3011942119122014, g: 2.1673619563822695e-05, curr_delay = 0.7079283278894726, data_size = 1666
user 21, emp_avg: 0.06205099213763863, h: 1.0359788780140213, ucb: 1.098007041123546,num_of_obs: 29, privacy reward: 0.3011942119122014, g: 2.1673619563822695e-05, curr_delay = 0.7972824283627734, data_size = 1666
user 22, emp_avg: 0.0633047064327036, h: 1.0359788780140213, ucb: 1.0992037700250352,num_of_obs: 29, privacy reward: 0.3011942119122014, g: 2.1673619563822695e-05, curr_delay = 0.7619706581524377, data_size = 1666
user 23, emp_avg: 0.06194877904258951, h: 1.0359788780140213, ucb: 1.0976852668650534,num_of_obs: 29, privacy reward: 0.3011942119122014, g: 2.1673619563822695e-05, curr_delay = 0.7248678046497588, data_size = 1666
num of fast users chosen: 0, num of slow users chosen: 5
Shared resource constraint latency penalty: 0.0000 seconds
Shared resource constraint reward penalty: 0.0000
max_delay = 0.80 seconds
global epoch 179 has been done artifficialy in 0.80 secs, the total time by now is 105.90 
 with avg train loss 1.121, val loss 1.028, avg val acc 64.09%
iteration: 180
user 24, emp_avg: 0.059436519108289065, h: 1.036535028690021, ucb: 1.0960292295831078,num_of_obs: 29, privacy reward: 0.3011942119122014, g: 3.086419753086398e-05, curr_delay = 0.8655948115307288, data_size = 1666
user 25, emp_avg: 0.06037747168599956, h: 1.036535028690021, ucb: 1.0968478508068598,num_of_obs: 29, privacy reward: 0.3011942119122014, g: 3.086419753086398e-05, curr_delay = 0.8031830569699947, data_size = 1666
user 26, emp_avg: 0.059974351728263424, h: 1.036535028690021, ucb: 1.0965472034363868,num_of_obs: 29, privacy reward: 0.3011942119122014, g: 3.086419753086398e-05, curr_delay = 0.8492210677235992, data_size = 1666
user 27, emp_avg: 0.05771921666816316, h: 1.036535028690021, ucb: 1.0942343102403125,num_of_obs: 29, privacy reward: 0.3011942119122014, g: 3.086419753086398e-05, curr_delay = 0.8576721376004998, data_size = 1666
user 28, emp_avg: 0.05608052133525463, h: 1.036535028690021, ucb: 1.0926112770623313,num_of_obs: 29, privacy reward: 0.3011942119122014, g: 3.086419753086398e-05, curr_delay = 0.8896094763502298, data_size = 1666
num of fast users chosen: 0, num of slow users chosen: 5
Shared resource constraint latency penalty: 0.0000 seconds
Shared resource constraint reward penalty: 0.0000
max_delay = 0.89 seconds
global epoch 180 has been done artifficialy in 0.89 secs, the total time by now is 106.79 
 with avg train loss 1.123, val loss 1.020, avg val acc 63.88%
iteration: 181
user 1, emp_avg: 0.5880284713079066, h: 1.0196565138580567, ucb: 1.614778552900368,num_of_obs: 30, privacy reward: 0.2893842179390499, g: 8.478916326662078e-07, curr_delay = 0.13325464583395857, data_size = 1666
user 2, emp_avg: 0.6897541604797046, h: 1.0196565138580567, ucb: 1.7202439913364835,num_of_obs: 30, privacy reward: 0.2893842179390499, g: 8.478916326662078e-07, curr_delay = 0.1370784441788137, data_size = 1666
user 10, emp_avg: 0.31347077588046557, h: 1.0196565138580567, ucb: 1.3328867673243527,num_of_obs: 30, privacy reward: 0.2893842179390499, g: 8.478916326662078e-07, curr_delay = 0.15591553763556593, data_size = 1666
user 12, emp_avg: 0.30693563489965564, h: 1.0196565138580567, ucb: 1.3261898745713006,num_of_obs: 30, privacy reward: 0.2893842179390499, g: 8.478916326662078e-07, curr_delay = 0.15673791509257637, data_size = 1666
user 29, emp_avg: 0.055901094485089876, h: 1.0370878024145629, ucb: 1.092933442522936,num_of_obs: 29, privacy reward: 0.3011942119122014, g: 4.1546690000644185e-05, curr_delay = 0.869425029638139, data_size = 1666
num of fast users chosen: 4, num of slow users chosen: 1
Shared resource constraint latency penalty: 0.0000 seconds
Shared resource constraint reward penalty: 0.0000
max_delay = 0.87 seconds
global epoch 181 has been done artifficialy in 0.87 secs, the total time by now is 107.66 
 with avg train loss 1.133, val loss 0.993, avg val acc 65.49%
iteration: 182
user 0, emp_avg: 0.6804726065278285, h: 1.0201967150581104, ucb: 1.7082348098685627,num_of_obs: 30, privacy reward: 0.2893842179390499, g: 3.354398958794539e-06, curr_delay = 0.11025164853796296, data_size = 1666
user 2, emp_avg: 0.6806222557458081, h: 1.0036070449755428, ucb: 1.6933612054552474,num_of_obs: 31, privacy reward: 0.2780373004531934, g: -1.341759583517836e-05, curr_delay = 0.12577565563994628, data_size = 1666
user 4, emp_avg: 0.5440785234630713, h: 1.0201967150581104, ucb: 1.5688888608890128,num_of_obs: 30, privacy reward: 0.2893842179390499, g: 3.354398958794539e-06, curr_delay = 0.12325293511638985, data_size = 1666
user 6, emp_avg: 0.4944831605464229, h: 1.0201967150581104, ucb: 1.5182729563019115,num_of_obs: 30, privacy reward: 0.2893842179390499, g: 3.354398958794539e-06, curr_delay = 0.1293022947704387, data_size = 1666
user 7, emp_avg: 0.453571308985582, h: 1.0201967150581104, ucb: 1.4793234763710674,num_of_obs: 30, privacy reward: 0.2893842179390499, g: 3.354398958794539e-06, curr_delay = 0.17427205047041888, data_size = 1666
num of fast users chosen: 5, num of slow users chosen: 0
Shared resource constraint latency penalty: 0.0500 seconds
Shared resource constraint reward penalty: 0.0500
Resource cluster collisions:
  Cluster 0: 2 users [np.int64(0), np.int64(6)] (excess: 1)
max_delay = 0.22 seconds
global epoch 182 has been done artifficialy in 0.22 secs, the total time by now is 107.88 
 with avg train loss 1.130, val loss 0.996, avg val acc 65.22%
iteration: 183
user 1, emp_avg: 0.5810941590209406, h: 1.004135271009557, ucb: 1.5921637423174637,num_of_obs: 31, privacy reward: 0.2780373004531934, g: -7.465137806443923e-06, curr_delay = 0.1365633373546415, data_size = 1666
user 4, emp_avg: 0.5387513519825727, h: 1.004135271009557, ucb: 1.5482137944726282,num_of_obs: 31, privacy reward: 0.2780373004531934, g: -7.465137806443923e-06, curr_delay = 0.13382973956856156, data_size = 1666
user 5, emp_avg: 0.4531804891691493, h: 1.0207336726924827, ucb: 1.4619951455844806,num_of_obs: 30, privacy reward: 0.2893842179390499, g: 7.465137806443923e-06, curr_delay = 0.061671217659439476, data_size = 1666
user 8, emp_avg: 0.38724973702536125, h: 1.0207336726924827, ucb: 1.4052246108525992,num_of_obs: 30, privacy reward: 0.2893842179390499, g: 7.465137806443923e-06, curr_delay = 0.10637987718804773, data_size = 1666
user 9, emp_avg: 0.37434575364417405, h: 1.0207336726924827, ucb: 1.3953111490954042,num_of_obs: 30, privacy reward: 0.2893842179390499, g: 7.465137806443923e-06, curr_delay = 0.13609364974235807, data_size = 1666
num of fast users chosen: 5, num of slow users chosen: 0
Shared resource constraint latency penalty: 0.0000 seconds
Shared resource constraint reward penalty: 0.0000
max_delay = 0.14 seconds
global epoch 183 has been done artifficialy in 0.14 secs, the total time by now is 108.02 
 with avg train loss 1.134, val loss 1.005, avg val acc 65.00%
iteration: 184
user 13, emp_avg: 0.28396149754008115, h: 1.021267424097037, ucb: 1.303387181683177,num_of_obs: 30, privacy reward: 0.2893842179390499, g: 1.3127494223902458e-05, curr_delay = 0.14739970869768237, data_size = 1666
user 14, emp_avg: 0.2965619806625967, h: 1.021267424097037, ucb: 1.3192457828090676,num_of_obs: 30, privacy reward: 0.2893842179390499, g: 1.3127494223902458e-05, curr_delay = 0.19679566344798755, data_size = 1666
user 15, emp_avg: 0.07017516865163599, h: 1.021267424097037, ucb: 1.0916790246655126,num_of_obs: 30, privacy reward: 0.2893842179390499, g: 1.3127494223902458e-05, curr_delay = 0.7926164776298663, data_size = 1666
user 16, emp_avg: 0.06721943222323647, h: 1.021267424097037, ucb: 1.088533104167367,num_of_obs: 30, privacy reward: 0.2893842179390499, g: 1.3127494223902458e-05, curr_delay = 0.7595090901462204, data_size = 1666
user 17, emp_avg: 0.06919096004276298, h: 1.021267424097037, ucb: 1.0904623560481677,num_of_obs: 30, privacy reward: 0.2893842179390499, g: 1.3127494223902458e-05, curr_delay = 0.7238843924598545, data_size = 1666
num of fast users chosen: 2, num of slow users chosen: 3
Shared resource constraint latency penalty: 0.0000 seconds
Shared resource constraint reward penalty: 0.0000
max_delay = 0.79 seconds
global epoch 184 has been done artifficialy in 0.79 secs, the total time by now is 108.81 
 with avg train loss 1.133, val loss 0.991, avg val acc 65.50%
iteration: 185
user 11, emp_avg: 0.3305381516230572, h: 1.021798005975577, ucb: 1.3564417403102291,num_of_obs: 30, privacy reward: 0.2893842179390499, g: 2.029056083110121e-05, curr_delay = 0.24111413602339965, data_size = 1666
user 18, emp_avg: 0.06701945518988119, h: 1.021798005975577, ucb: 1.0884979749306984,num_of_obs: 30, privacy reward: 0.2893842179390499, g: 2.029056083110121e-05, curr_delay = 0.6527070705764271, data_size = 1666
user 19, emp_avg: 0.06553755264447213, h: 1.021798005975577, ucb: 1.0871915340631888,num_of_obs: 30, privacy reward: 0.2893842179390499, g: 2.029056083110121e-05, curr_delay = 0.7157346746538858, data_size = 1666
user 20, emp_avg: 0.06491696916359127, h: 1.021798005975577, ucb: 1.0869094986148722,num_of_obs: 30, privacy reward: 0.2893842179390499, g: 2.029056083110121e-05, curr_delay = 0.8462919690531673, data_size = 1666
user 22, emp_avg: 0.06339277381118841, h: 1.021798005975577, ucb: 1.0851027124082806,num_of_obs: 30, privacy reward: 0.2893842179390499, g: 2.029056083110121e-05, curr_delay = 0.7571765744788189, data_size = 1666
num of fast users chosen: 1, num of slow users chosen: 4
Shared resource constraint latency penalty: 0.0000 seconds
Shared resource constraint reward penalty: 0.0000
max_delay = 0.85 seconds
global epoch 185 has been done artifficialy in 0.85 secs, the total time by now is 109.66 
 with avg train loss 1.117, val loss 0.992, avg val acc 64.65%
iteration: 186
user 21, emp_avg: 0.061908933576670516, h: 1.022325454413926, ucb: 1.0843764465515646,num_of_obs: 30, privacy reward: 0.2893842179390499, g: 2.8905075731298364e-05, curr_delay = 0.8673451645150688, data_size = 1666
user 23, emp_avg: 0.06205967784819646, h: 1.022325454413926, ucb: 1.0842742334565154,num_of_obs: 30, privacy reward: 0.2893842179390499, g: 2.8905075731298364e-05, curr_delay = 0.7646821806119889, data_size = 1666
user 24, emp_avg: 0.05957547165467725, h: 1.022325454413926, ucb: 1.081761973522215,num_of_obs: 30, privacy reward: 0.2893842179390499, g: 2.8905075731298364e-05, curr_delay = 0.7843869589779585, data_size = 1666
user 25, emp_avg: 0.06033996632933833, h: 1.022325454413926, ucb: 1.0827029260999255,num_of_obs: 30, privacy reward: 0.2893842179390499, g: 2.8905075731298364e-05, curr_delay = 0.8443834184450858, data_size = 1666
user 26, emp_avg: 0.05987608968635958, h: 1.022325454413926, ucb: 1.0822998061421893,num_of_obs: 30, privacy reward: 0.2893842179390499, g: 2.8905075731298364e-05, curr_delay = 0.8782988928268621, data_size = 1666
num of fast users chosen: 0, num of slow users chosen: 5
Shared resource constraint latency penalty: 0.0000 seconds
Shared resource constraint reward penalty: 0.0000
max_delay = 0.88 seconds
global epoch 186 has been done artifficialy in 0.88 secs, the total time by now is 110.53 
 with avg train loss 1.128, val loss 0.989, avg val acc 65.28%
iteration: 187
user 7, emp_avg: 0.44954889203187587, h: 1.0062169922637176, ucb: 1.4597883012492996,num_of_obs: 31, privacy reward: 0.2780373004531934, g: 7.943543646594819e-07, curr_delay = 0.15391531322146101, data_size = 1666
user 12, emp_avg: 0.3033805951128672, h: 1.0062169922637176, ucb: 1.3131526271633733,num_of_obs: 31, privacy reward: 0.2780373004531934, g: 7.943543646594819e-07, curr_delay = 0.2588335199049107, data_size = 1666
user 27, emp_avg: 0.05781648483024457, h: 1.0228498048936203, ucb: 1.0805690215617836,num_of_obs: 30, privacy reward: 0.2893842179390499, g: 3.892336386831496e-05, curr_delay = 0.8232549136874371, data_size = 1666
user 28, emp_avg: 0.05608036014737206, h: 1.0228498048936203, ucb: 1.078930326228875,num_of_obs: 30, privacy reward: 0.2893842179390499, g: 3.892336386831496e-05, curr_delay = 0.8916546111001671, data_size = 1666
user 29, emp_avg: 0.05591083582188677, h: 1.0228498048936203, ucb: 1.0787508993787103,num_of_obs: 30, privacy reward: 0.2893842179390499, g: 3.892336386831496e-05, curr_delay = 0.8896310242168303, data_size = 1666
num of fast users chosen: 2, num of slow users chosen: 3
Shared resource constraint latency penalty: 0.0000 seconds
Shared resource constraint reward penalty: 0.0000
max_delay = 0.89 seconds
global epoch 187 has been done artifficialy in 0.89 secs, the total time by now is 111.43 
 with avg train loss 1.128, val loss 1.015, avg val acc 64.16%
iteration: 188
user 0, emp_avg: 0.6713860944708285, h: 1.0067298028923168, ucb: 1.6872024094201454,num_of_obs: 31, privacy reward: 0.2780373004531934, g: 3.1437050450178653e-06, curr_delay = 0.12830243385533965, data_size = 1666
user 1, emp_avg: 0.5937882754142455, h: 0.9908747993720576, ucb: 1.5719689583929983,num_of_obs: 32, privacy reward: 0.26713530196584956, g: -1.2574820180071461e-05, curr_delay = 0.05, data_size = 1666
user 2, emp_avg: 0.6702226367302406, h: 0.9908747993720576, ucb: 1.6714970551178658,num_of_obs: 32, privacy reward: 0.26713530196584956, g: -1.2574820180071461e-05, curr_delay = 0.14817676130814472, data_size = 1666
user 3, emp_avg: 0.6054492475087879, h: 1.0067298028923168, ucb: 1.6185138360822402,num_of_obs: 31, privacy reward: 0.2780373004531934, g: 3.1437050450178653e-06, curr_delay = 0.12222820311086957, data_size = 1666
user 4, emp_avg: 0.5367318888960649, h: 0.9908747993720576, ucb: 1.5296261513546303,num_of_obs: 32, privacy reward: 0.26713530196584956, g: -1.2574820180071461e-05, curr_delay = 0.1059077301490169, data_size = 1666
num of fast users chosen: 5, num of slow users chosen: 0
Shared resource constraint latency penalty: 0.0000 seconds
Shared resource constraint reward penalty: 0.0000
max_delay = 0.15 seconds
global epoch 188 has been done artifficialy in 0.15 secs, the total time by now is 111.57 
 with avg train loss 1.113, val loss 0.974, avg val acc 66.16%
iteration: 189
user 3, emp_avg: 0.5950076229162087, h: 0.9913766011580478, ucb: 1.5968258486668359,num_of_obs: 32, privacy reward: 0.26713530196584956, g: -6.998684247361496e-06, curr_delay = 0.19166220646560767, data_size = 1666
user 5, emp_avg: 0.4702685988826134, h: 1.0072396340167142, ucb: 1.4604201231858636,num_of_obs: 31, privacy reward: 0.2780373004531934, g: 6.998684247361496e-06, curr_delay = 0.05, data_size = 1666
user 6, emp_avg: 0.49376093607783733, h: 1.0072396340167142, ucb: 1.501722794563137,num_of_obs: 31, privacy reward: 0.2780373004531934, g: 6.998684247361496e-06, curr_delay = 0.10607333991235739, data_size = 1666
user 7, emp_avg: 0.45630514548442036, h: 0.9913766011580478, ucb: 1.4409254931899236,num_of_obs: 32, privacy reward: 0.26713530196584956, g: -6.998684247361496e-06, curr_delay = 0.07434886130100304, data_size = 1666
user 8, emp_avg: 0.38688112698984933, h: 1.0072396340167142, ucb: 1.3944893710420754,num_of_obs: 31, privacy reward: 0.2780373004531934, g: 6.998684247361496e-06, curr_delay = 0.13317202972834644, data_size = 1666
num of fast users chosen: 5, num of slow users chosen: 0
Shared resource constraint latency penalty: 0.0000 seconds
Shared resource constraint reward penalty: 0.0000
max_delay = 0.19 seconds
global epoch 189 has been done artifficialy in 0.19 secs, the total time by now is 111.77 
 with avg train loss 1.109, val loss 0.995, avg val acc 65.83%
iteration: 190
user 0, emp_avg: 0.6614956574567512, h: 0.9918755030396159, ucb: 1.6632615975104446,num_of_obs: 32, privacy reward: 0.26713530196584956, g: -3.0778701138812134e-06, curr_delay = 0.14492683343912505, data_size = 1666
user 9, emp_avg: 0.37245767565840526, h: 1.0077465188352726, ucb: 1.3820922724794467,num_of_obs: 31, privacy reward: 0.2780373004531934, g: 1.2311480455524659e-05, curr_delay = 0.15927256620748986, data_size = 1666
user 10, emp_avg: 0.3203262004532404, h: 1.0077465188352726, ucb: 1.3212172947157381,num_of_obs: 31, privacy reward: 0.2780373004531934, g: 1.2311480455524659e-05, curr_delay = 0.0938360308302629, data_size = 1666
user 11, emp_avg: 0.33182579488506037, h: 1.0077465188352726, ucb: 1.3382846704583298,num_of_obs: 31, privacy reward: 0.2780373004531934, g: 1.2311480455524659e-05, curr_delay = 0.1345016194184282, data_size = 1666
user 14, emp_avg: 0.29398410627830923, h: 1.0077465188352726, ucb: 1.3043084994978693,num_of_obs: 31, privacy reward: 0.2780373004531934, g: 1.2311480455524659e-05, curr_delay = 0.23356845851662844, data_size = 1666
num of fast users chosen: 5, num of slow users chosen: 0
Shared resource constraint latency penalty: 0.0000 seconds
Shared resource constraint reward penalty: 0.0000
max_delay = 0.23 seconds
global epoch 190 has been done artifficialy in 0.23 secs, the total time by now is 112.00 
 with avg train loss 1.128, val loss 0.980, avg val acc 66.07%
iteration: 191
user 13, emp_avg: 0.2832747686073069, h: 1.008250490002197, ucb: 1.2922119875422782,num_of_obs: 31, privacy reward: 0.2780373004531934, g: 1.9035784228624216e-05, curr_delay = 0.19084976766985445, data_size = 1666
user 15, emp_avg: 0.0701057570909328, h: 1.008250490002197, ucb: 1.078425658653833,num_of_obs: 31, privacy reward: 0.2780373004531934, g: 1.9035784228624216e-05, curr_delay = 0.7357918731761048, data_size = 1666
user 16, emp_avg: 0.06719111243830418, h: 1.008250490002197, ucb: 1.0754699222254334,num_of_obs: 31, privacy reward: 0.2780373004531934, g: 1.9035784228624216e-05, curr_delay = 0.75399770595483, data_size = 1666
user 17, emp_avg: 0.06894196638878888, h: 1.008250490002197, ucb: 1.0774414500449598,num_of_obs: 31, privacy reward: 0.2780373004531934, g: 1.9035784228624216e-05, curr_delay = 0.8166843634916103, data_size = 1666
user 18, emp_avg: 0.0669097045364448, h: 1.008250490002197, ucb: 1.0752699451920782,num_of_obs: 31, privacy reward: 0.2780373004531934, g: 1.9035784228624216e-05, curr_delay = 0.7873094003391579, data_size = 1666
num of fast users chosen: 1, num of slow users chosen: 4
Shared resource constraint latency penalty: 0.0000 seconds
Shared resource constraint reward penalty: 0.0000
max_delay = 0.82 seconds
global epoch 191 has been done artifficialy in 0.82 secs, the total time by now is 112.82 
 with avg train loss 1.089, val loss 0.994, avg val acc 64.89%
iteration: 192
user 19, emp_avg: 0.06554965345995005, h: 1.0087515796392745, ucb: 1.0742891322837467,num_of_obs: 31, privacy reward: 0.2780373004531934, g: 2.712673611111092e-05, curr_delay = 0.7584401640143904, data_size = 1666
user 20, emp_avg: 0.06484987612683485, h: 1.0087515796392745, ucb: 1.0736685488028659,num_of_obs: 31, privacy reward: 0.2780373004531934, g: 2.712673611111092e-05, curr_delay = 0.7965589673812259, data_size = 1666
user 21, emp_avg: 0.062072821749467356, h: 1.0087515796392745, ucb: 1.070660513215945,num_of_obs: 31, privacy reward: 0.2780373004531934, g: 2.712673611111092e-05, curr_delay = 0.7445644364447616, data_size = 1666
user 22, emp_avg: 0.06333218164229862, h: 1.0087515796392745, ucb: 1.0721443534504629,num_of_obs: 31, privacy reward: 0.2780373004531934, g: 2.712673611111092e-05, curr_delay = 0.8136190136693323, data_size = 1666
user 23, emp_avg: 0.061956580780039655, h: 1.0087515796392745, ucb: 1.070811257487471,num_of_obs: 31, privacy reward: 0.2780373004531934, g: 2.712673611111092e-05, curr_delay = 0.8509107141298955, data_size = 1666
num of fast users chosen: 0, num of slow users chosen: 5
Shared resource constraint latency penalty: 0.0000 seconds
Shared resource constraint reward penalty: 0.0000
max_delay = 0.85 seconds
global epoch 192 has been done artifficialy in 0.85 secs, the total time by now is 113.67 
 with avg train loss 1.125, val loss 0.997, avg val acc 65.74%
iteration: 193
user 24, emp_avg: 0.05970741859400006, h: 1.0092498193473003, ucb: 1.0688252910019775,num_of_obs: 31, privacy reward: 0.2780373004531934, g: 3.654087656342754e-05, curr_delay = 0.7837264075220526, data_size = 1666
user 25, emp_avg: 0.06043223713999061, h: 1.0092498193473003, ucb: 1.0695897856766385,num_of_obs: 31, privacy reward: 0.2780373004531934, g: 3.654087656342754e-05, curr_delay = 0.7899813644428354, data_size = 1666
user 26, emp_avg: 0.05990944634026271, h: 1.0092498193473003, ucb: 1.0691259090336598,num_of_obs: 31, privacy reward: 0.2780373004531934, g: 3.654087656342754e-05, curr_delay = 0.8204320043587756, data_size = 1666
user 27, emp_avg: 0.057873300818490424, h: 1.0092498193473003, ucb: 1.0670663041775448,num_of_obs: 31, privacy reward: 0.2780373004531934, g: 3.654087656342754e-05, curr_delay = 0.8384394793125566, data_size = 1666
user 28, emp_avg: 0.0562413521353647, h: 1.0092498193473003, ucb: 1.0653301794946723,num_of_obs: 31, privacy reward: 0.2780373004531934, g: 3.654087656342754e-05, curr_delay = 0.8165651174327534, data_size = 1666
num of fast users chosen: 0, num of slow users chosen: 5
Shared resource constraint latency penalty: 0.0000 seconds
Shared resource constraint reward penalty: 0.0000
max_delay = 0.84 seconds
global epoch 193 has been done artifficialy in 0.84 secs, the total time by now is 114.51 
 with avg train loss 1.096, val loss 1.025, avg val acc 64.37%
iteration: 194
user 8, emp_avg: 0.38484480898714235, h: 0.9938427465270218, ucb: 1.380723873516871,num_of_obs: 32, privacy reward: 0.26713530196584956, g: 2.9522561141223915e-06, curr_delay = 0.15640511824600578, data_size = 1666
user 9, emp_avg: 0.3675390242172555, h: 0.9938427465270218, ucb: 1.366300422185427,num_of_obs: 32, privacy reward: 0.26713530196584956, g: 2.9522561141223915e-06, curr_delay = 0.237934147499398, data_size = 1666
user 10, emp_avg: 0.318141681613713, h: 0.9938427465270218, ucb: 1.3141689469802622,num_of_obs: 32, privacy reward: 0.26713530196584956, g: 2.9522561141223915e-06, curr_delay = 0.20142035288205123, data_size = 1666
user 12, emp_avg: 0.3010078314911988, h: 0.9938427465270218, ucb: 1.297223341639889,num_of_obs: 32, privacy reward: 0.26713530196584956, g: 2.9522561141223915e-06, curr_delay = 0.22214383447760816, data_size = 1666
user 29, emp_avg: 0.055884787767729836, h: 1.0097452402171991, ucb: 1.0656560760390859,num_of_obs: 31, privacy reward: 0.2780373004531934, g: 4.7236097825958644e-05, curr_delay = 0.9078150478501555, data_size = 1666
num of fast users chosen: 4, num of slow users chosen: 1
Shared resource constraint latency penalty: 0.0000 seconds
Shared resource constraint reward penalty: 0.0000
max_delay = 0.91 seconds
global epoch 194 has been done artifficialy in 0.91 secs, the total time by now is 115.41 
 with avg train loss 1.123, val loss 0.990, avg val acc 66.09%
iteration: 195
user 0, emp_avg: 0.6557045998273928, h: 0.9791461548033245, ucb: 1.6406418122600757,num_of_obs: 33, privacy reward: 0.25666077695355516, g: -6.57462195923744e-06, curr_delay = 0.10761952753937676, data_size = 1666
user 1, emp_avg: 0.5947588842458364, h: 0.9791461548033245, ucb: 1.57293443021757,num_of_obs: 33, privacy reward: 0.25666077695355516, g: -6.57462195923744e-06, curr_delay = 0.07977166469000199, data_size = 1666
user 2, emp_avg: 0.6664912514761545, h: 0.9791461548033245, ucb: 1.649368791533565,num_of_obs: 33, privacy reward: 0.25666077695355516, g: -6.57462195923744e-06, curr_delay = 0.09202077920405277, data_size = 1666
user 3, emp_avg: 0.6069191634186731, h: 0.9791461548033245, ucb: 1.5741537777195331,num_of_obs: 33, privacy reward: 0.25666077695355516, g: -6.57462195923744e-06, curr_delay = 0.05, data_size = 1666
user 4, emp_avg: 0.5503574215755924, h: 0.9791461548033245, ucb: 1.5158780436993893,num_of_obs: 33, privacy reward: 0.25666077695355516, g: -6.57462195923744e-06, curr_delay = 0.05, data_size = 1666
num of fast users chosen: 5, num of slow users chosen: 0
Shared resource constraint latency penalty: 0.0000 seconds
Shared resource constraint reward penalty: 0.0000
max_delay = 0.11 seconds
global epoch 195 has been done artifficialy in 0.11 secs, the total time by now is 115.52 
 with avg train loss 1.109, val loss 0.976, avg val acc 66.17%
iteration: 196
user 5, emp_avg: 0.4743271354915831, h: 0.994809780111616, ucb: 1.4650783789942294,num_of_obs: 32, privacy reward: 0.26713530196584956, g: 1.1569253551760866e-05, curr_delay = 0.08275401290348863, data_size = 1666
user 6, emp_avg: 0.4928989832799627, h: 0.994809780111616, ucb: 1.4885707161894532,num_of_obs: 32, privacy reward: 0.26713530196584956, g: 1.1569253551760866e-05, curr_delay = 0.10745374529337298, data_size = 1666
user 11, emp_avg: 0.33129979174283253, h: 0.994809780111616, ucb: 1.3266355749966765,num_of_obs: 32, privacy reward: 0.26713530196584956, g: 1.1569253551760866e-05, curr_delay = 0.15899884598810815, data_size = 1666
user 13, emp_avg: 0.28320866770067926, h: 0.994809780111616, ucb: 1.278084548718923,num_of_obs: 32, privacy reward: 0.26713530196584956, g: 1.1569253551760866e-05, curr_delay = 0.17787679510866058, data_size = 1666
user 14, emp_avg: 0.2956329529144818, h: 0.994809780111616, ucb: 1.2887938863899253,num_of_obs: 32, privacy reward: 0.26713530196584956, g: 1.1569253551760866e-05, curr_delay = 0.14351483226786838, data_size = 1666
num of fast users chosen: 5, num of slow users chosen: 0
Shared resource constraint latency penalty: 0.0500 seconds
Shared resource constraint reward penalty: 0.0500
Resource cluster collisions:
  Cluster 5: 2 users [np.int64(5), np.int64(11)] (excess: 1)
max_delay = 0.23 seconds
global epoch 196 has been done artifficialy in 0.23 secs, the total time by now is 115.75 
 with avg train loss 1.091, val loss 0.975, avg val acc 66.14%
iteration: 197
user 15, emp_avg: 0.07015725260928002, h: 0.995289254005273, ucb: 1.0653950110962058,num_of_obs: 32, privacy reward: 0.26713530196584956, g: 1.78939020444857e-05, curr_delay = 0.6963292801804241, data_size = 1666
user 16, emp_avg: 0.06707718218181655, h: 0.995289254005273, ucb: 1.0624803664435771,num_of_obs: 32, privacy reward: 0.26713530196584956, g: 1.78939020444857e-05, curr_delay = 0.7882529628036842, data_size = 1666
user 17, emp_avg: 0.0690410983876506, h: 0.995289254005273, ucb: 1.0642312203940618,num_of_obs: 32, privacy reward: 0.26713530196584956, g: 1.78939020444857e-05, curr_delay = 0.6923930151948098, data_size = 1666
user 18, emp_avg: 0.0671749594524737, h: 0.995289254005273, ucb: 1.0621989585417178,num_of_obs: 32, privacy reward: 0.26713530196584956, g: 1.78939020444857e-05, curr_delay = 0.6608239540941788, data_size = 1666
user 19, emp_avg: 0.06530456667545814, h: 0.995289254005273, ucb: 1.0608389074652231,num_of_obs: 32, privacy reward: 0.26713530196584956, g: 1.78939020444857e-05, curr_delay = 0.8701434531132336, data_size = 1666
num of fast users chosen: 0, num of slow users chosen: 5
Shared resource constraint latency penalty: 0.0000 seconds
Shared resource constraint reward penalty: 0.0000
max_delay = 0.87 seconds
global epoch 197 has been done artifficialy in 0.87 secs, the total time by now is 116.62 
 with avg train loss 1.083, val loss 0.970, avg val acc 66.03%
iteration: 198
user 20, emp_avg: 0.0648708506593416, h: 0.9957660710504377, ucb: 1.0606159471772725,num_of_obs: 32, privacy reward: 0.26713530196584956, g: 2.5507601265176792e-05, curr_delay = 0.7628691948049685, data_size = 1666
user 21, emp_avg: 0.062272042493040476, h: 0.9957660710504377, ucb: 1.057838892799905,num_of_obs: 32, privacy reward: 0.26713530196584956, g: 2.5507601265176792e-05, curr_delay = 0.7283628211607763, data_size = 1666
user 22, emp_avg: 0.06321410238055448, h: 0.9957660710504377, ucb: 1.0590982526927364,num_of_obs: 32, privacy reward: 0.26713530196584956, g: 2.5507601265176792e-05, curr_delay = 0.8412471414171511, data_size = 1666
user 23, emp_avg: 0.061952905015121414, h: 0.9957660710504377, ucb: 1.0577226518304774,num_of_obs: 32, privacy reward: 0.26713530196584956, g: 2.5507601265176792e-05, curr_delay = 0.8085998731660173, data_size = 1666
user 25, emp_avg: 0.060689225672985084, h: 0.9957660710504377, ucb: 1.0561983081904283,num_of_obs: 32, privacy reward: 0.26713530196584956, g: 2.5507601265176792e-05, curr_delay = 0.7255539956158864, data_size = 1666
num of fast users chosen: 0, num of slow users chosen: 5
Shared resource constraint latency penalty: 0.0000 seconds
Shared resource constraint reward penalty: 0.0000
max_delay = 0.84 seconds
global epoch 198 has been done artifficialy in 0.84 secs, the total time by now is 117.46 
 with avg train loss 1.107, val loss 0.989, avg val acc 64.23%
iteration: 199
user 24, emp_avg: 0.059829273807715556, h: 0.9962402594935833, ucb: 1.0559476780875834,num_of_obs: 32, privacy reward: 0.26713530196584956, g: 3.437062475975621e-05, curr_delay = 0.7845765968438045, data_size = 1666
user 26, emp_avg: 0.05987013936967084, h: 0.9962402594935833, ucb: 1.056149705833846,num_of_obs: 32, privacy reward: 0.26713530196584956, g: 3.437062475975621e-05, curr_delay = 0.8530630274860163, data_size = 1666
user 27, emp_avg: 0.05775677848071694, h: 0.9962402594935833, ucb: 1.0541135603120737,num_of_obs: 32, privacy reward: 0.26713530196584956, g: 3.437062475975621e-05, curr_delay = 0.9254449743669864, data_size = 1666
user 28, emp_avg: 0.05634683359427944, h: 0.9962402594935833, ucb: 1.052481611628948,num_of_obs: 32, privacy reward: 0.26713530196584956, g: 3.437062475975621e-05, curr_delay = 0.8372090491910107, data_size = 1666
user 29, emp_avg: 0.05586901041294192, h: 0.9962402594935833, ucb: 1.052125047261313,num_of_obs: 32, privacy reward: 0.26713530196584956, g: 3.437062475975621e-05, curr_delay = 0.9031117337254234, data_size = 1666
num of fast users chosen: 0, num of slow users chosen: 5
Shared resource constraint latency penalty: 0.0000 seconds
Shared resource constraint reward penalty: 0.0000
max_delay = 0.93 seconds
global epoch 199 has been done artifficialy in 0.93 secs, the total time by now is 118.39 
 with avg train loss 1.100, val loss 0.992, avg val acc 64.88%
iteration: 200
user 3, emp_avg: 0.6181500444638539, h: 0.9669525233081542, ucb: 1.5738716867268274,num_of_obs: 34, privacy reward: 0.24659696394160568, g: -1.1111111111111254e-05, curr_delay = 0.05, data_size = 1666
user 5, emp_avg: 0.47230459990426316, h: 0.9814939787290909, ucb: 1.455821114220674,num_of_obs: 33, privacy reward: 0.25666077695355516, g: 2.777777777777721e-06, curr_delay = 0.12328603880060128, data_size = 1666
user 6, emp_avg: 0.4977443834664643, h: 0.9814939787290909, ucb: 1.4743929620090537,num_of_obs: 33, privacy reward: 0.25666077695355516, g: 2.777777777777721e-06, curr_delay = 0.0760291392149853, data_size = 1666
user 7, emp_avg: 0.4506151416771487, h: 0.9814939787290909, ucb: 1.4377991242135113,num_of_obs: 33, privacy reward: 0.25666077695355516, g: 2.777777777777721e-06, curr_delay = 0.19022616732031294, data_size = 1666
user 8, emp_avg: 0.3809598247264162, h: 0.9814939787290909, ucb: 1.3663387877162334,num_of_obs: 33, privacy reward: 0.25666077695355516, g: 2.777777777777721e-06, curr_delay = 0.19781975401389243, data_size = 1666
num of fast users chosen: 5, num of slow users chosen: 0
Shared resource constraint latency penalty: 0.0000 seconds
Shared resource constraint reward penalty: 0.0000
max_delay = 0.20 seconds
global epoch 200 has been done artifficialy in 0.20 secs, the total time by now is 118.58 
 with avg train loss 1.084, val loss 0.986, avg val acc 65.89%
iteration: 201
user 9, emp_avg: 0.3779785584830852, h: 0.9819558320060741, ucb: 1.3494948562233295,num_of_obs: 33, privacy reward: 0.25666077695355516, g: 6.1879656444146855e-06, curr_delay = 0.06920576249189403, data_size = 1666
user 10, emp_avg: 0.3327476167503055, h: 0.9819558320060741, ucb: 1.300097513619787,num_of_obs: 33, privacy reward: 0.25666077695355516, g: 6.1879656444146855e-06, curr_delay = 0.061369009334878696, data_size = 1666
user 11, emp_avg: 0.33219432429529216, h: 0.9819558320060741, ucb: 1.3132556237489066,num_of_obs: 33, privacy reward: 0.25666077695355516, g: 6.1879656444146855e-06, curr_delay = 0.13823079567494806, data_size = 1666
user 12, emp_avg: 0.30064375818415706, h: 0.9819558320060741, ucb: 1.2829636634972728,num_of_obs: 33, privacy reward: 0.25666077695355516, g: 6.1879656444146855e-06, curr_delay = 0.1732325624424125, data_size = 1666
user 14, emp_avg: 0.29349752781094907, h: 0.9819558320060741, ucb: 1.2775887849205558,num_of_obs: 33, privacy reward: 0.25666077695355516, g: 6.1879656444146855e-06, curr_delay = 0.22418659559551396, data_size = 1666
num of fast users chosen: 5, num of slow users chosen: 0
Shared resource constraint latency penalty: 0.0000 seconds
Shared resource constraint reward penalty: 0.0000
max_delay = 0.22 seconds
global epoch 201 has been done artifficialy in 0.22 secs, the total time by now is 118.81 
 with avg train loss 1.115, val loss 0.970, avg val acc 66.11%
iteration: 202
user 13, emp_avg: 0.28218066026760047, h: 0.9824151776849102, ucb: 1.2656238453855895,num_of_obs: 33, privacy reward: 0.25666077695355516, g: 1.0892178326743463e-05, curr_delay = 0.2014046646280364, data_size = 1666
user 15, emp_avg: 0.07006499199843097, h: 0.9824151776849102, ucb: 1.0525724302941901,num_of_obs: 33, privacy reward: 0.25666077695355516, g: 1.0892178326743463e-05, curr_delay = 0.7460415946098825, data_size = 1666
user 16, emp_avg: 0.06743624883879543, h: 0.9824151776849102, ucb: 1.0494923598667267,num_of_obs: 33, privacy reward: 0.25666077695355516, g: 1.0892178326743463e-05, curr_delay = 0.6306327445187613, data_size = 1666
user 17, emp_avg: 0.06890849354892625, h: 0.9824151776849102, ucb: 1.0514562760725608,num_of_obs: 33, privacy reward: 0.25666077695355516, g: 1.0892178326743463e-05, curr_delay = 0.7748029869698291, data_size = 1666
user 18, emp_avg: 0.06696572660625905, h: 0.9824151776849102, ucb: 1.049590137137384,num_of_obs: 33, privacy reward: 0.25666077695355516, g: 1.0892178326743463e-05, curr_delay = 0.8324863799887239, data_size = 1666
num of fast users chosen: 1, num of slow users chosen: 4
Shared resource constraint latency penalty: 0.0000 seconds
Shared resource constraint reward penalty: 0.0000
max_delay = 0.83 seconds
global epoch 202 has been done artifficialy in 0.83 secs, the total time by now is 119.64 
 with avg train loss 1.090, val loss 0.970, avg val acc 65.68%
iteration: 203
user 19, emp_avg: 0.0653133504970766, h: 0.9828720418929773, ucb: 1.0481766085684354,num_of_obs: 33, privacy reward: 0.25666077695355516, g: 1.6851766469568365e-05, curr_delay = 0.7621577505394461, data_size = 1666
user 20, emp_avg: 0.06487757838527008, h: 0.9828720418929773, ucb: 1.047742892552319,num_of_obs: 33, privacy reward: 0.25666077695355516, g: 1.6851766469568365e-05, curr_delay = 0.7680539529358155, data_size = 1666
user 21, emp_avg: 0.062322095840974284, h: 0.9828720418929773, ucb: 1.0451440843860178,num_of_obs: 33, privacy reward: 0.25666077695355516, g: 1.6851766469568365e-05, curr_delay = 0.7815692671036932, data_size = 1666
user 22, emp_avg: 0.0631490429094908, h: 0.9828720418929773, ucb: 1.0460861442735319,num_of_obs: 33, privacy reward: 0.25666077695355516, g: 1.6851766469568365e-05, curr_delay = 0.8196441777285365, data_size = 1666
user 23, emp_avg: 0.061900046026655296, h: 0.9828720418929773, ucb: 1.0448249469080988,num_of_obs: 33, privacy reward: 0.25666077695355516, g: 1.6851766469568365e-05, curr_delay = 0.8311764386859513, data_size = 1666
num of fast users chosen: 0, num of slow users chosen: 5
Shared resource constraint latency penalty: 0.0000 seconds
Shared resource constraint reward penalty: 0.0000
max_delay = 0.83 seconds
global epoch 203 has been done artifficialy in 0.83 secs, the total time by now is 120.47 
 with avg train loss 1.097, val loss 0.995, avg val acc 65.43%
iteration: 204
user 24, emp_avg: 0.05981093823377953, h: 0.9833264503569888, ucb: 1.0431557241647045,num_of_obs: 33, privacy reward: 0.25666077695355516, g: 2.4029219530949463e-05, curr_delay = 0.8445109381700103, data_size = 1666
user 25, emp_avg: 0.060601149087159724, h: 0.9833264503569888, ucb: 1.044015676029974,num_of_obs: 33, privacy reward: 0.25666077695355516, g: 2.4029219530949463e-05, curr_delay = 0.866631905698103, data_size = 1666
user 26, emp_avg: 0.05981497799836951, h: 0.9833264503569888, ucb: 1.0431965897266597,num_of_obs: 33, privacy reward: 0.25666077695355516, g: 2.4029219530949463e-05, curr_delay = 0.8621484504697489, data_size = 1666
user 27, emp_avg: 0.05771420573447124, h: 0.9833264503569888, ucb: 1.0410832288377059,num_of_obs: 33, privacy reward: 0.25666077695355516, g: 2.4029219530949463e-05, curr_delay = 0.8879527087712895, data_size = 1666
user 28, emp_avg: 0.05634568353908799, h: 0.9833264503569888, ucb: 1.0396732839512683,num_of_obs: 33, privacy reward: 0.25666077695355516, g: 2.4029219530949463e-05, curr_delay = 0.8879775205759239, data_size = 1666
num of fast users chosen: 0, num of slow users chosen: 5
Shared resource constraint latency penalty: 0.0000 seconds
Shared resource constraint reward penalty: 0.0000
max_delay = 0.89 seconds
global epoch 204 has been done artifficialy in 0.89 secs, the total time by now is 121.36 
 with avg train loss 1.083, val loss 0.986, avg val acc 65.33%
iteration: 205
user 1, emp_avg: 0.5978806702087225, h: 0.9692031274200964, ucb: 1.5639620116659327,num_of_obs: 34, privacy reward: 0.24659696394160568, g: 6.609822195782644e-07, curr_delay = 0.07102056912036869, data_size = 1666
user 8, emp_avg: 0.380611748961105, h: 0.9692031274200964, ucb: 1.3501629521465126,num_of_obs: 34, privacy reward: 0.24659696394160568, g: 6.609822195782644e-07, curr_delay = 0.13558322930162392, data_size = 1666
user 12, emp_avg: 0.29851136349598173, h: 0.9692031274200964, ucb: 1.2698468856042535,num_of_obs: 34, privacy reward: 0.24659696394160568, g: 6.609822195782644e-07, curr_delay = 0.22122920387217507, data_size = 1666
user 15, emp_avg: 0.07005208342003583, h: 0.9692031274200964, ucb: 1.0392681194185274,num_of_obs: 34, privacy reward: 0.24659696394160568, g: 6.609822195782644e-07, curr_delay = 0.7182546689750833, data_size = 1666
user 29, emp_avg: 0.05592721942473503, h: 0.9837784284110845, ucb: 1.0396474388240264,num_of_obs: 33, privacy reward: 0.25666077695355516, g: 3.2388128759336224e-05, curr_delay = 0.864332371628376, data_size = 1666
num of fast users chosen: 3, num of slow users chosen: 2
Shared resource constraint latency penalty: 0.0000 seconds
Shared resource constraint reward penalty: 0.0000
max_delay = 0.86 seconds
global epoch 205 has been done artifficialy in 0.86 secs, the total time by now is 122.22 
 with avg train loss 1.114, val loss 0.984, avg val acc 65.61%
iteration: 206
user 0, emp_avg: 0.6523054184554278, h: 0.9696460393107902, ucb: 1.625350639138183,num_of_obs: 34, privacy reward: 0.24659696394160568, g: 2.6183219698159222e-06, curr_delay = 0.09315614382286976, data_size = 1666
user 1, emp_avg: 0.5924624507445195, h: 0.9556935703267696, ucb: 1.5535742405354922,num_of_obs: 35, privacy reward: 0.23692775868212101, g: -1.0473287879264048e-05, curr_delay = 0.12412344966369035, data_size = 1666
user 2, emp_avg: 0.6549918253974488, h: 0.9696460393107902, ucb: 1.6361372907869447,num_of_obs: 34, privacy reward: 0.24659696394160568, g: 2.6183219698159222e-06, curr_delay = 0.18938580532994564, data_size = 1666
user 3, emp_avg: 0.6172623994480892, h: 0.9556935703267696, ucb: 1.5738436147906234,num_of_obs: 35, privacy reward: 0.23692775868212101, g: -1.0473287879264048e-05, curr_delay = 0.08529587427548321, data_size = 1666
user 4, emp_avg: 0.5541994520397391, h: 0.9696460393107902, ucb: 1.5200034608863826,num_of_obs: 34, privacy reward: 0.24659696394160568, g: 2.6183219698159222e-06, curr_delay = 0.07301098141975768, data_size = 1666
num of fast users chosen: 5, num of slow users chosen: 0
Shared resource constraint latency penalty: 0.0000 seconds
Shared resource constraint reward penalty: 0.0000
max_delay = 0.19 seconds
global epoch 206 has been done artifficialy in 0.19 secs, the total time by now is 122.41 
 with avg train loss 1.089, val loss 0.956, avg val acc 66.77%
iteration: 207
user 5, emp_avg: 0.472623971729604, h: 0.9700866055878451, ucb: 1.4423912054921082,num_of_obs: 34, privacy reward: 0.24659696394160568, g: 5.834441877289937e-06, curr_delay = 0.10341633509409713, data_size = 1666
user 6, emp_avg: 0.4906373312206747, h: 0.9700866055878451, ucb: 1.4678309890543093,num_of_obs: 34, privacy reward: 0.24659696394160568, g: 5.834441877289937e-06, curr_delay = 0.20080518472297587, data_size = 1666
user 7, emp_avg: 0.45078836818763524, h: 0.9700866055878451, ucb: 1.4207017472649939,num_of_obs: 34, privacy reward: 0.24659696394160568, g: 5.834441877289937e-06, curr_delay = 0.10948631724292444, data_size = 1666
user 9, emp_avg: 0.375377047562512, h: 0.9700866055878451, ucb: 1.3480651640709302,num_of_obs: 34, privacy reward: 0.24659696394160568, g: 5.834441877289937e-06, curr_delay = 0.17426115588960134, data_size = 1666
user 10, emp_avg: 0.329900767078353, h: 0.9700866055878451, ucb: 1.3028342223381506,num_of_obs: 34, privacy reward: 0.24659696394160568, g: 5.834441877289937e-06, curr_delay = 0.2144929651422794, data_size = 1666
num of fast users chosen: 5, num of slow users chosen: 0
Shared resource constraint latency penalty: 0.0000 seconds
Shared resource constraint reward penalty: 0.0000
max_delay = 0.21 seconds
global epoch 207 has been done artifficialy in 0.21 secs, the total time by now is 122.63 
 with avg train loss 1.089, val loss 0.976, avg val acc 66.33%
iteration: 208
user 11, emp_avg: 0.3305025752526953, h: 0.9705248500956447, ucb: 1.302719174390937,num_of_obs: 34, privacy reward: 0.24659696394160568, g: 1.0272846811308277e-05, curr_delay = 0.1831615164841132, data_size = 1666
user 13, emp_avg: 0.27921681242996055, h: 0.9705248500956447, ucb: 1.2527055103632452,num_of_obs: 34, privacy reward: 0.24659696394160568, g: 1.0272846811308277e-05, curr_delay = 0.2801968323005791, data_size = 1666
user 14, emp_avg: 0.2915148332455598, h: 0.9705248500956447, ucb: 1.2640223779065938,num_of_obs: 34, privacy reward: 0.24659696394160568, g: 1.0272846811308277e-05, curr_delay = 0.22311147711863255, data_size = 1666
user 16, emp_avg: 0.0674587667250224, h: 0.9705248500956447, ucb: 1.03796109893444,num_of_obs: 34, privacy reward: 0.24659696394160568, g: 1.0272846811308277e-05, curr_delay = 0.7328758981667783, data_size = 1666
user 18, emp_avg: 0.0669242953511749, h: 0.9705248500956447, ucb: 1.0374905767019038,num_of_obs: 34, privacy reward: 0.24659696394160568, g: 1.0272846811308277e-05, curr_delay = 0.7631766336670069, data_size = 1666
num of fast users chosen: 3, num of slow users chosen: 2
Shared resource constraint latency penalty: 0.0000 seconds
Shared resource constraint reward penalty: 0.0000
max_delay = 0.76 seconds
global epoch 208 has been done artifficialy in 0.76 secs, the total time by now is 123.39 
 with avg train loss 1.070, val loss 0.948, avg val acc 66.44%
iteration: 209
user 17, emp_avg: 0.06900472575167634, h: 0.9709607963217619, ucb: 1.0398692898706883,num_of_obs: 34, privacy reward: 0.24659696394160568, g: 1.5898089431204534e-05, curr_delay = 0.6917866324362366, data_size = 1666
user 19, emp_avg: 0.06528848044639461, h: 0.9709607963217619, ucb: 1.0362741468188386,num_of_obs: 34, privacy reward: 0.24659696394160568, g: 1.5898089431204534e-05, curr_delay = 0.7758806787192837, data_size = 1666
user 20, emp_avg: 0.06480425322223299, h: 0.9709607963217619, ucb: 1.035838374707032,num_of_obs: 34, privacy reward: 0.24659696394160568, g: 1.5898089431204534e-05, curr_delay = 0.8024239921947982, data_size = 1666
user 21, emp_avg: 0.06233112889715859, h: 0.9709607963217619, ucb: 1.0332828921627362,num_of_obs: 34, privacy reward: 0.24659696394160568, g: 1.5898089431204534e-05, curr_delay = 0.7982342699391715, data_size = 1666
user 22, emp_avg: 0.06319679310069619, h: 0.9709607963217619, ucb: 1.0341098392312527,num_of_obs: 34, privacy reward: 0.24659696394160568, g: 1.5898089431204534e-05, curr_delay = 0.7713632967951357, data_size = 1666
num of fast users chosen: 0, num of slow users chosen: 5
Shared resource constraint latency penalty: 0.0000 seconds
Shared resource constraint reward penalty: 0.0000
max_delay = 0.80 seconds
global epoch 209 has been done artifficialy in 0.80 secs, the total time by now is 124.19 
 with avg train loss 1.074, val loss 0.977, avg val acc 65.90%
iteration: 210
user 23, emp_avg: 0.06203219959046982, h: 0.9713944674039907, ucb: 1.033294513430646,num_of_obs: 34, privacy reward: 0.24659696394160568, g: 2.2675736961451085e-05, curr_delay = 0.7515923902271797, data_size = 1666
user 24, emp_avg: 0.05991518679806381, h: 0.9713944674039907, ucb: 1.0312054056377702,num_of_obs: 34, privacy reward: 0.24659696394160568, g: 2.2675736961451085e-05, curr_delay = 0.7879023831308268, data_size = 1666
user 25, emp_avg: 0.060516962227314446, h: 0.9713944674039907, ucb: 1.0319956164911503,num_of_obs: 34, privacy reward: 0.24659696394160568, g: 2.2675736961451085e-05, curr_delay = 0.8672333552108467, data_size = 1666
user 26, emp_avg: 0.059879861853181775, h: 0.9713944674039907, ucb: 1.0312094454023601,num_of_obs: 34, privacy reward: 0.24659696394160568, g: 2.2675736961451085e-05, curr_delay = 0.8053356655479127, data_size = 1666
user 27, emp_avg: 0.05789921519982074, h: 0.9713944674039907, ucb: 1.029108673138462,num_of_obs: 34, privacy reward: 0.24659696394160568, g: 2.2675736961451085e-05, curr_delay = 0.7789431474337339, data_size = 1666
num of fast users chosen: 0, num of slow users chosen: 5
Shared resource constraint latency penalty: 0.0000 seconds
Shared resource constraint reward penalty: 0.0000
max_delay = 0.87 seconds
global epoch 210 has been done artifficialy in 0.87 secs, the total time by now is 125.06 
 with avg train loss 1.070, val loss 0.968, avg val acc 65.75%
iteration: 211
user 0, emp_avg: 0.6619636012761103, h: 0.9578420508153642, ucb: 1.610147469270792,num_of_obs: 35, privacy reward: 0.23692775868212101, g: 6.239252886902294e-07, curr_delay = 0.05, data_size = 1666
user 2, emp_avg: 0.6509116920818132, h: 0.9578420508153642, ucb: 1.6128338762128132,num_of_obs: 35, privacy reward: 0.23692775868212101, g: 6.239252886902294e-07, curr_delay = 0.09840446488255901, data_size = 1666
user 9, emp_avg: 0.3770167648126684, h: 0.9578420508153642, ucb: 1.3332190983778762,num_of_obs: 35, privacy reward: 0.23692775868212101, g: 6.239252886902294e-07, curr_delay = 0.1150994692252586, data_size = 1666
user 28, emp_avg: 0.05618782712815399, h: 0.9718258861372054, ucb: 1.0281715696762934,num_of_obs: 34, privacy reward: 0.24659696394160568, g: 3.057233914582124e-05, curr_delay = 0.9838508912995997, data_size = 1666
user 29, emp_avg: 0.05592949720062177, h: 0.9718258861372054, ucb: 1.0277531055619404,num_of_obs: 34, privacy reward: 0.24659696394160568, g: 3.057233914582124e-05, curr_delay = 0.8927464808606265, data_size = 1666
num of fast users chosen: 3, num of slow users chosen: 2
Shared resource constraint latency penalty: 0.0000 seconds
Shared resource constraint reward penalty: 0.0000
max_delay = 0.98 seconds
global epoch 211 has been done artifficialy in 0.98 secs, the total time by now is 126.04 
 with avg train loss 1.100, val loss 0.970, avg val acc 65.65%
iteration: 212
user 1, emp_avg: 0.5981837863818159, h: 0.9448620952879855, ucb: 1.537324546032505,num_of_obs: 36, privacy reward: 0.22763768838381193, g: -9.88884933349155e-06, curr_delay = 0.0621773099178414, data_size = 1666
user 2, emp_avg: 0.6459310602558529, h: 0.9448620952879855, ucb: 1.5957737873697986,num_of_obs: 36, privacy reward: 0.22763768838381193, g: -9.88884933349155e-06, curr_delay = 0.10715166320606873, data_size = 1666
user 3, emp_avg: 0.6276066589224651, h: 0.9448620952879855, ucb: 1.5621244947360746,num_of_obs: 36, privacy reward: 0.22763768838381193, g: -9.88884933349155e-06, curr_delay = 0.05, data_size = 1666
user 4, emp_avg: 0.5617196917978885, h: 0.9582650639572103, ucb: 1.5124645159969494,num_of_obs: 35, privacy reward: 0.23692775868212101, g: 2.4722123333728876e-06, curr_delay = 0.06061134420103059, data_size = 1666
user 6, emp_avg: 0.4854482529222061, h: 0.9582650639572103, ucb: 1.448902395177885,num_of_obs: 35, privacy reward: 0.23692775868212101, g: 2.4722123333728876e-06, curr_delay = 0.16456543351280972, data_size = 1666
num of fast users chosen: 5, num of slow users chosen: 0
Shared resource constraint latency penalty: 0.0000 seconds
Shared resource constraint reward penalty: 0.0000
max_delay = 0.16 seconds
global epoch 212 has been done artifficialy in 0.16 secs, the total time by now is 126.21 
 with avg train loss 1.059, val loss 0.959, avg val acc 66.34%
iteration: 213
user 7, emp_avg: 0.4463321450849147, h: 0.9586859011056534, ucb: 1.4094742692932887,num_of_obs: 35, privacy reward: 0.23692775868212101, g: 5.510370517313483e-06, curr_delay = 0.17219745580488935, data_size = 1666
user 10, emp_avg: 0.3286040552207266, h: 0.9586859011056534, ucb: 1.2885866681840064,num_of_obs: 35, privacy reward: 0.23692775868212101, g: 5.510370517313483e-06, curr_delay = 0.1765417406606775, data_size = 1666
user 11, emp_avg: 0.3273828891223649, h: 0.9586859011056534, ucb: 1.2891884763583488,num_of_obs: 35, privacy reward: 0.23692775868212101, g: 5.510370517313483e-06, curr_delay = 0.2291540039822114, data_size = 1666
user 12, emp_avg: 0.2968276919311663, h: 0.9586859011056534, ucb: 1.2571972646016352,num_of_obs: 35, privacy reward: 0.23692775868212101, g: 5.510370517313483e-06, curr_delay = 0.2101730594220991, data_size = 1666
user 14, emp_avg: 0.2915728128565648, h: 0.9586859011056534, ucb: 1.2502007343512131,num_of_obs: 35, privacy reward: 0.23692775868212101, g: 5.510370517313483e-06, curr_delay = 0.17029850988508252, data_size = 1666
num of fast users chosen: 5, num of slow users chosen: 0
Shared resource constraint latency penalty: 0.0000 seconds
Shared resource constraint reward penalty: 0.0000
max_delay = 0.23 seconds
global epoch 213 has been done artifficialy in 0.23 secs, the total time by now is 126.44 
 with avg train loss 1.113, val loss 0.968, avg val acc 66.37%
iteration: 214
user 5, emp_avg: 0.46930411846618736, h: 0.9591045837525616, ucb: 1.4317285554821657,num_of_obs: 35, privacy reward: 0.23692775868212101, g: 9.704874758591242e-06, curr_delay = 0.1415992342276053, data_size = 1666
user 8, emp_avg: 0.37745273590811407, h: 0.9591045837525616, ucb: 1.3397163327136665,num_of_obs: 35, privacy reward: 0.23692775868212101, g: 9.704874758591242e-06, curr_delay = 0.18734501013811797, data_size = 1666
user 13, emp_avg: 0.282566534088274, h: 0.9591045837525616, ucb: 1.2383213961825221,num_of_obs: 35, privacy reward: 0.23692775868212101, g: 9.704874758591242e-06, curr_delay = 0.12506040663720536, data_size = 1666
user 15, emp_avg: 0.07023118001705296, h: 0.9591045837525616, ucb: 1.0291566671725974,num_of_obs: 35, privacy reward: 0.23692775868212101, g: 9.704874758591242e-06, curr_delay = 0.6535985227038114, data_size = 1666
user 16, emp_avg: 0.06744442546966706, h: 0.9591045837525616, ucb: 1.026563350477584,num_of_obs: 35, privacy reward: 0.23692775868212101, g: 9.704874758591242e-06, curr_delay = 0.7469098673303135, data_size = 1666
num of fast users chosen: 3, num of slow users chosen: 2
Shared resource constraint latency penalty: 0.0000 seconds
Shared resource constraint reward penalty: 0.0000
max_delay = 0.75 seconds
global epoch 214 has been done artifficialy in 0.75 secs, the total time by now is 127.18 
 with avg train loss 1.052, val loss 0.956, avg val acc 66.30%
iteration: 215
user 17, emp_avg: 0.06915743598439189, h: 0.9595211330772684, ucb: 1.0285258588289448,num_of_obs: 35, privacy reward: 0.23692775868212101, g: 1.5023135628868296e-05, curr_delay = 0.6711202733318902, data_size = 1666
user 18, emp_avg: 0.06687977301015344, h: 0.9595211330772684, ucb: 1.0264454284284432,num_of_obs: 35, privacy reward: 0.23692775868212101, g: 1.5023135628868296e-05, curr_delay = 0.7654448662699523, data_size = 1666
user 19, emp_avg: 0.06509565177722604, h: 0.9595211330772684, ucb: 1.024809613523663,num_of_obs: 35, privacy reward: 0.23692775868212101, g: 1.5023135628868296e-05, curr_delay = 0.8569472524736516, data_size = 1666
user 20, emp_avg: 0.06463415646278403, h: 0.9595211330772684, ucb: 1.0243253862995014,num_of_obs: 35, privacy reward: 0.23692775868212101, g: 1.5023135628868296e-05, curr_delay = 0.8520678938003723, data_size = 1666
user 22, emp_avg: 0.06309901577357371, h: 0.9595211330772684, ucb: 1.0227179261779646,num_of_obs: 35, privacy reward: 0.23692775868212101, g: 1.5023135628868296e-05, curr_delay = 0.8378464024156791, data_size = 1666
num of fast users chosen: 0, num of slow users chosen: 5
Shared resource constraint latency penalty: 0.0000 seconds
Shared resource constraint reward penalty: 0.0000
max_delay = 0.86 seconds
global epoch 215 has been done artifficialy in 0.86 secs, the total time by now is 128.04 
 with avg train loss 1.061, val loss 0.938, avg val acc 67.21%
iteration: 216
user 21, emp_avg: 0.06243840193622932, h: 0.9599355699525581, ucb: 1.0222666988497167,num_of_obs: 35, privacy reward: 0.23692775868212101, g: 2.1433470507544516e-05, curr_delay = 0.7553673575154494, data_size = 1666
user 23, emp_avg: 0.062063377713861514, h: 0.9599355699525581, ucb: 1.021967769543028,num_of_obs: 35, privacy reward: 0.23692775868212101, g: 2.1433470507544516e-05, curr_delay = 0.7917078165916621, data_size = 1666
user 24, emp_avg: 0.06007103489471117, h: 0.9599355699525581, ucb: 1.0198507567506219,num_of_obs: 35, privacy reward: 0.23692775868212101, g: 2.1433470507544516e-05, curr_delay = 0.763059166911401, data_size = 1666
user 25, emp_avg: 0.06047427251977162, h: 0.9599355699525581, ucb: 1.0204525321798725,num_of_obs: 35, privacy reward: 0.23692775868212101, g: 2.1433470507544516e-05, curr_delay = 0.847743090152781, data_size = 1666
user 26, emp_avg: 0.059864938786295806, h: 0.9599355699525581, ucb: 1.01981543180574,num_of_obs: 35, privacy reward: 0.23692775868212101, g: 2.1433470507544516e-05, curr_delay = 0.8425645911253458, data_size = 1666
num of fast users chosen: 0, num of slow users chosen: 5
Shared resource constraint latency penalty: 0.0000 seconds
Shared resource constraint reward penalty: 0.0000
max_delay = 0.85 seconds
global epoch 216 has been done artifficialy in 0.85 secs, the total time by now is 128.89 
 with avg train loss 1.073, val loss 0.938, avg val acc 67.08%
iteration: 217
user 8, emp_avg: 0.3795221893076185, h: 0.9469158140634308, ucb: 1.324368549971545,num_of_obs: 36, privacy reward: 0.22763768838381193, g: 5.898995047203565e-07, curr_delay = 0.11012669793378783, data_size = 1666
user 13, emp_avg: 0.28121137568753035, h: 0.9469158140634308, ucb: 1.2294823481517048,num_of_obs: 36, privacy reward: 0.22763768838381193, g: 5.898995047203565e-07, curr_delay = 0.21512253486689897, data_size = 1666
user 27, emp_avg: 0.057919659285877056, h: 0.9603479149505105, ucb: 1.0182471301503313,num_of_obs: 35, privacy reward: 0.23692775868212101, g: 2.8905075731298364e-05, curr_delay = 0.8527300672728343, data_size = 1666
user 28, emp_avg: 0.056240194645784336, h: 0.9603479149505105, ucb: 1.0165357420786645,num_of_obs: 35, privacy reward: 0.23692775868212101, g: 2.8905075731298364e-05, curr_delay = 0.8609844552044335, data_size = 1666
user 29, emp_avg: 0.05606531979490222, h: 0.9603479149505105, ucb: 1.0162774121511322,num_of_obs: 35, privacy reward: 0.23692775868212101, g: 2.8905075731298364e-05, curr_delay = 0.8221100162609492, data_size = 1666
num of fast users chosen: 2, num of slow users chosen: 3
Shared resource constraint latency penalty: 0.0000 seconds
Shared resource constraint reward penalty: 0.0000
max_delay = 0.86 seconds
global epoch 217 has been done artifficialy in 0.86 secs, the total time by now is 129.75 
 with avg train loss 1.073, val loss 0.954, avg val acc 66.87%
iteration: 218
user 0, emp_avg: 0.6710997201605398, h: 0.9473203490890405, ucb: 1.6092839503651508,num_of_obs: 36, privacy reward: 0.22763768838381193, g: 2.3379999812959437e-06, curr_delay = 0.05, data_size = 1666
user 1, emp_avg: 0.608757897266505, h: 0.9344310362639748, ucb: 1.5326148226457907,num_of_obs: 37, privacy reward: 0.218711886952214, g: -9.351999925184115e-06, curr_delay = 0.05, data_size = 1666
user 2, emp_avg: 0.6552486639333305, h: 0.9344310362639748, ucb: 1.5803620965198277,num_of_obs: 37, privacy reward: 0.218711886952214, g: -9.351999925184115e-06, curr_delay = 0.05, data_size = 1666
user 4, emp_avg: 0.5735651055330807, h: 0.9473203490890405, ucb: 1.5090400408869291,num_of_obs: 36, privacy reward: 0.22763768838381193, g: 2.3379999812959437e-06, curr_delay = 0.05, data_size = 1666
user 6, emp_avg: 0.48355722245486116, h: 0.9473203490890405, ucb: 1.4327686020112467,num_of_obs: 36, privacy reward: 0.22763768838381193, g: 2.3379999812959437e-06, curr_delay = 0.12034269972391776, data_size = 1666
num of fast users chosen: 5, num of slow users chosen: 0
Shared resource constraint latency penalty: 0.0500 seconds
Shared resource constraint reward penalty: 0.0500
Resource cluster collisions:
  Cluster 0: 2 users [np.int64(0), np.int64(6)] (excess: 1)
max_delay = 0.17 seconds
global epoch 218 has been done artifficialy in 0.17 secs, the total time by now is 129.92 
 with avg train loss 1.079, val loss 0.933, avg val acc 67.53%
iteration: 219
user 0, emp_avg: 0.6797549906826308, h: 0.934828071761876, ucb: 1.6059277919224157,num_of_obs: 37, privacy reward: 0.218711886952214, g: -5.2125685452763695e-06, curr_delay = 0.05, data_size = 1666
user 5, emp_avg: 0.48364725039953366, h: 0.9477228611973457, ucb: 1.417026979663533,num_of_obs: 36, privacy reward: 0.22763768838381193, g: 5.2125685452763695e-06, curr_delay = 0.05, data_size = 1666
user 7, emp_avg: 0.44570172293984617, h: 0.9477228611973457, ucb: 1.3940550062822603,num_of_obs: 36, privacy reward: 0.22763768838381193, g: 5.2125685452763695e-06, curr_delay = 0.11820148617141267, data_size = 1666
user 9, emp_avg: 0.37226323203053446, h: 0.9477228611973457, ucb: 1.3247396260100142,num_of_obs: 36, privacy reward: 0.22763768838381193, g: 5.2125685452763695e-06, curr_delay = 0.2485879559343928, data_size = 1666
user 10, emp_avg: 0.32638279198704384, h: 0.9477228611973457, ucb: 1.2763269164180724,num_of_obs: 36, privacy reward: 0.22763768838381193, g: 5.2125685452763695e-06, curr_delay = 0.20290781872790464, data_size = 1666
num of fast users chosen: 5, num of slow users chosen: 0
Shared resource constraint latency penalty: 0.0000 seconds
Shared resource constraint reward penalty: 0.0000
max_delay = 0.25 seconds
global epoch 219 has been done artifficialy in 0.25 secs, the total time by now is 130.17 
 with avg train loss 1.068, val loss 0.957, avg val acc 67.10%
iteration: 220
user 12, emp_avg: 0.29415450475593913, h: 0.9481233698164286, ucb: 1.244951061747595,num_of_obs: 36, privacy reward: 0.22763768838381193, g: 9.182736455463678e-06, curr_delay = 0.2526276222804519, data_size = 1666
user 14, emp_avg: 0.2902060725515245, h: 0.9481233698164286, ucb: 1.2396961826729935,num_of_obs: 36, privacy reward: 0.22763768838381193, g: 9.182736455463678e-06, curr_delay = 0.2074659341940581, data_size = 1666
user 15, emp_avg: 0.07030772240410106, h: 0.9481233698164286, ucb: 1.0183545498334816,num_of_obs: 36, privacy reward: 0.22763768838381193, g: 9.182736455463678e-06, curr_delay = 0.6843385852324562, data_size = 1666
user 16, emp_avg: 0.06740054908187595, h: 0.9481233698164286, ucb: 1.0155677952860958,num_of_obs: 36, privacy reward: 0.22763768838381193, g: 9.182736455463678e-06, curr_delay = 0.7596359925771298, data_size = 1666
user 17, emp_avg: 0.0692128154382307, h: 0.9481233698164286, ucb: 1.0172808058008205,num_of_obs: 36, privacy reward: 0.22763768838381193, g: 9.182736455463678e-06, curr_delay = 0.7021833260922549, data_size = 1666
num of fast users chosen: 2, num of slow users chosen: 3
Shared resource constraint latency penalty: 0.0000 seconds
Shared resource constraint reward penalty: 0.0000
max_delay = 0.76 seconds
global epoch 220 has been done artifficialy in 0.76 secs, the total time by now is 130.93 
 with avg train loss 1.065, val loss 0.946, avg val acc 66.41%
iteration: 221
user 11, emp_avg: 0.32623113915699287, h: 0.9485218940995996, ucb: 1.2759047832219645,num_of_obs: 36, privacy reward: 0.22763768838381193, g: 1.4218473095236369e-05, curr_delay = 0.17558143944450874, data_size = 1666
user 18, emp_avg: 0.06676926478380171, h: 0.9485218940995996, ucb: 1.015401667109753,num_of_obs: 36, privacy reward: 0.22763768838381193, g: 1.4218473095236369e-05, curr_delay = 0.7962928600534227, data_size = 1666
user 19, emp_avg: 0.06509740683366716, h: 0.9485218940995996, ucb: 1.0136175458768257,num_of_obs: 36, privacy reward: 0.22763768838381193, g: 1.4218473095236369e-05, curr_delay = 0.7673349929843365, data_size = 1666
user 20, emp_avg: 0.06484555206070272, h: 0.9485218940995996, ucb: 1.0131560505623836,num_of_obs: 36, privacy reward: 0.22763768838381193, g: 1.4218473095236369e-05, curr_delay = 0.6900759418335302, data_size = 1666
user 22, emp_avg: 0.06290182515020576, h: 0.9485218940995996, ucb: 1.0116209098731734,num_of_obs: 36, privacy reward: 0.22763768838381193, g: 1.4218473095236369e-05, curr_delay = 0.8960097739034965, data_size = 1666
num of fast users chosen: 1, num of slow users chosen: 4
Shared resource constraint latency penalty: 0.0000 seconds
Shared resource constraint reward penalty: 0.0000
max_delay = 0.90 seconds
global epoch 221 has been done artifficialy in 0.90 secs, the total time by now is 131.82 
 with avg train loss 1.058, val loss 0.951, avg val acc 66.59%
iteration: 222
user 21, emp_avg: 0.06263348623981989, h: 0.9489184529305174, ucb: 1.0113568548667466,num_of_obs: 36, privacy reward: 0.22763768838381193, g: 2.029056083110121e-05, curr_delay = 0.7178078830355694, data_size = 1666
user 23, emp_avg: 0.06197507971340951, h: 0.9489184529305174, ucb: 1.010981830644379,num_of_obs: 36, privacy reward: 0.22763768838381193, g: 2.029056083110121e-05, curr_delay = 0.8503928995042438, data_size = 1666
user 24, emp_avg: 0.05997515954896926, h: 0.9489184529305174, ucb: 1.0089894878252286,num_of_obs: 36, privacy reward: 0.22763768838381193, g: 2.029056083110121e-05, curr_delay = 0.8845855241708247, data_size = 1666
user 25, emp_avg: 0.06040495751549347, h: 0.9489184529305174, ucb: 1.009392725450289,num_of_obs: 36, privacy reward: 0.22763768838381193, g: 2.029056083110121e-05, curr_delay = 0.8634144426804448, data_size = 1666
user 26, emp_avg: 0.05982594034581225, h: 0.9489184529305174, ucb: 1.0087833917168132,num_of_obs: 36, privacy reward: 0.22763768838381193, g: 2.029056083110121e-05, curr_delay = 0.855842028779761, data_size = 1666
num of fast users chosen: 0, num of slow users chosen: 5
Shared resource constraint latency penalty: 0.0000 seconds
Shared resource constraint reward penalty: 0.0000
max_delay = 0.88 seconds
global epoch 222 has been done artifficialy in 0.88 secs, the total time by now is 132.71 
 with avg train loss 1.057, val loss 0.928, avg val acc 67.77%
iteration: 223
user 7, emp_avg: 0.4412555412478625, h: 0.9363966390596355, ucb: 1.3820983619994818,num_of_obs: 37, privacy reward: 0.218711886952214, g: 5.58583075826511e-07, curr_delay = 0.180670550233984, data_size = 1666
user 12, emp_avg: 0.2939356425819942, h: 0.9363966390596355, ucb: 1.2305511438155747,num_of_obs: 37, privacy reward: 0.218711886952214, g: 5.58583075826511e-07, curr_delay = 0.17492441559538843, data_size = 1666
user 27, emp_avg: 0.057912547094246696, h: 0.9493130649281896, ucb: 1.0072327242140666,num_of_obs: 36, privacy reward: 0.22763768838381193, g: 2.73705707155002e-05, curr_delay = 0.8672047885802356, data_size = 1666
user 28, emp_avg: 0.0561870946422405, h: 0.9493130649281896, ucb: 1.0055532595739738,num_of_obs: 36, privacy reward: 0.22763768838381193, g: 2.73705707155002e-05, curr_delay = 0.9212260606210176, data_size = 1666
user 29, emp_avg: 0.0558711977496946, h: 0.9493130649281896, ucb: 1.0053783847230917,num_of_obs: 36, privacy reward: 0.22763768838381193, g: 2.73705707155002e-05, curr_delay = 1.0228545783704777, data_size = 1666
num of fast users chosen: 2, num of slow users chosen: 3
Shared resource constraint latency penalty: 0.0000 seconds
Shared resource constraint reward penalty: 0.0000
max_delay = 1.02 seconds
global epoch 223 has been done artifficialy in 1.02 secs, the total time by now is 133.73 
 with avg train loss 1.076, val loss 0.960, avg val acc 67.13%
iteration: 224
user 3, emp_avg: 0.6205156995260952, h: 0.9367839797013725, ucb: 1.5643906386238378,num_of_obs: 37, privacy reward: 0.218711886952214, g: 2.2144274376417077e-06, curr_delay = 0.139606231520396, data_size = 1666
user 4, emp_avg: 0.5847870764401049, h: 0.9367839797013725, ucb: 1.5103490852344532,num_of_obs: 37, privacy reward: 0.218711886952214, g: 2.2144274376417077e-06, curr_delay = 0.05, data_size = 1666
user 5, emp_avg: 0.49107964486458716, h: 0.9367839797013725, ucb: 1.420431230100906,num_of_obs: 37, privacy reward: 0.218711886952214, g: 2.2144274376417077e-06, curr_delay = 0.065267484944265, data_size = 1666
user 6, emp_avg: 0.4810535172228061, h: 0.9367839797013725, ucb: 1.4203412021562336,num_of_obs: 37, privacy reward: 0.218711886952214, g: 2.2144274376417077e-06, curr_delay = 0.1287278213723476, data_size = 1666
user 8, emp_avg: 0.37851977563310363, h: 0.9367839797013725, ucb: 1.316306169008991,num_of_obs: 37, privacy reward: 0.218711886952214, g: 2.2144274376417077e-06, curr_delay = 0.14644270046384447, data_size = 1666
num of fast users chosen: 5, num of slow users chosen: 0
Shared resource constraint latency penalty: 0.0000 seconds
Shared resource constraint reward penalty: 0.0000
max_delay = 0.15 seconds
global epoch 224 has been done artifficialy in 0.15 secs, the total time by now is 133.88 
 with avg train loss 1.046, val loss 0.956, avg val acc 66.68%
iteration: 225
user 9, emp_avg: 0.36981277258950274, h: 0.937169435965997, ucb: 1.3094326679965316,num_of_obs: 37, privacy reward: 0.218711886952214, g: 4.9382716049382115e-06, curr_delay = 0.17911788315490654, data_size = 1666
user 10, emp_avg: 0.32694601415937036, h: 0.937169435965997, ucb: 1.263552227953041,num_of_obs: 37, privacy reward: 0.218711886952214, g: 4.9382716049382115e-06, curr_delay = 0.14376688552286165, data_size = 1666
user 11, emp_avg: 0.3253531186753792, h: 0.937169435965997, ucb: 1.26340057512299,num_of_obs: 37, privacy reward: 0.218711886952214, g: 4.9382716049382115e-06, curr_delay = 0.17072633351919897, data_size = 1666
user 13, emp_avg: 0.2805963460048278, h: 0.937169435965997, ucb: 1.2183808116535273,num_of_obs: 37, privacy reward: 0.218711886952214, g: 4.9382716049382115e-06, curr_delay = 0.19391852295100723, data_size = 1666
user 14, emp_avg: 0.29197873316013323, h: 0.937169435965997, ucb: 1.2273755085175215,num_of_obs: 37, privacy reward: 0.218711886952214, g: 4.9382716049382115e-06, curr_delay = 0.13983386451818702, data_size = 1666
num of fast users chosen: 5, num of slow users chosen: 0
Shared resource constraint latency penalty: 0.0000 seconds
Shared resource constraint reward penalty: 0.0000
max_delay = 0.19 seconds
global epoch 225 has been done artifficialy in 0.19 secs, the total time by now is 134.07 
 with avg train loss 1.073, val loss 0.942, avg val acc 67.23%
iteration: 226
user 15, emp_avg: 0.0706315211712702, h: 0.9375530254645165, ucb: 1.0078607478686175,num_of_obs: 37, privacy reward: 0.218711886952214, g: 8.701629815264317e-06, curr_delay = 0.6052383947887514, data_size = 1666
user 16, emp_avg: 0.06743068437621302, h: 0.9375530254645165, ucb: 1.0049535745463924,num_of_obs: 37, privacy reward: 0.218711886952214, g: 8.701629815264317e-06, curr_delay = 0.7294404623466394, data_size = 1666
user 17, emp_avg: 0.06918250187755669, h: 0.9375530254645165, ucb: 1.0067658409027471,num_of_obs: 37, privacy reward: 0.218711886952214, g: 8.701629815264317e-06, curr_delay = 0.734636184690091, data_size = 1666
user 18, emp_avg: 0.06696733738641476, h: 0.9375530254645165, ucb: 1.0043222902483182,num_of_obs: 37, privacy reward: 0.218711886952214, g: 8.701629815264317e-06, curr_delay = 0.6729835261880245, data_size = 1666
user 19, emp_avg: 0.06515068246116668, h: 0.9375530254645165, ucb: 1.0026504322981835,num_of_obs: 37, privacy reward: 0.218711886952214, g: 8.701629815264317e-06, curr_delay = 0.7449135735540359, data_size = 1666
num of fast users chosen: 0, num of slow users chosen: 5
Shared resource constraint latency penalty: 0.0000 seconds
Shared resource constraint reward penalty: 0.0000
max_delay = 0.74 seconds
global epoch 226 has been done artifficialy in 0.74 secs, the total time by now is 134.82 
 with avg train loss 1.053, val loss 0.943, avg val acc 67.39%
iteration: 227
user 20, emp_avg: 0.06475531028646098, h: 0.9379347655655182, ucb: 1.0027803176262209,num_of_obs: 37, privacy reward: 0.218711886952214, g: 1.347676928417871e-05, curr_delay = 0.8141152654260057, data_size = 1666
user 21, emp_avg: 0.0625259831620379, h: 0.9379347655655182, ucb: 1.000568251805338,num_of_obs: 37, privacy reward: 0.218711886952214, g: 1.347676928417871e-05, curr_delay = 0.8539947501761492, data_size = 1666
user 22, emp_avg: 0.06281426166337212, h: 0.9379347655655182, ucb: 1.000836590715724,num_of_obs: 37, privacy reward: 0.218711886952214, g: 1.347676928417871e-05, curr_delay = 0.839286495249353, data_size = 1666
user 23, emp_avg: 0.06194561372753295, h: 0.9379347655655182, ucb: 0.9999098452789278,num_of_obs: 37, privacy reward: 0.218711886952214, g: 1.347676928417871e-05, curr_delay = 0.8216201487440226, data_size = 1666
user 25, emp_avg: 0.06026507241965012, h: 0.9379347655655182, ucb: 0.9983397230810117,num_of_obs: 37, privacy reward: 0.218711886952214, g: 1.347676928417871e-05, curr_delay = 0.9076168753652185, data_size = 1666
num of fast users chosen: 0, num of slow users chosen: 5
Shared resource constraint latency penalty: 0.0000 seconds
Shared resource constraint reward penalty: 0.0000
max_delay = 0.91 seconds
global epoch 227 has been done artifficialy in 0.91 secs, the total time by now is 135.73 
 with avg train loss 1.066, val loss 0.947, avg val acc 66.60%
iteration: 228
user 24, emp_avg: 0.06021103616225483, h: 0.9383146733995672, ucb: 0.9982898329485365,num_of_obs: 37, privacy reward: 0.218711886952214, g: 1.923668821175734e-05, curr_delay = 0.7252844366974918, data_size = 1666
user 26, emp_avg: 0.059751865696192265, h: 0.9383146733995672, ucb: 0.9981406137453794,num_of_obs: 37, privacy reward: 0.218711886952214, g: 1.923668821175734e-05, curr_delay = 0.8770221376166609, data_size = 1666
user 27, emp_avg: 0.0578622836044141, h: 0.9383146733995672, ucb: 0.9962272204938138,num_of_obs: 37, privacy reward: 0.218711886952214, g: 1.923668821175734e-05, curr_delay = 0.8928167352374603, data_size = 1666
user 28, emp_avg: 0.05611682300112894, h: 0.9383146733995672, ucb: 0.9945017680418077,num_of_obs: 37, privacy reward: 0.218711886952214, g: 1.923668821175734e-05, curr_delay = 0.9342865398981571, data_size = 1666
user 29, emp_avg: 0.055843950829523134, h: 0.9383146733995672, ucb: 0.9941858711492618,num_of_obs: 37, privacy reward: 0.218711886952214, g: 1.923668821175734e-05, curr_delay = 0.9118128397964036, data_size = 1666
num of fast users chosen: 0, num of slow users chosen: 5
Shared resource constraint latency penalty: 0.0000 seconds
Shared resource constraint reward penalty: 0.0000
max_delay = 0.93 seconds
global epoch 228 has been done artifficialy in 0.93 secs, the total time by now is 136.66 
 with avg train loss 1.052, val loss 0.953, avg val acc 66.47%
iteration: 229
user 0, emp_avg: 0.6786276088285553, h: 0.9262592001293988, ucb: 1.6060141908120296,num_of_obs: 38, privacy reward: 0.21013607120076394, g: 5.296958062923514e-07, curr_delay = 0.07864267791513421, data_size = 1666
user 1, emp_avg: 0.6135637512397054, h: 0.9262592001293988, ucb: 1.5350170973959036,num_of_obs: 38, privacy reward: 0.21013607120076394, g: 5.296958062923514e-07, curr_delay = 0.06279938017074678, data_size = 1666
user 2, emp_avg: 0.6501439219791566, h: 0.9262592001293988, ucb: 1.5815078640627291,num_of_obs: 38, privacy reward: 0.21013607120076394, g: 5.296958062923514e-07, curr_delay = 0.10960976719883003, data_size = 1666
user 3, emp_avg: 0.627660840557776, h: 0.9262592001293988, ucb: 1.546774899655494,num_of_obs: 38, privacy reward: 0.21013607120076394, g: 5.296958062923514e-07, curr_delay = 0.055606454011186995, data_size = 1666
user 4, emp_avg: 0.5788621838721542, h: 0.9262592001293988, ucb: 1.5110462765695036,num_of_obs: 38, privacy reward: 0.21013607120076394, g: 5.296958062923514e-07, curr_delay = 0.14135623595835003, data_size = 1666
num of fast users chosen: 5, num of slow users chosen: 0
Shared resource constraint latency penalty: 0.0000 seconds
Shared resource constraint reward penalty: 0.0000
max_delay = 0.14 seconds
global epoch 229 has been done artifficialy in 0.14 secs, the total time by now is 136.80 
 with avg train loss 1.054, val loss 0.964, avg val acc 66.59%
iteration: 230
user 5, emp_avg: 0.4919596284523493, h: 0.9266305096471439, ucb: 1.417710154511731,num_of_obs: 38, privacy reward: 0.21013607120076394, g: 2.100399075824409e-06, curr_delay = 0.09516576838633486, data_size = 1666
user 6, emp_avg: 0.4771796544553292, h: 0.9266305096471439, ucb: 1.40768402686995,num_of_obs: 38, privacy reward: 0.21013607120076394, g: 2.100399075824409e-06, curr_delay = 0.15152760924678896, data_size = 1666
user 7, emp_avg: 0.43904405528059814, h: 0.9266305096471439, ucb: 1.3678860508950064,num_of_obs: 38, privacy reward: 0.21013607120076394, g: 2.100399075824409e-06, curr_delay = 0.14084205976498965, data_size = 1666
user 8, emp_avg: 0.37824413435762866, h: 0.9266305096471439, ucb: 1.3051502852802475,num_of_obs: 38, privacy reward: 0.21013607120076394, g: 2.100399075824409e-06, curr_delay = 0.13595462334718456, data_size = 1666
user 9, emp_avg: 0.3658679516440628, h: 0.9266305096471439, ucb: 1.2964432822366465,num_of_obs: 38, privacy reward: 0.21013607120076394, g: 2.100399075824409e-06, curr_delay = 0.23151925801004314, data_size = 1666
num of fast users chosen: 5, num of slow users chosen: 0
Shared resource constraint latency penalty: 0.0000 seconds
Shared resource constraint reward penalty: 0.0000
max_delay = 0.23 seconds
global epoch 230 has been done artifficialy in 0.23 secs, the total time by now is 137.03 
 with avg train loss 1.052, val loss 0.949, avg val acc 67.11%
iteration: 231
user 3, emp_avg: 0.6369693195438316, h: 0.9150382682642121, ucb: 1.5426991088219881,num_of_obs: 39, privacy reward: 0.20189651799465458, g: -4.685069620134598e-06, curr_delay = 0.05, data_size = 1666
user 10, emp_avg: 0.32938095036936826, h: 0.9270000605111369, ucb: 1.2539460746705073,num_of_obs: 38, privacy reward: 0.21013607120076394, g: 4.685069620134478e-06, curr_delay = 0.11850910061629388, data_size = 1666
user 11, emp_avg: 0.3234234108825228, h: 0.9270000605111369, ucb: 1.2523531791865161,num_of_obs: 38, privacy reward: 0.21013607120076394, g: 4.685069620134478e-06, curr_delay = 0.19992441677173675, data_size = 1666
user 12, emp_avg: 0.2933776674612065, h: 0.9270000605111369, ucb: 1.2209357030931312,num_of_obs: 38, privacy reward: 0.21013607120076394, g: 4.685069620134478e-06, curr_delay = 0.18370559793410102, data_size = 1666
user 14, emp_avg: 0.29084731867135505, h: 0.9270000605111369, ucb: 1.2189787936712702,num_of_obs: 38, privacy reward: 0.21013607120076394, g: 4.685069620134478e-06, curr_delay = 0.20173201614056915, data_size = 1666
num of fast users chosen: 5, num of slow users chosen: 0
Shared resource constraint latency penalty: 0.0000 seconds
Shared resource constraint reward penalty: 0.0000
max_delay = 0.20 seconds
global epoch 231 has been done artifficialy in 0.20 secs, the total time by now is 137.23 
 with avg train loss 1.078, val loss 0.955, avg val acc 66.54%
iteration: 232
user 13, emp_avg: 0.27916213116235866, h: 0.927367868727029, ucb: 1.2079642147318568,num_of_obs: 38, privacy reward: 0.21013607120076394, g: 8.257365570088499e-06, curr_delay = 0.22255658416336854, data_size = 1666
user 15, emp_avg: 0.07050328250194317, h: 0.927367868727029, ucb: 0.9979993898982993,num_of_obs: 38, privacy reward: 0.21013607120076394, g: 8.257365570088499e-06, curr_delay = 0.7618442431165533, data_size = 1666
user 16, emp_avg: 0.06725315112956358, h: 0.927367868727029, ucb: 0.9947985531032421,num_of_obs: 38, privacy reward: 0.21013607120076394, g: 8.257365570088499e-06, curr_delay = 0.8263522030896523, data_size = 1666
user 17, emp_avg: 0.06914873191741526, h: 0.927367868727029, ucb: 0.9965503706045857,num_of_obs: 38, privacy reward: 0.21013607120076394, g: 8.257365570088499e-06, curr_delay = 0.736751656938914, data_size = 1666
user 18, emp_avg: 0.06695004489091327, h: 0.927367868727029, ucb: 0.9943352061134438,num_of_obs: 38, privacy reward: 0.21013607120076394, g: 8.257365570088499e-06, curr_delay = 0.7542282405280033, data_size = 1666
num of fast users chosen: 1, num of slow users chosen: 4
Shared resource constraint latency penalty: 0.0000 seconds
Shared resource constraint reward penalty: 0.0000
max_delay = 0.83 seconds
global epoch 232 has been done artifficialy in 0.83 secs, the total time by now is 138.06 
 with avg train loss 1.044, val loss 0.927, avg val acc 67.48%
iteration: 233
user 19, emp_avg: 0.06520489762031832, h: 0.9277339500858813, ucb: 0.992884632547048,num_of_obs: 38, privacy reward: 0.21013607120076394, g: 1.2791623430979458e-05, curr_delay = 0.7433278114987989, data_size = 1666
user 20, emp_avg: 0.0647433054231799, h: 0.9277339500858813, ucb: 0.9924892603723423,num_of_obs: 38, privacy reward: 0.21013607120076394, g: 1.2791623430979458e-05, curr_delay = 0.7777607632595168, data_size = 1666
user 21, emp_avg: 0.062490844998226186, h: 0.9277339500858813, ucb: 0.9902599332479193,num_of_obs: 38, privacy reward: 0.21013607120076394, g: 1.2791623430979458e-05, curr_delay = 0.8175866850004606, data_size = 1666
user 22, emp_avg: 0.06285989658936329, h: 0.9277339500858813, ucb: 0.9905482117492534,num_of_obs: 38, privacy reward: 0.21013607120076394, g: 1.2791623430979458e-05, curr_delay = 0.7740654177636431, data_size = 1666
user 23, emp_avg: 0.06190548420874683, h: 0.9277339500858813, ucb: 0.9896795638134143,num_of_obs: 38, privacy reward: 0.21013607120076394, g: 1.2791623430979458e-05, curr_delay = 0.8280810567845286, data_size = 1666
num of fast users chosen: 0, num of slow users chosen: 5
Shared resource constraint latency penalty: 0.0000 seconds
Shared resource constraint reward penalty: 0.0000
max_delay = 0.83 seconds
global epoch 233 has been done artifficialy in 0.83 secs, the total time by now is 138.89 
 with avg train loss 1.046, val loss 0.940, avg val acc 67.14%
iteration: 234
user 24, emp_avg: 0.06007043459759528, h: 0.9280983201679575, ucb: 0.9883093563302123,num_of_obs: 38, privacy reward: 0.21013607120076394, g: 1.8262838775659157e-05, curr_delay = 0.9136162139763645, data_size = 1666
user 25, emp_avg: 0.06028601498753606, h: 0.9280983201679575, ucb: 0.9883633925876076,num_of_obs: 38, privacy reward: 0.21013607120076394, g: 1.8262838775659157e-05, curr_delay = 0.8185739998057595, data_size = 1666
user 26, emp_avg: 0.059781110178977616, h: 0.9280983201679575, ucb: 0.9878501858641497,num_of_obs: 38, privacy reward: 0.21013607120076394, g: 1.8262838775659157e-05, curr_delay = 0.8211205268483264, data_size = 1666
user 27, emp_avg: 0.05779494619863328, h: 0.9280983201679575, ucb: 0.9859606037723716,num_of_obs: 38, privacy reward: 0.21013607120076394, g: 1.8262838775659157e-05, curr_delay = 0.9052047043503637, data_size = 1666
user 28, emp_avg: 0.056136331950632175, h: 0.9280983201679575, ucb: 0.9842151431690864,num_of_obs: 38, privacy reward: 0.21013607120076394, g: 1.8262838775659157e-05, curr_delay = 0.8790795792782239, data_size = 1666
num of fast users chosen: 0, num of slow users chosen: 5
Shared resource constraint latency penalty: 0.0000 seconds
Shared resource constraint reward penalty: 0.0000
max_delay = 0.91 seconds
global epoch 234 has been done artifficialy in 0.91 secs, the total time by now is 139.80 
 with avg train loss 1.037, val loss 0.934, avg val acc 67.30%
iteration: 235
user 1, emp_avg: 0.6178174596272407, h: 0.9164803505505479, ucb: 1.5300441017902533,num_of_obs: 39, privacy reward: 0.20189651799465458, g: 5.029928072028584e-07, curr_delay = 0.06379893949053832, data_size = 1666
user 2, emp_avg: 0.6588903239296777, h: 0.9164803505505479, ucb: 1.5666242725297046,num_of_obs: 39, privacy reward: 0.20189651799465458, g: 5.029928072028584e-07, curr_delay = 0.05, data_size = 1666
user 6, emp_avg: 0.47156611551068933, h: 0.9164803505505479, ucb: 1.3936600050058772,num_of_obs: 39, privacy reward: 0.20189651799465458, g: 5.029928072028584e-07, curr_delay = 0.19791156068343752, data_size = 1666
user 10, emp_avg: 0.33555400808727087, h: 0.9164803505505479, ucb: 1.2458613009199162,num_of_obs: 39, privacy reward: 0.20189651799465458, g: 5.029928072028584e-07, curr_delay = 0.08675987722044838, data_size = 1666
user 29, emp_avg: 0.055801182775601726, h: 0.9284609943464303, ucb: 0.9843049451759533,num_of_obs: 38, privacy reward: 0.21013607120076394, g: 2.464664755293979e-05, curr_delay = 0.9229179529882348, data_size = 1666
num of fast users chosen: 4, num of slow users chosen: 1
Shared resource constraint latency penalty: 0.0000 seconds
Shared resource constraint reward penalty: 0.0000
max_delay = 0.92 seconds
global epoch 235 has been done artifficialy in 0.92 secs, the total time by now is 140.73 
 with avg train loss 1.043, val loss 0.928, avg val acc 67.84%
iteration: 236
user 0, emp_avg: 0.6866619186078414, h: 0.9168366858200421, ucb: 1.5954642946485973,num_of_obs: 39, privacy reward: 0.20189651799465458, g: 1.9949567493376376e-06, curr_delay = 0.05, data_size = 1666
user 1, emp_avg: 0.627138985002186, h: 0.905303689793564, ucb: 1.5231211494208048,num_of_obs: 40, privacy reward: 0.19398004229089116, g: -7.979826997350708e-06, curr_delay = 0.05, data_size = 1666
user 2, emp_avg: 0.6502512486413392, h: 0.905303689793564, ucb: 1.5641940137232417,num_of_obs: 40, privacy reward: 0.19398004229089116, g: -7.979826997350708e-06, curr_delay = 0.16410216710240105, data_size = 1666
user 3, emp_avg: 0.6441484744276187, h: 0.905303689793564, ucb: 1.5422730093373955,num_of_obs: 40, privacy reward: 0.19398004229089116, g: -7.979826997350708e-06, curr_delay = 0.05368754688666028, data_size = 1666
user 4, emp_avg: 0.5722001852796743, h: 0.9168366858200421, ucb: 1.4956988696921962,num_of_obs: 39, privacy reward: 0.20189651799465458, g: 1.9949567493376376e-06, curr_delay = 0.16006031576031907, data_size = 1666
num of fast users chosen: 5, num of slow users chosen: 0
Shared resource constraint latency penalty: 0.0000 seconds
Shared resource constraint reward penalty: 0.0000
max_delay = 0.16 seconds
global epoch 236 has been done artifficialy in 0.16 secs, the total time by now is 140.89 
 with avg train loss 1.043, val loss 0.919, avg val acc 68.17%
iteration: 237
user 0, emp_avg: 0.6943043108369185, h: 0.9056539190939713, ucb: 1.5923158377018127,num_of_obs: 40, privacy reward: 0.19398004229089116, g: -4.450853673734631e-06, curr_delay = 0.05, data_size = 1666
user 4, emp_avg: 0.5826343271021213, h: 0.9056539190939713, ucb: 1.4778541043736455,num_of_obs: 40, privacy reward: 0.19398004229089116, g: -4.450853673734631e-06, curr_delay = 0.05, data_size = 1666
user 5, emp_avg: 0.4893617372196582, h: 0.9171913768200708, ucb: 1.40915100527242,num_of_obs: 39, privacy reward: 0.20189651799465458, g: 4.450853673734631e-06, curr_delay = 0.12885137429578425, data_size = 1666
user 7, emp_avg: 0.44609296566385337, h: 0.9171913768200708, ucb: 1.3562354321006689,num_of_obs: 39, privacy reward: 0.20189651799465458, g: 4.450853673734631e-06, curr_delay = 0.06934808233570448, data_size = 1666
user 8, emp_avg: 0.3790826029630651, h: 0.9171913768200708, ucb: 1.2954355111776994,num_of_obs: 39, privacy reward: 0.20189651799465458, g: 4.450853673734631e-06, curr_delay = 0.12142321257507717, data_size = 1666
num of fast users chosen: 5, num of slow users chosen: 0
Shared resource constraint latency penalty: 0.0000 seconds
Shared resource constraint reward penalty: 0.0000
max_delay = 0.13 seconds
global epoch 237 has been done artifficialy in 0.13 secs, the total time by now is 141.02 
 with avg train loss 1.047, val loss 0.942, avg val acc 67.59%
iteration: 238
user 7, emp_avg: 0.44445394249355474, h: 0.9060025392076566, ucb: 1.35209550487151,num_of_obs: 40, privacy reward: 0.19398004229089116, g: -1.9615689413020747e-06, curr_delay = 0.13196337206177453, data_size = 1666
user 9, emp_avg: 0.3638070610059244, h: 0.917544438133357, ucb: 1.28341238977742,num_of_obs: 39, privacy reward: 0.20189651799465458, g: 7.846275765207989e-06, curr_delay = 0.1764089533636705, data_size = 1666
user 11, emp_avg: 0.3243898748754684, h: 0.917544438133357, ucb: 1.2409678490158798,num_of_obs: 39, privacy reward: 0.20189651799465458, g: 7.846275765207989e-06, curr_delay = 0.13809027805802643, data_size = 1666
user 12, emp_avg: 0.29137198042134926, h: 0.917544438133357, ucb: 1.2109221055945634,num_of_obs: 39, privacy reward: 0.20189651799465458, g: 7.846275765207989e-06, curr_delay = 0.23457638470565825, data_size = 1666
user 14, emp_avg: 0.29056699844533707, h: 0.917544438133357, ucb: 1.208391756804712,num_of_obs: 39, privacy reward: 0.20189651799465458, g: 7.846275765207989e-06, curr_delay = 0.17880482657896563, data_size = 1666
num of fast users chosen: 5, num of slow users chosen: 0
Shared resource constraint latency penalty: 0.0000 seconds
Shared resource constraint reward penalty: 0.0000
max_delay = 0.23 seconds
global epoch 238 has been done artifficialy in 0.23 secs, the total time by now is 141.25 
 with avg train loss 1.057, val loss 0.958, avg val acc 67.26%
iteration: 239
user 13, emp_avg: 0.28046348306296315, h: 0.9178958841520696, ucb: 1.1970580153144281,num_of_obs: 39, privacy reward: 0.20189651799465458, g: 1.2157427993985348e-05, curr_delay = 0.1509587964451285, data_size = 1666
user 15, emp_avg: 0.07042652193465673, h: 0.9178958841520696, ucb: 0.9883991666540127,num_of_obs: 39, privacy reward: 0.20189651799465458, g: 1.2157427993985348e-05, curr_delay = 0.7414782665383087, data_size = 1666
user 16, emp_avg: 0.06740718352260991, h: 0.9178958841520696, ucb: 0.9851490352816331,num_of_obs: 39, privacy reward: 0.20189651799465458, g: 1.2157427993985348e-05, curr_delay = 0.6810648604517158, data_size = 1666
user 17, emp_avg: 0.06911766492838091, h: 0.9178958841520696, ucb: 0.9870446160694848,num_of_obs: 39, privacy reward: 0.20189651799465458, g: 1.2157427993985348e-05, curr_delay = 0.7363113929498181, data_size = 1666
user 18, emp_avg: 0.06682141961809444, h: 0.9178958841520696, ucb: 0.9848459290429828,num_of_obs: 39, privacy reward: 0.20189651799465458, g: 1.2157427993985348e-05, curr_delay = 0.8089955911628186, data_size = 1666
num of fast users chosen: 1, num of slow users chosen: 4
Shared resource constraint latency penalty: 0.0000 seconds
Shared resource constraint reward penalty: 0.0000
max_delay = 0.81 seconds
global epoch 239 has been done artifficialy in 0.81 secs, the total time by now is 142.06 
 with avg train loss 1.036, val loss 0.952, avg val acc 67.04%
iteration: 240
user 19, emp_avg: 0.06517134961154424, h: 0.9182457290811055, ucb: 0.9834506267014238,num_of_obs: 39, privacy reward: 0.20189651799465458, g: 1.736111111111099e-05, curr_delay = 0.7829262295291192, data_size = 1666
user 20, emp_avg: 0.06465761215864325, h: 0.9182457290811055, ucb: 0.9829890345042853,num_of_obs: 39, privacy reward: 0.20189651799465458, g: 1.736111111111099e-05, curr_delay = 0.8154534982192466, data_size = 1666
user 21, emp_avg: 0.062472530641855206, h: 0.9182457290811055, ucb: 0.9807365740793317,num_of_obs: 39, privacy reward: 0.20189651799465458, g: 1.736111111111099e-05, curr_delay = 0.8096081609499046, data_size = 1666
user 22, emp_avg: 0.06295792048582845, h: 0.9182457290811055, ucb: 0.9811056256704688,num_of_obs: 39, privacy reward: 0.20189651799465458, g: 1.736111111111099e-05, curr_delay = 0.7487176064270261, data_size = 1666
user 23, emp_avg: 0.06196274105259526, h: 0.9182457290811055, ucb: 0.9801512132898523,num_of_obs: 39, privacy reward: 0.20189651799465458, g: 1.736111111111099e-05, curr_delay = 0.7788676633285372, data_size = 1666
num of fast users chosen: 0, num of slow users chosen: 5
Shared resource constraint latency penalty: 0.0000 seconds
Shared resource constraint reward penalty: 0.0000
max_delay = 0.82 seconds
global epoch 240 has been done artifficialy in 0.82 secs, the total time by now is 142.88 
 with avg train loss 1.043, val loss 0.941, avg val acc 67.05%
iteration: 241
user 1, emp_avg: 0.630970003857687, h: 0.895909152637208, ucb: 1.523048137639394,num_of_obs: 41, privacy reward: 0.1863739760394092, g: -1.1956482230754474e-05, curr_delay = 0.06344841284250426, data_size = 1666
user 4, emp_avg: 0.5760152365411635, h: 0.895909152637208, ucb: 1.4785434797393293,num_of_obs: 41, privacy reward: 0.1863739760394092, g: -1.1956482230754474e-05, curr_delay = 0.1641321793834133, data_size = 1666
user 5, emp_avg: 0.48453585174626634, h: 0.9070388856182507, ucb: 1.396400622837909,num_of_obs: 40, privacy reward: 0.19398004229089116, g: 4.782592892301713e-07, curr_delay = 0.17152633194369213, data_size = 1666
user 6, emp_avg: 0.4844547468396969, h: 0.9070388856182507, ucb: 1.3786050011289401,num_of_obs: 40, privacy reward: 0.19398004229089116, g: 4.782592892301713e-07, curr_delay = 0.05, data_size = 1666
user 8, emp_avg: 0.3760609540723292, h: 0.9070388856182507, ucb: 1.286121488581316,num_of_obs: 40, privacy reward: 0.19398004229089116, g: 4.782592892301713e-07, curr_delay = 0.19592860481232818, data_size = 1666
num of fast users chosen: 5, num of slow users chosen: 0
Shared resource constraint latency penalty: 0.0000 seconds
Shared resource constraint reward penalty: 0.0000
max_delay = 0.20 seconds
global epoch 241 has been done artifficialy in 0.20 secs, the total time by now is 143.07 
 with avg train loss 1.019, val loss 0.939, avg val acc 67.61%
iteration: 242
user 24, emp_avg: 0.06004203543467721, h: 0.9189406715725774, ucb: 0.9790111061701727,num_of_obs: 39, privacy reward: 0.20189651799465458, g: 3.035615357178092e-05, curr_delay = 0.8483999538502265, data_size = 1666
user 25, emp_avg: 0.06027901456050241, h: 0.9189406715725774, ucb: 0.9792266865601135,num_of_obs: 39, privacy reward: 0.20189651799465458, g: 3.035615357178092e-05, curr_delay = 0.8332500374073817, data_size = 1666
user 26, emp_avg: 0.059891858298114796, h: 0.9189406715725774, ucb: 0.978721781751555,num_of_obs: 39, privacy reward: 0.20189651799465458, g: 3.035615357178092e-05, curr_delay = 0.7786823564398869, data_size = 1666
user 27, emp_avg: 0.05770694952763032, h: 0.9189406715725774, ucb: 0.9767356177712107,num_of_obs: 39, privacy reward: 0.20189651799465458, g: 3.035615357178092e-05, curr_delay = 0.9212331071821019, data_size = 1666
user 28, emp_avg: 0.05607691229428117, h: 0.9189406715725774, ucb: 0.9750770035232096,num_of_obs: 39, privacy reward: 0.20189651799465458, g: 3.035615357178092e-05, curr_delay = 0.9300673834222835, data_size = 1666
num of fast users chosen: 0, num of slow users chosen: 5
Shared resource constraint latency penalty: 0.0000 seconds
Shared resource constraint reward penalty: 0.0000
max_delay = 0.93 seconds
global epoch 242 has been done artifficialy in 0.93 secs, the total time by now is 144.00 
 with avg train loss 1.044, val loss 0.943, avg val acc 67.44%
iteration: 243
user 9, emp_avg: 0.36327073980701063, h: 0.9077219929587925, ucb: 1.2715290539647168,num_of_obs: 40, privacy reward: 0.19398004229089116, g: 4.233771952107533e-06, curr_delay = 0.14627671983265939, data_size = 1666
user 12, emp_avg: 0.2886821296073965, h: 0.9077219929587925, ucb: 1.1990939733801418,num_of_obs: 40, privacy reward: 0.19398004229089116, g: 4.233771952107533e-06, curr_delay = 0.27610870518116815, data_size = 1666
user 14, emp_avg: 0.2883611944179331, h: 0.9077219929587925, ucb: 1.1982889914041297,num_of_obs: 40, privacy reward: 0.19398004229089116, g: 4.233771952107533e-06, curr_delay = 0.249838812340677, data_size = 1666
user 16, emp_avg: 0.0676344505784658, h: 0.9077219929587925, ucb: 0.9751291764814024,num_of_obs: 40, privacy reward: 0.19398004229089116, g: 4.233771952107533e-06, curr_delay = 0.6516769429654538, data_size = 1666
user 29, emp_avg: 0.05577420237793994, h: 0.919285796637012, ucb: 0.9750869794126138,num_of_obs: 39, privacy reward: 0.20189651799465458, g: 3.810394756896814e-05, curr_delay = 0.9137098474471268, data_size = 1666
num of fast users chosen: 3, num of slow users chosen: 2
Shared resource constraint latency penalty: 0.0000 seconds
Shared resource constraint reward penalty: 0.0000
max_delay = 0.91 seconds
global epoch 243 has been done artifficialy in 0.91 secs, the total time by now is 144.92 
 with avg train loss 1.045, val loss 0.934, avg val acc 67.58%
iteration: 244
user 10, emp_avg: 0.338467458197997, h: 0.9080612500233562, ucb: 1.2436152581106272,num_of_obs: 40, privacy reward: 0.19398004229089116, g: 7.465137806443923e-06, curr_delay = 0.10988879059015622, data_size = 1666
user 11, emp_avg: 0.32856373064989786, h: 0.9080612500233562, ucb: 1.2324511248988246,num_of_obs: 40, privacy reward: 0.19398004229089116, g: 7.465137806443923e-06, curr_delay = 0.1009045158238475, data_size = 1666
user 13, emp_avg: 0.27869960856305287, h: 0.9080612500233562, ucb: 1.1885247330863193,num_of_obs: 40, privacy reward: 0.19398004229089116, g: 7.465137806443923e-06, curr_delay = 0.24021758497597562, data_size = 1666
user 15, emp_avg: 0.07035224859948624, h: 0.9080612500233562, ucb: 0.978487771958013,num_of_obs: 40, privacy reward: 0.19398004229089116, g: 7.465137806443923e-06, curr_delay = 0.7420454744320754, data_size = 1666
user 18, emp_avg: 0.06701643367467117, h: 0.9080612500233562, ucb: 0.9748826696414506,num_of_obs: 40, privacy reward: 0.19398004229089116, g: 7.465137806443923e-06, curr_delay = 0.6682973483940482, data_size = 1666
num of fast users chosen: 3, num of slow users chosen: 2
Shared resource constraint latency penalty: 0.0000 seconds
Shared resource constraint reward penalty: 0.0000
max_delay = 0.74 seconds
global epoch 244 has been done artifficialy in 0.74 secs, the total time by now is 145.66 
 with avg train loss 1.042, val loss 0.933, avg val acc 67.69%
iteration: 245
user 17, emp_avg: 0.06923753167309028, h: 0.9083989936045224, ucb: 0.9775166585329033,num_of_obs: 40, privacy reward: 0.19398004229089116, g: 1.1569253551760866e-05, curr_delay = 0.6753817799950947, data_size = 1666
user 19, emp_avg: 0.06534625239264891, h: 0.9083989936045224, ucb: 0.9735703432160666,num_of_obs: 40, privacy reward: 0.19398004229089116, g: 1.1569253551760866e-05, curr_delay = 0.6911579534642232, data_size = 1666
user 20, emp_avg: 0.06466154474056546, h: 0.9083989936045224, ucb: 0.9730566057631657,num_of_obs: 40, privacy reward: 0.19398004229089116, g: 1.1569253551760866e-05, curr_delay = 0.7713805710730363, data_size = 1666
user 21, emp_avg: 0.062361018274722596, h: 0.9083989936045224, ucb: 0.9708715242463776,num_of_obs: 40, privacy reward: 0.19398004229089116, g: 1.1569253551760866e-05, curr_delay = 0.8635500492976169, data_size = 1666
user 22, emp_avg: 0.06285083112340989, h: 0.9083989936045224, ucb: 0.9713569140903509,num_of_obs: 40, privacy reward: 0.19398004229089116, g: 1.1569253551760866e-05, curr_delay = 0.8537193455845301, data_size = 1666
num of fast users chosen: 0, num of slow users chosen: 5
Shared resource constraint latency penalty: 0.0000 seconds
Shared resource constraint reward penalty: 0.0000
max_delay = 0.86 seconds
global epoch 245 has been done artifficialy in 0.86 secs, the total time by now is 146.52 
 with avg train loss 1.025, val loss 0.956, avg val acc 67.07%
iteration: 246
user 23, emp_avg: 0.062023051817190054, h: 0.9087352366833006, ucb: 0.9706979777358958,num_of_obs: 40, privacy reward: 0.19398004229089116, g: 1.652455548945729e-05, curr_delay = 0.7759699801555026, data_size = 1666
user 24, emp_avg: 0.06000727216961001, h: 0.9087352366833006, ucb: 0.9687772721179778,num_of_obs: 40, privacy reward: 0.19398004229089116, g: 1.652455548945729e-05, curr_delay = 0.852998625706887, data_size = 1666
user 25, emp_avg: 0.06040825819940131, h: 0.9087352366833006, ucb: 0.969014251243803,num_of_obs: 40, privacy reward: 0.19398004229089116, g: 1.652455548945729e-05, curr_delay = 0.7624507782598562, data_size = 1666
user 26, emp_avg: 0.05977984332193045, h: 0.9087352366833006, ucb: 0.9686270949814154,num_of_obs: 40, privacy reward: 0.19398004229089116, g: 1.652455548945729e-05, curr_delay = 0.9041714883435663, data_size = 1666
user 27, emp_avg: 0.057631908631654336, h: 0.9087352366833006, ucb: 0.9664421862109309,num_of_obs: 40, privacy reward: 0.19398004229089116, g: 1.652455548945729e-05, curr_delay = 0.9152434619868756, data_size = 1666
num of fast users chosen: 0, num of slow users chosen: 5
Shared resource constraint latency penalty: 0.0000 seconds
Shared resource constraint reward penalty: 0.0000
max_delay = 0.92 seconds
global epoch 246 has been done artifficialy in 0.92 secs, the total time by now is 147.44 
 with avg train loss 1.032, val loss 0.963, avg val acc 66.81%
iteration: 247
user 8, emp_avg: 0.3776884416377303, h: 0.8979153366000913, ucb: 1.2739762906724206,num_of_obs: 41, privacy reward: 0.1863739760394092, g: 4.553062298640531e-07, curr_delay = 0.11250734430019553, data_size = 1666
user 9, emp_avg: 0.36254919402611663, h: 0.8979153366000913, ucb: 1.261186076407102,num_of_obs: 41, privacy reward: 0.1863739760394092, g: 4.553062298640531e-07, curr_delay = 0.15016556488914098, data_size = 1666
user 18, emp_avg: 0.06704205235703162, h: 0.8979153366000913, ucb: 0.9649317702747624,num_of_obs: 41, privacy reward: 0.1863739760394092, g: 4.553062298640531e-07, curr_delay = 0.7342961407962418, data_size = 1666
user 28, emp_avg: 0.056095641238080377, h: 0.9090699920766259, ucb: 0.965146904370907,num_of_obs: 40, privacy reward: 0.19398004229089116, g: 2.2310005263339913e-05, curr_delay = 0.8795879462737282, data_size = 1666
user 29, emp_avg: 0.05595240833762758, h: 0.9090699920766259, ucb: 0.9648441944545658,num_of_obs: 40, privacy reward: 0.19398004229089116, g: 2.2310005263339913e-05, curr_delay = 0.7926361347858311, data_size = 1666
num of fast users chosen: 2, num of slow users chosen: 3
Shared resource constraint latency penalty: 0.0000 seconds
Shared resource constraint reward penalty: 0.0000
max_delay = 0.88 seconds
global epoch 247 has been done artifficialy in 0.88 secs, the total time by now is 148.32 
 with avg train loss 1.026, val loss 0.942, avg val acc 67.50%
iteration: 248
user 0, emp_avg: 0.6909724404149518, h: 0.8982445274790685, ucb: 1.592548838315987,num_of_obs: 41, privacy reward: 0.1863739760394092, g: 1.8065672332061477e-06, curr_delay = 0.09019316167910743, data_size = 1666
user 2, emp_avg: 0.6430450312280411, h: 0.8982445274790685, ucb: 1.5484957761204077,num_of_obs: 41, privacy reward: 0.1863739760394092, g: 1.8065672332061477e-06, curr_delay = 0.14384758804668935, data_size = 1666
user 3, emp_avg: 0.6455634203396964, h: 0.8982445274790685, ucb: 1.5423930019066872,num_of_obs: 41, privacy reward: 0.1863739760394092, g: 1.8065672332061477e-06, curr_delay = 0.0710655076246811, data_size = 1666
user 4, emp_avg: 0.5712751954981075, h: 0.8874867199139201, ucb: 1.4635019564550835,num_of_obs: 42, privacy reward: 0.17906614791149233, g: -7.226268932824591e-06, curr_delay = 0.13433873456458162, data_size = 1666
user 5, emp_avg: 0.49680880765706953, h: 0.8982445274790685, ucb: 1.3827803792253348,num_of_obs: 41, privacy reward: 0.1863739760394092, g: 1.8065672332061477e-06, curr_delay = 0.05, data_size = 1666
num of fast users chosen: 5, num of slow users chosen: 0
Shared resource constraint latency penalty: 0.0000 seconds
Shared resource constraint reward penalty: 0.0000
max_delay = 0.14 seconds
global epoch 248 has been done artifficialy in 0.14 secs, the total time by now is 148.46 
 with avg train loss 1.036, val loss 0.938, avg val acc 67.57%
iteration: 249
user 7, emp_avg: 0.44309840488542124, h: 0.8985722737709845, ucb: 1.3430262162645392,num_of_obs: 41, privacy reward: 0.1863739760394092, g: 4.03219302914468e-06, curr_delay = 0.1290251448826578, data_size = 1666
user 10, emp_avg: 0.34166352391001487, h: 0.8985722737709845, ucb: 1.2370397319689814,num_of_obs: 41, privacy reward: 0.1863739760394092, g: 4.03219302914468e-06, curr_delay = 0.10577483685327654, data_size = 1666
user 11, emp_avg: 0.32782253304974757, h: 0.8985722737709845, ucb: 1.2271360044208823,num_of_obs: 41, privacy reward: 0.1863739760394092, g: 4.03219302914468e-06, curr_delay = 0.1681048420055746, data_size = 1666
user 12, emp_avg: 0.2876798220989321, h: 0.8985722737709845, ucb: 1.187254403378381,num_of_obs: 41, privacy reward: 0.1863739760394092, g: 4.03219302914468e-06, curr_delay = 0.20276965977742473, data_size = 1666
user 14, emp_avg: 0.2856308729011667, h: 0.8985722737709845, ucb: 1.1869334681889177,num_of_obs: 41, privacy reward: 0.1863739760394092, g: 4.03219302914468e-06, curr_delay = 0.2878730196396343, data_size = 1666
num of fast users chosen: 5, num of slow users chosen: 0
Shared resource constraint latency penalty: 0.0000 seconds
Shared resource constraint reward penalty: 0.0000
max_delay = 0.29 seconds
global epoch 249 has been done artifficialy in 0.29 secs, the total time by now is 148.75 
 with avg train loss 1.064, val loss 0.945, avg val acc 68.04%
iteration: 250
user 6, emp_avg: 0.48936736324496655, h: 0.8988985876652995, ucb: 1.3833533345049964,num_of_obs: 41, privacy reward: 0.1863739760394092, g: 7.1111111111110254e-06, curr_delay = 0.07238145929183548, data_size = 1666
user 13, emp_avg: 0.27750191095824905, h: 0.8988985876652995, ucb: 1.1775981962283524,num_of_obs: 41, privacy reward: 0.1863739760394092, g: 7.1111111111110254e-06, curr_delay = 0.2189177232487144, data_size = 1666
user 15, emp_avg: 0.07024720140057182, h: 0.8988985876652995, ucb: 0.9692508362647858,num_of_obs: 41, privacy reward: 0.1863739760394092, g: 7.1111111111110254e-06, curr_delay = 0.7582620278505514, data_size = 1666
user 16, emp_avg: 0.06768946019866921, h: 0.8988985876652995, ucb: 0.9665330382437654,num_of_obs: 41, privacy reward: 0.1863739760394092, g: 7.1111111111110254e-06, curr_delay = 0.7148488658191142, data_size = 1666
user 17, emp_avg: 0.06930383013633439, h: 0.8988985876652995, ucb: 0.9681361193383898,num_of_obs: 41, privacy reward: 0.1863739760394092, g: 7.1111111111110254e-06, curr_delay = 0.6942316708323069, data_size = 1666
num of fast users chosen: 2, num of slow users chosen: 3
Shared resource constraint latency penalty: 0.0000 seconds
Shared resource constraint reward penalty: 0.0000
max_delay = 0.76 seconds
global epoch 250 has been done artifficialy in 0.76 secs, the total time by now is 149.51 
 with avg train loss 1.033, val loss 0.954, avg val acc 67.30%
iteration: 251
user 19, emp_avg: 0.06522602028245653, h: 0.8992234811998832, ucb: 0.9645697335925321,num_of_obs: 41, privacy reward: 0.1863739760394092, g: 1.1022752725265364e-05, curr_delay = 0.829235475994229, data_size = 1666
user 20, emp_avg: 0.06474314721937086, h: 0.8992234811998832, ucb: 0.9638850259404486,num_of_obs: 41, privacy reward: 0.1863739760394092, g: 1.1022752725265364e-05, curr_delay = 0.7343346354681675, data_size = 1666
user 21, emp_avg: 0.06231052800611651, h: 0.8992234811998832, ucb: 0.9615844994746058,num_of_obs: 41, privacy reward: 0.1863739760394092, g: 1.1022752725265364e-05, curr_delay = 0.8300073969526883, data_size = 1666
user 22, emp_avg: 0.06296435853333267, h: 0.8992234811998832, ucb: 0.9620743123232931,num_of_obs: 41, privacy reward: 0.1863739760394092, g: 1.1022752725265364e-05, curr_delay = 0.7394373335651223, data_size = 1666
user 23, emp_avg: 0.062216612000978645, h: 0.8992234811998832, ucb: 0.9612465330170732,num_of_obs: 41, privacy reward: 0.1863739760394092, g: 1.1022752725265364e-05, curr_delay = 0.7127321665216907, data_size = 1666
num of fast users chosen: 0, num of slow users chosen: 5
Shared resource constraint latency penalty: 0.0000 seconds
Shared resource constraint reward penalty: 0.0000
max_delay = 0.83 seconds
global epoch 251 has been done artifficialy in 0.83 secs, the total time by now is 150.34 
 with avg train loss 1.042, val loss 0.972, avg val acc 66.44%
iteration: 252
user 24, emp_avg: 0.05991625332304172, h: 0.8995469662635002, ucb: 0.9595542384331102,num_of_obs: 41, privacy reward: 0.1863739760394092, g: 1.5747039556563256e-05, curr_delay = 0.889925464359824, data_size = 1666
user 25, emp_avg: 0.060307829001453796, h: 0.8995469662635002, ucb: 0.9599552244629015,num_of_obs: 41, privacy reward: 0.1863739760394092, g: 1.5747039556563256e-05, curr_delay = 0.8898343772951863, data_size = 1666
user 26, emp_avg: 0.05965584584446247, h: 0.8995469662635002, ucb: 0.9593268095854306,num_of_obs: 41, privacy reward: 0.1863739760394092, g: 1.5747039556563256e-05, curr_delay = 0.9162216243037251, data_size = 1666
user 27, emp_avg: 0.05776936061108452, h: 0.8995469662635002, ucb: 0.9571788748951545,num_of_obs: 41, privacy reward: 0.1863739760394092, g: 1.5747039556563256e-05, curr_delay = 0.788582688275384, data_size = 1666
user 28, emp_avg: 0.05616782018510106, h: 0.8995469662635002, ucb: 0.9556426075015806,num_of_obs: 41, privacy reward: 0.1863739760394092, g: 1.5747039556563256e-05, curr_delay = 0.845635111274667, data_size = 1666
num of fast users chosen: 0, num of slow users chosen: 5
Shared resource constraint latency penalty: 0.0000 seconds
Shared resource constraint reward penalty: 0.0000
max_delay = 0.92 seconds
global epoch 252 has been done artifficialy in 0.92 secs, the total time by now is 151.25 
 with avg train loss 1.016, val loss 0.934, avg val acc 67.61%
iteration: 253
user 13, emp_avg: 0.27538071696516836, h: 0.8890917909166409, ucb: 1.16659370187489,num_of_obs: 42, privacy reward: 0.17906614791149233, g: 4.339667512033604e-07, curr_delay = 0.2683979130008954, data_size = 1666
user 14, emp_avg: 0.2870019120797423, h: 0.8890917909166409, ucb: 1.1747226638178077,num_of_obs: 42, privacy reward: 0.17906614791149233, g: 4.339667512033604e-07, curr_delay = 0.14510184452058394, data_size = 1666
user 15, emp_avg: 0.07034897790439006, h: 0.8890917909166409, ucb: 0.9593389923172128,num_of_obs: 42, privacy reward: 0.17906614791149233, g: 4.339667512033604e-07, curr_delay = 0.6700294007107143, data_size = 1666
user 18, emp_avg: 0.06708646212564853, h: 0.8890917909166409, ucb: 0.9561338432736726,num_of_obs: 42, privacy reward: 0.17906614791149233, g: 4.339667512033604e-07, curr_delay = 0.725145573039334, data_size = 1666
user 29, emp_avg: 0.05588745745871661, h: 0.8998690545982451, ucb: 0.9558214629358727,num_of_obs: 41, privacy reward: 0.1863739760394092, g: 2.126437080896594e-05, curr_delay = 0.9394175021914614, data_size = 1666
num of fast users chosen: 2, num of slow users chosen: 3
Shared resource constraint latency penalty: 0.0000 seconds
Shared resource constraint reward penalty: 0.0000
max_delay = 0.94 seconds
global epoch 253 has been done artifficialy in 0.94 secs, the total time by now is 152.19 
 with avg train loss 1.026, val loss 0.936, avg val acc 67.64%
iteration: 254
user 0, emp_avg: 0.6981591278471622, h: 0.8894086532248376, ucb: 1.5803810936397893,num_of_obs: 42, privacy reward: 0.17906614791149233, g: 1.7222256666735008e-06, curr_delay = 0.05, data_size = 1666
user 1, emp_avg: 0.6395520967912292, h: 0.8894086532248376, ucb: 1.5203786570825246,num_of_obs: 42, privacy reward: 0.17906614791149233, g: 1.7222256666735008e-06, curr_delay = 0.05, data_size = 1666
user 2, emp_avg: 0.6497404849863275, h: 0.8894086532248376, ucb: 1.5324536844528787,num_of_obs: 42, privacy reward: 0.17906614791149233, g: 1.7222256666735008e-06, curr_delay = 0.0537086036347046, data_size = 1666
user 3, emp_avg: 0.6413627692666839, h: 0.8894086532248376, ucb: 1.534972073564534,num_of_obs: 42, privacy reward: 0.17906614791149233, g: 1.7222256666735008e-06, curr_delay = 0.1075418163415206, data_size = 1666
user 4, emp_avg: 0.5718035001700131, h: 0.8790058549704626, ucb: 1.4502810504685701,num_of_obs: 43, privacy reward: 0.17204486382304973, g: -6.888902666694295e-06, curr_delay = 0.08410137497453907, data_size = 1666
num of fast users chosen: 5, num of slow users chosen: 0
Shared resource constraint latency penalty: 0.0000 seconds
Shared resource constraint reward penalty: 0.0000
max_delay = 0.11 seconds
global epoch 254 has been done artifficialy in 0.11 secs, the total time by now is 152.30 
 with avg train loss 1.025, val loss 0.944, avg val acc 67.26%
iteration: 255
user 1, emp_avg: 0.6477440945914285, h: 0.8793176698103539, ucb: 1.5188697666015831,num_of_obs: 43, privacy reward: 0.17204486382304973, g: -3.844675124952023e-06, curr_delay = 0.05, data_size = 1666
user 2, emp_avg: 0.6425350157787619, h: 0.8793176698103539, ucb: 1.5290581547966813,num_of_obs: 43, privacy reward: 0.17204486382304973, g: -3.844675124952023e-06, curr_delay = 0.15028561487142844, data_size = 1666
user 3, emp_avg: 0.6408022535151411, h: 0.8793176698103539, ucb: 1.5206804390770379,num_of_obs: 43, privacy reward: 0.17204486382304973, g: -3.844675124952023e-06, curr_delay = 0.08107668853908528, data_size = 1666
user 5, emp_avg: 0.5031407665526362, h: 0.8897241583096275, ucb: 1.386532965966697,num_of_obs: 42, privacy reward: 0.17906614791149233, g: 3.844675124951914e-06, curr_delay = 0.06501248550374958, data_size = 1666
user 6, emp_avg: 0.4839451568212608, h: 0.8897241583096275, ucb: 1.379091521554594,num_of_obs: 42, privacy reward: 0.17906614791149233, g: 3.844675124951914e-06, curr_delay = 0.19515051971296082, data_size = 1666
num of fast users chosen: 5, num of slow users chosen: 0
Shared resource constraint latency penalty: 0.0000 seconds
Shared resource constraint reward penalty: 0.0000
max_delay = 0.20 seconds
global epoch 255 has been done artifficialy in 0.20 secs, the total time by now is 152.50 
 with avg train loss 1.028, val loss 0.971, avg val acc 66.25%
iteration: 256
user 0, emp_avg: 0.6957995718442083, h: 0.8796281543512467, ucb: 1.577787282198409,num_of_obs: 43, privacy reward: 0.17204486382304973, g: -1.6954210069444685e-06, curr_delay = 0.08412711986005379, data_size = 1666
user 7, emp_avg: 0.43774828426745505, h: 0.8900383173516875, ucb: 1.3331367222371087,num_of_obs: 42, privacy reward: 0.17906614791149233, g: 6.78168402777773e-06, curr_delay = 0.2346941639164021, data_size = 1666
user 8, emp_avg: 0.3745394948107102, h: 0.8900383173516875, ucb: 1.2677267589894177,num_of_obs: 42, privacy reward: 0.17906614791149233, g: 6.78168402777773e-06, curr_delay = 0.2063696163051602, data_size = 1666
user 9, emp_avg: 0.3613920706103605, h: 0.8900383173516875, ucb: 1.2525875113778042,num_of_obs: 42, privacy reward: 0.17906614791149233, g: 6.78168402777773e-06, curr_delay = 0.15985018219498678, data_size = 1666
user 10, emp_avg: 0.34890117559037126, h: 0.8900383173516875, ucb: 1.2317018412617022,num_of_obs: 42, privacy reward: 0.17906614791149233, g: 6.78168402777773e-06, curr_delay = 0.07658345332352903, data_size = 1666
num of fast users chosen: 5, num of slow users chosen: 0
Shared resource constraint latency penalty: 0.0000 seconds
Shared resource constraint reward penalty: 0.0000
max_delay = 0.23 seconds
global epoch 256 has been done artifficialy in 0.23 secs, the total time by now is 152.73 
 with avg train loss 1.047, val loss 0.946, avg val acc 67.32%
iteration: 257
user 11, emp_avg: 0.3265478926029901, h: 0.8903511413959279, ucb: 1.2181736744456755,num_of_obs: 42, privacy reward: 0.17906614791149233, g: 1.0514079614293017e-05, curr_delay = 0.1831414662609543, data_size = 1666
user 12, emp_avg: 0.2900712583291096, h: 0.8903511413959279, ucb: 1.17803096349486,num_of_obs: 42, privacy reward: 0.17906614791149233, g: 1.0514079614293017e-05, curr_delay = 0.1280371762610465, data_size = 1666
user 16, emp_avg: 0.06764265048482741, h: 0.8903511413959279, ucb: 0.958040601594597,num_of_obs: 42, privacy reward: 0.17906614791149233, g: 1.0514079614293017e-05, curr_delay = 0.7613056650597931, data_size = 1666
user 19, emp_avg: 0.06509401624107043, h: 0.8903511413959279, ucb: 0.9555771616783844,num_of_obs: 42, privacy reward: 0.17906614791149233, g: 1.0514079614293017e-05, curr_delay = 0.8396327268048144, data_size = 1666
user 20, emp_avg: 0.06477239593102303, h: 0.8903511413959279, ucb: 0.9550942886152987,num_of_obs: 42, privacy reward: 0.17906614791149233, g: 1.0514079614293017e-05, curr_delay = 0.7575660949302453, data_size = 1666
num of fast users chosen: 2, num of slow users chosen: 3
Shared resource constraint latency penalty: 0.0000 seconds
Shared resource constraint reward penalty: 0.0000
max_delay = 0.84 seconds
global epoch 257 has been done artifficialy in 0.84 secs, the total time by now is 153.57 
 with avg train loss 1.028, val loss 0.932, avg val acc 67.80%
iteration: 258
user 21, emp_avg: 0.06248095510715494, h: 0.8906626413536656, ucb: 0.952973169359782,num_of_obs: 42, privacy reward: 0.17906614791149233, g: 1.5023135628868296e-05, curr_delay = 0.7179895830358941, data_size = 1666
user 22, emp_avg: 0.06309557932041593, h: 0.8906626413536656, ucb: 0.9536269998869983,num_of_obs: 42, privacy reward: 0.17906614791149233, g: 1.5023135628868296e-05, curr_delay = 0.7287901757186143, data_size = 1666
user 23, emp_avg: 0.06217708368098225, h: 0.8906626413536656, ucb: 0.9528792533546442,num_of_obs: 42, privacy reward: 0.17906614791149233, g: 1.5023135628868296e-05, curr_delay = 0.8262155655373133, data_size = 1666
user 24, emp_avg: 0.059954691376585434, h: 0.8906626413536656, ucb: 0.9505788946767073,num_of_obs: 42, privacy reward: 0.17906614791149233, g: 1.5023135628868296e-05, curr_delay = 0.8120958147049735, data_size = 1666
user 25, emp_avg: 0.06030735685401807, h: 0.8906626413536656, ucb: 0.9509704703551194,num_of_obs: 42, privacy reward: 0.17906614791149233, g: 1.5023135628868296e-05, curr_delay = 0.8293589531472675, data_size = 1666
num of fast users chosen: 0, num of slow users chosen: 5
Shared resource constraint latency penalty: 0.0000 seconds
Shared resource constraint reward penalty: 0.0000
max_delay = 0.83 seconds
global epoch 258 has been done artifficialy in 0.83 secs, the total time by now is 154.40 
 with avg train loss 1.015, val loss 0.970, avg val acc 66.39%
iteration: 259
user 12, emp_avg: 0.28830418752335685, h: 0.8805517346791425, ucb: 1.1706229930082521,num_of_obs: 43, privacy reward: 0.17204486382304973, g: 4.140930781857287e-07, curr_delay = 0.235493436104197, data_size = 1666
user 17, emp_avg: 0.0691751930904852, h: 0.8909728280047552, ucb: 0.9602766581410895,num_of_obs: 42, privacy reward: 0.17906614791149233, g: 2.029056083110121e-05, curr_delay = 0.7840377790608082, data_size = 1666
user 26, emp_avg: 0.059528177349313656, h: 0.8909728280047552, ucb: 0.9506286738492177,num_of_obs: 42, privacy reward: 0.17906614791149233, g: 2.029056083110121e-05, curr_delay = 0.9230865705575041, data_size = 1666
user 27, emp_avg: 0.05771767802366104, h: 0.8909728280047552, ucb: 0.9487421886158397,num_of_obs: 42, privacy reward: 0.17906614791149233, g: 2.029056083110121e-05, curr_delay = 0.900138469800666, data_size = 1666
user 28, emp_avg: 0.05622152039236064, h: 0.8909728280047552, ucb: 0.9471406481898562,num_of_obs: 42, privacy reward: 0.17906614791149233, g: 2.029056083110121e-05, curr_delay = 0.8550380598275953, data_size = 1666
num of fast users chosen: 1, num of slow users chosen: 4
Shared resource constraint latency penalty: 0.0000 seconds
Shared resource constraint reward penalty: 0.0000
max_delay = 0.92 seconds
global epoch 259 has been done artifficialy in 0.92 secs, the total time by now is 155.32 
 with avg train loss 1.026, val loss 0.982, avg val acc 65.98%
iteration: 260
user 6, emp_avg: 0.481938957636291, h: 0.8808570058714776, ucb: 1.3648021626927385,num_of_obs: 43, privacy reward: 0.17204486382304973, g: 1.6436554898093243e-06, curr_delay = 0.12636716870997522, data_size = 1666
user 10, emp_avg: 0.3476617668522625, h: 0.8808570058714776, ucb: 1.229758181461849,num_of_obs: 43, privacy reward: 0.17204486382304973, g: 1.6436554898093243e-06, curr_delay = 0.16985588581000077, data_size = 1666
user 13, emp_avg: 0.2757359671769921, h: 0.8808570058714776, ucb: 1.156237722836646,num_of_obs: 43, privacy reward: 0.17204486382304973, g: 1.6436554898093243e-06, curr_delay = 0.1718143823213562, data_size = 1666
user 14, emp_avg: 0.2853828849049714, h: 0.8808570058714776, ucb: 1.16785891795122,num_of_obs: 43, privacy reward: 0.17204486382304973, g: 1.6436554898093243e-06, curr_delay = 0.2317339036548714, data_size = 1666
user 29, emp_avg: 0.05607797680287903, h: 0.8912817119996772, ucb: 0.9471691694583938,num_of_obs: 42, privacy reward: 0.17906614791149233, g: 2.629848783694919e-05, curr_delay = 0.7802772228061213, data_size = 1666
num of fast users chosen: 4, num of slow users chosen: 1
Shared resource constraint latency penalty: 0.0000 seconds
Shared resource constraint reward penalty: 0.0000
max_delay = 0.78 seconds
global epoch 260 has been done artifficialy in 0.78 secs, the total time by now is 156.10 
 with avg train loss 1.027, val loss 0.954, avg val acc 66.64%
iteration: 261
user 3, emp_avg: 0.6335473253498967, h: 0.8710902578735372, ucb: 1.5118925113886783,num_of_obs: 44, privacy reward: 0.16529888822158567, g: -3.669940253372737e-06, curr_delay = 0.1590682489111516, data_size = 1666
user 5, emp_avg: 0.49701909211945167, h: 0.8811610000439848, ucb: 1.384301766596621,num_of_obs: 43, privacy reward: 0.17204486382304973, g: 3.6699402533726306e-06, curr_delay = 0.2138698064157245, data_size = 1666
user 6, emp_avg: 0.4838592952235819, h: 0.8710902578735372, ucb: 1.3530292155098282,num_of_obs: 44, privacy reward: 0.16529888822158567, g: -3.669940253372737e-06, curr_delay = 0.08797331748577827, data_size = 1666
user 7, emp_avg: 0.4370860060029361, h: 0.8811610000439848, ucb: 1.3189092843114398,num_of_obs: 43, privacy reward: 0.17204486382304973, g: 3.6699402533726306e-06, curr_delay = 0.12236665711002057, data_size = 1666
user 8, emp_avg: 0.37221116371984214, h: 0.8811610000439848, ucb: 1.255700494854695,num_of_obs: 43, privacy reward: 0.17204486382304973, g: 3.6699402533726306e-06, curr_delay = 0.183760748894632, data_size = 1666
num of fast users chosen: 5, num of slow users chosen: 0
Shared resource constraint latency penalty: 0.0000 seconds
Shared resource constraint reward penalty: 0.0000
max_delay = 0.21 seconds
global epoch 261 has been done artifficialy in 0.21 secs, the total time by now is 156.32 
 with avg train loss 1.018, val loss 0.927, avg val acc 67.98%
iteration: 262
user 9, emp_avg: 0.3577495359894195, h: 0.8814637274728812, ucb: 1.2428557980832418,num_of_obs: 43, privacy reward: 0.17204486382304973, g: 6.4746291656145136e-06, curr_delay = 0.24860711982930012, data_size = 1666
user 11, emp_avg: 0.32726804313802554, h: 0.8814637274728812, ucb: 1.2080116200758713,num_of_obs: 43, privacy reward: 0.17204486382304973, g: 6.4746291656145136e-06, curr_delay = 0.1395733737165202, data_size = 1666
user 18, emp_avg: 0.0672507714157422, h: 0.8814637274728812, ucb: 0.9485501895985297,num_of_obs: 43, privacy reward: 0.17204486382304973, g: 6.4746291656145136e-06, curr_delay = 0.6728019848380171, data_size = 1666
user 19, emp_avg: 0.06489658488283011, h: 0.8814637274728812, ucb: 0.9465577437139516,num_of_obs: 43, privacy reward: 0.17204486382304973, g: 6.4746291656145136e-06, curr_delay = 0.8864142334274387, data_size = 1666
user 20, emp_avg: 0.06466011681943386, h: 0.8814637274728812, ucb: 0.9462361234039042,num_of_obs: 43, privacy reward: 0.17204486382304973, g: 6.4746291656145136e-06, curr_delay = 0.8356716118487166, data_size = 1666
num of fast users chosen: 2, num of slow users chosen: 3
Shared resource constraint latency penalty: 0.0000 seconds
Shared resource constraint reward penalty: 0.0000
max_delay = 0.89 seconds
global epoch 262 has been done artifficialy in 0.89 secs, the total time by now is 157.20 
 with avg train loss 1.012, val loss 0.971, avg val acc 66.08%
iteration: 263
user 17, emp_avg: 0.06909912763383591, h: 0.8817651983124742, ucb: 0.9509403914029595,num_of_obs: 43, privacy reward: 0.17204486382304973, g: 1.0039821949781492e-05, curr_delay = 0.7595515929685497, data_size = 1666
user 21, emp_avg: 0.06260321426638771, h: 0.8817651983124742, ucb: 0.9442461534196291,num_of_obs: 43, privacy reward: 0.17204486382304973, g: 1.0039821949781492e-05, curr_delay = 0.7368071933314676, data_size = 1666
user 22, emp_avg: 0.06304111757349083, h: 0.8817651983124742, ucb: 0.9448607776328901,num_of_obs: 43, privacy reward: 0.17204486382304973, g: 1.0039821949781492e-05, curr_delay = 0.8237332378870672, data_size = 1666
user 23, emp_avg: 0.06222375427109772, h: 0.8817651983124742, ucb: 0.9439422819934565,num_of_obs: 43, privacy reward: 0.17204486382304973, g: 1.0039821949781492e-05, curr_delay = 0.7784452902506555, data_size = 1666
user 24, emp_avg: 0.0599054781941593, h: 0.8817651983124742, ucb: 0.9417198896890597,num_of_obs: 43, privacy reward: 0.17204486382304973, g: 1.0039821949781492e-05, curr_delay = 0.865211902203128, data_size = 1666
num of fast users chosen: 0, num of slow users chosen: 5
Shared resource constraint latency penalty: 0.0500 seconds
Shared resource constraint reward penalty: 0.0500
Resource cluster collisions:
  Cluster 5: 2 users [np.int64(17), np.int64(23)] (excess: 1)
max_delay = 0.92 seconds
global epoch 263 has been done artifficialy in 0.92 secs, the total time by now is 158.12 
 with avg train loss 1.043, val loss 0.938, avg val acc 67.29%
iteration: 264
user 15, emp_avg: 0.07026475753118162, h: 0.8820654225970693, ucb: 0.9524144005014594,num_of_obs: 43, privacy reward: 0.17204486382304973, g: 1.434802571166205e-05, curr_delay = 0.7502631756299434, data_size = 1666
user 25, emp_avg: 0.06036597802661115, h: 0.8820654225970693, ucb: 0.9423727794510874,num_of_obs: 43, privacy reward: 0.17204486382304973, g: 1.434802571166205e-05, curr_delay = 0.7950808228875581, data_size = 1666
user 26, emp_avg: 0.05956187383408987, h: 0.8820654225970693, ucb: 0.941593599946383,num_of_obs: 43, privacy reward: 0.17204486382304973, g: 1.434802571166205e-05, curr_delay = 0.8195267299161846, data_size = 1666
user 28, emp_avg: 0.05637287509558613, h: 0.8820654225970693, ucb: 0.9382869429894299,num_of_obs: 43, privacy reward: 0.17204486382304973, g: 1.434802571166205e-05, curr_delay = 0.795151138658746, data_size = 1666
user 29, emp_avg: 0.056235162666731724, h: 0.8820654225970693, ucb: 0.9381433993999484,num_of_obs: 43, privacy reward: 0.17204486382304973, g: 1.434802571166205e-05, curr_delay = 0.7937244360036971, data_size = 1666
num of fast users chosen: 0, num of slow users chosen: 5
Shared resource constraint latency penalty: 0.0000 seconds
Shared resource constraint reward penalty: 0.0000
max_delay = 0.82 seconds
global epoch 264 has been done artifficialy in 0.82 secs, the total time by now is 158.94 
 with avg train loss 1.025, val loss 0.957, avg val acc 66.83%
iteration: 265
user 0, emp_avg: 0.7006763832650679, h: 0.8722799143612796, ucb: 1.5680794862054879,num_of_obs: 44, privacy reward: 0.16529888822158567, g: 3.9555397333966204e-07, curr_delay = 0.05462951929702918, data_size = 1666
user 11, emp_avg: 0.3269772423347078, h: 0.8722799143612796, ucb: 1.199547957499305,num_of_obs: 44, privacy reward: 0.16529888822158567, g: 3.95553973339662e-07, curr_delay = 0.1591434228816106, data_size = 1666
user 13, emp_avg: 0.2753799804972016, h: 0.8722799143612796, ucb: 1.1480158815382717,num_of_obs: 44, privacy reward: 0.16529888822158567, g: 3.9555397333966204e-07, curr_delay = 0.19251756119054864, data_size = 1666
user 16, emp_avg: 0.06771873046520381, h: 0.8823644102428394, ucb: 0.9500070607276668,num_of_obs: 43, privacy reward: 0.17204486382304973, g: 1.9382144693643438e-05, curr_delay = 0.7043228698658449, data_size = 1666
user 27, emp_avg: 0.05770195410175478, h: 0.8823644102428394, ucb: 0.9400820882665004,num_of_obs: 43, privacy reward: 0.17204486382304973, g: 1.9382144693643438e-05, curr_delay = 0.8767957253904246, data_size = 1666
num of fast users chosen: 3, num of slow users chosen: 2
Shared resource constraint latency penalty: 0.0000 seconds
Shared resource constraint reward penalty: 0.0000
max_delay = 0.88 seconds
global epoch 265 has been done artifficialy in 0.88 secs, the total time by now is 159.81 
 with avg train loss 1.025, val loss 0.952, avg val acc 66.57%
iteration: 266
user 0, emp_avg: 0.7011305122544423, h: 0.8628245328595071, ucb: 1.563500916124575,num_of_obs: 45, privacy reward: 0.15881742610691985, g: -6.281367579349376e-06, curr_delay = 0.06929370015965097, data_size = 1666
user 1, emp_avg: 0.6482984075498105, h: 0.8725742720756862, ucb: 1.5203183666671145,num_of_obs: 44, privacy reward: 0.16529888822158567, g: 1.570341894837344e-06, curr_delay = 0.0743286438741527, data_size = 1666
user 2, emp_avg: 0.6432743242681376, h: 0.8725742720756862, ucb: 1.515109287854448,num_of_obs: 44, privacy reward: 0.16529888822158567, g: 1.570341894837344e-06, curr_delay = 0.07398595977726638, data_size = 1666
user 3, emp_avg: 0.6334286142017094, h: 0.8628245328595071, ucb: 1.4963718582094039,num_of_obs: 45, privacy reward: 0.15881742610691985, g: -6.281367579349376e-06, curr_delay = 0.0796068551729404, data_size = 1666
user 4, emp_avg: 0.5720302801273779, h: 0.8725742720756862, ucb: 1.4443777722456992,num_of_obs: 44, privacy reward: 0.16529888822158567, g: 1.570341894837344e-06, curr_delay = 0.08590938372769508, data_size = 1666
num of fast users chosen: 5, num of slow users chosen: 0
Shared resource constraint latency penalty: 0.0000 seconds
Shared resource constraint reward penalty: 0.0000
max_delay = 0.09 seconds
global epoch 266 has been done artifficialy in 0.09 secs, the total time by now is 159.90 
 with avg train loss 1.028, val loss 0.927, avg val acc 67.76%
iteration: 267
user 4, emp_avg: 0.5676422697980158, h: 0.8631144117593564, ucb: 1.4351446918867343,num_of_obs: 45, privacy reward: 0.15881742610691985, g: -3.506852389569235e-06, curr_delay = 0.13506876709714172, data_size = 1666
user 5, emp_avg: 0.49449790875097405, h: 0.8728674265473004, ucb: 1.3698865186667522,num_of_obs: 44, privacy reward: 0.16529888822158567, g: 3.506852389569235e-06, curr_delay = 0.13035571658277556, data_size = 1666
user 7, emp_avg: 0.44586839159229297, h: 0.8728674265473004, ucb: 1.3099534325502367,num_of_obs: 44, privacy reward: 0.16529888822158567, g: 3.506852389569235e-06, curr_delay = 0.060074971820928635, data_size = 1666
user 8, emp_avg: 0.370565347770448, h: 0.8728674265473004, ucb: 1.2450785902671426,num_of_obs: 44, privacy reward: 0.16529888822158567, g: 3.506852389569235e-06, curr_delay = 0.1677011333453412, data_size = 1666
user 9, emp_avg: 0.35748102961086825, h: 0.8728674265473004, ucb: 1.23061696253672,num_of_obs: 44, privacy reward: 0.16529888822158567, g: 3.506852389569235e-06, curr_delay = 0.14464798870939444, data_size = 1666
num of fast users chosen: 5, num of slow users chosen: 0
Shared resource constraint latency penalty: 0.0000 seconds
Shared resource constraint reward penalty: 0.0000
max_delay = 0.17 seconds
global epoch 267 has been done artifficialy in 0.17 secs, the total time by now is 160.07 
 with avg train loss 1.023, val loss 0.929, avg val acc 68.37%
iteration: 268
user 10, emp_avg: 0.34719966466694824, h: 0.873159387239356, ucb: 1.2208211540916185,num_of_obs: 44, privacy reward: 0.16529888822158567, g: 6.1879656444146855e-06, curr_delay = 0.1529673360204528, data_size = 1666
user 12, emp_avg: 0.2927511113342022, h: 0.873159387239356, ucb: 1.161463574762713,num_of_obs: 44, privacy reward: 0.16529888822158567, g: 6.1879656444146855e-06, curr_delay = 0.10237179918437775, data_size = 1666
user 14, emp_avg: 0.2862944870297337, h: 0.873159387239356, ucb: 1.1585422721443275,num_of_obs: 44, privacy reward: 0.16529888822158567, g: 6.1879656444146855e-06, curr_delay = 0.1531839370847073, data_size = 1666
user 15, emp_avg: 0.07017896896232491, h: 0.873159387239356, ucb: 0.9434241447705377,num_of_obs: 44, privacy reward: 0.16529888822158567, g: 6.1879656444146855e-06, curr_delay = 0.7529636052741882, data_size = 1666
user 17, emp_avg: 0.0688876025536674, h: 0.873159387239356, ucb: 0.9422585148731919,num_of_obs: 44, privacy reward: 0.16529888822158567, g: 6.1879656444146855e-06, curr_delay = 0.8392007589256409, data_size = 1666
num of fast users chosen: 3, num of slow users chosen: 2
Shared resource constraint latency penalty: 0.0000 seconds
Shared resource constraint reward penalty: 0.0000
max_delay = 0.84 seconds
global epoch 268 has been done artifficialy in 0.84 secs, the total time by now is 160.91 
 with avg train loss 1.043, val loss 0.938, avg val acc 67.72%
iteration: 269
user 18, emp_avg: 0.06723192854953615, h: 0.8734501635053504, ucb: 0.9407009349210926,num_of_obs: 44, privacy reward: 0.16529888822158567, g: 9.596943718915447e-06, curr_delay = 0.7529798147999033, data_size = 1666
user 19, emp_avg: 0.06499031151465193, h: 0.8734501635053504, ucb: 0.9383467483881806,num_of_obs: 44, privacy reward: 0.16529888822158567, g: 9.596943718915447e-06, curr_delay = 0.7234394629002067, data_size = 1666
user 20, emp_avg: 0.06473036061805303, h: 0.8734501635053504, ucb: 0.9381102803247843,num_of_obs: 44, privacy reward: 0.16529888822158567, g: 9.596943718915447e-06, curr_delay = 0.7372338258408522, data_size = 1666
user 21, emp_avg: 0.06257399255599369, h: 0.8734501635053504, ucb: 0.9360533777717381,num_of_obs: 44, privacy reward: 0.16529888822158567, g: 9.596943718915447e-06, curr_delay = 0.8158172302517122, data_size = 1666
user 22, emp_avg: 0.06297333963226916, h: 0.8734501635053504, ucb: 0.9364912810788413,num_of_obs: 44, privacy reward: 0.16529888822158567, g: 9.596943718915447e-06, curr_delay = 0.8334568208168978, data_size = 1666
num of fast users chosen: 0, num of slow users chosen: 5
Shared resource constraint latency penalty: 0.0000 seconds
Shared resource constraint reward penalty: 0.0000
max_delay = 0.83 seconds
global epoch 269 has been done artifficialy in 0.83 secs, the total time by now is 161.74 
 with avg train loss 1.014, val loss 0.940, avg val acc 66.88%
iteration: 270
user 16, emp_avg: 0.06770498098635323, h: 0.8737397645907224, ucb: 0.9414584950559263,num_of_obs: 44, privacy reward: 0.16529888822158567, g: 1.3717421124828366e-05, curr_delay = 0.7451564393632818, data_size = 1666
user 23, emp_avg: 0.06237405526119964, h: 0.8737397645907224, ucb: 0.9359635188618202,num_of_obs: 44, privacy reward: 0.16529888822158567, g: 1.3717421124828366e-05, curr_delay = 0.7247710933912519, data_size = 1666
user 24, emp_avg: 0.05995657738748386, h: 0.8737397645907224, ucb: 0.9336452427848817,num_of_obs: 44, privacy reward: 0.16529888822158567, g: 1.3717421124828366e-05, curr_delay = 0.8037946580738127, data_size = 1666
user 25, emp_avg: 0.060229661308774426, h: 0.8737397645907224, ucb: 0.9341057426173336,num_of_obs: 44, privacy reward: 0.16529888822158567, g: 1.3717421124828366e-05, curr_delay = 0.9219695543988741, data_size = 1666
user 26, emp_avg: 0.05960841966227947, h: 0.8737397645907224, ucb: 0.9333016384248123,num_of_obs: 44, privacy reward: 0.16529888822158567, g: 1.3717421124828366e-05, curr_delay = 0.8109453474861766, data_size = 1666
num of fast users chosen: 0, num of slow users chosen: 5
Shared resource constraint latency penalty: 0.0000 seconds
Shared resource constraint reward penalty: 0.0000
max_delay = 0.92 seconds
global epoch 270 has been done artifficialy in 0.92 secs, the total time by now is 162.66 
 with avg train loss 1.025, val loss 0.929, avg val acc 67.79%
iteration: 271
user 7, emp_avg: 0.4431087694104156, h: 0.8642622149077752, ucb: 1.3101306065000682,num_of_obs: 45, privacy reward: 0.15881742610691985, g: 3.7823256461345874e-07, curr_delay = 0.15677629251409286, data_size = 1666
user 8, emp_avg: 0.37513900598894834, h: 0.8642622149077752, ucb: 1.2348275626782232,num_of_obs: 45, privacy reward: 0.15881742610691985, g: 3.7823256461345874e-07, curr_delay = 0.08606538934893501, data_size = 1666
user 27, emp_avg: 0.05762582362518216, h: 0.8740281996344985, ucb: 0.9317301537362533,num_of_obs: 44, privacy reward: 0.16529888822158567, g: 1.8533395666059958e-05, curr_delay = 0.9212160781187946, data_size = 1666
user 28, emp_avg: 0.05640145965726599, h: 0.8740281996344985, ucb: 0.9304010747300846,num_of_obs: 44, privacy reward: 0.16529888822158567, g: 1.8533395666059958e-05, curr_delay = 0.8671645985622075, data_size = 1666
user 29, emp_avg: 0.0562383236355326, h: 0.8740281996344985, ucb: 0.9302633623012302,num_of_obs: 44, privacy reward: 0.16529888822158567, g: 1.8533395666059958e-05, curr_delay = 0.8868801052491474, data_size = 1666
num of fast users chosen: 2, num of slow users chosen: 3
Shared resource constraint latency penalty: 0.0000 seconds
Shared resource constraint reward penalty: 0.0000
max_delay = 0.92 seconds
global epoch 271 has been done artifficialy in 0.92 secs, the total time by now is 163.58 
 with avg train loss 1.022, val loss 0.963, avg val acc 66.36%
iteration: 272
user 0, emp_avg: 0.7019407427359372, h: 0.8550974060682768, ucb: 1.556227918322719,num_of_obs: 46, privacy reward: 0.15259010575688303, g: -6.007304882737502e-06, curr_delay = 0.06763965453993263, data_size = 1666
user 1, emp_avg: 0.6416969491956437, h: 0.8645462830329751, ucb: 1.5128446905827855,num_of_obs: 45, privacy reward: 0.15881742610691985, g: 1.5018262206843414e-06, curr_delay = 0.14508257556887366, data_size = 1666
user 2, emp_avg: 0.6434582224244315, h: 0.8645462830329751, ucb: 1.5078206073011127,num_of_obs: 45, privacy reward: 0.15881742610691985, g: 1.5018262206843414e-06, curr_delay = 0.076718458236416, data_size = 1666
user 3, emp_avg: 0.6295348706139458, h: 0.8550974060682768, ucb: 1.4885260202699861,num_of_obs: 46, privacy reward: 0.15259010575688303, g: -6.007304882737502e-06, curr_delay = 0.11100684717091043, data_size = 1666
user 5, emp_avg: 0.505487084647692, h: 0.8645462830329751, ucb: 1.359044191783949,num_of_obs: 45, privacy reward: 0.15881742610691985, g: 1.5018262206843414e-06, curr_delay = 0.05, data_size = 1666
num of fast users chosen: 5, num of slow users chosen: 0
Shared resource constraint latency penalty: 0.0000 seconds
Shared resource constraint reward penalty: 0.0000
max_delay = 0.15 seconds
global epoch 272 has been done artifficialy in 0.15 secs, the total time by now is 163.73 
 with avg train loss 1.026, val loss 0.933, avg val acc 67.98%
iteration: 273
user 4, emp_avg: 0.5614779261394381, h: 0.8553772466897632, ucb: 1.423019516487779,num_of_obs: 46, privacy reward: 0.15259010575688303, g: -3.354398958794641e-06, curr_delay = 0.17990910555860298, data_size = 1666
user 5, emp_avg: 0.5123424253090506, h: 0.8553772466897632, ucb: 1.360864331337455,num_of_obs: 46, privacy reward: 0.15259010575688303, g: -3.354398958794641e-06, curr_delay = 0.060409229343582435, data_size = 1666
user 6, emp_avg: 0.48209335380227186, h: 0.8648292159098975, ucb: 1.3486885111334794,num_of_obs: 45, privacy reward: 0.15881742610691985, g: 3.354398958794539e-06, curr_delay = 0.12418473039819679, data_size = 1666
user 8, emp_avg: 0.372838507125999, h: 0.8553772466897632, ucb: 1.2305162526787115,num_of_obs: 46, privacy reward: 0.15259010575688303, g: -3.354398958794641e-06, curr_delay = 0.18725500531382447, data_size = 1666
user 9, emp_avg: 0.3550520688111884, h: 0.8648292159098975, ucb: 1.2223102455207657,num_of_obs: 45, privacy reward: 0.15881742610691985, g: 3.354398958794539e-06, curr_delay = 0.2034597659126408, data_size = 1666
num of fast users chosen: 5, num of slow users chosen: 0
Shared resource constraint latency penalty: 0.0000 seconds
Shared resource constraint reward penalty: 0.0000
max_delay = 0.20 seconds
global epoch 273 has been done artifficialy in 0.20 secs, the total time by now is 163.93 
 with avg train loss 0.990, val loss 0.924, avg val acc 67.79%
iteration: 274
user 9, emp_avg: 0.36552627346758493, h: 0.8556559731057146, ucb: 1.210708041916903,num_of_obs: 46, privacy reward: 0.15259010575688303, g: -1.4799817666246315e-06, curr_delay = 0.05900821208784808, data_size = 1666
user 10, emp_avg: 0.3473135701407935, h: 0.8651110222692476, ucb: 1.212310686936196,num_of_obs: 45, privacy reward: 0.15881742610691985, g: 5.919927066498526e-06, curr_delay = 0.14186839454142258, data_size = 1666
user 11, emp_avg: 0.3291347155959988, h: 0.8651110222692476, ucb: 1.1920882646039554,num_of_obs: 45, privacy reward: 0.15881742610691985, g: 5.919927066498526e-06, curr_delay = 0.11731003059619599, data_size = 1666
user 12, emp_avg: 0.2925456683621892, h: 0.8651110222692476, ucb: 1.1578621336034498,num_of_obs: 45, privacy reward: 0.15881742610691985, g: 5.919927066498526e-06, curr_delay = 0.17649089426747558, data_size = 1666
user 14, emp_avg: 0.2919154914618177, h: 0.8651110222692476, ucb: 1.1514055092989812,num_of_obs: 45, privacy reward: 0.15881742610691985, g: 5.919927066498526e-06, curr_delay = 0.09176657599742877, data_size = 1666
num of fast users chosen: 5, num of slow users chosen: 0
Shared resource constraint latency penalty: 0.0000 seconds
Shared resource constraint reward penalty: 0.0000
max_delay = 0.18 seconds
global epoch 274 has been done artifficialy in 0.18 secs, the total time by now is 164.11 
 with avg train loss 1.046, val loss 0.931, avg val acc 68.06%
iteration: 275
user 13, emp_avg: 0.27401492644895964, h: 0.8653917107427188, ucb: 1.1407716912399204,num_of_obs: 45, privacy reward: 0.15881742610691985, g: 9.182736455463678e-06, curr_delay = 0.23519727804213314, data_size = 1666
user 15, emp_avg: 0.07014422250420937, h: 0.8653917107427188, ucb: 0.9355706797050437,num_of_obs: 45, privacy reward: 0.15881742610691985, g: 9.182736455463678e-06, curr_delay = 0.7290688146606625, data_size = 1666
user 16, emp_avg: 0.06764072415815668, h: 0.8653917107427188, ucb: 0.9330966917290721,num_of_obs: 45, privacy reward: 0.15881742610691985, g: 9.182736455463678e-06, curr_delay = 0.7722107079072473, data_size = 1666
user 17, emp_avg: 0.06869644214498724, h: 0.8653917107427188, ucb: 0.9342793132963862,num_of_obs: 45, privacy reward: 0.15881742610691985, g: 9.182736455463678e-06, curr_delay = 0.8320267219751865, data_size = 1666
user 18, emp_avg: 0.0674019954320296, h: 0.8653917107427188, ucb: 0.932623639292255,num_of_obs: 45, privacy reward: 0.15881742610691985, g: 9.182736455463678e-06, curr_delay = 0.6661780903740407, data_size = 1666
num of fast users chosen: 1, num of slow users chosen: 4
Shared resource constraint latency penalty: 0.0000 seconds
Shared resource constraint reward penalty: 0.0000
max_delay = 0.83 seconds
global epoch 275 has been done artifficialy in 0.83 secs, the total time by now is 164.94 
 with avg train loss 1.016, val loss 0.946, avg val acc 67.46%
iteration: 276
user 19, emp_avg: 0.06494160815271886, h: 0.8656712898644726, ucb: 0.9306616013791246,num_of_obs: 45, privacy reward: 0.15881742610691985, g: 1.3127494223902458e-05, curr_delay = 0.7968132967324165, data_size = 1666
user 20, emp_avg: 0.06480581846064046, h: 0.8656712898644726, ucb: 0.9304016504825257,num_of_obs: 45, privacy reward: 0.15881742610691985, g: 1.3127494223902458e-05, curr_delay = 0.7331225506805434, data_size = 1666
user 21, emp_avg: 0.06258110929755668, h: 0.8656712898644726, ucb: 0.9282452824204663,num_of_obs: 45, privacy reward: 0.15881742610691985, g: 1.3127494223902458e-05, curr_delay = 0.7948953389768638, data_size = 1666
user 22, emp_avg: 0.06295507159076957, h: 0.8656712898644726, ucb: 0.9286446294967418,num_of_obs: 45, privacy reward: 0.15881742610691985, g: 1.3127494223902458e-05, curr_delay = 0.8047252213063063, data_size = 1666
user 23, emp_avg: 0.062417706673981006, h: 0.8656712898644726, ucb: 0.9280453451256723,num_of_obs: 45, privacy reward: 0.15881742610691985, g: 1.3127494223902458e-05, curr_delay = 0.7766143374580741, data_size = 1666
num of fast users chosen: 0, num of slow users chosen: 5
Shared resource constraint latency penalty: 0.0000 seconds
Shared resource constraint reward penalty: 0.0000
max_delay = 0.80 seconds
global epoch 276 has been done artifficialy in 0.80 secs, the total time by now is 165.75 
 with avg train loss 1.031, val loss 0.960, avg val acc 65.91%
iteration: 277
user 24, emp_avg: 0.060048786206338994, h: 0.8659497680725935, ucb: 0.9259063454600773,num_of_obs: 45, privacy reward: 0.15881742610691985, g: 1.7739200447172543e-05, curr_delay = 0.7788382415325386, data_size = 1666
user 25, emp_avg: 0.060217971093987216, h: 0.8659497680725935, ucb: 0.9261794293813679,num_of_obs: 45, privacy reward: 0.15881742610691985, g: 1.7739200447172543e-05, curr_delay = 0.8376344265644491, data_size = 1666
user 26, emp_avg: 0.05957944663705774, h: 0.8659497680725935, ucb: 0.925558187734873,num_of_obs: 45, privacy reward: 0.15881742610691985, g: 1.7739200447172543e-05, curr_delay = 0.857991133334564, data_size = 1666
user 27, emp_avg: 0.05758267397700532, h: 0.8659497680725935, ucb: 0.9235755916977757,num_of_obs: 45, privacy reward: 0.15881742610691985, g: 1.7739200447172543e-05, curr_delay = 0.8986188977323812, data_size = 1666
user 28, emp_avg: 0.056347626283742125, h: 0.8659497680725935, ucb: 0.9223512277298594,num_of_obs: 45, privacy reward: 0.15881742610691985, g: 1.7739200447172543e-05, curr_delay = 0.9272115824790468, data_size = 1666
num of fast users chosen: 0, num of slow users chosen: 5
Shared resource constraint latency penalty: 0.0000 seconds
Shared resource constraint reward penalty: 0.0000
max_delay = 0.93 seconds
global epoch 277 has been done artifficialy in 0.93 secs, the total time by now is 166.67 
 with avg train loss 1.005, val loss 0.923, avg val acc 67.99%
iteration: 278
user 2, emp_avg: 0.6510442176919968, h: 0.8567599060228857, ucb: 1.500218128447317,num_of_obs: 46, privacy reward: 0.15259010575688303, g: 1.4376987618538084e-06, curr_delay = 0.05, data_size = 1666
user 6, emp_avg: 0.48149386617006984, h: 0.8567599060228857, ucb: 1.3388532598251575,num_of_obs: 46, privacy reward: 0.15259010575688303, g: 1.4376987618538084e-06, curr_delay = 0.11015219098209171, data_size = 1666
user 7, emp_avg: 0.44026608570307324, h: 0.8567599060228857, ucb: 1.2998686754333013,num_of_obs: 46, privacy reward: 0.15259010575688303, g: 1.4376987618538084e-06, curr_delay = 0.1615495130543632, data_size = 1666
user 16, emp_avg: 0.06748218383934126, h: 0.8567599060228857, ucb: 0.9244006301810423,num_of_obs: 46, privacy reward: 0.15259010575688303, g: 1.4376987618538084e-06, curr_delay = 0.8307120329518177, data_size = 1666
user 29, emp_avg: 0.056446794461149356, h: 0.866227153710514, ucb: 0.9224654773460466,num_of_obs: 45, privacy reward: 0.15881742610691985, g: 2.30031801896612e-05, curr_delay = 0.7595554166199684, data_size = 1666
num of fast users chosen: 3, num of slow users chosen: 2
Shared resource constraint latency penalty: 0.0000 seconds
Shared resource constraint reward penalty: 0.0000
max_delay = 0.83 seconds
global epoch 278 has been done artifficialy in 0.83 secs, the total time by now is 167.50 
 with avg train loss 1.014, val loss 0.943, avg val acc 67.34%
iteration: 279
user 1, emp_avg: 0.6493204183616937, h: 0.8570331875635829, ucb: 1.4987301367592267,num_of_obs: 46, privacy reward: 0.15259010575688303, g: 3.211675081255341e-06, curr_delay = 0.05, data_size = 1666
user 10, emp_avg: 0.347141086457527, h: 0.8570331875635829, ucb: 1.2043467577043765,num_of_obs: 46, privacy reward: 0.15259010575688303, g: 3.211675081255341e-06, curr_delay = 0.14740268928005384, data_size = 1666
user 11, emp_avg: 0.3277699707851829, h: 0.8570331875635829, ucb: 1.1861679031595818,num_of_obs: 46, privacy reward: 0.15259010575688303, g: 3.211675081255341e-06, curr_delay = 0.1886851482888758, data_size = 1666
user 12, emp_avg: 0.30429654739116374, h: 0.8570331875635829, ucb: 1.149578855925772,num_of_obs: 46, privacy reward: 0.15259010575688303, g: 3.211675081255341e-06, curr_delay = 0.05918301521174653, data_size = 1666
user 14, emp_avg: 0.2918047262749349, h: 0.8570331875635829, ucb: 1.1489486790254007,num_of_obs: 46, privacy reward: 0.15259010575688303, g: 3.211675081255341e-06, curr_delay = 0.1743925303246197, data_size = 1666
num of fast users chosen: 5, num of slow users chosen: 0
Shared resource constraint latency penalty: 0.0000 seconds
Shared resource constraint reward penalty: 0.0000
max_delay = 0.19 seconds
global epoch 279 has been done artifficialy in 0.19 secs, the total time by now is 167.69 
 with avg train loss 1.030, val loss 0.940, avg val acc 67.52%
iteration: 280
user 13, emp_avg: 0.27493354791702745, h: 0.8573054047042509, ucb: 1.1313203311532105,num_of_obs: 46, privacy reward: 0.15259010575688303, g: 5.668934240362771e-06, curr_delay = 0.1576341582292803, data_size = 1666
user 15, emp_avg: 0.0701183062142397, h: 0.8573054047042509, ucb: 0.9274496272084602,num_of_obs: 46, privacy reward: 0.15259010575688303, g: 5.668934240362771e-06, curr_delay = 0.7254140121320927, data_size = 1666
user 17, emp_avg: 0.06858349122177888, h: 0.8573054047042509, ucb: 0.9260018468492381,num_of_obs: 46, privacy reward: 0.15259010575688303, g: 5.668934240362771e-06, curr_delay = 0.7887959579364524, data_size = 1666
user 18, emp_avg: 0.06734852260340117, h: 0.8573054047042509, ucb: 0.9247074001362805,num_of_obs: 46, privacy reward: 0.15259010575688303, g: 5.668934240362771e-06, curr_delay = 0.7705493274727573, data_size = 1666
user 20, emp_avg: 0.06470087670687774, h: 0.8573054047042509, ucb: 0.9221112231648914,num_of_obs: 46, privacy reward: 0.15259010575688303, g: 5.668934240362771e-06, curr_delay = 0.8350932082901515, data_size = 1666
num of fast users chosen: 1, num of slow users chosen: 4
Shared resource constraint latency penalty: 0.0000 seconds
Shared resource constraint reward penalty: 0.0000
max_delay = 0.84 seconds
global epoch 280 has been done artifficialy in 0.84 secs, the total time by now is 168.53 
 with avg train loss 1.025, val loss 0.931, avg val acc 67.25%
iteration: 281
user 19, emp_avg: 0.06485207604597758, h: 0.8575765654244939, ucb: 0.9225181735772128,num_of_obs: 46, privacy reward: 0.15259010575688303, g: 8.794777731341294e-06, curr_delay = 0.8232675275531655, data_size = 1666
user 21, emp_avg: 0.06277211933075118, h: 0.8575765654244939, ucb: 0.9201576747220506,num_of_obs: 46, privacy reward: 0.15259010575688303, g: 8.794777731341294e-06, curr_delay = 0.6987282223976797, data_size = 1666
user 22, emp_avg: 0.06294998973081717, h: 0.8575765654244939, ucb: 0.9205316370152634,num_of_obs: 46, privacy reward: 0.15259010575688303, g: 8.794777731341294e-06, curr_delay = 0.7972418725666933, data_size = 1666
user 23, emp_avg: 0.06234188700172903, h: 0.8575765654244939, ucb: 0.919994272098475,num_of_obs: 46, privacy reward: 0.15259010575688303, g: 8.794777731341294e-06, curr_delay = 0.8495572996599822, data_size = 1666
user 24, emp_avg: 0.06017724140173089, h: 0.8575765654244939, ucb: 0.9176253516308329,num_of_obs: 46, privacy reward: 0.15259010575688303, g: 8.794777731341294e-06, curr_delay = 0.756587832813362, data_size = 1666
num of fast users chosen: 0, num of slow users chosen: 5
Shared resource constraint latency penalty: 0.0000 seconds
Shared resource constraint reward penalty: 0.0000
max_delay = 0.85 seconds
global epoch 281 has been done artifficialy in 0.85 secs, the total time by now is 169.38 
 with avg train loss 1.031, val loss 1.000, avg val acc 65.04%
iteration: 282
user 25, emp_avg: 0.06016535878888407, h: 0.8578466776156889, ucb: 0.9180646487096761,num_of_obs: 46, privacy reward: 0.15259010575688303, g: 1.2574820180071264e-05, curr_delay = 0.8658729431016715, data_size = 1666
user 26, emp_avg: 0.059535808683194365, h: 0.8578466776156889, ucb: 0.9174261242527466,num_of_obs: 46, privacy reward: 0.15259010575688303, g: 1.2574820180071264e-05, curr_delay = 0.8691349909533531, data_size = 1666
user 27, emp_avg: 0.05755876929998285, h: 0.8578466776156889, ucb: 0.9154293515926942,num_of_obs: 46, privacy reward: 0.15259010575688303, g: 1.2574820180071264e-05, curr_delay = 0.8855959807865076, data_size = 1666
user 28, emp_avg: 0.056362959755224096, h: 0.8578466776156889, ucb: 0.914194303899431,num_of_obs: 46, privacy reward: 0.15259010575688303, g: 1.2574820180071264e-05, curr_delay = 0.8761431563173596, data_size = 1666
user 29, emp_avg: 0.056397537477574894, h: 0.8578466776156889, ucb: 0.9142934720768382,num_of_obs: 46, privacy reward: 0.15259010575688303, g: 1.2574820180071264e-05, curr_delay = 0.9236729126533902, data_size = 1666
num of fast users chosen: 0, num of slow users chosen: 5
Shared resource constraint latency penalty: 0.0000 seconds
Shared resource constraint reward penalty: 0.0000
max_delay = 0.92 seconds
global epoch 282 has been done artifficialy in 0.92 secs, the total time by now is 170.30 
 with avg train loss 1.013, val loss 0.965, avg val acc 66.35%
iteration: 283
user 0, emp_avg: 0.7022780638828602, h: 0.8489377766569861, ucb: 1.5508785193929233,num_of_obs: 47, privacy reward: 0.1466069621303493, g: 3.4683636676420197e-07, curr_delay = 0.06962506755580211, data_size = 1666
user 1, emp_avg: 0.642962098685724, h: 0.8489377766569861, ucb: 1.4982581950186797,num_of_obs: 47, privacy reward: 0.1466069621303493, g: 3.4683636676420197e-07, curr_delay = 0.1452976983685954, data_size = 1666
user 2, emp_avg: 0.6583141298234135, h: 0.8489377766569861, ucb: 1.499981994348983,num_of_obs: 47, privacy reward: 0.1466069621303493, g: 3.4683636676420197e-07, curr_delay = 0.05, data_size = 1666
user 3, emp_avg: 0.625909205551653, h: 0.8489377766569861, ucb: 1.478472647270932,num_of_obs: 47, privacy reward: 0.1466069621303493, g: 3.4683636676420197e-07, curr_delay = 0.10976877374959353, data_size = 1666
user 4, emp_avg: 0.5578222131745288, h: 0.8489377766569861, ucb: 1.4104157027964241,num_of_obs: 47, privacy reward: 0.1466069621303493, g: 3.4683636676420197e-07, curr_delay = 0.12953243584114577, data_size = 1666
num of fast users chosen: 5, num of slow users chosen: 0
Shared resource constraint latency penalty: 0.0000 seconds
Shared resource constraint reward penalty: 0.0000
max_delay = 0.15 seconds
global epoch 283 has been done artifficialy in 0.15 secs, the total time by now is 170.45 
 with avg train loss 1.009, val loss 0.935, avg val acc 67.61%
iteration: 284
user 3, emp_avg: 0.6252632989884667, h: 0.8403105257999276, ucb: 1.4662197313515806,num_of_obs: 48, privacy reward: 0.14085842092104417, g: -5.5103705173136126e-06, curr_delay = 0.08413828657088111, data_size = 1666
user 5, emp_avg: 0.5125023969775732, h: 0.8492029483137908, ucb: 1.3615453736228416,num_of_obs: 47, privacy reward: 0.1466069621303493, g: 1.3775926293283707e-06, curr_delay = 0.09614995108269203, data_size = 1666
user 6, emp_avg: 0.48834012324005593, h: 0.8492029483137908, ucb: 1.3306968144838607,num_of_obs: 47, privacy reward: 0.1466069621303493, g: 1.3775926293283707e-06, curr_delay = 0.06171969292567275, data_size = 1666
user 7, emp_avg: 0.4459579648969443, h: 0.8492029483137908, ucb: 1.289469034016864,num_of_obs: 47, privacy reward: 0.1466069621303493, g: 1.3775926293283707e-06, curr_delay = 0.07007941386477692, data_size = 1666
user 8, emp_avg: 0.379973906049805, h: 0.8492029483137908, ucb: 1.2220414554397898,num_of_obs: 47, privacy reward: 0.1466069621303493, g: 1.3775926293283707e-06, curr_delay = 0.06989706136361587, data_size = 1666
num of fast users chosen: 5, num of slow users chosen: 0
Shared resource constraint latency penalty: 0.0000 seconds
Shared resource constraint reward penalty: 0.0000
max_delay = 0.10 seconds
global epoch 284 has been done artifficialy in 0.10 secs, the total time by now is 170.54 
 with avg train loss 1.003, val loss 0.951, avg val acc 67.00%
iteration: 285
user 0, emp_avg: 0.7083540217628018, h: 0.8405719169313125, ucb: 1.5428499808141727,num_of_obs: 48, privacy reward: 0.14085842092104417, g: -3.0778701138812134e-06, curr_delay = 0.05, data_size = 1666
user 1, emp_avg: 0.650248586467648, h: 0.8405719169313125, ucb: 1.4835340156170365,num_of_obs: 48, privacy reward: 0.14085842092104417, g: -3.0778701138812134e-06, curr_delay = 0.05, data_size = 1666
user 2, emp_avg: 0.6578212570630138, h: 0.8405719169313125, ucb: 1.498886046754726,num_of_obs: 48, privacy reward: 0.14085842092104417, g: -3.0778701138812134e-06, curr_delay = 0.07884403734736391, data_size = 1666
user 3, emp_avg: 0.6327580330086974, h: 0.8319504385946279, ucb: 1.4572137375830945,num_of_obs: 49, privacy reward: 0.13533528323661181, g: -2.770083102493092e-05, curr_delay = 0.05, data_size = 1666
user 4, emp_avg: 0.5668462496403548, h: 0.8405719169313125, ucb: 1.3983941301058413,num_of_obs: 48, privacy reward: 0.14085842092104417, g: -3.0778701138812134e-06, curr_delay = 0.05, data_size = 1666
num of fast users chosen: 5, num of slow users chosen: 0
Shared resource constraint latency penalty: 0.0000 seconds
Shared resource constraint reward penalty: 0.0000
max_delay = 0.08 seconds
global epoch 285 has been done artifficialy in 0.08 secs, the total time by now is 170.62 
 with avg train loss 1.021, val loss 0.927, avg val acc 67.79%
iteration: 286
user 5, emp_avg: 0.5108579628017309, h: 0.8408323116724771, ucb: 1.3533347086500502,num_of_obs: 48, privacy reward: 0.14085842092104417, g: -1.3583929667846126e-06, curr_delay = 0.1157608053142499, data_size = 1666
user 6, emp_avg: 0.483952491594565, h: 0.8408323116724771, ucb: 1.329172434912533,num_of_obs: 48, privacy reward: 0.14085842092104417, g: -1.3583929667846126e-06, curr_delay = 0.18291823705596788, data_size = 1666
user 7, emp_avg: 0.4489524188853889, h: 0.8408323116724771, ucb: 1.2867902765694215,num_of_obs: 48, privacy reward: 0.14085842092104417, g: -1.3583929667846126e-06, curr_delay = 0.08436167254861408, data_size = 1666
user 8, emp_avg: 0.37945640877232456, h: 0.8408323116724771, ucb: 1.220806217722282,num_of_obs: 48, privacy reward: 0.14085842092104417, g: -1.3583929667846126e-06, curr_delay = 0.14099737163158851, data_size = 1666
user 9, emp_avg: 0.3787444761036769, h: 0.8497302558837343, ucb: 1.2152565293513193,num_of_obs: 47, privacy reward: 0.1466069621303493, g: 5.433571867138321e-06, curr_delay = 0.05, data_size = 1666
num of fast users chosen: 5, num of slow users chosen: 0
Shared resource constraint latency penalty: 0.0000 seconds
Shared resource constraint reward penalty: 0.0000
max_delay = 0.18 seconds
global epoch 286 has been done artifficialy in 0.18 secs, the total time by now is 170.80 
 with avg train loss 0.995, val loss 0.944, avg val acc 67.58%
iteration: 287
user 9, emp_avg: 0.3786384443072827, h: 0.8410917173352456, ucb: 1.2198361934389226,num_of_obs: 48, privacy reward: 0.14085842092104417, g: -3.3723582631548247e-07, curr_delay = 0.1338512777843019, data_size = 1666
user 10, emp_avg: 0.34889885331271714, h: 0.8499924066564175, ucb: 1.1971334931139446,num_of_obs: 47, privacy reward: 0.1466069621303493, g: 8.430895657886418e-06, curr_delay = 0.11587112378222147, data_size = 1666
user 11, emp_avg: 0.32468785428853114, h: 0.8499924066564175, ucb: 1.1777623774416004,num_of_obs: 47, privacy reward: 0.1466069621303493, g: 8.430895657886418e-06, curr_delay = 0.2780428778432226, data_size = 1666
user 12, emp_avg: 0.3040772036659696, h: 0.8499924066564175, ucb: 1.1542889540475811,num_of_obs: 47, privacy reward: 0.1466069621303493, g: 8.430895657886418e-06, curr_delay = 0.17020230839049194, data_size = 1666
user 14, emp_avg: 0.29177334889290935, h: 0.8499924066564175, ucb: 1.1417971329313525,num_of_obs: 47, privacy reward: 0.1466069621303493, g: 8.430895657886418e-06, curr_delay = 0.17223644187017026, data_size = 1666
num of fast users chosen: 5, num of slow users chosen: 0
Shared resource constraint latency penalty: 0.0000 seconds
Shared resource constraint reward penalty: 0.0000
max_delay = 0.28 seconds
global epoch 287 has been done artifficialy in 0.28 secs, the total time by now is 171.08 
 with avg train loss 1.035, val loss 0.957, avg val acc 66.94%
iteration: 288
user 13, emp_avg: 0.2741854726659881, h: 0.8502535651931945, ucb: 1.125187113110222,num_of_obs: 47, privacy reward: 0.1466069621303493, g: 1.2056327160493742e-05, curr_delay = 0.20918232081639976, data_size = 1666
user 15, emp_avg: 0.07014616149502868, h: 0.8502535651931945, ucb: 0.9203718714074343,num_of_obs: 47, privacy reward: 0.1466069621303493, g: 1.2056327160493742e-05, curr_delay = 0.6997375734366389, data_size = 1666
user 16, emp_avg: 0.06752449447962977, h: 0.8502535651931945, ucb: 0.9177357490325357,num_of_obs: 47, privacy reward: 0.1466069621303493, g: 1.2056327160493742e-05, curr_delay = 0.7192889383935521, data_size = 1666
user 17, emp_avg: 0.0686391349724578, h: 0.8502535651931945, ucb: 0.9188370564149734,num_of_obs: 47, privacy reward: 0.1466069621303493, g: 1.2056327160493742e-05, curr_delay = 0.701711138356484, data_size = 1666
user 18, emp_avg: 0.06727637717368005, h: 0.8502535651931945, ucb: 0.9176020877965957,num_of_obs: 47, privacy reward: 0.1466069621303493, g: 1.2056327160493742e-05, curr_delay = 0.7826496958915506, data_size = 1666
num of fast users chosen: 1, num of slow users chosen: 4
Shared resource constraint latency penalty: 0.0000 seconds
Shared resource constraint reward penalty: 0.0000
max_delay = 0.78 seconds
global epoch 288 has been done artifficialy in 0.78 secs, the total time by now is 171.86 
 with avg train loss 1.016, val loss 0.947, avg val acc 67.40%
iteration: 289
user 19, emp_avg: 0.06485319334427, h: 0.8505137387244454, ucb: 0.9153658147704229,num_of_obs: 47, privacy reward: 0.1466069621303493, g: 1.6296633315107687e-05, curr_delay = 0.7703482914057256, data_size = 1666
user 20, emp_avg: 0.06467151798749705, h: 0.8505137387244454, ucb: 0.9152146154313231,num_of_obs: 47, privacy reward: 0.1466069621303493, g: 1.6296633315107687e-05, curr_delay = 0.7899935226927199, data_size = 1666
user 21, emp_avg: 0.06267470752208447, h: 0.8505137387244454, ucb: 0.9132858580551966,num_of_obs: 47, privacy reward: 0.1466069621303493, g: 1.6296633315107687e-05, curr_delay = 0.8606392283802391, data_size = 1666
user 22, emp_avg: 0.06300365235532737, h: 0.8505137387244454, ucb: 0.9134637284552625,num_of_obs: 47, privacy reward: 0.1466069621303493, g: 1.6296633315107687e-05, curr_delay = 0.7630582652264437, data_size = 1666
user 23, emp_avg: 0.062319974940166396, h: 0.8505137387244454, ucb: 0.9128556257261744,num_of_obs: 47, privacy reward: 0.1466069621303493, g: 1.6296633315107687e-05, curr_delay = 0.8157923291941995, data_size = 1666
num of fast users chosen: 0, num of slow users chosen: 5
Shared resource constraint latency penalty: 0.0000 seconds
Shared resource constraint reward penalty: 0.0000
max_delay = 0.86 seconds
global epoch 289 has been done artifficialy in 0.86 secs, the total time by now is 172.73 
 with avg train loss 1.025, val loss 0.962, avg val acc 66.35%
iteration: 290
user 24, emp_avg: 0.06018739045357103, h: 0.8507729344028329, ucb: 0.9109501758045637,num_of_obs: 47, privacy reward: 0.1466069621303493, g: 2.1138855859426607e-05, curr_delay = 0.8242066745478739, data_size = 1666
user 25, emp_avg: 0.06009195799115158, h: 0.8507729344028329, ucb: 0.9109382931917169,num_of_obs: 47, privacy reward: 0.1466069621303493, g: 2.1138855859426607e-05, curr_delay = 0.8827353135906858, data_size = 1666
user 26, emp_avg: 0.05961458899061455, h: 0.8507729344028329, ucb: 0.9103087430860273,num_of_obs: 47, privacy reward: 0.1466069621303493, g: 2.1138855859426607e-05, curr_delay = 0.7896740522888097, data_size = 1666
user 27, emp_avg: 0.05755639199532498, h: 0.8507729344028329, ucb: 0.9083317037028157,num_of_obs: 47, privacy reward: 0.1466069621303493, g: 2.1138855859426607e-05, curr_delay = 0.8704029434948486, data_size = 1666
user 29, emp_avg: 0.05631313973719723, h: 0.8507729344028329, ucb: 0.9071704718804078,num_of_obs: 47, privacy reward: 0.1466069621303493, g: 2.1138855859426607e-05, curr_delay = 0.9551746847883176, data_size = 1666
num of fast users chosen: 0, num of slow users chosen: 5
Shared resource constraint latency penalty: 0.0000 seconds
Shared resource constraint reward penalty: 0.0000
max_delay = 0.96 seconds
global epoch 290 has been done artifficialy in 0.96 secs, the total time by now is 173.68 
 with avg train loss 1.009, val loss 0.942, avg val acc 66.80%
iteration: 291
user 13, emp_avg: 0.2747134006716249, h: 0.8421195926924137, ucb: 1.1163050653584017,num_of_obs: 48, privacy reward: 0.14085842092104417, g: 2.9522561141223915e-06, curr_delay = 0.16663670264236247, data_size = 1666
user 14, emp_avg: 0.29212310137154696, h: 0.8421195926924137, ucb: 1.133892941585323,num_of_obs: 48, privacy reward: 0.14085842092104417, g: 2.9522561141223915e-06, curr_delay = 0.16185880183948145, data_size = 1666
user 15, emp_avg: 0.06996310339577831, h: 0.8421195926924137, ucb: 0.9122657541874424,num_of_obs: 48, privacy reward: 0.14085842092104417, g: 2.9522561141223915e-06, curr_delay = 0.8173097758661301, data_size = 1666
user 17, emp_avg: 0.06851780261239081, h: 0.8421195926924137, ucb: 0.9107587276648714,num_of_obs: 48, privacy reward: 0.14085842092104417, g: 2.9522561141223915e-06, curr_delay = 0.7975264006756738, data_size = 1666
user 28, emp_avg: 0.056340472272856566, h: 0.8510311593044048, ucb: 0.9073941190596289,num_of_obs: 47, privacy reward: 0.1466069621303493, g: 2.6570305027101523e-05, curr_delay = 0.9044279973270859, data_size = 1666
num of fast users chosen: 2, num of slow users chosen: 3
Shared resource constraint latency penalty: 0.0000 seconds
Shared resource constraint reward penalty: 0.0000
max_delay = 0.90 seconds
global epoch 291 has been done artifficialy in 0.90 secs, the total time by now is 174.58 
 with avg train loss 1.017, val loss 0.971, avg val acc 65.85%
iteration: 292
user 11, emp_avg: 0.32354778357979924, h: 0.8423741599096778, ucb: 1.1670620141982089,num_of_obs: 48, privacy reward: 0.14085842092104417, g: 5.2125685452763695e-06, curr_delay = 0.18599502850806557, data_size = 1666
user 16, emp_avg: 0.06740041542338691, h: 0.8423741599096778, ucb: 0.9098986543893075,num_of_obs: 48, privacy reward: 0.14085842092104417, g: 5.2125685452763695e-06, curr_delay = 0.8137408842478275, data_size = 1666
user 18, emp_avg: 0.06737212030286563, h: 0.8423741599096778, ucb: 0.9096505370833579,num_of_obs: 48, privacy reward: 0.14085842092104417, g: 5.2125685452763695e-06, curr_delay = 0.6947552460621711, data_size = 1666
user 19, emp_avg: 0.06500352085576665, h: 0.8423741599096778, ucb: 0.9072273532539478,num_of_obs: 48, privacy reward: 0.14085842092104417, g: 5.2125685452763695e-06, curr_delay = 0.6923362669762735, data_size = 1666
user 20, emp_avg: 0.06470165814232341, h: 0.8423741599096778, ucb: 0.9070456778971748,num_of_obs: 48, privacy reward: 0.14085842092104417, g: 5.2125685452763695e-06, curr_delay = 0.7558763462801972, data_size = 1666
num of fast users chosen: 1, num of slow users chosen: 4
Shared resource constraint latency penalty: 0.0000 seconds
Shared resource constraint reward penalty: 0.0000
max_delay = 0.81 seconds
global epoch 292 has been done artifficialy in 0.81 secs, the total time by now is 175.40 
 with avg train loss 1.000, val loss 1.001, avg val acc 64.74%
iteration: 293
user 10, emp_avg: 0.34679602504476964, h: 0.8426277802963379, ucb: 1.191526633609055,num_of_obs: 48, privacy reward: 0.14085842092104417, g: 8.089138422630929e-06, curr_delay = 0.20336754844310617, data_size = 1666
user 21, emp_avg: 0.06262005001627996, h: 0.8426277802963379, ucb: 0.9053024878184224,num_of_obs: 48, privacy reward: 0.14085842092104417, g: 8.089138422630929e-06, curr_delay = 0.8333820898293638, data_size = 1666
user 23, emp_avg: 0.06233103475362013, h: 0.8426277802963379, ucb: 0.9049477552365043,num_of_obs: 48, privacy reward: 0.14085842092104417, g: 8.089138422630929e-06, curr_delay = 0.7953942751840283, data_size = 1666
user 24, emp_avg: 0.06023725429533545, h: 0.8426277802963379, ucb: 0.9028151707499089,num_of_obs: 48, privacy reward: 0.14085842092104417, g: 8.089138422630929e-06, curr_delay = 0.7983302928308564, data_size = 1666
user 25, emp_avg: 0.0601428013875383, h: 0.8426277802963379, ucb: 0.9027197382874894,num_of_obs: 48, privacy reward: 0.14085842092104417, g: 8.089138422630929e-06, curr_delay = 0.7989353781620036, data_size = 1666
num of fast users chosen: 1, num of slow users chosen: 4
Shared resource constraint latency penalty: 0.0000 seconds
Shared resource constraint reward penalty: 0.0000
max_delay = 0.83 seconds
global epoch 293 has been done artifficialy in 0.83 secs, the total time by now is 176.23 
 with avg train loss 1.010, val loss 0.958, avg val acc 66.15%
iteration: 294
user 12, emp_avg: 0.3019280098793566, h: 0.8428804606332592, ucb: 1.1469576642992287,num_of_obs: 48, privacy reward: 0.14085842092104417, g: 1.1569253551760866e-05, curr_delay = 0.25155118013690664, data_size = 1666
user 26, emp_avg: 0.05952162880829506, h: 0.8428804606332592, ucb: 0.9024950496238737,num_of_obs: 48, privacy reward: 0.14085842092104417, g: 1.1569253551760866e-05, curr_delay = 0.9081078401358678, data_size = 1666
user 27, emp_avg: 0.05758721465242245, h: 0.8428804606332592, ucb: 0.9004368526285842,num_of_obs: 48, privacy reward: 0.14085842092104417, g: 1.1569253551760866e-05, curr_delay = 0.846500619529094, data_size = 1666
user 28, emp_avg: 0.05656554106933317, h: 0.8428804606332592, ucb: 0.8992209329061157,num_of_obs: 48, privacy reward: 0.14085842092104417, g: 1.1569253551760866e-05, curr_delay = 0.742182848192734, data_size = 1666
user 29, emp_avg: 0.056268663697114786, h: 0.8428804606332592, ucb: 0.8991936003704564,num_of_obs: 48, privacy reward: 0.14085842092104417, g: 1.1569253551760866e-05, curr_delay = 0.9236371228068313, data_size = 1666
num of fast users chosen: 1, num of slow users chosen: 4
Shared resource constraint latency penalty: 0.0000 seconds
Shared resource constraint reward penalty: 0.0000
max_delay = 0.92 seconds
global epoch 294 has been done artifficialy in 0.92 secs, the total time by now is 177.16 
 with avg train loss 1.026, val loss 0.927, avg val acc 67.90%
iteration: 295
user 1, emp_avg: 0.6572436147382951, h: 0.8344844692070267, ucb: 1.4847330556746747,num_of_obs: 49, privacy reward: 0.13533528323661181, g: 3.191930798940283e-07, curr_delay = 0.05, data_size = 1666
user 5, emp_avg: 0.5206408035456963, h: 0.8344844692070267, ucb: 1.3453424320087577,num_of_obs: 49, privacy reward: 0.13533528323661181, g: 3.191930798940283e-07, curr_delay = 0.05, data_size = 1666
user 9, emp_avg: 0.3780113208670931, h: 0.8344844692070267, ucb: 1.2131229135143093,num_of_obs: 49, privacy reward: 0.13533528323661181, g: 3.191930798940283e-07, curr_delay = 0.14397510033890934, data_size = 1666
user 12, emp_avg: 0.3015159838632184, h: 0.8344844692070267, ucb: 1.1364124790863832,num_of_obs: 49, privacy reward: 0.13533528323661181, g: 3.191930798940283e-07, curr_delay = 0.17772930328888267, data_size = 1666
user 22, emp_avg: 0.06292771490083511, h: 0.8431322076296679, ucb: 0.9061358599849952,num_of_obs: 48, privacy reward: 0.14085842092104417, g: 1.5640460914807385e-05, curr_delay = 0.8434161330381522, data_size = 1666
num of fast users chosen: 4, num of slow users chosen: 1
Shared resource constraint latency penalty: 0.0000 seconds
Shared resource constraint reward penalty: 0.0000
max_delay = 0.84 seconds
global epoch 295 has been done artifficialy in 0.84 secs, the total time by now is 178.00 
 with avg train loss 1.009, val loss 0.943, avg val acc 67.03%
iteration: 296
user 0, emp_avg: 0.7141869413275458, h: 0.8347327169176623, ucb: 1.543086738680464,num_of_obs: 49, privacy reward: 0.13533528323661181, g: 1.2681600519438099e-06, curr_delay = 0.05, data_size = 1666
user 1, emp_avg: 0.6534707004036535, h: 0.8263432304550496, ucb: 1.4835868451933447,num_of_obs: 50, privacy reward: 0.13002871087842505, g: -5.072640207775364e-06, curr_delay = 0.1075673678403812, data_size = 1666
user 2, emp_avg: 0.6533687991009702, h: 0.8347327169176623, ucb: 1.4925539739806761,num_of_obs: 49, privacy reward: 0.13533528323661181, g: 1.2681600519438099e-06, curr_delay = 0.11489013910665759, data_size = 1666
user 3, emp_avg: 0.6399588558908798, h: 0.8263432304550496, ucb: 1.459101263463747,num_of_obs: 50, privacy reward: 0.13002871087842505, g: -5.072640207775364e-06, curr_delay = 0.05, data_size = 1666
user 4, emp_avg: 0.5626910196048761, h: 0.8347327169176623, ucb: 1.401578966558017,num_of_obs: 49, privacy reward: 0.13533528323661181, g: 1.2681600519438099e-06, curr_delay = 0.1392428954364844, data_size = 1666
num of fast users chosen: 5, num of slow users chosen: 0
Shared resource constraint latency penalty: 0.0000 seconds
Shared resource constraint reward penalty: 0.0000
max_delay = 0.14 seconds
global epoch 296 has been done artifficialy in 0.14 secs, the total time by now is 178.14 
 with avg train loss 1.016, val loss 0.952, avg val acc 67.38%
iteration: 297
user 0, emp_avg: 0.7089968785193288, h: 0.8265880816079578, ucb: 1.5407750229355037,num_of_obs: 50, privacy reward: 0.13002871087842505, g: -2.83417791835307e-06, curr_delay = 0.11123625483728715, data_size = 1666
user 1, emp_avg: 0.6470363622205947, h: 0.8184441580579221, ucb: 1.4719148584615755,num_of_obs: 51, privacy reward: 0.12493021219858158, g: -2.550760126517707e-05, curr_delay = 0.15679628074861757, data_size = 1666
user 2, emp_avg: 0.6601654893146767, h: 0.8265880816079578, ucb: 1.479956880708928,num_of_obs: 50, privacy reward: 0.13002871087842505, g: -2.83417791835307e-06, curr_delay = 0.05, data_size = 1666
user 3, emp_avg: 0.6468827240468245, h: 0.8184441580579221, ucb: 1.4584030139488018,num_of_obs: 51, privacy reward: 0.12493021219858158, g: -2.550760126517707e-05, curr_delay = 0.05, data_size = 1666
user 4, emp_avg: 0.5574283070020204, h: 0.8265880816079578, ucb: 1.3892791012128338,num_of_obs: 50, privacy reward: 0.13002871087842505, g: -2.83417791835307e-06, curr_delay = 0.1698988929443057, data_size = 1666
num of fast users chosen: 5, num of slow users chosen: 0
Shared resource constraint latency penalty: 0.0000 seconds
Shared resource constraint reward penalty: 0.0000
max_delay = 0.17 seconds
global epoch 297 has been done artifficialy in 0.17 secs, the total time by now is 178.31 
 with avg train loss 1.026, val loss 0.934, avg val acc 67.23%
iteration: 298
user 4, emp_avg: 0.5592228978667585, h: 0.8186857104713918, ucb: 1.3761140174734123,num_of_obs: 51, privacy reward: 0.12493021219858158, g: -2.0019118257936436e-05, curr_delay = 0.07683477225974941, data_size = 1666
user 5, emp_avg: 0.5248089984812081, h: 0.8268320375872288, ucb: 1.347472841132925,num_of_obs: 50, privacy reward: 0.13002871087842505, g: -1.2511948911210583e-06, curr_delay = 0.0681924736969027, data_size = 1666
user 6, emp_avg: 0.4815264659036601, h: 0.8352264866860283, ucb: 1.3191789782805934,num_of_obs: 49, privacy reward: 0.13533528323661181, g: 5.004779564483985e-06, curr_delay = 0.1378735242792115, data_size = 1666
user 7, emp_avg: 0.4599733705076811, h: 0.8352264866860283, ucb: 1.2841789055714172,num_of_obs: 49, privacy reward: 0.13533528323661181, g: 5.004779564483985e-06, curr_delay = 0.05, data_size = 1666
user 8, emp_avg: 0.37586412371527933, h: 0.8352264866860283, ucb: 1.2146828954583528,num_of_obs: 49, privacy reward: 0.13533528323661181, g: 5.004779564483985e-06, curr_delay = 0.25019746094012285, data_size = 1666
num of fast users chosen: 5, num of slow users chosen: 0
Shared resource constraint latency penalty: 0.0000 seconds
Shared resource constraint reward penalty: 0.0000
max_delay = 0.25 seconds
global epoch 298 has been done artifficialy in 0.25 secs, the total time by now is 178.56 
 with avg train loss 0.981, val loss 0.956, avg val acc 66.94%
iteration: 299
user 10, emp_avg: 0.34771002649973015, h: 0.8354720215438295, ucb: 1.182268046588599,num_of_obs: 49, privacy reward: 0.13533528323661181, g: 7.767748061480733e-06, curr_delay = 0.12738980153223353, data_size = 1666
user 11, emp_avg: 0.3222913445485187, h: 0.8354720215438295, ucb: 1.1590198051236287,num_of_obs: 49, privacy reward: 0.13533528323661181, g: 7.767748061480733e-06, curr_delay = 0.191772328861434, data_size = 1666
user 13, emp_avg: 0.274702470896392, h: 0.8354720215438295, ucb: 1.1101854222154544,num_of_obs: 49, privacy reward: 0.13533528323661181, g: 7.767748061480733e-06, curr_delay = 0.18237065753732148, data_size = 1666
user 14, emp_avg: 0.2913616543397454, h: 0.8354720215438295, ucb: 1.1275951229153764,num_of_obs: 49, privacy reward: 0.13533528323661181, g: 7.767748061480733e-06, curr_delay = 0.1968110703983723, data_size = 1666
user 15, emp_avg: 0.06998270852369123, h: 0.8354720215438295, ucb: 0.9054351249396078,num_of_obs: 49, privacy reward: 0.13533528323661181, g: 7.767748061480733e-06, curr_delay = 0.7047875960061858, data_size = 1666
num of fast users chosen: 4, num of slow users chosen: 1
Shared resource constraint latency penalty: 0.0000 seconds
Shared resource constraint reward penalty: 0.0000
max_delay = 0.70 seconds
global epoch 299 has been done artifficialy in 0.70 secs, the total time by now is 179.26 
 with avg train loss 1.025, val loss 1.000, avg val acc 64.12%
iteration: 300
user 16, emp_avg: 0.06747151712119678, h: 0.8357166648065918, ucb: 0.9031170802299787,num_of_obs: 49, privacy reward: 0.13533528323661181, g: 1.111111111111107e-05, curr_delay = 0.7046670064874285, data_size = 1666
user 17, emp_avg: 0.06848714283549534, h: 0.8357166648065918, ucb: 0.9042344674189826,num_of_obs: 49, privacy reward: 0.13533528323661181, g: 1.111111111111107e-05, curr_delay = 0.7464378444561927, data_size = 1666
user 18, emp_avg: 0.06749217210914536, h: 0.8357166648065918, ucb: 0.9030887851094574,num_of_obs: 49, privacy reward: 0.13533528323661181, g: 1.111111111111107e-05, curr_delay = 0.6814336926122904, data_size = 1666
user 19, emp_avg: 0.06507563890870138, h: 0.8357166648065918, ucb: 0.9007201856623585,num_of_obs: 49, privacy reward: 0.13533528323661181, g: 1.111111111111107e-05, curr_delay = 0.728762864450769, data_size = 1666
user 20, emp_avg: 0.06481390525850689, h: 0.8357166648065918, ucb: 0.9004183229489152,num_of_obs: 49, privacy reward: 0.13533528323661181, g: 1.111111111111107e-05, curr_delay = 0.7110957999708336, data_size = 1666
num of fast users chosen: 0, num of slow users chosen: 5
Shared resource constraint latency penalty: 0.0000 seconds
Shared resource constraint reward penalty: 0.0000
max_delay = 0.75 seconds
global epoch 300 has been done artifficialy in 0.75 secs, the total time by now is 180.01 
 with avg train loss 1.007, val loss 0.931, avg val acc 67.39%
