Namespace(data='cifar10', full_exp=False, i_i_d=False, wandb=True, method_choosing_users='pause brute', model='cnn3', num_users=30, num_users_per_round=5, global_epochs=300, max_seconds=600, epsilon_bar=100, epsilon_sum_deascent_coeff=0.04, delta_f=0.012, accel_ucb_coeff=1, alpha=20, beta=2, gamma=2, choosing_users_verbose=True, sa_pause_verbose=False, snr_verbose=True, dirichlet_coeff=3, label_dominance=0.25, max_iterations_sa_pause=3000, sa_pause_simulation=False, max_time_sa_pause=600, pre_sa_pause_rounds=1, beta_max_reduction=70, data_truncation=None, tau_min=0.05, production=False, privacy_noise='laplace', privacy=True, save_best_model=False, seed=1, norm_mean=0.5, norm_std=0.5, train_batch_size=20, test_batch_size=1000, local_epochs=1, local_iterations=100, lr=0.01, momentum=0.5, lr_scheduler=False, optimizer='adam', device=device(type='cuda'))
=================================================================
Layer (type:depth-idx)                   Param #
=================================================================
CNN3LayerCifar                           --
├─Conv2d: 1-1                            896
├─BatchNorm2d: 1-2                       64
├─Conv2d: 1-3                            18,496
├─BatchNorm2d: 1-4                       128
├─Conv2d: 1-5                            73,856
├─BatchNorm2d: 1-6                       256
├─MaxPool2d: 1-7                         --
├─Linear: 1-8                            65,664
├─BatchNorm1d: 1-9                       256
├─Linear: 1-10                           8,256
├─BatchNorm1d: 1-11                      128
├─Linear: 1-12                           2,080
├─BatchNorm1d: 1-13                      64
├─Linear: 1-14                           330
├─Dropout: 1-15                          --
├─Dropout: 1-16                          --
├─Dropout: 1-17                          --
=================================================================
Total params: 170,474
Trainable params: 170,474
Non-trainable params: 0
=================================================================
iteration: 1
user 9, emp_avg: 0.368350743829911, h: 0, ucb: inf,num_of_obs(calculated after picking at this round): 1, privacy reward: 0.9607894391523232, g: 0.005907764200395822, curr_delay = 0.135740190124573, data_size = 600
user 18, emp_avg: 0.07259417920113882, h: 0, ucb: inf,num_of_obs(calculated after picking at this round): 1, privacy reward: 0.9607894391523232, g: 0.010953798939883354, curr_delay = 0.6887604564198396, data_size = 817
user 20, emp_avg: 0.06320965882322366, h: 0, ucb: inf,num_of_obs(calculated after picking at this round): 1, privacy reward: 0.9607894391523232, g: 0.00569313184490422, curr_delay = 0.791018349582195, data_size = 589
user 22, emp_avg: 0.06376510416931987, h: 0, ucb: inf,num_of_obs(calculated after picking at this round): 1, privacy reward: 0.9607894391523232, g: 0.021364461013820873, curr_delay = 0.7841279435101614, data_size = 1141
user 24, emp_avg: 0.059377541356343176, h: 0, ucb: inf,num_of_obs(calculated after picking at this round): 1, privacy reward: 0.9607894391523232, g: 0.029115825085230775, curr_delay = 0.8420692210870501, data_size = 1332
num of fast users chosen: 1, num of slow users chosen: 4
max_delay = 0.84 seconds
after cleansing the weights updates who were almost zeros (meaning with absolute value of less than 10**-7, 0.00% of the weights upadtes) we get:
user No.9 has been picked 1, his deltas theta's mean
 is -0.0005260239122435451,
the empirical var of deltas thetas is 0.003336654044687748
the minimum of the deltas theta is -0.18962401151657104 and the maximum is 0.19251637160778046
the added laplace noise var is 0.003060399989333737
global epoch 1 has been done artifficialy in 0.84 secs, the total time by now is 0.84 
 with avg train loss 2.033, val loss 2.355, avg val acc 10.00%
iteration: 2
user 1, emp_avg: 1.0, h: 0, ucb: inf,num_of_obs(calculated after picking at this round): 1, privacy reward: 0.9607894391523232, g: 0.012250339845940776, curr_delay = 0.05, data_size = 864
user 4, emp_avg: 0.2415285993748533, h: 0, ucb: inf,num_of_obs(calculated after picking at this round): 1, privacy reward: 0.9607894391523232, g: 0.17089076062773254, curr_delay = 0.20701482196897028, data_size = 3227
user 6, emp_avg: 0.43169363841122327, h: 0, ucb: inf,num_of_obs(calculated after picking at this round): 1, privacy reward: 0.9607894391523232, g: 0.1316155339620983, curr_delay = 0.11582287889165264, data_size = 2832
user 13, emp_avg: 0.22058373257438998, h: 0, ucb: inf,num_of_obs(calculated after picking at this round): 1, privacy reward: 0.9607894391523232, g: 0.09650373847486858, curr_delay = 0.22667129355578353, data_size = 2425
user 29, emp_avg: 0.05646598705966742, h: 0, ucb: inf,num_of_obs(calculated after picking at this round): 1, privacy reward: 0.9607894391523232, g: 0.009503639754159526, curr_delay = 0.8854888155442173, data_size = 761
num of fast users chosen: 4, num of slow users chosen: 1
max_delay = 0.89 seconds
after cleansing the weights updates who were almost zeros (meaning with absolute value of less than 10**-7, 0.00% of the weights upadtes) we get:
user No.1 has been picked 1, his deltas theta's mean
 is -0.0005095909582450986,
the empirical var of deltas thetas is 0.0036203849595040083
the minimum of the deltas theta is -0.21066489815711975 and the maximum is 0.2057962715625763
the added laplace noise var is 0.003060399989333737
global epoch 2 has been done artifficialy in 0.89 secs, the total time by now is 1.73 
 with avg train loss 1.950, val loss 2.338, avg val acc 10.00%
iteration: 3
user 5, emp_avg: 0.46393626732445176, h: 0, ucb: inf,num_of_obs(calculated after picking at this round): 1, privacy reward: 0.9607894391523232, g: 0.009958537597590003, curr_delay = 0.10777342389796986, data_size = 779
user 16, emp_avg: 0.06834462259482565, h: 0, ucb: inf,num_of_obs(calculated after picking at this round): 1, privacy reward: 0.9607894391523232, g: 0.01956887813739112, curr_delay = 0.7315864526229088, data_size = 1092
user 23, emp_avg: 0.06560274165651439, h: 0, ucb: inf,num_of_obs(calculated after picking at this round): 1, privacy reward: 0.9607894391523232, g: 0.008225970872631144, curr_delay = 0.7621632684467993, data_size = 708
user 26, emp_avg: 0.06000725422208504, h: 0, ucb: inf,num_of_obs(calculated after picking at this round): 1, privacy reward: 0.9607894391523232, g: 0.030935826720355494, curr_delay = 0.8332325924287671, data_size = 1373
user 28, emp_avg: 0.05771600270317652, h: 0, ucb: inf,num_of_obs(calculated after picking at this round): 1, privacy reward: 0.9607894391523232, g: 0.02531417882227606, curr_delay = 0.866310861082002, data_size = 1242
num of fast users chosen: 1, num of slow users chosen: 4
max_delay = 0.87 seconds
after cleansing the weights updates who were almost zeros (meaning with absolute value of less than 10**-7, 0.00% of the weights upadtes) we get:
user No.5 has been picked 1, his deltas theta's mean
 is -0.0017052422044798732,
the empirical var of deltas thetas is 0.0035933838225901127
the minimum of the deltas theta is -0.21608322858810425 and the maximum is 0.20438715815544128
the added laplace noise var is 0.003060399989333737
global epoch 3 has been done artifficialy in 0.87 secs, the total time by now is 2.59 
 with avg train loss 1.977, val loss 2.341, avg val acc 10.00%
iteration: 4
user 3, emp_avg: 1.0, h: 0, ucb: inf,num_of_obs(calculated after picking at this round): 1, privacy reward: 0.9607894391523232, g: 0.006166540682829272, curr_delay = 0.05, data_size = 613
user 7, emp_avg: 0.40697876547973316, h: 0, ucb: inf,num_of_obs(calculated after picking at this round): 1, privacy reward: 0.9607894391523232, g: 0.003091007871471543, curr_delay = 0.12285653267698537, data_size = 434
user 12, emp_avg: 0.294706139289177, h: 0, ucb: inf,num_of_obs(calculated after picking at this round): 1, privacy reward: 0.9607894391523232, g: 0.005907764200395822, curr_delay = 0.16966053072595844, data_size = 600
user 19, emp_avg: 0.06361901336220062, h: 0, ucb: inf,num_of_obs(calculated after picking at this round): 1, privacy reward: 0.9607894391523232, g: 0.008793116235869144, curr_delay = 0.7859285669102756, data_size = 732
user 25, emp_avg: 0.05940050064962854, h: 0, ucb: inf,num_of_obs(calculated after picking at this round): 1, privacy reward: 0.9607894391523232, g: 0.011912415733678138, curr_delay = 0.841743747160028, data_size = 852
num of fast users chosen: 3, num of slow users chosen: 2
max_delay = 0.84 seconds
after cleansing the weights updates who were almost zeros (meaning with absolute value of less than 10**-7, 0.00% of the weights upadtes) we get:
user No.3 has been picked 1, his deltas theta's mean
 is -0.0024373286869376898,
the empirical var of deltas thetas is 0.00334147154353559
the minimum of the deltas theta is -0.21021994948387146 and the maximum is 0.19691438972949982
the added laplace noise var is 0.003060399989333737
global epoch 4 has been done artifficialy in 0.84 secs, the total time by now is 3.44 
 with avg train loss 2.052, val loss 2.343, avg val acc 10.00%
iteration: 5
user 0, emp_avg: 1.0, h: 0, ucb: inf,num_of_obs(calculated after picking at this round): 1, privacy reward: 0.9607894391523232, g: 0.1525581806120109, curr_delay = 0.05, data_size = 3049
user 8, emp_avg: 0.2748699522224892, h: 0, ucb: inf,num_of_obs(calculated after picking at this round): 1, privacy reward: 0.9607894391523232, g: 0.09555101303481808, curr_delay = 0.1819042045000549, data_size = 2413
user 15, emp_avg: 0.06372812772131234, h: 0, ucb: inf,num_of_obs(calculated after picking at this round): 1, privacy reward: 0.9607894391523232, g: 0.010980630035626819, curr_delay = 0.7845829116250453, data_size = 818
user 17, emp_avg: 0.07192808134748839, h: 0, ucb: inf,num_of_obs(calculated after picking at this round): 1, privacy reward: 0.9607894391523232, g: 0.05048703079651377, curr_delay = 0.6951387978562551, data_size = 1754
user 27, emp_avg: 0.05718282856523988, h: 0, ucb: inf,num_of_obs(calculated after picking at this round): 1, privacy reward: 0.9607894391523232, g: 0.04060486746166999, curr_delay = 0.8743883654330777, data_size = 1573
num of fast users chosen: 2, num of slow users chosen: 3
max_delay = 0.87 seconds
after cleansing the weights updates who were almost zeros (meaning with absolute value of less than 10**-7, 0.00% of the weights upadtes) we get:
user No.0 has been picked 1, his deltas theta's mean
 is -0.0018463365267962217,
the empirical var of deltas thetas is 0.004683880601078272
the minimum of the deltas theta is -0.3273693025112152 and the maximum is 0.2939574122428894
the added laplace noise var is 0.003060399989333737
global epoch 5 has been done artifficialy in 0.87 secs, the total time by now is 4.31 
 with avg train loss 1.907, val loss 2.330, avg val acc 10.00%
iteration: 6
user 2, emp_avg: 0.3709772917096836, h: 0, ucb: inf,num_of_obs(calculated after picking at this round): 1, privacy reward: 0.9607894391523232, g: 0.013679247490999294, curr_delay = 0.13477913909385214, data_size = 913
user 10, emp_avg: 0.22724836068491255, h: 0, ucb: inf,num_of_obs(calculated after picking at this round): 1, privacy reward: 0.9607894391523232, g: 0.021854066971928682, curr_delay = 0.22002358938609318, data_size = 1154
user 11, emp_avg: 0.5136574417102189, h: 0, ucb: inf,num_of_obs(calculated after picking at this round): 1, privacy reward: 0.9607894391523232, g: 0.008249224488942147, curr_delay = 0.09734113815916957, data_size = 709
user 14, emp_avg: 0.39161879476200534, h: 0, ucb: inf,num_of_obs(calculated after picking at this round): 1, privacy reward: 0.9607894391523232, g: 0.07564578618895108, curr_delay = 0.1276751797124191, data_size = 2147
user 21, emp_avg: 0.05998952673650458, h: 0, ucb: inf,num_of_obs(calculated after picking at this round): 1, privacy reward: 0.9607894391523232, g: 0.036335112938114464, curr_delay = 0.8334788207217879, data_size = 1488
num of fast users chosen: 4, num of slow users chosen: 1
max_delay = 0.83 seconds
after cleansing the weights updates who were almost zeros (meaning with absolute value of less than 10**-7, 0.00% of the weights upadtes) we get:
user No.2 has been picked 1, his deltas theta's mean
 is -0.0013492347206920385,
the empirical var of deltas thetas is 0.003912673331797123
the minimum of the deltas theta is -0.23335662484169006 and the maximum is 0.22655978798866272
the added laplace noise var is 0.003060399989333737
global epoch 6 has been done artifficialy in 0.83 secs, the total time by now is 5.14 
 with avg train loss 1.964, val loss 2.320, avg val acc 10.00%
iteration: 7
user 0, emp_avg: 0.7434240432858308, h: 3.416937355927363, ucb: 4.416937355927363,num_of_obs(calculated after picking at this round): 2, privacy reward: 0.9231163463866358, g: 0.06137006692529721, curr_delay = 0.10270144091988795, data_size = 3049
user 4, emp_avg: 0.6207642996874266, h: 3.416937355927363, ucb: 3.6584659553022165,num_of_obs(calculated after picking at this round): 2, privacy reward: 0.9231163463866358, g: 0.07318767898514493, curr_delay = 0.05, data_size = 3227
user 6, emp_avg: 0.4857638095233905, h: 3.416937355927363, ucb: 3.848630994338586,num_of_obs(calculated after picking at this round): 2, privacy reward: 0.9231163463866358, g: 0.04836982503057919, curr_delay = 0.09262106831647382, data_size = 2832
user 8, emp_avg: 0.37600073158298375, h: 3.416937355927363, ucb: 3.691807308149852,num_of_obs(calculated after picking at this round): 2, privacy reward: 0.9231163463866358, g: 0.027641099460103263, curr_delay = 0.10479291108049049, data_size = 2413
user 13, emp_avg: 0.22588193032896287, h: 3.416937355927363, ucb: 3.637521088501753,num_of_obs(calculated after picking at this round): 2, privacy reward: 0.9231163463866358, g: 0.02815461357728586, curr_delay = 0.21628156543772117, data_size = 2425
num of fast users chosen: 5, num of slow users chosen: 0
max_delay = 0.22 seconds
after cleansing the weights updates who were almost zeros (meaning with absolute value of less than 10**-7, 0.00% of the weights upadtes) we get:
user No.0 has been picked 2, his deltas theta's mean
 is -0.00048267259262502193,
the empirical var of deltas thetas is 0.0045914119109511375
the minimum of the deltas theta is -0.5675058960914612 and the maximum is 0.35113927721977234
the added laplace noise var is 0.0031852972822368235
global epoch 7 has been done artifficialy in 0.22 secs, the total time by now is 5.36 
 with avg train loss 1.879, val loss 2.318, avg val acc 10.00%
iteration: 8
user 1, emp_avg: 0.8490048007809268, h: 3.5322300675464238, ucb: 4.532230067546424,num_of_obs(calculated after picking at this round): 2, privacy reward: 0.9231163463866358, g: -0.00020502650526285537, curr_delay = 0.07163225246203048, data_size = 864
user 3, emp_avg: 0.8009990133845127, h: 3.5322300675464238, ucb: 4.532230067546424,num_of_obs(calculated after picking at this round): 2, privacy reward: 0.9231163463866358, g: -0.002159709574223292, curr_delay = 0.08305675064809473, data_size = 613
user 5, emp_avg: 0.7319681336622259, h: 3.5322300675464238, ucb: 3.9961663348708756,num_of_obs(calculated after picking at this round): 2, privacy reward: 0.9231163463866358, g: -0.0006354194351037754, curr_delay = 0.05, data_size = 779
user 11, emp_avg: 0.38609235338192494, h: 3.5322300675464238, ucb: 4.045887509256643,num_of_obs(calculated after picking at this round): 2, privacy reward: 0.9231163463866358, g: -0.0011679141202608414, curr_delay = 0.19340319865151392, data_size = 709
user 14, emp_avg: 0.2982961451562941, h: 3.5322300675464238, ucb: 3.923848862308429,num_of_obs(calculated after picking at this round): 2, privacy reward: 0.9231163463866358, g: 0.022511338570391472, curr_delay = 0.24393397724761512, data_size = 2147
num of fast users chosen: 5, num of slow users chosen: 0
max_delay = 0.24 seconds
after cleansing the weights updates who were almost zeros (meaning with absolute value of less than 10**-7, 0.00% of the weights upadtes) we get:
user No.1 has been picked 2, his deltas theta's mean
 is 8.735297888051718e-05,
the empirical var of deltas thetas is 0.001290160813368857
the minimum of the deltas theta is -0.19573506712913513 and the maximum is 0.2135055661201477
the added laplace noise var is 0.0031852972822368235
global epoch 8 has been done artifficialy in 0.24 secs, the total time by now is 5.60 
 with avg train loss 1.920, val loss 2.313, avg val acc 10.00%
iteration: 9
user 2, emp_avg: 0.5133683920794768, h: 3.63088797183517, ucb: 4.001865263544854,num_of_obs(calculated after picking at this round): 2, privacy reward: 0.9231163463866358, g: 3.418979548597696e-05, curr_delay = 0.07624746660280794, data_size = 913
user 7, emp_avg: 0.3416440673570602, h: 3.63088797183517, ucb: 4.0378667373149035,num_of_obs(calculated after picking at this round): 2, privacy reward: 0.9231163463866358, g: -0.003081835042403417, curr_delay = 0.18095658550610377, data_size = 434
user 9, emp_avg: 0.31613845185891143, h: 3.63088797183517, ucb: 3.999238715665081,num_of_obs(calculated after picking at this round): 2, privacy reward: 0.9231163463866358, g: -0.0011730028789896975, curr_delay = 0.18944692720583192, data_size = 600
user 10, emp_avg: 0.29019137852572896, h: 3.63088797183517, ucb: 3.8581363325200826,num_of_obs(calculated after picking at this round): 2, privacy reward: 0.9231163463866358, g: 0.0013483657423583866, curr_delay = 0.14158915278278683, data_size = 1154
user 12, emp_avg: 0.24081396070043237, h: 3.63088797183517, ucb: 3.9255941111243473,num_of_obs(calculated after picking at this round): 2, privacy reward: 0.9231163463866358, g: -0.0011730028789896975, curr_delay = 0.2674915648414076, data_size = 600
num of fast users chosen: 5, num of slow users chosen: 0
max_delay = 0.27 seconds
after cleansing the weights updates who were almost zeros (meaning with absolute value of less than 10**-7, 0.00% of the weights upadtes) we get:
user No.2 has been picked 2, his deltas theta's mean
 is -0.0015482042217627168,
the empirical var of deltas thetas is 0.002882232889533043
the minimum of the deltas theta is -0.2761344313621521 and the maximum is 0.2662593722343445
the added laplace noise var is 0.0031852972822368235
global epoch 9 has been done artifficialy in 0.27 secs, the total time by now is 5.87 
 with avg train loss 1.937, val loss 2.322, avg val acc 10.00%
iteration: 10
user 17, emp_avg: 0.07285166722473115, h: 3.7169221888498387, ucb: 3.7888502701973272,num_of_obs(calculated after picking at this round): 2, privacy reward: 0.9231163463866358, g: 0.015548392278412768, curr_delay = 0.6777340354344676, data_size = 1754
user 21, emp_avg: 0.058383440607990104, h: 3.7169221888498387, ucb: 3.776911715586343,num_of_obs(calculated after picking at this round): 2, privacy reward: 0.9231163463866358, g: 0.008211570113180439, curr_delay = 0.8806327885191346, data_size = 1488
user 24, emp_avg: 0.060493008831187536, h: 3.7169221888498387, ucb: 3.776299730206182,num_of_obs(calculated after picking at this round): 2, privacy reward: 0.9231163463866358, g: 0.004989105298394669, curr_delay = 0.8115766368191233, data_size = 1332
user 26, emp_avg: 0.05491767497555939, h: 3.7169221888498387, ucb: 3.7769294430719236,num_of_obs(calculated after picking at this round): 2, privacy reward: 0.9231163463866358, g: 0.005758659852993651, curr_delay = 1.003449946630533, data_size = 1373
user 27, emp_avg: 0.05682408654102532, h: 3.7169221888498387, ucb: 3.7741050174150788,num_of_obs(calculated after picking at this round): 2, privacy reward: 0.9231163463866358, g: 0.010303568494182604, curr_delay = 0.8854988918931347, data_size = 1573
num of fast users chosen: 0, num of slow users chosen: 5
max_delay = 1.00 seconds
after cleansing the weights updates who were almost zeros (meaning with absolute value of less than 10**-7, 0.00% of the weights upadtes) we get:
user No.17 has been picked 2, his deltas theta's mean
 is -0.0004809491219930351,
the empirical var of deltas thetas is 0.004002315457910299
the minimum of the deltas theta is -0.35563063621520996 and the maximum is 0.35319092869758606
the added laplace noise var is 0.0031852972822368235
global epoch 10 has been done artifficialy in 1.00 secs, the total time by now is 6.87 
 with avg train loss 1.865, val loss 2.343, avg val acc 10.00%
iteration: 11
user 15, emp_avg: 0.07012565231001688, h: 3.793068894284709, ucb: 3.8567970220060213,num_of_obs(calculated after picking at this round): 2, privacy reward: 0.9231163463866358, g: 0.00019263803689557006, curr_delay = 0.653396814224991, data_size = 818
user 16, emp_avg: 0.06946525860111447, h: 3.793068894284709, ucb: 3.8614135168795345,num_of_obs(calculated after picking at this round): 2, privacy reward: 0.9231163463866358, g: 0.002399012523048972, curr_delay = 0.7083568222532076, data_size = 1092
user 22, emp_avg: 0.06430631662344452, h: 3.793068894284709, ucb: 3.8568339984540287,num_of_obs(calculated after picking at this round): 2, privacy reward: 0.9231163463866358, g: 0.003053311431723489, curr_delay = 0.7710394013654878, data_size = 1141
user 25, emp_avg: 0.060389793385556514, h: 3.793068894284709, ucb: 3.8524693949343374,num_of_obs(calculated after picking at this round): 2, privacy reward: 0.9231163463866358, g: 0.00033251241038203253, curr_delay = 0.814609717405006, data_size = 852
user 28, emp_avg: 0.05751174396629402, h: 3.793068894284709, ucb: 3.8507848969878853,num_of_obs(calculated after picking at this round): 2, privacy reward: 0.9231163463866358, g: 0.0046505867760301325, curr_delay = 0.8724863741593541, data_size = 1242
num of fast users chosen: 0, num of slow users chosen: 5
max_delay = 0.87 seconds
after cleansing the weights updates who were almost zeros (meaning with absolute value of less than 10**-7, 0.00% of the weights upadtes) we get:
user No.15 has been picked 2, his deltas theta's mean
 is -0.0013499539345502853,
the empirical var of deltas thetas is 0.0018525831401348114
the minimum of the deltas theta is -0.2332906723022461 and the maximum is 0.2380186915397644
the added laplace noise var is 0.0031852972822368235
global epoch 11 has been done artifficialy in 0.87 secs, the total time by now is 7.75 
 with avg train loss 1.844, val loss 2.359, avg val acc 10.22%
iteration: 12
user 18, emp_avg: 0.07273591234644589, h: 3.8612743879097744, ucb: 3.9338685671109133,num_of_obs(calculated after picking at this round): 2, privacy reward: 0.9231163463866358, g: 0.0004548436934837685, curr_delay = 0.6860814405105629, data_size = 817
user 19, emp_avg: 0.0631604207159771, h: 3.8612743879097744, ucb: 3.924893401271975,num_of_obs(calculated after picking at this round): 2, privacy reward: 0.9231163463866358, g: 0.00010895777493068633, curr_delay = 0.7974249162939357, data_size = 732
user 20, emp_avg: 0.06301707878116516, h: 3.8612743879097744, ucb: 3.924484046732998,num_of_obs(calculated after picking at this round): 2, privacy reward: 0.9231163463866358, g: -6.210209362389859e-05, curr_delay = 0.7958678700746444, data_size = 589
user 23, emp_avg: 0.06578780709746618, h: 3.8612743879097744, ucb: 3.926877129566289,num_of_obs(calculated after picking at this round): 2, privacy reward: 0.9231163463866358, g: 5.4225621705241396e-05, curr_delay = 0.7578872660256459, data_size = 708
user 29, emp_avg: 0.05731111576484289, h: 3.8612743879097744, ucb: 3.917740374969442,num_of_obs(calculated after picking at this round): 2, privacy reward: 0.9231163463866358, g: 0.00020031533112256666, curr_delay = 0.8597529028164257, data_size = 761
num of fast users chosen: 0, num of slow users chosen: 5
max_delay = 0.86 seconds
after cleansing the weights updates who were almost zeros (meaning with absolute value of less than 10**-7, 0.00% of the weights upadtes) we get:
user No.18 has been picked 2, his deltas theta's mean
 is -0.00010546874545980245,
the empirical var of deltas thetas is 0.0005982985021546483
the minimum of the deltas theta is -0.17029902338981628 and the maximum is 0.2427380383014679
the added laplace noise var is 0.0031852972822368235
global epoch 12 has been done artifficialy in 0.86 secs, the total time by now is 8.61 
 with avg train loss 1.764, val loss 2.218, avg val acc 17.62%
iteration: 13
user 0, emp_avg: 0.8289493621905538, h: 2.7739589168523406, ucb: 3.517382960138171,num_of_obs(calculated after picking at this round): 3, privacy reward: 0.8869204367171574, g: 0.0560462137169363, curr_delay = 0.05, data_size = 3049
user 1, emp_avg: 0.6689662038569896, h: 2.7739589168523406, ucb: 3.6229637176332674,num_of_obs(calculated after picking at this round): 3, privacy reward: 0.8869204367171574, g: -0.001863208633745466, curr_delay = 0.1618704401251587, data_size = 864
user 2, emp_avg: 0.568165698286132, h: 2.7739589168523406, ucb: 3.2873273089318173,num_of_obs(calculated after picking at this round): 3, privacy reward: 0.8869204367171574, g: -0.0013607126410643535, curr_delay = 0.07377239299893569, data_size = 913
user 4, emp_avg: 0.5381132366837207, h: 2.7739589168523406, ucb: 3.3947232165397674,num_of_obs(calculated after picking at this round): 3, privacy reward: 0.8869204367171574, g: 0.06736267439556295, curr_delay = 0.134116174567051, data_size = 3227
user 6, emp_avg: 0.46570955172440104, h: 2.7739589168523406, ucb: 3.259722726375731,num_of_obs(calculated after picking at this round): 3, privacy reward: 0.8869204367171574, g: 0.04365692603415632, curr_delay = 0.11748091699933695, data_size = 2832
num of fast users chosen: 5, num of slow users chosen: 0
max_delay = 0.16 seconds
after cleansing the weights updates who were almost zeros (meaning with absolute value of less than 10**-7, 0.00% of the weights upadtes) we get:
user No.0 has been picked 3, his deltas theta's mean
 is 0.001476662466302514,
the empirical var of deltas thetas is 0.0037624486722052097
the minimum of the deltas theta is -0.33976995944976807 and the maximum is 0.37299200892448425
the added laplace noise var is 0.0033152917303578187
global epoch 13 has been done artifficialy in 0.16 secs, the total time by now is 8.77 
 with avg train loss 1.859, val loss 2.327, avg val acc 10.35%
iteration: 14
user 0, emp_avg: 0.8717120216429154, h: 2.2974147773596556, ucb: 3.1263641395502093,num_of_obs(calculated after picking at this round): 4, privacy reward: 0.8521437889662112, g: 0.031082132530919952, curr_delay = 0.05, data_size = 3049
user 8, emp_avg: 0.3584371040009759, h: 2.8137469660304877, ucb: 3.1897476976134715,num_of_obs(calculated after picking at this round): 3, privacy reward: 0.8869204367171574, g: 0.027641099460103263, curr_delay = 0.15465040789776302, data_size = 2413
user 10, emp_avg: 0.28734027976539384, h: 2.8137469660304877, ucb: 3.1039383445562168,num_of_obs(calculated after picking at this round): 3, privacy reward: 0.8869204367171574, g: 2.474135477140891e-05, curr_delay = 0.1775328094890006, data_size = 1154
user 13, emp_avg: 0.28548711975296764, h: 2.8137469660304877, ucb: 3.0396288963594507,num_of_obs(calculated after picking at this round): 3, privacy reward: 0.8869204367171574, g: 0.02815461357728586, curr_delay = 0.12354907102922051, data_size = 2425
user 14, emp_avg: 0.2658997978602644, h: 2.8137469660304877, ucb: 3.112043111186782,num_of_obs(calculated after picking at this round): 3, privacy reward: 0.8869204367171574, g: 0.017471723604474795, curr_delay = 0.24862373922873263, data_size = 2147
num of fast users chosen: 5, num of slow users chosen: 0
max_delay = 0.25 seconds
after cleansing the weights updates who were almost zeros (meaning with absolute value of less than 10**-7, 0.00% of the weights upadtes) we get:
user No.0 has been picked 4, his deltas theta's mean
 is -0.0008785375976003706,
the empirical var of deltas thetas is 0.005197315476834774
the minimum of the deltas theta is -0.43855249881744385 and the maximum is 0.5041249394416809
the added laplace noise var is 0.0034505913525473436
global epoch 14 has been done artifficialy in 0.25 secs, the total time by now is 9.02 
 with avg train loss 1.839, val loss 2.326, avg val acc 10.00%
iteration: 15
user 0, emp_avg: 0.8373821900336896, h: 2.0154590796275955, ucb: 2.887171101270511,num_of_obs(calculated after picking at this round): 5, privacy reward: 0.8187307530779817, g: 0.015356241412685016, curr_delay = 0.07142215735185518, data_size = 3049
user 4, emp_avg: 0.4727857420267305, h: 2.3272516843273356, ucb: 2.8653649210110563,num_of_obs(calculated after picking at this round): 4, privacy reward: 0.8521437889662112, g: 0.04553501775668131, curr_delay = 0.18063371201334583, data_size = 3227
user 6, emp_avg: 0.4382530164518187, h: 2.3272516843273356, ucb: 2.792961236051737,num_of_obs(calculated after picking at this round): 4, privacy reward: 0.8521437889662112, g: 0.026500112886542967, curr_delay = 0.14049545021195514, data_size = 2832
user 17, emp_avg: 0.06991665580789157, h: 2.8502895648173414, ucb: 2.9231412320420724,num_of_obs(calculated after picking at this round): 3, privacy reward: 0.8869204367171574, g: 0.008346623883490214, curr_delay = 0.7806811643030775, data_size = 1754
user 27, emp_avg: 0.05829429956995299, h: 2.8502895648173414, ucb: 2.9071136513583666,num_of_obs(calculated after picking at this round): 3, privacy reward: 0.8869204367171574, g: 0.004647579949464589, curr_delay = 0.8165301548651615, data_size = 1573
num of fast users chosen: 3, num of slow users chosen: 2
max_delay = 0.82 seconds
after cleansing the weights updates who were almost zeros (meaning with absolute value of less than 10**-7, 0.00% of the weights upadtes) we get:
user No.0 has been picked 5, his deltas theta's mean
 is -0.0008815735927782953,
the empirical var of deltas thetas is 0.00475065503269434
the minimum of the deltas theta is -0.36343812942504883 and the maximum is 0.5377790927886963
the added laplace noise var is 0.0035914126570663605
global epoch 15 has been done artifficialy in 0.82 secs, the total time by now is 9.83 
 with avg train loss 1.806, val loss 2.332, avg val acc 10.00%
iteration: 16
user 3, emp_avg: 0.765541382377794, h: 2.884053773201766, ucb: 3.6850527865862786,num_of_obs(calculated after picking at this round): 3, privacy reward: 0.8869204367171574, g: -0.002159709574223292, curr_delay = 0.07198116876712496, data_size = 613
user 5, emp_avg: 0.6898839255826531, h: 2.884053773201766, ucb: 3.616021906863992,num_of_obs(calculated after picking at this round): 3, privacy reward: 0.8869204367171574, g: -0.0006354194351037754, curr_delay = 0.08254700304370237, data_size = 779
user 7, emp_avg: 0.3236439509012295, h: 2.884053773201766, ucb: 3.2256978405588264,num_of_obs(calculated after picking at this round): 3, privacy reward: 0.8869204367171574, g: -0.004816799549881014, curr_delay = 0.17382614975729577, data_size = 434
user 9, emp_avg: 0.29693973016961883, h: 2.884053773201766, ucb: 3.200192225060677,num_of_obs(calculated after picking at this round): 3, privacy reward: 0.8869204367171574, g: -0.0023172688249250436, curr_delay = 0.19339196160360572, data_size = 600
user 11, emp_avg: 0.3411786363877016, h: 2.884053773201766, ucb: 3.2701461265836906,num_of_obs(calculated after picking at this round): 3, privacy reward: 0.8869204367171574, g: -0.0011679141202608414, curr_delay = 0.19892484906667882, data_size = 709
num of fast users chosen: 5, num of slow users chosen: 0
max_delay = 0.20 seconds
after cleansing the weights updates who were almost zeros (meaning with absolute value of less than 10**-7, 0.00% of the weights upadtes) we get:
user No.3 has been picked 3, his deltas theta's mean
 is 0.0001327414793195203,
the empirical var of deltas thetas is 0.000726310012396425
the minimum of the deltas theta is -0.1750749945640564 and the maximum is 0.16806598007678986
the added laplace noise var is 0.0033152917303578187
global epoch 16 has been done artifficialy in 0.20 secs, the total time by now is 10.03 
 with avg train loss 1.825, val loss 2.097, avg val acc 21.50%
iteration: 17
user 21, emp_avg: 0.05968385536230108, h: 2.9154142127952674, ucb: 2.9737976534032575,num_of_obs(calculated after picking at this round): 3, privacy reward: 0.8869204367171574, g: 0.005324716535077896, curr_delay = 0.8027655611266005, data_size = 1488
user 22, emp_avg: 0.06248163530320372, h: 2.9154142127952674, ucb: 2.979720529418712,num_of_obs(calculated after picking at this round): 3, privacy reward: 0.8869204367171574, g: 0.0008133224857464356, curr_delay = 0.8498736787994509, data_size = 1141
user 24, emp_avg: 0.059459138952416536, h: 2.9154142127952674, ucb: 2.975907221626455,num_of_obs(calculated after picking at this round): 3, privacy reward: 0.8869204367171574, g: 0.0028075734328976408, curr_delay = 0.8712106814162734, data_size = 1332
user 26, emp_avg: 0.05572527487751817, h: 2.9154142127952674, ucb: 2.970331887770827,num_of_obs(calculated after picking at this round): 3, privacy reward: 0.8869204367171574, g: 0.003391754973286199, curr_delay = 0.8719844102753436, data_size = 1373
user 28, emp_avg: 0.05866548158765315, h: 2.9154142127952674, ucb: 2.9729259567615616,num_of_obs(calculated after picking at this round): 3, privacy reward: 0.8869204367171574, g: 0.0017187029876564491, curr_delay = 0.8200356780974476, data_size = 1242
num of fast users chosen: 0, num of slow users chosen: 5
max_delay = 0.87 seconds
after cleansing the weights updates who were almost zeros (meaning with absolute value of less than 10**-7, 0.00% of the weights upadtes) we get:
user No.21 has been picked 3, his deltas theta's mean
 is -0.00168784917332232,
the empirical var of deltas thetas is 0.0036422554403543472
the minimum of the deltas theta is -0.44604817032814026 and the maximum is 0.35336586833000183
the added laplace noise var is 0.0033152917303578187
global epoch 17 has been done artifficialy in 0.87 secs, the total time by now is 10.90 
 with avg train loss 1.776, val loss 2.291, avg val acc 14.13%
iteration: 18
user 15, emp_avg: 0.06660686981785735, h: 2.944675750178361, ucb: 3.014801402488378,num_of_obs(calculated after picking at this round): 3, privacy reward: 0.8869204367171574, g: -3.997539295753722e-05, curr_delay = 0.8393584605313267, data_size = 818
user 16, emp_avg: 0.07040539128491446, h: 2.944675750178361, ucb: 3.0141410087794753,num_of_obs(calculated after picking at this round): 3, privacy reward: 0.8869204367171574, g: 0.0008281557423085182, curr_delay = 0.691700156233702, data_size = 1092
user 18, emp_avg: 0.06925254799885344, h: 2.944675750178361, ucb: 3.0174116625248066,num_of_obs(calculated after picking at this round): 3, privacy reward: 0.8869204367171574, g: -4.161169777032586e-05, curr_delay = 0.8027509400852512, data_size = 817
user 19, emp_avg: 0.06374868788200501, h: 2.944675750178361, ucb: 3.007836170894338,num_of_obs(calculated after picking at this round): 3, privacy reward: 0.8869204367171574, g: -0.00030065804103762017, curr_delay = 0.7701167326797616, data_size = 732
user 23, emp_avg: 0.06462584452280688, h: 2.944675750178361, ucb: 3.010463557275827,num_of_obs(calculated after picking at this round): 3, privacy reward: 0.8869204367171574, g: -0.0004167302911496934, curr_delay = 0.8025434930866159, data_size = 708
num of fast users chosen: 0, num of slow users chosen: 5
max_delay = 0.84 seconds
after cleansing the weights updates who were almost zeros (meaning with absolute value of less than 10**-7, 0.00% of the weights upadtes) we get:
user No.15 has been picked 3, his deltas theta's mean
 is -0.0011050853645429015,
the empirical var of deltas thetas is 0.0015414819354191422
the minimum of the deltas theta is -0.212021142244339 and the maximum is 0.22460585832595825
the added laplace noise var is 0.0033152917303578187
global epoch 18 has been done artifficialy in 0.84 secs, the total time by now is 11.74 
 with avg train loss 1.778, val loss 2.193, avg val acc 21.17%
iteration: 19
user 1, emp_avg: 0.6812105679205875, h: 2.426701044284788, ucb: 3.0956672481417775,num_of_obs(calculated after picking at this round): 4, privacy reward: 0.8521437889662112, g: -0.0022291130222589694, curr_delay = 0.06964334776943783, data_size = 864
user 12, emp_avg: 0.26589628624812917, h: 2.9720896583884073, ucb: 3.2129036190888396,num_of_obs(calculated after picking at this round): 3, privacy reward: 0.8869204367171574, g: -0.0008066268204979916, curr_delay = 0.15819734137425404, data_size = 600
user 20, emp_avg: 0.06535137941144646, h: 2.9720896583884073, ucb: 3.0351067371695724,num_of_obs(calculated after picking at this round): 3, privacy reward: 0.8869204367171574, g: -0.0008886547444873409, curr_delay = 0.7140818880572446, data_size = 589
user 25, emp_avg: 0.059793098642409816, h: 2.9720896583884073, ucb: 3.032479451773964,num_of_obs(calculated after picking at this round): 3, privacy reward: 0.8869204367171574, g: 1.5061042034851203e-05, curr_delay = 0.8532465556577116, data_size = 852
user 29, emp_avg: 0.057671228260507634, h: 2.9720896583884073, ucb: 3.0294007741532503,num_of_obs(calculated after picking at this round): 3, privacy reward: 0.8869204367171574, g: -6.0474647313209515e-05, curr_delay = 0.8562897002127086, data_size = 761
num of fast users chosen: 2, num of slow users chosen: 3
max_delay = 0.86 seconds
after cleansing the weights updates who were almost zeros (meaning with absolute value of less than 10**-7, 0.00% of the weights upadtes) we get:
user No.1 has been picked 4, his deltas theta's mean
 is -0.0010724199237301946,
the empirical var of deltas thetas is 0.0008702537743374705
the minimum of the deltas theta is -0.22684074938297272 and the maximum is 0.2230367362499237
the added laplace noise var is 0.0034505913525473436
global epoch 19 has been done artifficialy in 0.86 secs, the total time by now is 12.60 
 with avg train loss 1.693, val loss 1.949, avg val acc 25.99%
iteration: 20
user 4, emp_avg: 0.47159258646977414, h: 2.119810937402434, ucb: 2.592596679429165,num_of_obs(calculated after picking at this round): 5, privacy reward: 0.8187307530779817, g: 0.04553501775668131, curr_delay = 0.10710767282884552, data_size = 3227
user 6, emp_avg: 0.4256626415272984, h: 2.119810937402434, ucb: 2.5580639538542527,num_of_obs(calculated after picking at this round): 5, privacy reward: 0.8187307530779817, g: 0.026500112886542967, curr_delay = 0.13322634659809482, data_size = 2832
user 8, emp_avg: 0.5188278280007319, h: 2.4477468306808166, ucb: 2.8061839346817923,num_of_obs(calculated after picking at this round): 4, privacy reward: 0.8521437889662112, g: 0.025317032352796094, curr_delay = 0.05, data_size = 2413
user 13, emp_avg: 0.2986485209393709, h: 2.4477468306808166, ucb: 2.7332339504337844,num_of_obs(calculated after picking at this round): 4, privacy reward: 0.8521437889662112, g: 0.025808585903835293, curr_delay = 0.14787092871340796, data_size = 2425
user 14, emp_avg: 0.2654968670326321, h: 2.4477468306808166, ucb: 2.713646628541081,num_of_obs(calculated after picking at this round): 4, privacy reward: 0.8521437889662112, g: 0.01563444904667955, curr_delay = 0.18918749960695164, data_size = 2147
num of fast users chosen: 5, num of slow users chosen: 0
max_delay = 0.19 seconds
after cleansing the weights updates who were almost zeros (meaning with absolute value of less than 10**-7, 0.00% of the weights upadtes) we get:
user No.4 has been picked 5, his deltas theta's mean
 is -0.0007610545144416392,
the empirical var of deltas thetas is 0.0028141892980784178
the minimum of the deltas theta is -0.3273707926273346 and the maximum is 0.3821713328361511
the added laplace noise var is 0.0035914126570663605
global epoch 20 has been done artifficialy in 0.19 secs, the total time by now is 12.79 
 with avg train loss 1.766, val loss 2.314, avg val acc 11.01%
iteration: 21
user 0, emp_avg: 0.8632771347800189, h: 1.9113939743726587, ucb: 2.7487761644063484,num_of_obs(calculated after picking at this round): 6, privacy reward: 0.7866278610665532, g: 0.02325372809560599, curr_delay = 0.050365053030432046, data_size = 3049
user 2, emp_avg: 0.6761242737145989, h: 2.467599010262171, ucb: 3.035764708548303,num_of_obs(calculated after picking at this round): 4, privacy reward: 0.8521437889662112, g: -0.0006707492747724212, curr_delay = 0.05, data_size = 913
user 5, emp_avg: 0.6297385333642236, h: 2.467599010262171, ucb: 3.157482935844824,num_of_obs(calculated after picking at this round): 4, privacy reward: 0.8521437889662112, g: -0.0018545658200547217, curr_delay = 0.1112836361826403, data_size = 779
user 10, emp_avg: 0.2649345974610615, h: 2.467599010262171, ucb: 2.754939290027565,num_of_obs(calculated after picking at this round): 4, privacy reward: 0.8521437889662112, g: 2.474135477140891e-05, curr_delay = 0.2528859975323492, data_size = 1154
user 11, emp_avg: 0.3095320903702615, h: 2.467599010262171, ucb: 2.8087776466498724,num_of_obs(calculated after picking at this round): 4, privacy reward: 0.8521437889662112, g: -0.0027073187614696337, curr_delay = 0.23299980712238522, data_size = 709
num of fast users chosen: 5, num of slow users chosen: 0
max_delay = 0.25 seconds
after cleansing the weights updates who were almost zeros (meaning with absolute value of less than 10**-7, 0.00% of the weights upadtes) we get:
user No.0 has been picked 6, his deltas theta's mean
 is -0.0012686682166531682,
the empirical var of deltas thetas is 0.0049440604634583
the minimum of the deltas theta is -0.379328191280365 and the maximum is 0.48855870962142944
the added laplace noise var is 0.0037379809880455804
global epoch 21 has been done artifficialy in 0.25 secs, the total time by now is 13.04 
 with avg train loss 1.780, val loss 2.293, avg val acc 10.25%
iteration: 22
user 0, emp_avg: 0.8828089726685876, h: 1.7581360736183977, ucb: 2.6214132083984167,num_of_obs(calculated after picking at this round): 7, privacy reward: 0.7557837414557252, g: 0.01389090808377472, curr_delay = 0.05, data_size = 3049
user 8, emp_avg: 0.48322670350453495, h: 2.153268139372678, ucb: 2.67209596737341,num_of_obs(calculated after picking at this round): 5, privacy reward: 0.8187307530779817, g: 0.01620403920536994, curr_delay = 0.14670405622119315, data_size = 2413
user 17, emp_avg: 0.06934556090092212, h: 2.48637987980852, ucb: 2.556296535616412,num_of_obs(calculated after picking at this round): 4, privacy reward: 0.8521437889662112, g: 0.007802110503235548, curr_delay = 0.7392919893294326, data_size = 1754
user 21, emp_avg: 0.06155426761365729, h: 2.48637987980852, ucb: 2.5460637351708213,num_of_obs(calculated after picking at this round): 4, privacy reward: 0.8521437889662112, g: 0.0029435049537002997, curr_delay = 0.7444297555818815, data_size = 1488
user 27, emp_avg: 0.05797168623341757, h: 2.48637987980852, ucb: 2.544674179378473,num_of_obs(calculated after picking at this round): 4, privacy reward: 0.8521437889662112, g: 0.004243592010137609, curr_delay = 0.8771337955633298, data_size = 1573
num of fast users chosen: 2, num of slow users chosen: 3
max_delay = 0.88 seconds
after cleansing the weights updates who were almost zeros (meaning with absolute value of less than 10**-7, 0.00% of the weights upadtes) we get:
user No.0 has been picked 7, his deltas theta's mean
 is 0.0018306646961718798,
the empirical var of deltas thetas is 0.005137635860592127
the minimum of the deltas theta is -0.40387964248657227 and the maximum is 0.43739229440689087
the added laplace noise var is 0.003890530886084149
global epoch 22 has been done artifficialy in 0.88 secs, the total time by now is 13.92 
 with avg train loss 1.761, val loss 2.355, avg val acc 10.00%
iteration: 23
user 1, emp_avg: 0.6463601733091087, h: 2.1686957656374313, ucb: 2.849906333558019,num_of_obs(calculated after picking at this round): 5, privacy reward: 0.8187307530779817, g: -0.003998259281216863, curr_delay = 0.0986273839848654, data_size = 864
user 2, emp_avg: 0.6244017188919614, h: 2.1686957656374313, ucb: 2.8448200393520304,num_of_obs(calculated after picking at this round): 5, privacy reward: 0.8187307530779817, g: -0.0032438410749175382, curr_delay = 0.11975718045546979, data_size = 913
user 3, emp_avg: 0.6629077718346674, h: 2.504194168162345, ucb: 3.269735550540139,num_of_obs(calculated after picking at this round): 4, privacy reward: 0.8521437889662112, g: -0.0026943842141137686, curr_delay = 0.14084231697297747, data_size = 613
user 7, emp_avg: 0.3735071673900397, h: 2.504194168162345, ucb: 2.8278381190635744,num_of_obs(calculated after picking at this round): 4, privacy reward: 0.8521437889662112, g: -0.005600718658772163, curr_delay = 0.09558459999904614, data_size = 434
user 9, emp_avg: 0.2753496615989206, h: 2.504194168162345, ucb: 2.8011338983319636,num_of_obs(calculated after picking at this round): 4, privacy reward: 0.8521437889662112, g: -0.002870045018430094, curr_delay = 0.23744006645582777, data_size = 600
num of fast users chosen: 5, num of slow users chosen: 0
max_delay = 0.24 seconds
after cleansing the weights updates who were almost zeros (meaning with absolute value of less than 10**-7, 0.00% of the weights upadtes) we get:
user No.1 has been picked 5, his deltas theta's mean
 is -0.00028621297678910196,
the empirical var of deltas thetas is 0.0008032859186641872
the minimum of the deltas theta is -0.22953836619853973 and the maximum is 0.20787020027637482
the added laplace noise var is 0.0035914126570663605
global epoch 23 has been done artifficialy in 0.24 secs, the total time by now is 14.16 
 with avg train loss 1.716, val loss 1.960, avg val acc 24.69%
iteration: 24
user 4, emp_avg: 0.5596604887248118, h: 1.9528606187891482, ucb: 2.4244532052589225,num_of_obs(calculated after picking at this round): 6, privacy reward: 0.7866278610665532, g: 0.042047972914831956, curr_delay = 0.05, data_size = 3227
user 6, emp_avg: 0.41413372265178916, h: 1.9528606187891482, ucb: 2.3785232603164466,num_of_obs(calculated after picking at this round): 6, privacy reward: 0.7866278610665532, g: 0.023856414786172606, curr_delay = 0.14025673164858918, data_size = 2832
user 8, emp_avg: 0.43851352498558294, h: 1.9528606187891482, ucb: 2.436087322293683,num_of_obs(calculated after picking at this round): 6, privacy reward: 0.7866278610665532, g: 0.01015659542089865, curr_delay = 0.23261479758515724, data_size = 2413
user 13, emp_avg: 0.3310109436243348, h: 2.1833645470974195, ucb: 2.4820130680367902,num_of_obs(calculated after picking at this round): 5, privacy reward: 0.8187307530779817, g: 0.02073134672927604, curr_delay = 0.10858691551133481, data_size = 2425
user 14, emp_avg: 0.30933776945690006, h: 2.1833645470974195, ucb: 2.4488614141300515,num_of_obs(calculated after picking at this round): 5, privacy reward: 0.8187307530779817, g: 0.01174430047531605, curr_delay = 0.1031562981877071, data_size = 2147
num of fast users chosen: 5, num of slow users chosen: 0
max_delay = 0.23 seconds
after cleansing the weights updates who were almost zeros (meaning with absolute value of less than 10**-7, 0.00% of the weights upadtes) we get:
user No.4 has been picked 6, his deltas theta's mean
 is -0.0009763888083398342,
the empirical var of deltas thetas is 0.0027573429979383945
the minimum of the deltas theta is -0.3429407477378845 and the maximum is 0.4282229542732239
the added laplace noise var is 0.0037379809880455804
global epoch 24 has been done artifficialy in 0.23 secs, the total time by now is 14.39 
 with avg train loss 1.747, val loss 2.263, avg val acc 11.14%
iteration: 25
user 16, emp_avg: 0.06842519247834605, h: 2.537272482359039, ucb: 2.6076778736439534,num_of_obs(calculated after picking at this round): 4, privacy reward: 0.8521437889662112, g: 0.00039556461736857656, curr_delay = 0.8001972190566102, data_size = 1092
user 22, emp_avg: 0.06154516439562214, h: 2.537272482359039, ucb: 2.599754117662243,num_of_obs(calculated after picking at this round): 4, privacy reward: 0.8521437889662112, g: 0.0006846526563614176, curr_delay = 0.851270283871904, data_size = 1141
user 24, emp_avg: 0.06135858388759424, h: 2.537272482359039, ucb: 2.5967316213114557,num_of_obs(calculated after picking at this round): 4, privacy reward: 0.8521437889662112, g: 0.002563761341027449, curr_delay = 0.7456352151940513, data_size = 1332
user 26, emp_avg: 0.05518003190705198, h: 2.537272482359039, ucb: 2.5929977572365575,num_of_obs(calculated after picking at this round): 4, privacy reward: 0.8521437889662112, g: 0.003123226479521284, curr_delay = 0.9338061605556595, data_size = 1373
user 28, emp_avg: 0.05945405751222615, h: 2.537272482359039, ucb: 2.5959379639466924,num_of_obs(calculated after picking at this round): 4, privacy reward: 0.8521437889662112, g: 0.0015291464121405278, curr_delay = 0.8088025503279708, data_size = 1242
num of fast users chosen: 0, num of slow users chosen: 5
max_delay = 0.93 seconds
after cleansing the weights updates who were almost zeros (meaning with absolute value of less than 10**-7, 0.00% of the weights upadtes) we get:
user No.16 has been picked 4, his deltas theta's mean
 is -0.00033883220748975873,
the empirical var of deltas thetas is 0.001136710518039763
the minimum of the deltas theta is -0.2895994186401367 and the maximum is 0.27760010957717896
the added laplace noise var is 0.0034505913525473436
global epoch 25 has been done artifficialy in 0.93 secs, the total time by now is 15.32 
 with avg train loss 1.688, val loss 2.023, avg val acc 24.37%
iteration: 26
user 15, emp_avg: 0.06800198542785167, h: 2.552683504871484, ucb: 2.6192903746893417,num_of_obs(calculated after picking at this round): 4, privacy reward: 0.8521437889662112, g: -0.00011227763056690431, curr_delay = 0.6926423021342972, data_size = 818
user 18, emp_avg: 0.06935494377747171, h: 2.552683504871484, ucb: 2.6219360528703377,num_of_obs(calculated after picking at this round): 4, privacy reward: 0.8521437889662112, g: -0.0001150088354010873, curr_delay = 0.7177500774224072, data_size = 817
user 19, emp_avg: 0.0632200670932904, h: 2.552683504871484, ucb: 2.6164321927534893,num_of_obs(calculated after picking at this round): 4, privacy reward: 0.8521437889662112, g: -0.00046712168048690134, curr_delay = 0.8112378543918768, data_size = 732
user 23, emp_avg: 0.06369865246224386, h: 2.552683504871484, ucb: 2.617309349394291,num_of_obs(calculated after picking at this round): 4, privacy reward: 0.8521437889662112, g: -0.000609471531112439, curr_delay = 0.8207879145368697, data_size = 708
user 25, emp_avg: 0.060764709700950485, h: 2.552683504871484, ucb: 2.612476603513894,num_of_obs(calculated after picking at this round): 4, privacy reward: 0.8521437889662112, g: -3.8945108978213234e-05, curr_delay = 0.7851815157799265, data_size = 852
num of fast users chosen: 0, num of slow users chosen: 5
max_delay = 0.82 seconds
after cleansing the weights updates who were almost zeros (meaning with absolute value of less than 10**-7, 0.00% of the weights upadtes) we get:
user No.15 has been picked 4, his deltas theta's mean
 is -0.001603405806235969,
the empirical var of deltas thetas is 0.0010305059840902686
the minimum of the deltas theta is -0.22983849048614502 and the maximum is 0.23246148228645325
the added laplace noise var is 0.0034505913525473436
global epoch 26 has been done artifficialy in 0.82 secs, the total time by now is 16.14 
 with avg train loss 1.643, val loss 1.774, avg val acc 33.47%
iteration: 27
user 3, emp_avg: 0.6254402165750106, h: 2.2234557110512667, ucb: 2.886363482885934,num_of_obs(calculated after picking at this round): 5, privacy reward: 0.8187307530779817, g: -0.004847059094577465, curr_delay = 0.10513699448933125, data_size = 613
user 5, emp_avg: 0.5548304707576733, h: 2.2234557110512667, ucb: 2.8531942444154903,num_of_obs(calculated after picking at this round): 5, privacy reward: 0.8187307530779817, g: -0.002338271352887532, curr_delay = 0.19592613120520944, data_size = 779
user 12, emp_avg: 0.2589268932262995, h: 2.567425506613319, ucb: 2.8333217928614483,num_of_obs(calculated after picking at this round): 4, privacy reward: 0.8521437889662112, g: -0.0011730028789896975, curr_delay = 0.2100675158097818, data_size = 600
user 20, emp_avg: 0.06499043356401578, h: 2.567425506613319, ucb: 2.6327768860247653,num_of_obs(calculated after picking at this round): 4, privacy reward: 0.8521437889662112, g: -0.0012715119296168775, curr_delay = 0.7823796091939336, data_size = 589
user 29, emp_avg: 0.058173955639340386, h: 2.567425506613319, ucb: 2.6250967348738268,num_of_obs(calculated after picking at this round): 4, privacy reward: 0.8521437889662112, g: -0.00018562694319666618, curr_delay = 0.8377715990636264, data_size = 761
num of fast users chosen: 3, num of slow users chosen: 2
max_delay = 0.84 seconds
after cleansing the weights updates who were almost zeros (meaning with absolute value of less than 10**-7, 0.00% of the weights upadtes) we get:
user No.3 has been picked 5, his deltas theta's mean
 is -0.0006763797719031572,
the empirical var of deltas thetas is 0.0006206251564435661
the minimum of the deltas theta is -0.15834808349609375 and the maximum is 0.18300920724868774
the added laplace noise var is 0.0035914126570663605
global epoch 27 has been done artifficialy in 0.84 secs, the total time by now is 16.98 
 with avg train loss 1.586, val loss 1.709, avg val acc 38.73%
iteration: 28
user 0, emp_avg: 0.8134345377794545, h: 1.6900222763135073, ucb: 2.572831248982095,num_of_obs(calculated after picking at this round): 8, privacy reward: 0.7261490370736907, g: 0.019764695945976216, curr_delay = 0.15252575315827052, data_size = 3049
user 4, emp_avg: 0.5190778261011414, h: 1.8254326912201402, ucb: 2.3850931799449517,num_of_obs(calculated after picking at this round): 7, privacy reward: 0.7557837414557252, g: 0.03964226061283072, curr_delay = 0.18143429959136814, data_size = 3227
user 13, emp_avg: 0.303506484956457, h: 1.9996613243772667, ucb: 2.3306722680016017,num_of_obs(calculated after picking at this round): 6, privacy reward: 0.7866278610665532, g: 0.017444883373298338, curr_delay = 0.3012335061121484, data_size = 2425
user 14, emp_avg: 0.2940142158802627, h: 1.9996613243772667, ucb: 2.3089990938341667,num_of_obs(calculated after picking at this round): 6, privacy reward: 0.7866278610665532, g: 0.009305758978763885, curr_delay = 0.22999455814785227, data_size = 2147
user 17, emp_avg: 0.06858848446113072, h: 2.235689326642413, ucb: 2.305034887543335,num_of_obs(calculated after picking at this round): 5, privacy reward: 0.8187307530779817, g: 0.006697139035961322, curr_delay = 0.7626580797971692, data_size = 1754
num of fast users chosen: 4, num of slow users chosen: 1
max_delay = 0.76 seconds
after cleansing the weights updates who were almost zeros (meaning with absolute value of less than 10**-7, 0.00% of the weights upadtes) we get:
user No.0 has been picked 8, his deltas theta's mean
 is 1.26418726722477e-05,
the empirical var of deltas thetas is 0.0048334901221096516
the minimum of the deltas theta is -0.412489116191864 and the maximum is 0.5470544695854187
the added laplace noise var is 0.0040493064635646414
global epoch 28 has been done artifficialy in 0.76 secs, the total time by now is 17.74 
 with avg train loss 1.708, val loss 2.225, avg val acc 14.61%
iteration: 29
user 2, emp_avg: 0.5657786980142553, h: 2.0101629277209767, ucb: 2.634564646612938,num_of_obs(calculated after picking at this round): 6, privacy reward: 0.7866278610665532, g: -0.00307531003112297, curr_delay = 0.18337614983771228, data_size = 913
user 9, emp_avg: 0.38721156766659515, h: 2.2474304761170503, ucb: 2.522780137715971,num_of_obs(calculated after picking at this round): 5, privacy reward: 0.8187307530779817, g: -0.0037294292319809794, curr_delay = 0.059904689821898505, data_size = 600
user 10, emp_avg: 0.25718547405035724, h: 2.2474304761170503, ucb: 2.5123650735781116,num_of_obs(calculated after picking at this round): 5, privacy reward: 0.8187307530779817, g: 9.801349682728215e-05, curr_delay = 0.22105409339531756, data_size = 1154
user 11, emp_avg: 0.3423738269851612, h: 2.2474304761170503, ucb: 2.5569625664873117,num_of_obs(calculated after picking at this round): 5, privacy reward: 0.8187307530779817, g: -0.0022189557349156885, curr_delay = 0.10554295260766737, data_size = 709
user 12, emp_avg: 0.26953361004199367, h: 2.2474304761170503, ucb: 2.5063573693433496,num_of_obs(calculated after picking at this round): 5, privacy reward: 0.8187307530779817, g: -0.0037294292319809794, curr_delay = 0.1602767133579952, data_size = 600
num of fast users chosen: 5, num of slow users chosen: 0
max_delay = 0.22 seconds
after cleansing the weights updates who were almost zeros (meaning with absolute value of less than 10**-7, 0.00% of the weights upadtes) we get:
user No.2 has been picked 6, his deltas theta's mean
 is -6.300205131992698e-05,
the empirical var of deltas thetas is 0.00183277134783566
the minimum of the deltas theta is -0.26594531536102295 and the maximum is 0.3050202429294586
the added laplace noise var is 0.0037379809880455804
global epoch 29 has been done artifficialy in 0.22 secs, the total time by now is 17.97 
 with avg train loss 1.704, val loss 1.912, avg val acc 25.08%
iteration: 30
user 4, emp_avg: 0.5212688434711901, h: 1.7074284879387203, ucb: 2.2265063140398618,num_of_obs(calculated after picking at this round): 8, privacy reward: 0.7261490370736907, g: 0.03242017172261722, curr_delay = 0.09317824112198732, data_size = 3227
user 6, emp_avg: 0.3884244950927456, h: 1.8442335485675765, ucb: 2.258367271219366,num_of_obs(calculated after picking at this round): 7, privacy reward: 0.7557837414557252, g: 0.026500112886542967, curr_delay = 0.21352088576252135, data_size = 2832
user 8, emp_avg: 0.4341495935741161, h: 1.8442335485675765, ucb: 2.2827470735531596,num_of_obs(calculated after picking at this round): 7, privacy reward: 0.7557837414557252, g: 0.011905705458788761, curr_delay = 0.12255923134353486, data_size = 2413
user 21, emp_avg: 0.06091759388754374, h: 2.2587155802564505, ucb: 2.3202698478701076,num_of_obs(calculated after picking at this round): 5, privacy reward: 0.8187307530779817, g: 0.003281500282646876, curr_delay = 0.8565912273252005, data_size = 1488
user 27, emp_avg: 0.05840261026746167, h: 2.2587155802564505, ucb: 2.316687266489868,num_of_obs(calculated after picking at this round): 5, privacy reward: 0.8187307530779817, g: 0.004647579949464589, curr_delay = 0.8315827628649182, data_size = 1573
num of fast users chosen: 3, num of slow users chosen: 2
max_delay = 0.86 seconds
after cleansing the weights updates who were almost zeros (meaning with absolute value of less than 10**-7, 0.00% of the weights upadtes) we get:
user No.4 has been picked 8, his deltas theta's mean
 is -0.0025238324888050556,
the empirical var of deltas thetas is 0.0029493491165339947
the minimum of the deltas theta is -0.35051271319389343 and the maximum is 0.43577513098716736
the added laplace noise var is 0.0040493064635646414
global epoch 30 has been done artifficialy in 0.86 secs, the total time by now is 18.82 
 with avg train loss 1.702, val loss 2.221, avg val acc 19.25%
iteration: 31
user 0, emp_avg: 0.7663568518784057, h: 1.6048334503504904, ucb: 2.418267988129945,num_of_obs(calculated after picking at this round): 9, privacy reward: 0.6976763260710308, g: 0.017562200602951165, curr_delay = 0.12829218113766602, data_size = 3049
user 22, emp_avg: 0.0623348250393159, h: 2.2695772308356728, ucb: 2.331122395231295,num_of_obs(calculated after picking at this round): 5, privacy reward: 0.8187307530779817, g: 0.0002935605947697761, curr_delay = 0.7634349168166885, data_size = 1141
user 24, emp_avg: 0.06395072658205792, h: 2.2695772308356728, ucb: 2.330935814723267,num_of_obs(calculated after picking at this round): 5, privacy reward: 0.8187307530779817, g: 0.0017306715621540104, curr_delay = 0.6727727760646149, data_size = 1332
user 26, emp_avg: 0.05532897448343986, h: 2.2695772308356728, ucb: 2.324757262742725,num_of_obs(calculated after picking at this round): 5, privacy reward: 0.8187307530779817, g: 0.0021952576095035856, curr_delay = 0.8940586173196506, data_size = 1373
user 28, emp_avg: 0.05847970597815623, h: 2.2695772308356728, ucb: 2.329031288347899,num_of_obs(calculated after picking at this round): 5, privacy reward: 0.8187307530779817, g: 0.0009043278089496116, curr_delay = 0.9160478789799742, data_size = 1242
num of fast users chosen: 1, num of slow users chosen: 4
max_delay = 0.92 seconds
after cleansing the weights updates who were almost zeros (meaning with absolute value of less than 10**-7, 0.00% of the weights upadtes) we get:
user No.0 has been picked 9, his deltas theta's mean
 is -0.0008121307473629713,
the empirical var of deltas thetas is 0.005126329604536295
the minimum of the deltas theta is -0.43794378638267517 and the maximum is 0.5125322341918945
the added laplace noise var is 0.004214561795284956
global epoch 31 has been done artifficialy in 0.92 secs, the total time by now is 19.74 
 with avg train loss 1.614, val loss 2.053, avg val acc 23.50%
iteration: 32
user 15, emp_avg: 0.06889099024568544, h: 2.2800447044300665, ucb: 2.348046689857918,num_of_obs(calculated after picking at this round): 5, privacy reward: 0.8187307530779817, g: -0.0004085046737349882, curr_delay = 0.6901596122922521, data_size = 818
user 16, emp_avg: 0.06874235927027798, h: 2.2800447044300665, ucb: 2.3484698969084126,num_of_obs(calculated after picking at this round): 5, privacy reward: 0.8187307530779817, g: 0.00022167655403430376, curr_delay = 0.7141732173327674, data_size = 1092
user 18, emp_avg: 0.0678111601620687, h: 2.2800447044300665, ucb: 2.3493996482075383,num_of_obs(calculated after picking at this round): 5, privacy reward: 0.8187307530779817, g: -0.0004136994036173085, curr_delay = 0.8112138871995698, data_size = 817
user 19, emp_avg: 0.06445312717699186, h: 2.2800447044300665, ucb: 2.3432647715233568,num_of_obs(calculated after picking at this round): 5, privacy reward: 0.8187307530779817, g: -0.0009752118777947912, curr_delay = 0.7206130311480788, data_size = 732
user 25, emp_avg: 0.060530801429310596, h: 2.2800447044300665, ucb: 2.3408094141310167,num_of_obs(calculated after picking at this round): 5, privacy reward: 0.8187307530779817, g: -0.0002514123005096297, curr_delay = 0.8389941901402787, data_size = 852
num of fast users chosen: 0, num of slow users chosen: 5
max_delay = 0.84 seconds
after cleansing the weights updates who were almost zeros (meaning with absolute value of less than 10**-7, 0.00% of the weights upadtes) we get:
user No.15 has been picked 5, his deltas theta's mean
 is -0.0005374582251533866,
the empirical var of deltas thetas is 0.001192468567751348
the minimum of the deltas theta is -0.2313053011894226 and the maximum is 0.23907527327537537
the added laplace noise var is 0.0035914126570663605
global epoch 32 has been done artifficialy in 0.84 secs, the total time by now is 20.58 
 with avg train loss 1.617, val loss 1.720, avg val acc 37.22%
iteration: 33
user 1, emp_avg: 0.6291616251514238, h: 2.0483674166906134, ucb: 2.6947275899997223,num_of_obs(calculated after picking at this round): 6, privacy reward: 0.7866278610665532, g: -0.001667407238323829, curr_delay = 0.09205240108449406, data_size = 864
user 3, emp_avg: 0.5983664140346572, h: 2.0483674166906134, ucb: 2.673807633265624,num_of_obs(calculated after picking at this round): 6, privacy reward: 0.7866278610665532, g: -0.005327222901966193, curr_delay = 0.10799196681462704, data_size = 613
user 5, emp_avg: 0.5635518919901576, h: 2.0483674166906134, ucb: 2.6031978874482866,num_of_obs(calculated after picking at this round): 6, privacy reward: 0.7866278610665532, g: -0.0026752355089932904, curr_delay = 0.0823507518658811, data_size = 779
user 7, emp_avg: 0.3882593950638209, h: 2.290144393307924, ucb: 2.663651560697964,num_of_obs(calculated after picking at this round): 5, privacy reward: 0.8187307530779817, g: -0.004305366009580269, curr_delay = 0.11178972298329448, data_size = 434
user 9, emp_avg: 0.37655843142658113, h: 2.0483674166906134, ucb: 2.4355789843572087,num_of_obs(calculated after picking at this round): 6, privacy reward: 0.7866278610665532, g: -0.005573095793029957, curr_delay = 0.15465858719370637, data_size = 600
num of fast users chosen: 5, num of slow users chosen: 0
max_delay = 0.15 seconds
after cleansing the weights updates who were almost zeros (meaning with absolute value of less than 10**-7, 0.00% of the weights upadtes) we get:
user No.1 has been picked 6, his deltas theta's mean
 is 0.00011927486048080027,
the empirical var of deltas thetas is 0.0006925748893991113
the minimum of the deltas theta is -0.20281928777694702 and the maximum is 0.2488502562046051
the added laplace noise var is 0.0037379809880455804
global epoch 33 has been done artifficialy in 0.15 secs, the total time by now is 20.73 
 with avg train loss 1.573, val loss 1.596, avg val acc 42.46%
iteration: 34
user 4, emp_avg: 0.5112619508686866, h: 1.626275005484042, ucb: 2.147543848955232,num_of_obs(calculated after picking at this round): 9, privacy reward: 0.6976763260710308, g: 0.03171791434345082, curr_delay = 0.11595364181367604, data_size = 3227
user 6, emp_avg: 0.3774047501460301, h: 1.7385611106271994, ucb: 2.126985605719945,num_of_obs(calculated after picking at this round): 8, privacy reward: 0.7261490370736907, g: 0.024619555519268855, curr_delay = 0.1665187228192887, data_size = 2832
user 13, emp_avg: 0.30837890534968515, h: 1.8778606243851435, ucb: 2.1813671093416005,num_of_obs(calculated after picking at this round): 7, privacy reward: 0.7557837414557252, g: 0.01800425102105779, curr_delay = 0.14809837493515982, data_size = 2425
user 14, emp_avg: 0.28519796300724215, h: 1.8778606243851435, ucb: 2.171874840265406,num_of_obs(calculated after picking at this round): 7, privacy reward: 0.7557837414557252, g: 0.009715493357212947, curr_delay = 0.2152385021666921, data_size = 2147
user 17, emp_avg: 0.06769119436163704, h: 2.0570932476529578, ucb: 2.1256817321140886,num_of_obs(calculated after picking at this round): 6, privacy reward: 0.7866278610665532, g: 0.006027095259514029, curr_delay = 0.791079861148611, data_size = 1754
num of fast users chosen: 4, num of slow users chosen: 1
max_delay = 0.79 seconds
after cleansing the weights updates who were almost zeros (meaning with absolute value of less than 10**-7, 0.00% of the weights upadtes) we get:
user No.4 has been picked 9, his deltas theta's mean
 is -0.0021168154198676348,
the empirical var of deltas thetas is 0.003449316369369626
the minimum of the deltas theta is -0.37722957134246826 and the maximum is 0.4309844672679901
the added laplace noise var is 0.004214561795284956
global epoch 34 has been done artifficialy in 0.79 secs, the total time by now is 21.52 
 with avg train loss 1.663, val loss 2.205, avg val acc 19.13%
iteration: 35
user 2, emp_avg: 0.6278103125836474, h: 1.8855630621884312, ucb: 2.4513417602026863,num_of_obs(calculated after picking at this round): 7, privacy reward: 0.7557837414557252, g: -0.0029670088152005166, curr_delay = 0.05, data_size = 913
user 11, emp_avg: 0.3524139039849136, h: 2.06553084551824, ucb: 2.4079046725034012,num_of_obs(calculated after picking at this round): 6, privacy reward: 0.7866278610665532, g: -0.0027073187614696337, curr_delay = 0.12418833948048802, data_size = 709
user 20, emp_avg: 0.06483005173892001, h: 2.309333690100701, ucb: 2.374324123664717,num_of_obs(calculated after picking at this round): 5, privacy reward: 0.8187307530779817, g: -0.0015079917234204591, curr_delay = 0.7789554353734526, data_size = 589
user 23, emp_avg: 0.06249782898320098, h: 2.309333690100701, ucb: 2.373032342562945,num_of_obs(calculated after picking at this round): 5, privacy reward: 0.8187307530779817, g: -0.0005564209230620149, curr_delay = 0.8666332078403969, data_size = 708
user 29, emp_avg: 0.05877916256360899, h: 2.309333690100701, ucb: 2.3675076457400417,num_of_obs(calculated after picking at this round): 5, privacy reward: 0.8187307530779817, g: -0.00028220979712380447, curr_delay = 0.8169935940679619, data_size = 761
num of fast users chosen: 2, num of slow users chosen: 3
max_delay = 0.87 seconds
after cleansing the weights updates who were almost zeros (meaning with absolute value of less than 10**-7, 0.00% of the weights upadtes) we get:
user No.2 has been picked 7, his deltas theta's mean
 is -0.00021981856843922287,
the empirical var of deltas thetas is 0.0018165758810937405
the minimum of the deltas theta is -0.2465381622314453 and the maximum is 0.27826759219169617
the added laplace noise var is 0.003890530886084149
global epoch 35 has been done artifficialy in 0.87 secs, the total time by now is 22.39 
 with avg train loss 1.535, val loss 1.668, avg val acc 40.93%
iteration: 36
user 0, emp_avg: 0.7897211666905652, h: 1.5456431106945119, ucb: 2.3119999625729175,num_of_obs(calculated after picking at this round): 10, privacy reward: 0.670320046035639, g: 0.019764695945976216, curr_delay = 0.05, data_size = 3049
user 1, emp_avg: 0.6821385358440776, h: 1.8930184728248456, ucb: 2.5221800979762694,num_of_obs(calculated after picking at this round): 7, privacy reward: 0.7557837414557252, g: -0.0031343665028146584, curr_delay = 0.05, data_size = 864
user 7, emp_avg: 0.3604646120180892, h: 2.0736978386802964, ucb: 2.4619572337441173,num_of_obs(calculated after picking at this round): 6, privacy reward: 0.7866278610665532, g: -0.006937566526494413, curr_delay = 0.22574311573697636, data_size = 434
user 10, emp_avg: 0.38098789504196434, h: 2.0736978386802964, ucb: 2.330883312730654,num_of_obs(calculated after picking at this round): 6, privacy reward: 0.7866278610665532, g: 7.996512632383733e-05, curr_delay = 0.05, data_size = 1154
user 12, emp_avg: 0.2937700898764877, h: 2.0736978386802964, ucb: 2.3432314487222903,num_of_obs(calculated after picking at this round): 6, privacy reward: 0.7866278610665532, g: -0.0038473372399961923, curr_delay = 0.12049572256958016, data_size = 600
num of fast users chosen: 5, num of slow users chosen: 0
max_delay = 0.23 seconds
after cleansing the weights updates who were almost zeros (meaning with absolute value of less than 10**-7, 0.00% of the weights upadtes) we get:
user No.0 has been picked 10, his deltas theta's mean
 is -0.0007942378870211542,
the empirical var of deltas thetas is 0.004808160942047834
the minimum of the deltas theta is -0.43921440839767456 and the maximum is 0.4207513928413391
the added laplace noise var is 0.004386561325032196
global epoch 36 has been done artifficialy in 0.23 secs, the total time by now is 22.62 
 with avg train loss 1.597, val loss 2.000, avg val acc 27.42%
iteration: 37
user 4, emp_avg: 0.5051956055013638, h: 1.5515407208415393, ucb: 2.0628026717102257,num_of_obs(calculated after picking at this round): 10, privacy reward: 0.670320046035639, g: 0.028949700086972646, curr_delay = 0.1109635303073619, data_size = 3227
user 8, emp_avg: 0.4732664362295727, h: 1.7592818127156866, ucb: 2.1934314062898026,num_of_obs(calculated after picking at this round): 8, privacy reward: 0.7261490370736907, g: 0.014381784904096409, curr_delay = 0.06692684837541954, data_size = 2413
user 13, emp_avg: 0.31290951739665535, h: 1.7592818127156866, ucb: 2.0676607180653717,num_of_obs(calculated after picking at this round): 8, privacy reward: 0.7261490370736907, g: 0.014752852105754277, curr_delay = 0.14508574204585492, data_size = 2425
user 21, emp_avg: 0.06133047944951452, h: 2.081610312996424, ucb: 2.1425279068839678,num_of_obs(calculated after picking at this round): 6, privacy reward: 0.7866278610665532, g: 0.003078316571329989, curr_delay = 0.7887068876910626, data_size = 1488
user 27, emp_avg: 0.05811276032164575, h: 2.081610312996424, ucb: 2.1400129232638854,num_of_obs(calculated after picking at this round): 6, privacy reward: 0.7866278610665532, g: 0.0044051573887323265, curr_delay = 0.8824020869359909, data_size = 1573
num of fast users chosen: 3, num of slow users chosen: 2
max_delay = 0.88 seconds
after cleansing the weights updates who were almost zeros (meaning with absolute value of less than 10**-7, 0.00% of the weights upadtes) we get:
user No.4 has been picked 10, his deltas theta's mean
 is -0.0037598013877868652,
the empirical var of deltas thetas is 0.003925469238311052
the minimum of the deltas theta is -0.4016087055206299 and the maximum is 0.5799809694290161
the added laplace noise var is 0.004386561325032196
global epoch 37 has been done artifficialy in 0.88 secs, the total time by now is 23.50 
 with avg train loss 1.620, val loss 2.163, avg val acc 19.09%
iteration: 38
user 0, emp_avg: 0.8088374242641503, h: 1.4773461665553647, ucb: 2.26706733324593,num_of_obs(calculated after picking at this round): 11, privacy reward: 0.6440364210831411, g: 0.016238169052196, curr_delay = 0.05, data_size = 3049
user 22, emp_avg: 0.06130679777063847, h: 2.089282985062498, ucb: 2.151617810101814,num_of_obs(calculated after picking at this round): 6, privacy reward: 0.7866278610665532, g: 0.00021277825806546814, curr_delay = 0.8902077981751045, data_size = 1141
user 24, emp_avg: 0.06283779528612281, h: 2.089282985062498, ucb: 2.153233711644556,num_of_obs(calculated after picking at this round): 6, privacy reward: 0.7866278610665532, g: 0.0015252658089228803, curr_delay = 0.8730095999971892, data_size = 1332
user 26, emp_avg: 0.05621861340268721, h: 2.089282985062498, ucb: 2.144611959545938,num_of_obs(calculated after picking at this round): 6, privacy reward: 0.7866278610665532, g: 0.001963100232829525, curr_delay = 0.8241739041369521, data_size = 1373
user 28, emp_avg: 0.05886521504599388, h: 2.089282985062498, ucb: 2.147762691040654,num_of_obs(calculated after picking at this round): 6, privacy reward: 0.7866278610665532, g: 0.0007576451315688165, curr_delay = 0.822466354269828, data_size = 1242
num of fast users chosen: 1, num of slow users chosen: 4
max_delay = 0.89 seconds
after cleansing the weights updates who were almost zeros (meaning with absolute value of less than 10**-7, 0.00% of the weights upadtes) we get:
user No.0 has been picked 11, his deltas theta's mean
 is -0.0021870885975658894,
the empirical var of deltas thetas is 0.005856722593307495
the minimum of the deltas theta is -0.4368336796760559 and the maximum is 0.4724207818508148
the added laplace noise var is 0.004565580288749148
global epoch 38 has been done artifficialy in 0.89 secs, the total time by now is 24.39 
 with avg train loss 1.576, val loss 2.067, avg val acc 24.87%
iteration: 39
user 15, emp_avg: 0.06850589388259133, h: 2.0967293519564167, ucb: 2.1656203422021023,num_of_obs(calculated after picking at this round): 6, privacy reward: 0.7866278610665532, g: -0.0005483384087029158, curr_delay = 0.750971621347045, data_size = 818
user 16, emp_avg: 0.06896113804736807, h: 2.0967293519564167, ucb: 2.1654717112266946,num_of_obs(calculated after picking at this round): 6, privacy reward: 0.7866278610665532, g: 0.00013650833460569404, curr_delay = 0.7137246050783199, data_size = 1092
user 18, emp_avg: 0.06716494810528556, h: 2.0967293519564167, ucb: 2.1645405121184855,num_of_obs(calculated after picking at this round): 6, privacy reward: 0.7866278610665532, g: -0.0005543543136012817, curr_delay = 0.7820578679604012, data_size = 817
user 19, emp_avg: 0.06554491332207822, h: 2.0967293519564167, ucb: 2.1611824791334087,num_of_obs(calculated after picking at this round): 6, privacy reward: 0.7866278610665532, g: -0.0011856666641426538, curr_delay = 0.7041872263499435, data_size = 732
user 25, emp_avg: 0.059634144221117256, h: 2.0967293519564167, ucb: 2.157260153385727,num_of_obs(calculated after picking at this round): 6, privacy reward: 0.7866278610665532, g: -0.00036332608493200156, curr_delay = 0.9066042061698251, data_size = 852
num of fast users chosen: 0, num of slow users chosen: 5
max_delay = 0.91 seconds
after cleansing the weights updates who were almost zeros (meaning with absolute value of less than 10**-7, 0.00% of the weights upadtes) we get:
user No.15 has been picked 6, his deltas theta's mean
 is -0.0003867520426865667,
the empirical var of deltas thetas is 0.0010332238161936402
the minimum of the deltas theta is -0.19289644062519073 and the maximum is 0.2632700502872467
the added laplace noise var is 0.0037379809880455804
global epoch 39 has been done artifficialy in 0.91 secs, the total time by now is 25.29 
 with avg train loss 1.572, val loss 1.570, avg val acc 43.59%
iteration: 40
user 2, emp_avg: 0.6743340235106915, h: 1.7781722849473283, ucb: 2.4059825975309757,num_of_obs(calculated after picking at this round): 8, privacy reward: 0.7261490370736907, g: -0.003368837176121374, curr_delay = 0.05, data_size = 913
user 3, emp_avg: 0.568804970328744, h: 1.9206455826398414, ucb: 2.5190119966744984,num_of_obs(calculated after picking at this round): 7, privacy reward: 0.7557837414557252, g: -0.005108343352502095, curr_delay = 0.1277347015752224, data_size = 613
user 5, emp_avg: 0.5301769686294395, h: 1.9206455826398414, ucb: 2.4841974746299993,num_of_obs(calculated after picking at this round): 7, privacy reward: 0.7557837414557252, g: -0.002520795802606529, curr_delay = 0.15154847910829078, data_size = 779
user 9, emp_avg: 0.4119967407902128, h: 1.9206455826398414, ucb: 2.2972040140664225,num_of_obs(calculated after picking at this round): 7, privacy reward: 0.7557837414557252, g: -0.005349169749830887, curr_delay = 0.08004782415988144, data_size = 600
user 10, emp_avg: 0.359818791223012, h: 1.9206455826398414, ucb: 2.301633477681806,num_of_obs(calculated after picking at this round): 7, privacy reward: 0.7557837414557252, g: -4.703645342116677e-06, curr_delay = 0.2147727867723194, data_size = 1154
num of fast users chosen: 5, num of slow users chosen: 0
max_delay = 0.21 seconds
after cleansing the weights updates who were almost zeros (meaning with absolute value of less than 10**-7, 0.00% of the weights upadtes) we get:
user No.2 has been picked 8, his deltas theta's mean
 is -0.0007918316987343132,
the empirical var of deltas thetas is 0.0016306681791320443
the minimum of the deltas theta is -0.2500936686992645 and the maximum is 0.2840638756752014
the added laplace noise var is 0.0040493064635646414
global epoch 40 has been done artifficialy in 0.21 secs, the total time by now is 25.51 
 with avg train loss 1.553, val loss 1.684, avg val acc 39.00%
iteration: 41
user 4, emp_avg: 0.48360213778946215, h: 1.4926966336207048, ucb: 1.9978922391220686,num_of_obs(calculated after picking at this round): 11, privacy reward: 0.6440364210831411, g: 0.02872581542508233, curr_delay = 0.18679894774942524, data_size = 3227
user 6, emp_avg: 0.3705162100214482, h: 1.668885571280497, ucb: 2.046290321426527,num_of_obs(calculated after picking at this round): 9, privacy reward: 0.6976763260710308, g: 0.0281120892482906, curr_delay = 0.15852488710600932, data_size = 2832
user 8, emp_avg: 0.46355808074713, h: 1.668885571280497, ucb: 2.1421520075100697,num_of_obs(calculated after picking at this round): 9, privacy reward: 0.6976763260710308, g: 0.012994020515669905, curr_delay = 0.12957018771215367, data_size = 2413
user 14, emp_avg: 0.27881391936846883, h: 1.784113721560606, ucb: 2.069311684567848,num_of_obs(calculated after picking at this round): 8, privacy reward: 0.7261490370736907, g: 0.010879758983589472, curr_delay = 0.21356057189874533, data_size = 2147
user 17, emp_avg: 0.06776072213268576, h: 1.9270630676509546, ucb: 1.9947542620125915,num_of_obs(calculated after picking at this round): 7, privacy reward: 0.7557837414557252, g: 0.006138993464849012, curr_delay = 0.7333755988948203, data_size = 1754
num of fast users chosen: 4, num of slow users chosen: 1
max_delay = 0.73 seconds
after cleansing the weights updates who were almost zeros (meaning with absolute value of less than 10**-7, 0.00% of the weights upadtes) we get:
user No.4 has been picked 11, his deltas theta's mean
 is -0.0036723180674016476,
the empirical var of deltas thetas is 0.003652879735454917
the minimum of the deltas theta is -0.367687851190567 and the maximum is 0.44378647208213806
the added laplace noise var is 0.004565580288749148
global epoch 41 has been done artifficialy in 0.73 secs, the total time by now is 26.24 
 with avg train loss 1.606, val loss 2.096, avg val acc 25.66%
iteration: 42
user 0, emp_avg: 0.7853784125470833, h: 1.4278406363106562, ucb: 2.2366780605748064,num_of_obs(calculated after picking at this round): 12, privacy reward: 0.6187833918061405, g: 0.016559110508364585, curr_delay = 0.09481741589056114, data_size = 3049
user 11, emp_avg: 0.3769833835888331, h: 1.933305360847936, ucb: 2.2857192648328497,num_of_obs(calculated after picking at this round): 7, privacy reward: 0.7557837414557252, g: -0.0027073187614696337, curr_delay = 0.09534701581651779, data_size = 709
user 20, emp_avg: 0.06495429487717601, h: 2.1178299133641594, ucb: 2.1826599651030794,num_of_obs(calculated after picking at this round): 6, privacy reward: 0.7866278610665532, g: -0.0019005043090615835, curr_delay = 0.7624797667080861, data_size = 589
user 23, emp_avg: 0.061753033823280894, h: 2.1178299133641594, ucb: 2.18032774234736,num_of_obs(calculated after picking at this round): 6, privacy reward: 0.7866278610665532, g: -0.0008037497658662488, curr_delay = 0.861637284885721, data_size = 708
user 29, emp_avg: 0.05743482848668826, h: 2.1178299133641594, ucb: 2.1766090759277685,num_of_obs(calculated after picking at this round): 6, privacy reward: 0.7866278610665532, g: -0.00046487697295026373, curr_delay = 0.9859374148884792, data_size = 761
num of fast users chosen: 2, num of slow users chosen: 3
max_delay = 0.99 seconds
after cleansing the weights updates who were almost zeros (meaning with absolute value of less than 10**-7, 0.00% of the weights upadtes) we get:
user No.0 has been picked 12, his deltas theta's mean
 is -0.002210402162745595,
the empirical var of deltas thetas is 0.0052504586055874825
the minimum of the deltas theta is -0.48260393738746643 and the maximum is 0.5205668807029724
the added laplace noise var is 0.004751905154970509
global epoch 42 has been done artifficialy in 0.99 secs, the total time by now is 27.23 
 with avg train loss 1.505, val loss 1.941, avg val acc 28.19%
iteration: 43
user 1, emp_avg: 0.7145489145249504, h: 1.7955182576213544, ucb: 2.477656793465432,num_of_obs(calculated after picking at this round): 8, privacy reward: 0.7261490370736907, g: -0.0027153941864748858, curr_delay = 0.05311116915464059, data_size = 864
user 2, emp_avg: 0.6572777779410524, h: 1.6795535379291044, ucb: 2.353887561439796,num_of_obs(calculated after picking at this round): 9, privacy reward: 0.6976763260710308, g: -0.004773178887683203, curr_delay = 0.09600101744785541, data_size = 913
user 3, emp_avg: 0.540923699177432, h: 1.7955182576213544, ucb: 2.3643232279500985,num_of_obs(calculated after picking at this round): 8, privacy reward: 0.7261490370736907, g: -0.007100316069782653, curr_delay = 0.1446111517129737, data_size = 613
user 5, emp_avg: 0.5013850337913573, h: 1.7955182576213544, ucb: 2.3256952262507937,num_of_obs(calculated after picking at this round): 8, privacy reward: 0.7261490370736907, g: -0.003968776356234225, curr_delay = 0.16675477437276237, data_size = 779
user 7, emp_avg: 0.45182681030121935, h: 1.9393813744835136, ucb: 2.2998459865016025,num_of_obs(calculated after picking at this round): 7, privacy reward: 0.7557837414557252, g: -0.007045596310756101, curr_delay = 0.05, data_size = 434
num of fast users chosen: 5, num of slow users chosen: 0
max_delay = 0.17 seconds
after cleansing the weights updates who were almost zeros (meaning with absolute value of less than 10**-7, 0.00% of the weights upadtes) we get:
user No.1 has been picked 8, his deltas theta's mean
 is -3.9296432078117505e-05,
the empirical var of deltas thetas is 0.0008656380232423544
the minimum of the deltas theta is -0.20891791582107544 and the maximum is 0.24673481285572052
the added laplace noise var is 0.0040493064635646414
global epoch 43 has been done artifficialy in 0.17 secs, the total time by now is 27.40 
 with avg train loss 1.490, val loss 1.558, avg val acc 43.05%
iteration: 44
user 4, emp_avg: 0.475235165794296, h: 1.4366987981768091, ucb: 1.9203009359662713,num_of_obs(calculated after picking at this round): 12, privacy reward: 0.6187833918061405, g: 0.02669608203891851, curr_delay = 0.1304806866738787, data_size = 3227
user 6, emp_avg: 0.3824144007608091, h: 1.5883302834356714, ucb: 1.9588464934571195,num_of_obs(calculated after picking at this round): 10, privacy reward: 0.670320046035639, g: 0.02504087811003241, curr_delay = 0.1021454388099387, data_size = 2832
user 13, emp_avg: 0.30666350391407693, h: 1.6846786712719715, ucb: 1.9975881886686269,num_of_obs(calculated after picking at this round): 9, privacy reward: 0.6976763260710308, g: 0.016597768416315835, curr_delay = 0.19478339217891122, data_size = 2425
user 21, emp_avg: 0.06316836310653877, h: 1.9452993687137876, ucb: 2.006629848163302,num_of_obs(calculated after picking at this round): 7, privacy reward: 0.7557837414557252, g: 0.0029435049537002997, curr_delay = 0.6738938180174268, data_size = 1488
user 27, emp_avg: 0.05771802383869682, h: 1.9452993687137876, ucb: 2.0034121290354334,num_of_obs(calculated after picking at this round): 7, privacy reward: 0.7557837414557252, g: 0.004243592010137609, curr_delay = 0.90334881438259, data_size = 1573
num of fast users chosen: 3, num of slow users chosen: 2
max_delay = 0.90 seconds
after cleansing the weights updates who were almost zeros (meaning with absolute value of less than 10**-7, 0.00% of the weights upadtes) we get:
user No.4 has been picked 12, his deltas theta's mean
 is -0.0018447376787662506,
the empirical var of deltas thetas is 0.003633462358266115
the minimum of the deltas theta is -0.3422897160053253 and the maximum is 0.45003852248191833
the added laplace noise var is 0.004751905154970509
global epoch 44 has been done artifficialy in 0.90 secs, the total time by now is 28.30 
 with avg train loss 1.594, val loss 2.035, avg val acc 26.01%
iteration: 45
user 0, emp_avg: 0.753597901171918, h: 1.3796127155419957, ucb: 2.164991128089079,num_of_obs(calculated after picking at this round): 13, privacy reward: 0.5945205479701939, g: 0.015356241412685016, curr_delay = 0.13432491459812887, data_size = 3049
user 9, emp_avg: 0.39153924472337776, h: 1.8063370567699357, ucb: 2.2183337975601485,num_of_obs(calculated after picking at this round): 8, privacy reward: 0.7261490370736907, g: -0.006192678597340829, curr_delay = 0.20133949372810234, data_size = 600
user 10, emp_avg: 0.37077876936321624, h: 1.8063370567699357, ucb: 2.1661558479929477,num_of_obs(calculated after picking at this round): 8, privacy reward: 0.7261490370736907, g: -5.966549744384896e-05, curr_delay = 0.11173218904769075, data_size = 1154
user 11, emp_avg: 0.3653588875743575, h: 1.8063370567699357, ucb: 2.1833204403587687,num_of_obs(calculated after picking at this round): 8, privacy reward: 0.7261490370736907, g: -0.004190013561002942, curr_delay = 0.17606413973209545, data_size = 709
user 12, emp_avg: 0.28932236252126053, h: 1.9510670131418653, ucb: 2.244837103018353,num_of_obs(calculated after picking at this round): 7, privacy reward: 0.7557837414557252, g: -0.003189013577671436, curr_delay = 0.1903775579377062, data_size = 600
num of fast users chosen: 5, num of slow users chosen: 0
max_delay = 0.20 seconds
after cleansing the weights updates who were almost zeros (meaning with absolute value of less than 10**-7, 0.00% of the weights upadtes) we get:
user No.0 has been picked 13, his deltas theta's mean
 is 0.0008045455324463546,
the empirical var of deltas thetas is 0.00553335202857852
the minimum of the deltas theta is -0.4243026077747345 and the maximum is 0.5363336801528931
the added laplace noise var is 0.004945834083233656
global epoch 45 has been done artifficialy in 0.20 secs, the total time by now is 28.50 
 with avg train loss 1.554, val loss 1.869, avg val acc 32.84%
iteration: 46
user 8, emp_avg: 0.4422057877016782, h: 1.5976318717587594, ucb: 2.0611899525058894,num_of_obs(calculated after picking at this round): 10, privacy reward: 0.670320046035639, g: 0.012873420084732688, curr_delay = 0.19997188371909275, data_size = 2413
user 22, emp_avg: 0.06188178627765276, h: 1.9566914413082854, ucb: 2.0179982390789237,num_of_obs(calculated after picking at this round): 7, privacy reward: 0.7557837414557252, g: 0.00024746705249915847, curr_delay = 0.7653250526891274, data_size = 1141
user 24, emp_avg: 0.062410321469159556, h: 1.9566914413082854, ucb: 2.0195292365944084,num_of_obs(calculated after picking at this round): 7, privacy reward: 0.7557837414557252, g: 0.0016159448339700703, curr_delay = 0.8354850056668016, data_size = 1332
user 26, emp_avg: 0.056339732196140545, h: 1.9566914413082854, ucb: 2.012910054710973,num_of_obs(calculated after picking at this round): 7, privacy reward: 0.7557837414557252, g: 0.0020657981031916546, curr_delay = 0.8761716283149852, data_size = 1373
user 28, emp_avg: 0.058497032721667196, h: 1.9566914413082854, ucb: 2.0155566563542795,num_of_obs(calculated after picking at this round): 7, privacy reward: 0.7557837414557252, g: 0.0008219413254368706, curr_delay = 0.8882897666449838, data_size = 1242
num of fast users chosen: 1, num of slow users chosen: 4
max_delay = 0.89 seconds
after cleansing the weights updates who were almost zeros (meaning with absolute value of less than 10**-7, 0.00% of the weights upadtes) we get:
user No.8 has been picked 10, his deltas theta's mean
 is -0.0023329078685492277,
the empirical var of deltas thetas is 0.00493306340649724
the minimum of the deltas theta is -0.40923118591308594 and the maximum is 0.5077336430549622
the added laplace noise var is 0.004386561325032196
global epoch 46 has been done artifficialy in 0.89 secs, the total time by now is 29.39 
 with avg train loss 1.504, val loss 1.782, avg val acc 34.28%
iteration: 47
user 15, emp_avg: 0.0698938642615227, h: 1.9621792990728595, ucb: 2.030685192955451,num_of_obs(calculated after picking at this round): 7, privacy reward: 0.7557837414557252, g: -0.000523085981109856, curr_delay = 0.6392089229315809, data_size = 818
user 16, emp_avg: 0.06932879110771602, h: 1.9621792990728595, ucb: 2.0311404371202277,num_of_obs(calculated after picking at this round): 7, privacy reward: 0.7557837414557252, g: 0.00014955411201630025, curr_delay = 0.6989613904996156, data_size = 1092
user 18, emp_avg: 0.06684388818600062, h: 1.9621792990728595, ucb: 2.029344247178145,num_of_obs(calculated after picking at this round): 7, privacy reward: 0.7557837414557252, g: -0.0005289621115374057, curr_delay = 0.7702080012001773, data_size = 817
user 19, emp_avg: 0.0687443192209429, h: 1.9621792990728595, ucb: 2.0277242123949377,num_of_obs(calculated after picking at this round): 7, privacy reward: 0.7557837414557252, g: -0.0011483936320593924, curr_delay = 0.5685646003311147, data_size = 732
user 25, emp_avg: 0.05897299890787908, h: 1.9621792990728595, ucb: 2.021813443293977,num_of_obs(calculated after picking at this round): 7, privacy reward: 0.7557837414557252, g: -0.000342825989346696, curr_delay = 0.9089896471740179, data_size = 852
num of fast users chosen: 0, num of slow users chosen: 5
max_delay = 0.91 seconds
after cleansing the weights updates who were almost zeros (meaning with absolute value of less than 10**-7, 0.00% of the weights upadtes) we get:
user No.15 has been picked 7, his deltas theta's mean
 is -0.0005877401563338935,
the empirical var of deltas thetas is 0.0011717345332726836
the minimum of the deltas theta is -0.20815932750701904 and the maximum is 0.27406543493270874
the added laplace noise var is 0.003890530886084149
global epoch 47 has been done artifficialy in 0.91 secs, the total time by now is 30.30 
 with avg train loss 1.512, val loss 1.446, avg val acc 48.68%
iteration: 48
user 4, emp_avg: 0.46775970923899607, h: 1.3912586048085904, ucb: 1.8664937706028863,num_of_obs(calculated after picking at this round): 13, privacy reward: 0.5945205479701939, g: 0.02669608203891851, curr_delay = 0.13225615786364903, data_size = 3227
user 6, emp_avg: 0.3668387557048657, h: 1.5240474423536607, ucb: 1.90646184311447,num_of_obs(calculated after picking at this round): 11, privacy reward: 0.6440364210831411, g: 0.023856414786172606, curr_delay = 0.23687442661549116, data_size = 2832
user 13, emp_avg: 0.31979871843012997, h: 1.6064870599972458, ucb: 1.9131505639113229,num_of_obs(calculated after picking at this round): 10, privacy reward: 0.670320046035639, g: 0.01516604776107697, curr_delay = 0.11415117269356623, data_size = 2425
user 14, emp_avg: 0.2711561882729669, h: 1.7039368410187388, ucb: 1.9827507603872077,num_of_obs(calculated after picking at this round): 9, privacy reward: 0.6976763260710308, g: 0.01174430047531605, curr_delay = 0.23821509487571316, data_size = 2147
user 17, emp_avg: 0.06754136558528402, h: 1.8215851050840053, ucb: 1.889345827216691,num_of_obs(calculated after picking at this round): 8, privacy reward: 0.7261490370736907, g: 0.006218877402060921, curr_delay = 0.7575083880683217, data_size = 1754
num of fast users chosen: 4, num of slow users chosen: 1
max_delay = 0.76 seconds
after cleansing the weights updates who were almost zeros (meaning with absolute value of less than 10**-7, 0.00% of the weights upadtes) we get:
user No.4 has been picked 13, his deltas theta's mean
 is -0.0015713459579274058,
the empirical var of deltas thetas is 0.0038220505230128765
the minimum of the deltas theta is -0.4840151369571686 and the maximum is 0.5367390513420105
the added laplace noise var is 0.004945834083233656
global epoch 48 has been done artifficialy in 0.76 secs, the total time by now is 31.06 
 with avg train loss 1.575, val loss 2.020, avg val acc 27.48%
iteration: 49
user 1, emp_avg: 0.6862270791520108, h: 1.7084686779636815, ucb: 2.423017592488632,num_of_obs(calculated after picking at this round): 9, privacy reward: 0.6976763260710308, g: -0.0027650826046388337, curr_delay = 0.10877785129977134, data_size = 864
user 2, emp_avg: 0.6246732516741079, h: 1.6107597168439134, ucb: 2.2680374947849655,num_of_obs(calculated after picking at this round): 10, privacy reward: 0.670320046035639, g: -0.004450911800248627, curr_delay = 0.1509513640561541, data_size = 913
user 3, emp_avg: 0.5294827445769916, h: 1.7084686779636815, ucb: 2.2493923771411133,num_of_obs(calculated after picking at this round): 9, privacy reward: 0.6976763260710308, g: -0.007180525540560067, curr_delay = 0.11416695253126793, data_size = 613
user 5, emp_avg: 0.48759629263960935, h: 1.7084686779636815, ucb: 2.2098537117550388,num_of_obs(calculated after picking at this round): 9, privacy reward: 0.6976763260710308, g: -0.0040288005890282315, curr_delay = 0.13252533048376813, data_size = 779
user 7, emp_avg: 0.44511391589997235, h: 1.8264298425642054, ucb: 2.2782566528654247,num_of_obs(calculated after picking at this round): 8, privacy reward: 0.7261490370736907, g: -0.007614361626388488, curr_delay = 0.1255891212707289, data_size = 434
num of fast users chosen: 5, num of slow users chosen: 0
max_delay = 0.15 seconds
after cleansing the weights updates who were almost zeros (meaning with absolute value of less than 10**-7, 0.00% of the weights upadtes) we get:
user No.1 has been picked 9, his deltas theta's mean
 is -6.065536945243366e-05,
the empirical var of deltas thetas is 0.0006520691094920039
the minimum of the deltas theta is -0.18862225115299225 and the maximum is 0.19735115766525269
the added laplace noise var is 0.004214561795284956
global epoch 49 has been done artifficialy in 0.15 secs, the total time by now is 31.21 
 with avg train loss 1.448, val loss 1.461, avg val acc 48.06%
iteration: 50
user 0, emp_avg: 0.7349968980024029, h: 1.3437072149201161, ucb: 2.097305116092034,num_of_obs(calculated after picking at this round): 14, privacy reward: 0.5712090638488144, g: 0.017052956559334826, curr_delay = 0.10138206940623296, data_size = 3049
user 10, emp_avg: 0.3553244001729003, h: 1.7128973273582715, ucb: 2.083676096721488,num_of_obs(calculated after picking at this round): 9, privacy reward: 0.6976763260710308, g: -0.00014807942356967924, curr_delay = 0.21580611772728578, data_size = 1154
user 20, emp_avg: 0.06427343257178718, h: 1.977883466088977, ucb: 2.042837760966153,num_of_obs(calculated after picking at this round): 7, privacy reward: 0.7557837414557252, g: -0.0019844490030605567, curr_delay = 0.830726806974802, data_size = 589
user 23, emp_avg: 0.0620327945077368, h: 1.977883466088977, ucb: 2.039636499912258,num_of_obs(calculated after picking at this round): 7, privacy reward: 0.7557837414557252, g: -0.0008586577112978441, curr_delay = 0.7847894172616553, data_size = 708
user 29, emp_avg: 0.05675321842154788, h: 1.977883466088977, ucb: 2.0353182945756654,num_of_obs(calculated after picking at this round): 7, privacy reward: 0.7557837414557252, g: -0.000506852584986304, curr_delay = 0.9494231280546479, data_size = 761
num of fast users chosen: 2, num of slow users chosen: 3
max_delay = 0.95 seconds
after cleansing the weights updates who were almost zeros (meaning with absolute value of less than 10**-7, 0.00% of the weights upadtes) we get:
user No.0 has been picked 14, his deltas theta's mean
 is -0.0007378220907412469,
the empirical var of deltas thetas is 0.005230621434748173
the minimum of the deltas theta is -0.43339645862579346 and the maximum is 0.5957011580467224
the added laplace noise var is 0.005147677401197522
global epoch 50 has been done artifficialy in 0.95 secs, the total time by now is 32.16 
 with avg train loss 1.443, val loss 1.839, avg val acc 35.56%
iteration: 51
user 8, emp_avg: 0.4368784769988628, h: 1.535934692503101, ucb: 1.9781404802047793,num_of_obs(calculated after picking at this round): 11, privacy reward: 0.6440364210831411, g: 0.012776874503916598, curr_delay = 0.13034228380019233, data_size = 2413
user 14, emp_avg: 0.2695197971693618, h: 1.6190173218600485, ucb: 1.8901735101330155,num_of_obs(calculated after picking at this round): 10, privacy reward: 0.670320046035639, g: 0.009715493357212947, curr_delay = 0.19623828689873546, data_size = 2147
user 21, emp_avg: 0.06287627952066732, h: 1.835793086548931, ucb: 1.8989614496554696,num_of_obs(calculated after picking at this round): 8, privacy reward: 0.7261490370736907, g: 0.0028475897220381586, curr_delay = 0.821939952143055, data_size = 1488
user 26, emp_avg: 0.0574387633805485, h: 1.835793086548931, ucb: 1.8921328187450714,num_of_obs(calculated after picking at this round): 8, privacy reward: 0.7261490370736907, g: 0.0014923489362410076, curr_delay = 0.767672020978171, data_size = 1373
user 27, emp_avg: 0.0570656373892975, h: 1.835793086548931, ucb: 1.8935111103876276,num_of_obs(calculated after picking at this round): 8, privacy reward: 0.7261490370736907, g: 0.004128267187187113, curr_delay = 0.9524003225072919, data_size = 1573
num of fast users chosen: 2, num of slow users chosen: 3
max_delay = 0.95 seconds
after cleansing the weights updates who were almost zeros (meaning with absolute value of less than 10**-7, 0.00% of the weights upadtes) we get:
user No.8 has been picked 11, his deltas theta's mean
 is -0.0020927360747009516,
the empirical var of deltas thetas is 0.005053936503827572
the minimum of the deltas theta is -0.39959651231765747 and the maximum is 0.4560222327709198
the added laplace noise var is 0.004565580288749148
global epoch 51 has been done artifficialy in 0.95 secs, the total time by now is 33.11 
 with avg train loss 1.533, val loss 1.964, avg val acc 28.37%
iteration: 52
user 4, emp_avg: 0.4704677396593814, h: 1.3504262094011585, ucb: 1.8181859186401546,num_of_obs(calculated after picking at this round): 14, privacy reward: 0.5712090638488144, g: 0.02669608203891851, curr_delay = 0.0988782978672544, data_size = 3227
user 6, emp_avg: 0.4196021927294602, h: 1.4680680660306458, ucb: 1.8349068217355113,num_of_obs(calculated after picking at this round): 12, privacy reward: 0.6187833918061405, g: 0.02287659007301241, curr_delay = 0.05, data_size = 2832
user 13, emp_avg: 0.3188860955169011, h: 1.5397227773689837, ucb: 1.8595214957991137,num_of_obs(calculated after picking at this round): 11, privacy reward: 0.6440364210831411, g: 0.014005022160920576, curr_delay = 0.16141535888292785, data_size = 2425
user 24, emp_avg: 0.06227535086962911, h: 1.8403207139552205, ucb: 1.90273103542438,num_of_obs(calculated after picking at this round): 8, privacy reward: 0.7261490370736907, g: 0.001297311762714716, curr_delay = 0.8152542992012396, data_size = 1332
user 28, emp_avg: 0.059161249696419116, h: 1.8403207139552205, ucb: 1.8988177466768876,num_of_obs(calculated after picking at this round): 8, privacy reward: 0.7261490370736907, g: 0.0005997070604129751, curr_delay = 0.7835668047874617, data_size = 1242
num of fast users chosen: 3, num of slow users chosen: 2
max_delay = 0.82 seconds
after cleansing the weights updates who were almost zeros (meaning with absolute value of less than 10**-7, 0.00% of the weights upadtes) we get:
user No.4 has been picked 14, his deltas theta's mean
 is -0.0019942678045481443,
the empirical var of deltas thetas is 0.00347454403527081
the minimum of the deltas theta is -0.3813112676143646 and the maximum is 0.603458046913147
the added laplace noise var is 0.005147677401197522
global epoch 52 has been done artifficialy in 0.82 secs, the total time by now is 33.92 
 with avg train loss 1.509, val loss 1.792, avg val acc 35.98%
iteration: 53
user 1, emp_avg: 0.6460409623829022, h: 1.6269177224744387, ucb: 2.3131448016264495,num_of_obs(calculated after picking at this round): 10, privacy reward: 0.670320046035639, g: -0.0034963648697830863, curr_delay = 0.1758297952913057, data_size = 864
user 5, emp_avg: 0.4831190286173995, h: 1.6269177224744387, ucb: 2.114514015114048,num_of_obs(calculated after picking at this round): 10, privacy reward: 0.670320046035639, g: -0.004902639089919142, curr_delay = 0.11291176459756506, data_size = 779
user 7, emp_avg: 0.48426059922546866, h: 1.7256068309913737, ucb: 2.170720746891346,num_of_obs(calculated after picking at this round): 9, privacy reward: 0.6976763260710308, g: -0.009090967064481483, curr_delay = 0.06270110864651014, data_size = 434
user 9, emp_avg: 0.3828498470912513, h: 1.7256068309913737, ucb: 2.1171460757147513,num_of_obs(calculated after picking at this round): 9, privacy reward: 0.6976763260710308, g: -0.005488056007588103, curr_delay = 0.15957378936978608, data_size = 600
user 12, emp_avg: 0.31661363570328105, h: 1.8447512988132702, ucb: 2.1340736613345306,num_of_obs(calculated after picking at this round): 8, privacy reward: 0.7261490370736907, g: -0.0030485294996491965, curr_delay = 0.09849256188944322, data_size = 600
num of fast users chosen: 5, num of slow users chosen: 0
max_delay = 0.18 seconds
after cleansing the weights updates who were almost zeros (meaning with absolute value of less than 10**-7, 0.00% of the weights upadtes) we get:
user No.1 has been picked 10, his deltas theta's mean
 is -0.00015073646500241011,
the empirical var of deltas thetas is 0.0008032763726077974
the minimum of the deltas theta is -0.31711649894714355 and the maximum is 0.27591294050216675
the added laplace noise var is 0.004386561325032196
global epoch 53 has been done artifficialy in 0.18 secs, the total time by now is 34.10 
 with avg train loss 1.416, val loss 1.352, avg val acc 52.20%
iteration: 54
user 8, emp_avg: 0.4578558032020761, h: 1.4750625342486838, ucb: 1.9119410112475466,num_of_obs(calculated after picking at this round): 12, privacy reward: 0.6187833918061405, g: 0.011111176443320459, curr_delay = 0.072610421020967, data_size = 2413
user 15, emp_avg: 0.07011260389123392, h: 1.849088743886939, ucb: 1.9189826081484618,num_of_obs(calculated after picking at this round): 8, privacy reward: 0.7261490370736907, g: -0.0006170816493576498, curr_delay = 0.6978972786372127, data_size = 818
user 16, emp_avg: 0.06942317215360554, h: 1.849088743886939, ucb: 1.918417534994655,num_of_obs(calculated after picking at this round): 8, privacy reward: 0.7261490370736907, g: 0.0001052507066397442, curr_delay = 0.71343123285869, data_size = 1092
user 18, emp_avg: 0.06618490116336284, h: 1.849088743886939, ucb: 1.9159326320729395,num_of_obs(calculated after picking at this round): 8, privacy reward: 0.7261490370736907, g: -0.0006234625209298139, curr_delay = 0.8120575341467315, data_size = 817
user 22, emp_avg: 0.06205618388052857, h: 1.849088743886939, ucb: 1.9109705301645918,num_of_obs(calculated after picking at this round): 8, privacy reward: 0.7261490370736907, g: 0.0002734471846036971, curr_delay = 0.7901769362691071, data_size = 1141
num of fast users chosen: 1, num of slow users chosen: 4
max_delay = 0.81 seconds
after cleansing the weights updates who were almost zeros (meaning with absolute value of less than 10**-7, 0.00% of the weights upadtes) we get:
user No.8 has been picked 12, his deltas theta's mean
 is -0.0016762136947363615,
the empirical var of deltas thetas is 0.005855608265846968
the minimum of the deltas theta is -0.49708092212677 and the maximum is 0.49222052097320557
the added laplace noise var is 0.004751905154970509
global epoch 54 has been done artifficialy in 0.81 secs, the total time by now is 34.91 
 with avg train loss 1.495, val loss 1.747, avg val acc 37.70%
iteration: 55
user 0, emp_avg: 0.749165655054841, h: 1.3105069660084883, ucb: 2.0455038640108913,num_of_obs(calculated after picking at this round): 15, privacy reward: 0.5488116360940261, g: 0.018507293745436748, curr_delay = 0.0527688750177739, data_size = 3049
user 19, emp_avg: 0.06816351168062611, h: 1.853336724913621, ucb: 1.922081044134564,num_of_obs(calculated after picking at this round): 8, privacy reward: 0.7261490370736907, g: -0.0011223243605405458, curr_delay = 0.7800572571269059, data_size = 732
user 23, emp_avg: 0.062273656709029644, h: 1.853336724913621, ucb: 1.9153695194213578,num_of_obs(calculated after picking at this round): 8, privacy reward: 0.7261490370736907, g: -0.0013377737180489933, curr_delay = 0.781742349661287, data_size = 708
user 25, emp_avg: 0.05908799061240235, h: 1.853336724913621, ucb: 1.9123097238215,num_of_obs(calculated after picking at this round): 8, privacy reward: 0.7261490370736907, g: -0.00032865025461730927, curr_delay = 0.8348230396501843, data_size = 852
user 29, emp_avg: 0.05666157487570191, h: 1.853336724913621, ucb: 1.9100899433351688,num_of_obs(calculated after picking at this round): 8, privacy reward: 0.7261490370736907, g: -0.0008872125912623065, curr_delay = 0.8925372630042534, data_size = 761
num of fast users chosen: 1, num of slow users chosen: 4
max_delay = 0.89 seconds
after cleansing the weights updates who were almost zeros (meaning with absolute value of less than 10**-7, 0.00% of the weights upadtes) we get:
user No.0 has been picked 15, his deltas theta's mean
 is -0.0004655152151826769,
the empirical var of deltas thetas is 0.005155943334102631
the minimum of the deltas theta is -0.3730089068412781 and the maximum is 0.4672996401786804
the added laplace noise var is 0.005357758101233054
global epoch 55 has been done artifficialy in 0.89 secs, the total time by now is 35.80 
 with avg train loss 1.433, val loss 1.651, avg val acc 44.91%
iteration: 56
user 4, emp_avg: 0.4845324987268923, h: 1.313449932277884, ucb: 1.7839176719372656,num_of_obs(calculated after picking at this round): 15, privacy reward: 0.5488116360940261, g: 0.02669608203891851, curr_delay = 0.07337412560614168, data_size = 3227
user 6, emp_avg: 0.40759186182450613, h: 1.418688071905722, ucb: 1.8382902646351822,num_of_obs(calculated after picking at this round): 13, privacy reward: 0.5945205479701939, g: 0.022053093013799225, curr_delay = 0.18977644606655797, data_size = 2832
user 13, emp_avg: 0.30767760660876736, h: 1.4817713645379393, ucb: 1.8006574600548404,num_of_obs(calculated after picking at this round): 12, privacy reward: 0.6187833918061405, g: 0.013046650924365806, curr_delay = 0.27117286751914416, data_size = 2425
user 14, emp_avg: 0.271192562996149, h: 1.55409491809255, ucb: 1.823614715261912,num_of_obs(calculated after picking at this round): 11, privacy reward: 0.6440364210831411, g: 0.009305758978763885, curr_delay = 0.1736592163637936, data_size = 2147
user 17, emp_avg: 0.06849798895820634, h: 1.7375309401709549, ucb: 1.805072305756239,num_of_obs(calculated after picking at this round): 9, privacy reward: 0.6976763260710308, g: 0.006697139035961322, curr_delay = 0.6565904032320579, data_size = 1754
num of fast users chosen: 4, num of slow users chosen: 1
max_delay = 0.66 seconds
after cleansing the weights updates who were almost zeros (meaning with absolute value of less than 10**-7, 0.00% of the weights upadtes) we get:
user No.4 has been picked 15, his deltas theta's mean
 is -0.003555078525096178,
the empirical var of deltas thetas is 0.003210152732208371
the minimum of the deltas theta is -0.39222702383995056 and the maximum is 0.3924034833908081
the added laplace noise var is 0.005357758101233054
global epoch 56 has been done artifficialy in 0.66 secs, the total time by now is 36.46 
 with avg train loss 1.529, val loss 1.872, avg val acc 33.30%
iteration: 57
user 1, emp_avg: 0.6782190567117293, h: 1.5575078685838895, ucb: 2.203548830966792,num_of_obs(calculated after picking at this round): 11, privacy reward: 0.6440364210831411, g: -0.0041935134890644064, curr_delay = 0.05, data_size = 864
user 2, emp_avg: 0.6230665456022246, h: 1.5575078685838895, ucb: 2.1821811202579973,num_of_obs(calculated after picking at this round): 11, privacy reward: 0.6440364210831411, g: -0.0034199433016128206, curr_delay = 0.08237239280294496, data_size = 913
user 3, emp_avg: 0.5521597768976428, h: 1.6417574461197673, ucb: 2.171240190696759,num_of_obs(calculated after picking at this round): 10, privacy reward: 0.670320046035639, g: -0.006299186152290969, curr_delay = 0.0661154342772382, data_size = 613
user 7, emp_avg: 0.5358345393029218, h: 1.6417574461197673, ucb: 2.1260180453452358,num_of_obs(calculated after picking at this round): 10, privacy reward: 0.670320046035639, g: -0.010464861071900125, curr_delay = 0.05, data_size = 434
user 11, emp_avg: 0.3639737180470866, h: 1.741346734822193, ucb: 2.1067056223965506,num_of_obs(calculated after picking at this round): 9, privacy reward: 0.6976763260710308, g: -0.002452788593297516, curr_delay = 0.14168626303178458, data_size = 709
num of fast users chosen: 5, num of slow users chosen: 0
max_delay = 0.14 seconds
after cleansing the weights updates who were almost zeros (meaning with absolute value of less than 10**-7, 0.00% of the weights upadtes) we get:
user No.1 has been picked 11, his deltas theta's mean
 is -0.0002168635546695441,
the empirical var of deltas thetas is 0.0007626801379956305
the minimum of the deltas theta is -0.21082571148872375 and the maximum is 0.195530503988266
the added laplace noise var is 0.004565580288749148
global epoch 57 has been done artifficialy in 0.14 secs, the total time by now is 36.60 
 with avg train loss 1.426, val loss 1.352, avg val acc 51.89%
iteration: 58
user 0, emp_avg: 0.7620780215107549, h: 1.2744321104784546, ucb: 2.0235977655332955,num_of_obs(calculated after picking at this round): 16, privacy reward: 0.5272924240430481, g: 0.017415098971760985, curr_delay = 0.052314195970093666, data_size = 3049
user 9, emp_avg: 0.3698464295320399, h: 1.6452847799183419, ucb: 2.0281346270095932,num_of_obs(calculated after picking at this round): 10, privacy reward: 0.670320046035639, g: -0.006132523805637806, curr_delay = 0.19777254987205428, data_size = 600
user 10, emp_avg: 0.3591029158905385, h: 1.6452847799183419, ucb: 2.0006091800912422,num_of_obs(calculated after picking at this round): 10, privacy reward: 0.670320046035639, g: -5.3893257148287595e-05, curr_delay = 0.12719100582836854, data_size = 1154
user 11, emp_avg: 0.3746344228934376, h: 1.6452847799183419, ucb: 2.0092584979654284,num_of_obs(calculated after picking at this round): 10, privacy reward: 0.670320046035639, g: -0.004140558585371062, curr_delay = 0.10625168633804348, data_size = 709
user 12, emp_avg: 0.3189565793820993, h: 1.7450880372949138, ucb: 2.0617016729981947,num_of_obs(calculated after picking at this round): 9, privacy reward: 0.6976763260710308, g: -0.0037294292319809794, curr_delay = 0.14806035217043045, data_size = 600
num of fast users chosen: 5, num of slow users chosen: 0
max_delay = 0.20 seconds
after cleansing the weights updates who were almost zeros (meaning with absolute value of less than 10**-7, 0.00% of the weights upadtes) we get:
user No.0 has been picked 16, his deltas theta's mean
 is -0.0017225035699084401,
the empirical var of deltas thetas is 0.005076756235212088
the minimum of the deltas theta is -0.3831917643547058 and the maximum is 0.5071821808815002
the added laplace noise var is 0.005576412357279915
global epoch 58 has been done artifficialy in 0.20 secs, the total time by now is 36.80 
 with avg train loss 1.482, val loss 1.655, avg val acc 43.34%
iteration: 59
user 4, emp_avg: 0.470703006502677, h: 1.277111967511967, ucb: 1.7616444662388595,num_of_obs(calculated after picking at this round): 16, privacy reward: 0.5272924240430481, g: 0.02532938108036062, curr_delay = 0.18992585903557394, data_size = 3227
user 6, emp_avg: 0.41161290332409667, h: 1.371838313623627, ucb: 1.779430175448133,num_of_obs(calculated after picking at this round): 14, privacy reward: 0.5712090638488144, g: 0.020291879890063053, curr_delay = 0.1077849994843102, data_size = 2832
user 21, emp_avg: 0.06389930838794239, h: 1.7487575826652733, ucb: 1.8116338621859405,num_of_obs(calculated after picking at this round): 9, privacy reward: 0.6976763260710308, g: 0.0030276949163711158, curr_delay = 0.693639636280543, data_size = 1488
user 26, emp_avg: 0.05738235604612436, h: 1.7487575826652733, ucb: 1.8061963460458217,num_of_obs(calculated after picking at this round): 9, privacy reward: 0.6976763260710308, g: 0.0016234947427778165, curr_delay = 0.8782546325148732, data_size = 1373
user 27, emp_avg: 0.057270500026514966, h: 1.7487575826652733, ucb: 1.8058232200545707,num_of_obs(calculated after picking at this round): 9, privacy reward: 0.6976763260710308, g: 0.004344559755108527, curr_delay = 0.848760962525106, data_size = 1573
num of fast users chosen: 2, num of slow users chosen: 3
max_delay = 0.88 seconds
after cleansing the weights updates who were almost zeros (meaning with absolute value of less than 10**-7, 0.00% of the weights upadtes) we get:
user No.4 has been picked 16, his deltas theta's mean
 is -0.002975288312882185,
the empirical var of deltas thetas is 0.004131395369768143
the minimum of the deltas theta is -0.5265002250671387 and the maximum is 0.6269240379333496
the added laplace noise var is 0.005576412357279915
global epoch 59 has been done artifficialy in 0.88 secs, the total time by now is 37.68 
 with avg train loss 1.482, val loss 1.726, avg val acc 36.43%
iteration: 60
user 8, emp_avg: 0.458160674746733, h: 1.4307942832954883, ucb: 1.8886500864975644,num_of_obs(calculated after picking at this round): 13, privacy reward: 0.5945205479701939, g: 0.011905705458788761, curr_delay = 0.10826749347650311, data_size = 2413
user 16, emp_avg: 0.06941275103497539, h: 1.7523579604825537, ucb: 1.8217811326361593,num_of_obs(calculated after picking at this round): 9, privacy reward: 0.6976763260710308, g: 4.2974226254960526e-05, curr_delay = 0.7211949464373513, data_size = 1092
user 20, emp_avg: 0.06331350280548473, h: 1.8733494591747615, ucb: 1.9376228917465486,num_of_obs(calculated after picking at this round): 8, privacy reward: 0.7261490370736907, g: -0.001698579082000659, curr_delay = 0.8834859686711258, data_size = 589
user 22, emp_avg: 0.06248603868025303, h: 1.7523579604825537, ucb: 1.8144141443630821,num_of_obs(calculated after picking at this round): 9, privacy reward: 0.6976763260710308, g: 0.00016467394997703332, curr_delay = 0.7584390326705477, data_size = 1141
user 24, emp_avg: 0.062155773296239746, h: 1.7523579604825537, ucb: 1.8146333113521829,num_of_obs(calculated after picking at this round): 9, privacy reward: 0.6976763260710308, g: 0.0013913098138937452, curr_delay = 0.8170047751746897, data_size = 1332
num of fast users chosen: 1, num of slow users chosen: 4
max_delay = 0.88 seconds
after cleansing the weights updates who were almost zeros (meaning with absolute value of less than 10**-7, 0.00% of the weights upadtes) we get:
user No.8 has been picked 13, his deltas theta's mean
 is -0.002405347768217325,
the empirical var of deltas thetas is 0.006950850132852793
the minimum of the deltas theta is -0.4667174220085144 and the maximum is 0.595551609992981
the added laplace noise var is 0.004945834083233656
global epoch 60 has been done artifficialy in 0.88 secs, the total time by now is 38.56 
 with avg train loss 1.438, val loss 1.627, avg val acc 41.45%
iteration: 61
user 15, emp_avg: 0.0699929058359529, h: 1.7558916248248306, ucb: 1.8260042287160645,num_of_obs(calculated after picking at this round): 9, privacy reward: 0.6976763260710308, g: -0.0006947989652624798, curr_delay = 0.7242669258371773, data_size = 818
user 18, emp_avg: 0.06533102354538421, h: 1.7558916248248306, ucb: 1.8220765259881935,num_of_obs(calculated after picking at this round): 9, privacy reward: 0.6976763260710308, g: -0.0007015687357493468, curr_delay = 0.8547008166914295, data_size = 817
user 19, emp_avg: 0.06787766265640022, h: 1.7558916248248306, ucb: 1.8240551365054567,num_of_obs(calculated after picking at this round): 9, privacy reward: 0.6976763260710308, g: -0.0013969596613133066, curr_delay = 0.7623012112412093, data_size = 732
user 25, emp_avg: 0.05890594384749243, h: 1.7558916248248306, ucb: 1.814979615437233,num_of_obs(calculated after picking at this round): 9, privacy reward: 0.6976763260710308, g: -0.0004841552114825306, curr_delay = 0.8703285374728458, data_size = 852
user 28, emp_avg: 0.05897375975888572, h: 1.7558916248248306, ucb: 1.8150528745212497,num_of_obs(calculated after picking at this round): 9, privacy reward: 0.6976763260710308, g: 0.0007815804702512008, curr_delay = 0.8699610079126768, data_size = 1242
num of fast users chosen: 0, num of slow users chosen: 5
max_delay = 0.87 seconds
after cleansing the weights updates who were almost zeros (meaning with absolute value of less than 10**-7, 0.00% of the weights upadtes) we get:
user No.15 has been picked 9, his deltas theta's mean
 is 0.0003339742252137512,
the empirical var of deltas thetas is 0.0014669201336801052
the minimum of the deltas theta is -0.28792744874954224 and the maximum is 0.3413735330104828
the added laplace noise var is 0.004214561795284956
global epoch 61 has been done artifficialy in 0.87 secs, the total time by now is 39.43 
 with avg train loss 1.422, val loss 1.375, avg val acc 51.62%
iteration: 62
user 0, emp_avg: 0.7760734320101222, h: 1.2440560254232562, ucb: 2.006134046934011,num_of_obs(calculated after picking at this round): 17, privacy reward: 0.5066169923655891, g: 0.017562200602951165, curr_delay = 0.05, data_size = 3049
user 1, emp_avg: 0.7050341353190852, h: 1.5003880198217376, ucb: 2.178607076533467,num_of_obs(calculated after picking at this round): 12, privacy reward: 0.6187833918061405, g: -0.004453974188620606, curr_delay = 0.05, data_size = 864
user 2, emp_avg: 0.6008112766176131, h: 1.5003880198217376, ucb: 2.1234545654239625,num_of_obs(calculated after picking at this round): 12, privacy reward: 0.6187833918061405, g: -0.0036555373159632607, curr_delay = 0.140448129278198, data_size = 913
user 3, emp_avg: 0.5575189875877303, h: 1.5736202308775311, ucb: 2.125780007775174,num_of_obs(calculated after picking at this round): 11, privacy reward: 0.6440364210831411, g: -0.006849713862151419, curr_delay = 0.08181818404367436, data_size = 613
user 5, emp_avg: 0.4815170405075184, h: 1.5736202308775311, ucb: 2.0567392594949307,num_of_obs(calculated after picking at this round): 11, privacy reward: 0.6440364210831411, g: -0.003781985546098928, curr_delay = 0.10741204106059833, data_size = 779
num of fast users chosen: 5, num of slow users chosen: 0
max_delay = 0.14 seconds
after cleansing the weights updates who were almost zeros (meaning with absolute value of less than 10**-7, 0.00% of the weights upadtes) we get:
user No.0 has been picked 17, his deltas theta's mean
 is -0.001507837907411158,
the empirical var of deltas thetas is 0.00536601385101676
the minimum of the deltas theta is -0.5063835978507996 and the maximum is 0.6073485016822815
the added laplace noise var is 0.0058039900627965095
global epoch 62 has been done artifficialy in 0.14 secs, the total time by now is 39.57 
 with avg train loss 1.393, val loss 1.524, avg val acc 48.22%
iteration: 63
user 4, emp_avg: 0.47766942326741574, h: 1.2464652110656056, ucb: 1.7171682175682825,num_of_obs(calculated after picking at this round): 17, privacy reward: 0.5066169923655891, g: 0.025415088148493904, curr_delay = 0.0848706100399648, data_size = 3227
user 6, emp_avg: 0.41169036660454356, h: 1.3325273612401038, ucb: 1.7441402645642006,num_of_obs(calculated after picking at this round): 15, privacy reward: 0.5488116360940261, g: 0.019758893260863986, curr_delay = 0.12113141024323686, data_size = 2832
user 13, emp_avg: 0.29530148564598446, h: 1.4392940502884621, ucb: 1.7469716568972296,num_of_obs(calculated after picking at this round): 13, privacy reward: 0.5945205479701939, g: 0.014441866729338785, curr_delay = 0.3406272201210997, data_size = 2425
user 14, emp_avg: 0.2738116223172995, h: 1.5032936070311866, ucb: 1.7744861700273358,num_of_obs(calculated after picking at this round): 12, privacy reward: 0.6187833918061405, g: 0.010087112065168147, curr_delay = 0.16522301687080979, data_size = 2147
user 17, emp_avg: 0.06823592122405761, h: 1.6619536147541407, ucb: 1.730451603712347,num_of_obs(calculated after picking at this round): 10, privacy reward: 0.670320046035639, g: 0.006697139035961322, curr_delay = 0.7589866491654228, data_size = 1754
num of fast users chosen: 4, num of slow users chosen: 1
max_delay = 0.76 seconds
after cleansing the weights updates who were almost zeros (meaning with absolute value of less than 10**-7, 0.00% of the weights upadtes) we get:
user No.4 has been picked 17, his deltas theta's mean
 is -0.0008946863235905766,
the empirical var of deltas thetas is 0.0043953172862529755
the minimum of the deltas theta is -0.5187544226646423 and the maximum is 0.5065216422080994
the added laplace noise var is 0.0058039900627965095
global epoch 63 has been done artifficialy in 0.76 secs, the total time by now is 40.33 
 with avg train loss 1.497, val loss 1.797, avg val acc 35.18%
iteration: 64
user 0, emp_avg: 0.7558108972080431, h: 1.2115449179640803, ucb: 1.9876183499742024,num_of_obs(calculated after picking at this round): 18, privacy reward: 0.48675225595997107, g: 0.015615493779349048, curr_delay = 0.12155163908164707, data_size = 3049
user 9, emp_avg: 0.42336916587766643, h: 1.5796613086404954, ucb: 1.9495077381725352,num_of_obs(calculated after picking at this round): 11, privacy reward: 0.6440364210831411, g: -0.0063024574810573485, curr_delay = 0.05215958797049036, data_size = 600
user 10, emp_avg: 0.34971028797738946, h: 1.5796613086404954, ucb: 1.938764224531034,num_of_obs(calculated after picking at this round): 11, privacy reward: 0.6440364210831411, g: -7.087600673434323e-05, curr_delay = 0.1954774273247209, data_size = 1154
user 11, emp_avg: 0.359554274978668, h: 1.5796613086404954, ucb: 1.954295731533933,num_of_obs(calculated after picking at this round): 11, privacy reward: 0.6440364210831411, g: -0.004280399028090515, curr_delay = 0.2395177501741595, data_size = 709
user 12, emp_avg: 0.3054578690877865, h: 1.6651092223153954, ucb: 1.9840658016974948,num_of_obs(calculated after picking at this round): 10, privacy reward: 0.670320046035639, g: -0.004065722527991196, curr_delay = 0.27178421642454753, data_size = 600
num of fast users chosen: 5, num of slow users chosen: 0
max_delay = 0.27 seconds
after cleansing the weights updates who were almost zeros (meaning with absolute value of less than 10**-7, 0.00% of the weights upadtes) we get:
user No.0 has been picked 18, his deltas theta's mean
 is 0.0005293091526255012,
the empirical var of deltas thetas is 0.005592998582869768
the minimum of the deltas theta is -0.38909634947776794 and the maximum is 0.7561863660812378
the added laplace noise var is 0.006040855390664162
global epoch 64 has been done artifficialy in 0.27 secs, the total time by now is 40.60 
 with avg train loss 1.446, val loss 1.555, avg val acc 46.48%
iteration: 65
user 8, emp_avg: 0.49686348369339495, h: 1.388034681992266, ucb: 1.846195356738999,num_of_obs(calculated after picking at this round): 14, privacy reward: 0.5712090638488144, g: 0.011905705458788761, curr_delay = 0.05, data_size = 2413
user 10, emp_avg: 0.3442585983553786, h: 1.5089527861573953, ucb: 1.8586630741347847,num_of_obs(calculated after picking at this round): 12, privacy reward: 0.6187833918061405, g: -0.0004579410886791455, curr_delay = 0.1758767378353399, data_size = 1154
user 20, emp_avg: 0.06355323109199318, h: 1.7694039822555299, ucb: 1.8327174850610146,num_of_obs(calculated after picking at this round): 9, privacy reward: 0.6976763260710308, g: -0.002268052796070484, curr_delay = 0.7636962346078237, data_size = 589
user 23, emp_avg: 0.06237992148058344, h: 1.7694039822555299, ucb: 1.8316776389645595,num_of_obs(calculated after picking at this round): 9, privacy reward: 0.6976763260710308, g: -0.001048450470474703, curr_delay = 0.7907633819998213, data_size = 708
user 29, emp_avg: 0.05638437573090839, h: 1.7694039822555299, ucb: 1.8260655571312319,num_of_obs(calculated after picking at this round): 9, privacy reward: 0.6976763260710308, g: -0.0006548639593467545, curr_delay = 0.9230749478801241, data_size = 761
num of fast users chosen: 2, num of slow users chosen: 3
max_delay = 0.92 seconds
after cleansing the weights updates who were almost zeros (meaning with absolute value of less than 10**-7, 0.00% of the weights upadtes) we get:
user No.8 has been picked 14, his deltas theta's mean
 is -0.0024339016526937485,
the empirical var of deltas thetas is 0.0052149235270917416
the minimum of the deltas theta is -0.45671704411506653 and the maximum is 0.5048393607139587
the added laplace noise var is 0.005147677401197522
global epoch 65 has been done artifficialy in 0.92 secs, the total time by now is 41.53 
 with avg train loss 1.389, val loss 1.564, avg val acc 45.12%
iteration: 66
user 21, emp_avg: 0.06493482182220081, h: 1.671257957752468, ucb: 1.7351572661404104,num_of_obs(calculated after picking at this round): 10, privacy reward: 0.670320046035639, g: 0.0029435049537002997, curr_delay = 0.67336038304742, data_size = 1488
user 24, emp_avg: 0.06178358065044193, h: 1.671257957752468, ucb: 1.7334137310487077,num_of_obs(calculated after picking at this round): 10, privacy reward: 0.670320046035639, g: 0.0011744303345864993, curr_delay = 0.8556684645184225, data_size = 1332
user 26, emp_avg: 0.05722492217292937, h: 1.671257957752468, ucb: 1.7286403137985924,num_of_obs(calculated after picking at this round): 10, privacy reward: 0.670320046035639, g: 0.0015620041326306687, curr_delay = 0.8959286211248478, data_size = 1373
user 27, emp_avg: 0.05703138560721236, h: 1.671257957752468, ucb: 1.728528457778983,num_of_obs(calculated after picking at this round): 10, privacy reward: 0.670320046035639, g: 0.004243592010137609, curr_delay = 0.9110894113208347, data_size = 1573
user 28, emp_avg: 0.058998273733439834, h: 1.671257957752468, ucb: 1.7302317175113537,num_of_obs(calculated after picking at this round): 10, privacy reward: 0.670320046035639, g: 0.0005171378603451865, curr_delay = 0.8443250451870065, data_size = 1242
num of fast users chosen: 0, num of slow users chosen: 5
max_delay = 0.91 seconds
after cleansing the weights updates who were almost zeros (meaning with absolute value of less than 10**-7, 0.00% of the weights upadtes) we get:
user No.21 has been picked 10, his deltas theta's mean
 is 0.0005522969295270741,
the empirical var of deltas thetas is 0.0031737734097987413
the minimum of the deltas theta is -0.35960453748703003 and the maximum is 0.4291127026081085
the added laplace noise var is 0.004386561325032196
global epoch 66 has been done artifficialy in 0.91 secs, the total time by now is 42.44 
 with avg train loss 1.442, val loss 1.451, avg val acc 49.20%
iteration: 67
user 1, emp_avg: 0.6828889749582566, h: 1.449947002374736, ucb: 2.154981137693821,num_of_obs(calculated after picking at this round): 13, privacy reward: 0.5945205479701939, g: -0.004681737616660225, curr_delay = 0.11986180874271851, data_size = 864
user 2, emp_avg: 0.6315181014931814, h: 1.449947002374736, ucb: 2.0507582789923493,num_of_obs(calculated after picking at this round): 13, privacy reward: 0.5945205479701939, g: -0.0038621455043502183, curr_delay = 0.05, data_size = 913
user 3, emp_avg: 0.5418837777923584, h: 1.5144202526003083, ucb: 2.0719392401880388,num_of_obs(calculated after picking at this round): 12, privacy reward: 0.6187833918061405, g: -0.007336227424566661, curr_delay = 0.13517295797429882, data_size = 613
user 5, emp_avg: 0.46600538222739324, h: 1.5144202526003083, ucb: 1.9959372931078267,num_of_obs(calculated after picking at this round): 12, privacy reward: 0.6187833918061405, g: -0.004145638358111545, curr_delay = 0.1692751165713367, data_size = 779
user 7, emp_avg: 0.5322351276612638, h: 1.5883373607752793, ucb: 2.124171900078201,num_of_obs(calculated after picking at this round): 11, privacy reward: 0.6440364210831411, g: -0.008771614553644579, curr_delay = 0.10075749256311724, data_size = 434
num of fast users chosen: 5, num of slow users chosen: 0
max_delay = 0.17 seconds
after cleansing the weights updates who were almost zeros (meaning with absolute value of less than 10**-7, 0.00% of the weights upadtes) we get:
user No.1 has been picked 13, his deltas theta's mean
 is 6.213856977410614e-05,
the empirical var of deltas thetas is 0.0007635639049112797
the minimum of the deltas theta is -0.23114413022994995 and the maximum is 0.27414870262145996
the added laplace noise var is 0.004945834083233656
global epoch 67 has been done artifficialy in 0.17 secs, the total time by now is 42.61 
 with avg train loss 1.385, val loss 1.300, avg val acc 53.92%
iteration: 68
user 4, emp_avg: 0.47007391298212003, h: 1.2203433998639757, ucb: 1.6980128231313913,num_of_obs(calculated after picking at this round): 18, privacy reward: 0.48675225595997107, g: 0.02669608203891851, curr_delay = 0.14664896635335042, data_size = 3227
user 6, emp_avg: 0.40506976129331274, h: 1.2991547567824409, ucb: 1.7108451233869844,num_of_obs(calculated after picking at this round): 16, privacy reward: 0.5272924240430481, g: 0.02022093026717352, curr_delay = 0.16352658469458453, data_size = 2832
user 13, emp_avg: 0.2988854319829263, h: 1.3955160675164815, ucb: 1.690817553162466,num_of_obs(calculated after picking at this round): 14, privacy reward: 0.5712090638488144, g: 0.014274045751694671, curr_delay = 0.1447275461028276, data_size = 2425
user 14, emp_avg: 0.2724366407760904, h: 1.4524991747288718, ucb: 1.7263107970461713,num_of_obs(calculated after picking at this round): 13, privacy reward: 0.5945205479701939, g: 0.009715493357212947, curr_delay = 0.19536068213960506, data_size = 2147
user 22, emp_avg: 0.06214874276296041, h: 1.677201579054847, ucb: 1.7396876177351,num_of_obs(calculated after picking at this round): 10, privacy reward: 0.670320046035639, g: 0.00019079695174405108, curr_delay = 0.8458364953529902, data_size = 1141
num of fast users chosen: 4, num of slow users chosen: 1
max_delay = 0.85 seconds
after cleansing the weights updates who were almost zeros (meaning with absolute value of less than 10**-7, 0.00% of the weights upadtes) we get:
user No.4 has been picked 18, his deltas theta's mean
 is -0.002242857124656439,
the empirical var of deltas thetas is 0.0039057161193341017
the minimum of the deltas theta is -0.42119574546813965 and the maximum is 0.40874412655830383
the added laplace noise var is 0.006040855390664162
global epoch 68 has been done artifficialy in 0.85 secs, the total time by now is 43.45 
 with avg train loss 1.443, val loss 1.656, avg val acc 41.89%
iteration: 69
user 8, emp_avg: 0.4915815058615587, h: 1.347077233642832, ucb: 1.843940717336227,num_of_obs(calculated after picking at this round): 15, privacy reward: 0.5488116360940261, g: 0.011281566365584387, curr_delay = 0.11972210596605001, data_size = 2413
user 15, emp_avg: 0.06920304663461581, h: 1.6801004939382365, ucb: 1.7500933997741894,num_of_obs(calculated after picking at this round): 10, privacy reward: 0.670320046035639, g: -0.0006577317373956457, curr_delay = 0.8052267095319183, data_size = 818
user 16, emp_avg: 0.06967431511035518, h: 1.6801004939382365, ucb: 1.7495132449732118,num_of_obs(calculated after picking at this round): 10, privacy reward: 0.670320046035639, g: 8.937856458778822e-05, curr_delay = 0.6941707118302365, data_size = 1092
user 18, emp_avg: 0.06598371228856273, h: 1.6801004939382365, ucb: 1.7454315174836206,num_of_obs(calculated after picking at this round): 10, privacy reward: 0.670320046035639, g: -0.0006643188944790869, curr_delay = 0.6958176117294295, data_size = 817
user 19, emp_avg: 0.06763028456300618, h: 1.6801004939382365, ucb: 1.7479781565946366,num_of_obs(calculated after picking at this round): 10, privacy reward: 0.670320046035639, g: -0.0013441876807518606, curr_delay = 0.7644806192417445, data_size = 732
num of fast users chosen: 1, num of slow users chosen: 4
max_delay = 0.81 seconds
after cleansing the weights updates who were almost zeros (meaning with absolute value of less than 10**-7, 0.00% of the weights upadtes) we get:
user No.8 has been picked 15, his deltas theta's mean
 is -0.0015787228476256132,
the empirical var of deltas thetas is 0.005385010037571192
the minimum of the deltas theta is -0.4372543692588806 and the maximum is 0.5687878727912903
the added laplace noise var is 0.005357758101233054
global epoch 69 has been done artifficialy in 0.81 secs, the total time by now is 44.26 
 with avg train loss 1.432, val loss 1.472, avg val acc 48.68%
iteration: 70
user 0, emp_avg: 0.75905159632158, h: 1.1900273445106713, ucb: 1.9458382417187143,num_of_obs(calculated after picking at this round): 19, privacy reward: 0.4676664270099087, g: 0.01780733107796707, curr_delay = 0.06117074590024196, data_size = 3049
user 20, emp_avg: 0.06316328346640207, h: 1.682952810201831, ucb: 1.746506041293824,num_of_obs(calculated after picking at this round): 10, privacy reward: 0.670320046035639, g: -0.002821583902112539, curr_delay = 0.8381702063414291, data_size = 589
user 23, emp_avg: 0.061585454152377116, h: 1.682952810201831, ucb: 1.7453327316824143,num_of_obs(calculated after picking at this round): 10, privacy reward: 0.670320046035639, g: -0.0014344618732434241, curr_delay = 0.9185224951607593, data_size = 708
user 25, emp_avg: 0.05907188189745507, h: 1.682952810201831, ucb: 1.7418587540493233,num_of_obs(calculated after picking at this round): 10, privacy reward: 0.670320046035639, g: -0.00037742444731705965, curr_delay = 0.8255548952967608, data_size = 852
user 29, emp_avg: 0.05622432239708238, h: 1.682952810201831, ucb: 1.7393371859327393,num_of_obs(calculated after picking at this round): 10, privacy reward: 0.670320046035639, g: -0.0009662657463718896, curr_delay = 0.9126778593155003, data_size = 761
num of fast users chosen: 1, num of slow users chosen: 4
max_delay = 0.92 seconds
after cleansing the weights updates who were almost zeros (meaning with absolute value of less than 10**-7, 0.00% of the weights upadtes) we get:
user No.0 has been picked 19, his deltas theta's mean
 is -0.0035155443474650383,
the empirical var of deltas thetas is 0.0051188101060688496
the minimum of the deltas theta is -0.4609994888305664 and the maximum is 0.5492668151855469
the added laplace noise var is 0.006287387375941429
global epoch 70 has been done artifficialy in 0.92 secs, the total time by now is 45.18 
 with avg train loss 1.316, val loss 1.453, avg val acc 50.66%
iteration: 71
user 4, emp_avg: 0.47063632965239516, h: 1.192012286995023, ucb: 1.662086199977143,num_of_obs(calculated after picking at this round): 19, privacy reward: 0.4676664270099087, g: 0.025557851096683678, curr_delay = 0.10400203367531027, data_size = 3227
user 6, emp_avg: 0.41591579934480416, h: 1.2643199570877988, ucb: 1.6693897183811115,num_of_obs(calculated after picking at this round): 17, privacy reward: 0.5066169923655891, g: 0.018888775043400762, curr_delay = 0.08482449016595231, data_size = 2832
user 17, emp_avg: 0.06762160305284023, h: 1.599252302241516, ucb: 1.6674882234655735,num_of_obs(calculated after picking at this round): 11, privacy reward: 0.6440364210831411, g: 0.007030507591094784, curr_delay = 0.813293492409934, data_size = 1754
user 21, emp_avg: 0.06441270895385874, h: 1.599252302241516, ucb: 1.6641871240637167,num_of_obs(calculated after picking at this round): 11, privacy reward: 0.6440364210831411, g: 0.00247731606109967, curr_delay = 0.8447147342841149, data_size = 1488
user 27, emp_avg: 0.05666182043343501, h: 1.599252302241516, ucb: 1.6562836878487284,num_of_obs(calculated after picking at this round): 11, privacy reward: 0.6440364210831411, g: 0.0036798084120448307, curr_delay = 0.9439988058659711, data_size = 1573
num of fast users chosen: 2, num of slow users chosen: 3
max_delay = 0.94 seconds
after cleansing the weights updates who were almost zeros (meaning with absolute value of less than 10**-7, 0.00% of the weights upadtes) we get:
user No.4 has been picked 19, his deltas theta's mean
 is -0.0030882982537150383,
the empirical var of deltas thetas is 0.0038594743236899376
the minimum of the deltas theta is -0.3865615725517273 and the maximum is 0.4143393635749817
the added laplace noise var is 0.006287387375941429
global epoch 71 has been done artifficialy in 0.94 secs, the total time by now is 46.12 
 with avg train loss 1.467, val loss 1.576, avg val acc 46.00%
iteration: 72
user 0, emp_avg: 0.7710990165055011, h: 1.1621213976376028, ucb: 1.9211729939591828,num_of_obs(calculated after picking at this round): 20, privacy reward: 0.449328964117221, g: 0.01605240358798663, curr_delay = 0.05, data_size = 3049
user 5, emp_avg: 0.45405963947168193, h: 1.4623040243082241, ucb: 1.9283094065356174,num_of_obs(calculated after picking at this round): 13, privacy reward: 0.5945205479701939, g: -0.004472157825386142, curr_delay = 0.16092138362524738, data_size = 779
user 9, emp_avg: 0.40530772870282233, h: 1.5273267410769567, ucb: 1.950695906954623,num_of_obs(calculated after picking at this round): 12, privacy reward: 0.6187833918061405, g: -0.005763208124203144, curr_delay = 0.24197616734794297, data_size = 600
user 11, emp_avg: 0.3507712053175735, h: 1.5273267410769567, ucb: 1.8868810160556246,num_of_obs(calculated after picking at this round): 12, privacy reward: 0.6187833918061405, g: -0.0038381167543810467, curr_delay = 0.19672845377955764, data_size = 709
user 12, emp_avg: 0.3008874266820429, h: 1.6018738000883943, ucb: 1.9073316691761808,num_of_obs(calculated after picking at this round): 11, privacy reward: 0.6440364210831411, g: -0.0038473372399961923, curr_delay = 0.195937815159083, data_size = 600
num of fast users chosen: 5, num of slow users chosen: 0
max_delay = 0.24 seconds
after cleansing the weights updates who were almost zeros (meaning with absolute value of less than 10**-7, 0.00% of the weights upadtes) we get:
user No.0 has been picked 20, his deltas theta's mean
 is -0.000723176752217114,
the empirical var of deltas thetas is 0.004767050966620445
the minimum of the deltas theta is -0.5281707048416138 and the maximum is 0.44976136088371277
the added laplace noise var is 0.006543980522401047
global epoch 72 has been done artifficialy in 0.24 secs, the total time by now is 46.36 
 with avg train loss 1.364, val loss 1.410, avg val acc 52.42%
iteration: 73
user 13, emp_avg: 0.29686735668147957, h: 1.3560119217472755, ucb: 1.6548973537302016,num_of_obs(calculated after picking at this round): 15, privacy reward: 0.5488116360940261, g: 0.014130002404816641, curr_delay = 0.18614049788811074, data_size = 2425
user 14, emp_avg: 0.2718903873367172, h: 1.4072000745312643, ucb: 1.6796367153073546,num_of_obs(calculated after picking at this round): 14, privacy reward: 0.5712090638488144, g: 0.009400388117998832, curr_delay = 0.18882953034185732, data_size = 2147
user 24, emp_avg: 0.06120043885116863, h: 1.604454943178223, ucb: 1.6662385238286648,num_of_obs(calculated after picking at this round): 11, privacy reward: 0.6440364210831411, g: 0.0011321406333817284, curr_delay = 0.9030320425538526, data_size = 1332
user 26, emp_avg: 0.0574211312579705, h: 1.604454943178223, ucb: 1.6616798653511522,num_of_obs(calculated after picking at this round): 11, privacy reward: 0.6440364210831411, g: 0.0015131736650465346, curr_delay = 0.8419886665756168, data_size = 1373
user 28, emp_avg: 0.059010906694252865, h: 1.604454943178223, ucb: 1.6634532169116627,num_of_obs(calculated after picking at this round): 11, privacy reward: 0.6440364210831411, g: 0.0004892059389975546, curr_delay = 0.845490982100308, data_size = 1242
num of fast users chosen: 2, num of slow users chosen: 3
max_delay = 0.90 seconds
after cleansing the weights updates who were almost zeros (meaning with absolute value of less than 10**-7, 0.00% of the weights upadtes) we get:
user No.13 has been picked 15, his deltas theta's mean
 is -0.0009137738379649818,
the empirical var of deltas thetas is 0.0033089302014559507
the minimum of the deltas theta is -0.3358341157436371 and the maximum is 0.4798423945903778
the added laplace noise var is 0.005357758101233054
global epoch 73 has been done artifficialy in 0.90 secs, the total time by now is 47.26 
 with avg train loss 1.396, val loss 1.460, avg val acc 49.59%
iteration: 74
user 0, emp_avg: 0.7819990633385724, h: 1.1363184095847656, ucb: 1.9074174260902668,num_of_obs(calculated after picking at this round): 21, privacy reward: 0.4317105234290791, g: 0.014476108073127526, curr_delay = 0.05, data_size = 3049
user 1, emp_avg: 0.7055397624612383, h: 1.4094295234167786, ucb: 2.092318498375035,num_of_obs(calculated after picking at this round): 14, privacy reward: 0.5712090638488144, g: -0.004224274931795912, curr_delay = 0.05, data_size = 864
user 2, emp_avg: 0.6478122729825081, h: 1.4094295234167786, ucb: 2.0409476249099603,num_of_obs(calculated after picking at this round): 14, privacy reward: 0.5712090638488144, g: -0.003447728422949042, curr_delay = 0.058164119210477386, data_size = 913
user 3, emp_avg: 0.521252724197067, h: 1.466980758770232, ucb: 2.0088645365625903,num_of_obs(calculated after picking at this round): 13, privacy reward: 0.5945205479701939, g: -0.006994786081745109, curr_delay = 0.182695064279132, data_size = 613
user 7, emp_avg: 0.5349648012784428, h: 1.532211430912998, ucb: 2.0644465585742617,num_of_obs(calculated after picking at this round): 12, privacy reward: 0.6187833918061405, g: -0.008658640342217066, curr_delay = 0.08849695184733447, data_size = 434
num of fast users chosen: 5, num of slow users chosen: 0
max_delay = 0.18 seconds
after cleansing the weights updates who were almost zeros (meaning with absolute value of less than 10**-7, 0.00% of the weights upadtes) we get:
user No.0 has been picked 21, his deltas theta's mean
 is -0.0021434698719531298,
the empirical var of deltas thetas is 0.005524148233234882
the minimum of the deltas theta is -0.4463038146495819 and the maximum is 0.5764697790145874
the added laplace noise var is 0.006811045433820142
global epoch 74 has been done artifficialy in 0.18 secs, the total time by now is 47.45 
 with avg train loss 1.338, val loss 1.424, avg val acc 52.16%
iteration: 75
user 4, emp_avg: 0.4672340919168706, h: 1.167654614606334, ucb: 1.6382909442587292,num_of_obs(calculated after picking at this round): 20, privacy reward: 0.449328964117221, g: 0.02561793076884543, curr_delay = 0.12419534613265434, data_size = 3227
user 6, emp_avg: 0.4067264741229184, h: 1.2344307733483015, ucb: 1.6503465726931057,num_of_obs(calculated after picking at this round): 18, privacy reward: 0.48675225595997107, g: 0.018529167854246707, curr_delay = 0.19959446767235317, data_size = 2832
user 8, emp_avg: 0.47942796536041155, h: 1.314151911087346, ucb: 1.8057334169489048,num_of_obs(calculated after picking at this round): 16, privacy reward: 0.5272924240430481, g: 0.011905705458788761, curr_delay = 0.16827942422234324, data_size = 2413
user 16, emp_avg: 0.07012433974425575, h: 1.6095008133336828, ucb: 1.679175128444038,num_of_obs(calculated after picking at this round): 11, privacy reward: 0.6440364210831411, g: 4.2974226254960526e-05, curr_delay = 0.6700204667696664, data_size = 1092
user 22, emp_avg: 0.062276657083154954, h: 1.6095008133336828, ucb: 1.6716495560966431,num_of_obs(calculated after picking at this round): 11, privacy reward: 0.6440364210831411, g: 0.00016467394997703332, curr_delay = 0.7867102573755428, data_size = 1141
num of fast users chosen: 3, num of slow users chosen: 2
max_delay = 0.79 seconds
after cleansing the weights updates who were almost zeros (meaning with absolute value of less than 10**-7, 0.00% of the weights upadtes) we get:
user No.4 has been picked 20, his deltas theta's mean
 is -0.0018274924950674176,
the empirical var of deltas thetas is 0.004150731489062309
the minimum of the deltas theta is -0.3714005649089813 and the maximum is 0.4606187343597412
the added laplace noise var is 0.006543980522401047
global epoch 75 has been done artifficialy in 0.79 secs, the total time by now is 48.23 
 with avg train loss 1.417, val loss 1.512, avg val acc 48.22%
iteration: 76
user 15, emp_avg: 0.06923742278279509, h: 1.611967742906724, ucb: 1.68117078954134,num_of_obs(calculated after picking at this round): 11, privacy reward: 0.6440364210831411, g: -0.0007177279926381878, curr_delay = 0.718585067622176, data_size = 818
user 18, emp_avg: 0.06635918761104931, h: 1.611967742906724, ucb: 1.6779514551952868,num_of_obs(calculated after picking at this round): 11, privacy reward: 0.6440364210831411, g: -0.0007246082922902862, curr_delay = 0.7131249421140508, data_size = 817
user 19, emp_avg: 0.06714070125600552, h: 1.611967742906724, ucb: 1.6795980274697302,num_of_obs(calculated after picking at this round): 11, privacy reward: 0.6440364210831411, g: -0.0014293941968989107, curr_delay = 0.8032790727516834, data_size = 732
user 23, emp_avg: 0.0615194241090671, h: 1.611967742906724, ucb: 1.673553197059101,num_of_obs(calculated after picking at this round): 11, privacy reward: 0.6440364210831411, g: -0.0016713223231544182, curr_delay = 0.8215695031400011, data_size = 708
user 25, emp_avg: 0.05883698294654191, h: 1.611967742906724, ucb: 1.6710396248041792,num_of_obs(calculated after picking at this round): 11, privacy reward: 0.6440364210831411, g: -0.0005033262472403727, curr_delay = 0.8851438501776655, data_size = 852
num of fast users chosen: 0, num of slow users chosen: 5
max_delay = 0.89 seconds
after cleansing the weights updates who were almost zeros (meaning with absolute value of less than 10**-7, 0.00% of the weights upadtes) we get:
user No.15 has been picked 11, his deltas theta's mean
 is -0.0010228508617728949,
the empirical var of deltas thetas is 0.001146046444773674
the minimum of the deltas theta is -0.2672232687473297 and the maximum is 0.253267765045166
the added laplace noise var is 0.004565580288749148
global epoch 76 has been done artifficialy in 0.89 secs, the total time by now is 49.12 
 with avg train loss 1.345, val loss 1.241, avg val acc 55.63%
iteration: 77
user 0, emp_avg: 0.7919081968231828, h: 1.1140409612697222, ucb: 1.8960400246082947,num_of_obs(calculated after picking at this round): 22, privacy reward: 0.41478291168158077, g: 0.01389090808377472, curr_delay = 0.05, data_size = 3049
user 9, emp_avg: 0.3980501807437581, h: 1.4737376669295124, ucb: 1.8790453956323347,num_of_obs(calculated after picking at this round): 13, privacy reward: 0.5945205479701939, g: -0.006238183863833164, curr_delay = 0.16079258899951276, data_size = 600
user 10, emp_avg: 0.33760332758596723, h: 1.4737376669295124, ucb: 1.8179962652848909,num_of_obs(calculated after picking at this round): 13, privacy reward: 0.5945205479701939, g: -6.420728365523923e-05, curr_delay = 0.19399388841464632, data_size = 1154
user 11, emp_avg: 0.3475913046186029, h: 1.4737376669295124, ucb: 1.824508872247086,num_of_obs(calculated after picking at this round): 13, privacy reward: 0.5945205479701939, g: -0.004227459225779352, curr_delay = 0.16158613141484898, data_size = 709
user 12, emp_avg: 0.29993858752647024, h: 1.5392687913162506, ucb: 1.8401562179982935,num_of_obs(calculated after picking at this round): 12, privacy reward: 0.6187833918061405, g: -0.0043553613223067675, curr_delay = 0.17271076222251336, data_size = 600
num of fast users chosen: 5, num of slow users chosen: 0
max_delay = 0.19 seconds
after cleansing the weights updates who were almost zeros (meaning with absolute value of less than 10**-7, 0.00% of the weights upadtes) we get:
user No.0 has been picked 22, his deltas theta's mean
 is -0.0028166973497718573,
the empirical var of deltas thetas is 0.005563510116189718
the minimum of the deltas theta is -0.4414469003677368 and the maximum is 0.6210026741027832
the added laplace noise var is 0.007089009471033874
global epoch 77 has been done artifficialy in 0.19 secs, the total time by now is 49.31 
 with avg train loss 1.397, val loss 1.405, avg val acc 53.65%
iteration: 78
user 4, emp_avg: 0.46519275265388416, h: 1.1432465385938755, ucb: 1.6104806305107462,num_of_obs(calculated after picking at this round): 21, privacy reward: 0.4317105234290791, g: 0.02464243807773262, curr_delay = 0.1178228318048873, data_size = 3227
user 6, emp_avg: 0.43795139653750165, h: 1.2050876630200797, ucb: 1.6118141371429981,num_of_obs(calculated after picking at this round): 19, privacy reward: 0.4676664270099087, g: 0.01742910136012617, curr_delay = 0.05, data_size = 2832
user 13, emp_avg: 0.2933405625796204, h: 1.3201073936145638, ucb: 1.6169747502960434,num_of_obs(calculated after picking at this round): 16, privacy reward: 0.5272924240430481, g: 0.014005022160920576, curr_delay = 0.20795325452579586, data_size = 2425
user 14, emp_avg: 0.26544462240525996, h: 1.366440970449917, ucb: 1.638331357786634,num_of_obs(calculated after picking at this round): 15, privacy reward: 0.5488116360940261, g: 0.00912991926000027, curr_delay = 0.2853817534079616, data_size = 2147
user 17, emp_avg: 0.06720943191552545, h: 1.541553318163137, ucb: 1.6091749212159772,num_of_obs(calculated after picking at this round): 12, privacy reward: 0.6187833918061405, g: 0.007000259184859171, curr_delay = 0.7977592613805009, data_size = 1754
num of fast users chosen: 4, num of slow users chosen: 1
max_delay = 0.80 seconds
after cleansing the weights updates who were almost zeros (meaning with absolute value of less than 10**-7, 0.00% of the weights upadtes) we get:
user No.4 has been picked 21, his deltas theta's mean
 is -0.002519929548725486,
the empirical var of deltas thetas is 0.004480729810893536
the minimum of the deltas theta is -0.5551334023475647 and the maximum is 0.5292428135871887
the added laplace noise var is 0.006811045433820142
global epoch 78 has been done artifficialy in 0.80 secs, the total time by now is 50.11 
 with avg train loss 1.440, val loss 1.598, avg val acc 43.79%
iteration: 79
user 0, emp_avg: 0.7736804692733164, h: 1.091635285307034, ucb: 1.8835434821302166,num_of_obs(calculated after picking at this round): 23, privacy reward: 0.3985190410845135, g: 0.012567745521757238, curr_delay = 0.1341667906113399, data_size = 3049
user 1, emp_avg: 0.6812170808135652, h: 1.3684372503699802, ucb: 2.0739770128312185,num_of_obs(calculated after picking at this round): 15, privacy reward: 0.5488116360940261, g: -0.004426764707610662, curr_delay = 0.1467568765451495, data_size = 864
user 2, emp_avg: 0.6417346288907766, h: 1.3684372503699802, ucb: 2.016249523352488,num_of_obs(calculated after picking at this round): 15, privacy reward: 0.5488116360940261, g: -0.003630890947171631, curr_delay = 0.08982343399569367, data_size = 913
user 5, emp_avg: 0.43928908511719283, h: 1.4200944474224817, ucb: 1.8741540868941637,num_of_obs(calculated after picking at this round): 14, privacy reward: 0.5712090638488144, g: -0.004194439084052612, curr_delay = 0.2022065764272248, data_size = 779
user 7, emp_avg: 0.5309764658895724, h: 1.478081163615013, ucb: 2.0130459648934558,num_of_obs(calculated after picking at this round): 13, privacy reward: 0.5945205479701939, g: -0.009274056115191689, curr_delay = 0.10349471831969295, data_size = 434
num of fast users chosen: 5, num of slow users chosen: 0
max_delay = 0.20 seconds
after cleansing the weights updates who were almost zeros (meaning with absolute value of less than 10**-7, 0.00% of the weights upadtes) we get:
user No.0 has been picked 23, his deltas theta's mean
 is -0.0008012764737941325,
the empirical var of deltas thetas is 0.005497092846781015
the minimum of the deltas theta is -0.41336846351623535 and the maximum is 0.5122631192207336
the added laplace noise var is 0.0073783174358039395
global epoch 79 has been done artifficialy in 0.20 secs, the total time by now is 50.31 
 with avg train loss 1.321, val loss 1.431, avg val acc 51.40%
iteration: 80
user 21, emp_avg: 0.06414444238229854, h: 1.5460259849645974, ucb: 1.610438693918456,num_of_obs(calculated after picking at this round): 12, privacy reward: 0.6187833918061405, g: 0.0028214915538301794, curr_delay = 0.8170801106566044, data_size = 1488
user 24, emp_avg: 0.0613511528165182, h: 1.5460259849645974, ucb: 1.607226423815766,num_of_obs(calculated after picking at this round): 12, privacy reward: 0.6187833918061405, g: 0.0010978353783311287, curr_delay = 0.7935373501134562, data_size = 1332
user 26, emp_avg: 0.057231985964690264, h: 1.5460259849645974, ucb: 1.6034471162225679,num_of_obs(calculated after picking at this round): 12, privacy reward: 0.6187833918061405, g: 0.00147347227773296, curr_delay = 0.9065955010411901, data_size = 1373
user 27, emp_avg: 0.05667409473422156, h: 1.5460259849645974, ucb: 1.6026878053980325,num_of_obs(calculated after picking at this round): 12, privacy reward: 0.6187833918061405, g: 0.004096831381374836, curr_delay = 0.8801404951069328, data_size = 1573
user 29, emp_avg: 0.05592061219965479, h: 1.6214857325318435, ucb: 1.6777100549289259,num_of_obs(calculated after picking at this round): 11, privacy reward: 0.6440364210831411, g: -0.00075698645293742, curr_delay = 0.9454743035571984, data_size = 761
num of fast users chosen: 0, num of slow users chosen: 5
max_delay = 0.95 seconds
after cleansing the weights updates who were almost zeros (meaning with absolute value of less than 10**-7, 0.00% of the weights upadtes) we get:
user No.21 has been picked 12, his deltas theta's mean
 is -0.002301146974787116,
the empirical var of deltas thetas is 0.0034066224470734596
the minimum of the deltas theta is -0.4102983772754669 and the maximum is 0.4110718369483948
the added laplace noise var is 0.004751905154970509
global epoch 80 has been done artifficialy in 0.95 secs, the total time by now is 51.26 
 with avg train loss 1.377, val loss 1.366, avg val acc 53.79%
iteration: 81
user 3, emp_avg: 0.5174130223925782, h: 1.4241514323120663, ucb: 1.9454041565091333,num_of_obs(calculated after picking at this round): 14, privacy reward: 0.5712090638488144, g: -0.0067185075691428234, curr_delay = 0.10695258110585883, data_size = 613
user 8, emp_avg: 0.4678991709612843, h: 1.2837127533066595, ucb: 1.7631407186670711,num_of_obs(calculated after picking at this round): 17, privacy reward: 0.5066169923655891, g: 0.012450633048128558, curr_delay = 0.17640513534586388, data_size = 2413
user 10, emp_avg: 0.33276553963211336, h: 1.4241514323120663, ucb: 1.7617547598980337,num_of_obs(calculated after picking at this round): 14, privacy reward: 0.5712090638488144, g: -0.00016034184578362956, curr_delay = 0.18527144191981354, data_size = 1154
user 11, emp_avg: 0.34344686775467703, h: 1.4241514323120663, ucb: 1.771742736930669,num_of_obs(calculated after picking at this round): 14, privacy reward: 0.5712090638488144, g: -0.0048537118314552815, curr_delay = 0.17267030465127695, data_size = 709
user 12, emp_avg: 0.29985922495827827, h: 1.4823038073675112, ucb: 1.7822423948939814,num_of_obs(calculated after picking at this round): 13, privacy reward: 0.5945205479701939, g: -0.005081717555119068, curr_delay = 0.1672761797260828, data_size = 600
num of fast users chosen: 5, num of slow users chosen: 0
max_delay = 0.19 seconds
after cleansing the weights updates who were almost zeros (meaning with absolute value of less than 10**-7, 0.00% of the weights upadtes) we get:
user No.3 has been picked 14, his deltas theta's mean
 is -0.0004900033236481249,
the empirical var of deltas thetas is 0.0007685161544941366
the minimum of the deltas theta is -0.23115849494934082 and the maximum is 0.20007167756557465
the added laplace noise var is 0.005147677401197522
global epoch 81 has been done artifficialy in 0.19 secs, the total time by now is 51.44 
 with avg train loss 1.335, val loss 1.394, avg val acc 52.38%
iteration: 82
user 6, emp_avg: 0.4264369410442871, h: 1.1796590828572715, ucb: 1.6176104793947732,num_of_obs(calculated after picking at this round): 20, privacy reward: 0.449328964117221, g: 0.017182290330543266, curr_delay = 0.24077554379762173, data_size = 2832
user 16, emp_avg: 0.07043568030506688, h: 1.5503757750823897, ucb: 1.6205001148266454,num_of_obs(calculated after picking at this round): 12, privacy reward: 0.6187833918061405, g: 3.297590278332906e-05, curr_delay = 0.6769524952256817, data_size = 1092
user 20, emp_avg: 0.06286353599220945, h: 1.626047830895067, ucb: 1.689211114361469,num_of_obs(calculated after picking at this round): 11, privacy reward: 0.6440364210831411, g: -0.0021620988160625043, curr_delay = 0.835197755719457, data_size = 589
user 22, emp_avg: 0.06197874171656373, h: 1.5503757750823897, ucb: 1.6126524321655447,num_of_obs(calculated after picking at this round): 12, privacy reward: 0.6187833918061405, g: 0.00014446902191572075, curr_delay = 0.8517644849595047, data_size = 1141
user 28, emp_avg: 0.05843399160995075, h: 1.5503757750823897, ucb: 1.6093866817766425,num_of_obs(calculated after picking at this round): 12, privacy reward: 0.6187833918061405, g: 0.0006228997796151305, curr_delay = 0.9599153612806699, data_size = 1242
num of fast users chosen: 1, num of slow users chosen: 4
max_delay = 0.96 seconds
after cleansing the weights updates who were almost zeros (meaning with absolute value of less than 10**-7, 0.00% of the weights upadtes) we get:
user No.6 has been picked 20, his deltas theta's mean
 is -0.0006710452144034207,
the empirical var of deltas thetas is 0.004318920895457268
the minimum of the deltas theta is -0.3952421545982361 and the maximum is 0.49732568860054016
the added laplace noise var is 0.006543980522401047
global epoch 82 has been done artifficialy in 0.96 secs, the total time by now is 52.40 
 with avg train loss 1.323, val loss 1.323, avg val acc 55.29%
iteration: 83
user 4, emp_avg: 0.4626322228105, h: 1.123621772636097, ucb: 1.5888145252899812,num_of_obs(calculated after picking at this round): 22, privacy reward: 0.41478291168158077, g: 0.025720881237224283, curr_delay = 0.12229092099249378, data_size = 3227
user 13, emp_avg: 0.29423033380207114, h: 1.287270456401344, ucb: 1.5806110189809643,num_of_obs(calculated after picking at this round): 17, privacy reward: 0.5066169923655891, g: 0.01389555865744737, curr_delay = 0.1620920647769258, data_size = 2425
user 14, emp_avg: 0.2672500645180219, h: 1.3294872105885935, ucb: 1.5949318329938535,num_of_obs(calculated after picking at this round): 16, privacy reward: 0.5272924240430481, g: 0.008895300156021236, curr_delay = 0.16987636956510183, data_size = 2147
user 15, emp_avg: 0.06993398201862402, h: 1.5525065845792025, ucb: 1.6217440073619975,num_of_obs(calculated after picking at this round): 12, privacy reward: 0.6187833918061405, g: -0.0007695974266475872, curr_delay = 0.6443620019720844, data_size = 818
user 25, emp_avg: 0.05888226629994695, h: 1.5525065845792025, ucb: 1.6113435675257444,num_of_obs(calculated after picking at this round): 12, privacy reward: 0.6187833918061405, g: -0.000546909988887489, curr_delay = 0.84202892127189, data_size = 852
num of fast users chosen: 3, num of slow users chosen: 2
max_delay = 0.84 seconds
after cleansing the weights updates who were almost zeros (meaning with absolute value of less than 10**-7, 0.00% of the weights upadtes) we get:
user No.4 has been picked 22, his deltas theta's mean
 is -0.0011868189321830869,
the empirical var of deltas thetas is 0.003922553267329931
the minimum of the deltas theta is -0.39844879508018494 and the maximum is 0.4222950339317322
the added laplace noise var is 0.007089009471033874
global epoch 83 has been done artifficialy in 0.84 secs, the total time by now is 53.25 
 with avg train loss 1.354, val loss 1.419, avg val acc 52.62%
iteration: 84
user 8, emp_avg: 0.45773629085738576, h: 1.2505269664063245, ucb: 1.7184261373676089,num_of_obs(calculated after picking at this round): 18, privacy reward: 0.48675225595997107, g: 0.011391787398076395, curr_delay = 0.1754587101597662, data_size = 2413
user 18, emp_avg: 0.06702285375232594, h: 1.5546090064725095, ucb: 1.620968194083559,num_of_obs(calculated after picking at this round): 12, privacy reward: 0.6187833918061405, g: -0.0006912683599402409, curr_delay = 0.6727376186158404, data_size = 817
user 19, emp_avg: 0.06683507683140914, h: 1.5546090064725095, ucb: 1.621749707728515,num_of_obs(calculated after picking at this round): 12, privacy reward: 0.6187833918061405, g: -0.0013824091759363757, curr_delay = 0.7877339345018428, data_size = 732
user 23, emp_avg: 0.06158757889762553, h: 1.5546090064725095, ucb: 1.6161284305815766,num_of_obs(calculated after picking at this round): 12, privacy reward: 0.6187833918061405, g: -0.0016204845712895334, curr_delay = 0.8020882325841471, data_size = 708
user 29, emp_avg: 0.05602566070809345, h: 1.5546090064725095, ucb: 1.6105296186721643,num_of_obs(calculated after picking at this round): 12, privacy reward: 0.6187833918061405, g: -0.0011199576109291115, curr_delay = 0.8744133558469005, data_size = 761
num of fast users chosen: 1, num of slow users chosen: 4
max_delay = 0.87 seconds
after cleansing the weights updates who were almost zeros (meaning with absolute value of less than 10**-7, 0.00% of the weights upadtes) we get:
user No.8 has been picked 18, his deltas theta's mean
 is -0.0011138340923935175,
the empirical var of deltas thetas is 0.005912895780056715
the minimum of the deltas theta is -0.47702640295028687 and the maximum is 0.5711051821708679
the added laplace noise var is 0.006040855390664162
global epoch 84 has been done artifficialy in 0.87 secs, the total time by now is 54.12 
 with avg train loss 1.308, val loss 1.344, avg val acc 53.71%
iteration: 85
user 0, emp_avg: 0.7605135946253471, h: 1.076546562714835, ucb: 1.8502270319881513,num_of_obs(calculated after picking at this round): 24, privacy reward: 0.3828928859751114, g: 0.014399696170711079, curr_delay = 0.10924771466642788, data_size = 3049
user 1, emp_avg: 0.7011410132627174, h: 1.333064328003764, ucb: 2.0142814088173293,num_of_obs(calculated after picking at this round): 16, privacy reward: 0.5272924240430481, g: -0.004328236582976792, curr_delay = 0.05, data_size = 864
user 2, emp_avg: 0.6450302130762668, h: 1.333064328003764, ucb: 1.9747989568945405,num_of_obs(calculated after picking at this round): 16, privacy reward: 0.5272924240430481, g: -0.003541710643569264, curr_delay = 0.07199797503993066, data_size = 913
user 3, emp_avg: 0.5140728162152155, h: 1.3798526717148853, ucb: 1.8972656941074635,num_of_obs(calculated after picking at this round): 15, privacy reward: 0.5488116360940261, g: -0.007426743844915233, curr_delay = 0.10699537249007311, data_size = 613
user 7, emp_avg: 0.5318610398330673, h: 1.431940790002315, ucb: 1.9629172558918873,num_of_obs(calculated after picking at this round): 14, privacy reward: 0.5712090638488144, g: -0.009475921149968394, curr_delay = 0.0920199386943217, data_size = 434
num of fast users chosen: 5, num of slow users chosen: 0
max_delay = 0.11 seconds
after cleansing the weights updates who were almost zeros (meaning with absolute value of less than 10**-7, 0.00% of the weights upadtes) we get:
user No.0 has been picked 24, his deltas theta's mean
 is -0.002960799727588892,
the empirical var of deltas thetas is 0.005780221428722143
the minimum of the deltas theta is -0.4377973675727844 and the maximum is 0.5146011710166931
the added laplace noise var is 0.007679432282596293
global epoch 85 has been done artifficialy in 0.11 secs, the total time by now is 54.23 
 with avg train loss 1.312, val loss 1.372, avg val acc 53.70%
iteration: 86
user 4, emp_avg: 0.46799698876057105, h: 1.10218963426777, ucb: 1.56482185707827,num_of_obs(calculated after picking at this round): 23, privacy reward: 0.3985190410845135, g: 0.024830007847831972, curr_delay = 0.08532105224751883, data_size = 3227
user 17, emp_avg: 0.06730912801724828, h: 1.4923718196638376, ucb: 1.559581251579363,num_of_obs(calculated after picking at this round): 13, privacy reward: 0.5945205479701939, g: 0.007251937569525895, curr_delay = 0.7298686046208192, data_size = 1754
user 21, emp_avg: 0.06380546468472569, h: 1.4923718196638376, ucb: 1.5565162620461361,num_of_obs(calculated after picking at this round): 13, privacy reward: 0.5945205479701939, g: 0.0026094555620572533, curr_delay = 0.8369919322901117, data_size = 1488
user 26, emp_avg: 0.0574997860585182, h: 1.4923718196638376, ucb: 1.549603805628528,num_of_obs(calculated after picking at this round): 13, privacy reward: 0.5945205479701939, g: 0.0013213916106780724, curr_delay = 0.8235415996161596, data_size = 1373
user 27, emp_avg: 0.0572020662396587, h: 1.4923718196638376, ucb: 1.549045914398059,num_of_obs(calculated after picking at this round): 13, privacy reward: 0.5945205479701939, g: 0.003840480584375534, curr_delay = 0.7869340702235477, data_size = 1573
num of fast users chosen: 1, num of slow users chosen: 4
max_delay = 0.84 seconds
after cleansing the weights updates who were almost zeros (meaning with absolute value of less than 10**-7, 0.00% of the weights upadtes) we get:
user No.4 has been picked 23, his deltas theta's mean
 is -0.0016407426446676254,
the empirical var of deltas thetas is 0.005085329990833998
the minimum of the deltas theta is -0.4909183084964752 and the maximum is 0.5546294450759888
the added laplace noise var is 0.0073783174358039395
global epoch 86 has been done artifficialy in 0.84 secs, the total time by now is 55.07 
 with avg train loss 1.384, val loss 1.384, avg val acc 52.83%
iteration: 87
user 0, emp_avg: 0.748639466157366, h: 1.056634766446593, ucb: 1.8171483610719399,num_of_obs(calculated after picking at this round): 25, privacy reward: 0.36787944117144167, g: 0.013161802764115315, curr_delay = 0.10783755058926234, data_size = 3049
user 1, emp_avg: 0.6937534324101654, h: 1.2941080111395142, ucb: 1.9952490244022316,num_of_obs(calculated after picking at this round): 17, privacy reward: 0.5066169923655891, g: -0.005362163156577672, curr_delay = 0.08687310259486107, data_size = 864
user 2, emp_avg: 0.6552671635389107, h: 1.2941080111395142, ucb: 1.939138224215781,num_of_obs(calculated after picking at this round): 17, privacy reward: 0.5066169923655891, g: -0.004482266453073874, curr_delay = 0.06104571026182545, data_size = 913
user 5, emp_avg: 0.4373857489122767, h: 1.3834596569038564, ucb: 1.8227487420210493,num_of_obs(calculated after picking at this round): 15, privacy reward: 0.5488116360940261, g: -0.0037365183909225694, curr_delay = 0.1217317928951849, data_size = 779
user 9, emp_avg: 0.3965857710131548, h: 1.435683935431459, ucb: 1.8337341161752172,num_of_obs(calculated after picking at this round): 14, privacy reward: 0.5712090638488144, g: -0.005265433356524823, curr_delay = 0.1324333359767612, data_size = 600
num of fast users chosen: 5, num of slow users chosen: 0
max_delay = 0.13 seconds
after cleansing the weights updates who were almost zeros (meaning with absolute value of less than 10**-7, 0.00% of the weights upadtes) we get:
user No.0 has been picked 25, his deltas theta's mean
 is -0.0024112036917358637,
the empirical var of deltas thetas is 0.00569697842001915
the minimum of the deltas theta is -0.44724181294441223 and the maximum is 0.47320783138275146
the added laplace noise var is 0.007992835859407068
global epoch 87 has been done artifficialy in 0.13 secs, the total time by now is 55.20 
 with avg train loss 1.317, val loss 1.334, avg val acc 53.91%
iteration: 88
user 4, emp_avg: 0.4613689762355555, h: 1.0807409070284837, ucb: 1.5487378957890547,num_of_obs(calculated after picking at this round): 24, privacy reward: 0.3828928859751114, g: 0.023111819789013745, curr_delay = 0.16185174547808107, data_size = 3227
user 6, emp_avg: 0.436222719955071, h: 1.1589655061059678, ucb: 1.5854024471502548,num_of_obs(calculated after picking at this round): 21, privacy reward: 0.4317105234290791, g: 0.018364538938223443, curr_delay = 0.07912164865578407, data_size = 2832
user 13, emp_avg: 0.29911317611194266, h: 1.2570745891779906, ucb: 1.5513049229800617,num_of_obs(calculated after picking at this round): 18, privacy reward: 0.48675225595997107, g: 0.013798893221540588, curr_delay = 0.1308484359151511, data_size = 2425
user 24, emp_avg: 0.06093534596932256, h: 1.4962180346590879, ucb: 1.5575691874756061,num_of_obs(calculated after picking at this round): 13, privacy reward: 0.5945205479701939, g: 0.0011744303345864993, curr_delay = 0.8937243139358583, data_size = 1332
user 28, emp_avg: 0.05826715873519296, h: 1.4962180346590879, ucb: 1.5546520262690386,num_of_obs(calculated after picking at this round): 13, privacy reward: 0.5945205479701939, g: 0.0005171378603451865, curr_delay = 0.8886493210685916, data_size = 1242
num of fast users chosen: 3, num of slow users chosen: 2
max_delay = 0.89 seconds
after cleansing the weights updates who were almost zeros (meaning with absolute value of less than 10**-7, 0.00% of the weights upadtes) we get:
user No.4 has been picked 24, his deltas theta's mean
 is -0.002311862539499998,
the empirical var of deltas thetas is 0.00432117935270071
the minimum of the deltas theta is -0.36369460821151733 and the maximum is 0.4395347237586975
the added laplace noise var is 0.007679432282596293
global epoch 88 has been done artifficialy in 0.89 secs, the total time by now is 56.09 
 with avg train loss 1.369, val loss 1.373, avg val acc 53.35%
iteration: 89
user 14, emp_avg: 0.26082396451739803, h: 1.2973968701401866, ucb: 1.5646469346582084,num_of_obs(calculated after picking at this round): 17, privacy reward: 0.5066169923655891, g: 0.009074945730595942, curr_delay = 0.3164429493449511, data_size = 2147
user 15, emp_avg: 0.07036303191440312, h: 1.4981048644424295, ucb: 1.5680388464610535,num_of_obs(calculated after picking at this round): 13, privacy reward: 0.5945205479701939, g: -0.0009025793990905479, curr_delay = 0.6621496524508436, data_size = 818
user 16, emp_avg: 0.0708066984487728, h: 1.4981048644424295, ucb: 1.5685405447474965,num_of_obs(calculated after picking at this round): 13, privacy reward: 0.5945205479701939, g: 2.5576745117336735e-05, curr_delay = 0.6643731074322339, data_size = 1092
user 18, emp_avg: 0.06687054374385809, h: 1.4981048644424295, ucb: 1.5651277181947554,num_of_obs(calculated after picking at this round): 13, privacy reward: 0.5945205479701939, g: -0.0009102930141344466, curr_delay = 0.7687243142305114, data_size = 817
user 20, emp_avg: 0.0628243070629952, h: 1.5647194990677993, ucb: 1.6275830350600087,num_of_obs(calculated after picking at this round): 12, privacy reward: 0.6187833918061405, g: -0.0023177157545905534, curr_delay = 0.8013746608908128, data_size = 589
num of fast users chosen: 1, num of slow users chosen: 4
max_delay = 0.80 seconds
after cleansing the weights updates who were almost zeros (meaning with absolute value of less than 10**-7, 0.00% of the weights upadtes) we get:
user No.14 has been picked 17, his deltas theta's mean
 is -0.0035065121483057737,
the empirical var of deltas thetas is 0.0058586373925209045
the minimum of the deltas theta is -0.40669339895248413 and the maximum is 0.57478928565979
the added laplace noise var is 0.0058039900627965095
global epoch 89 has been done artifficialy in 0.80 secs, the total time by now is 56.89 
 with avg train loss 1.296, val loss 1.312, avg val acc 55.34%
iteration: 90
user 8, emp_avg: 0.4796393119856263, h: 1.2247189705302826, ucb: 1.6824552613876684,num_of_obs(calculated after picking at this round): 19, privacy reward: 0.4676664270099087, g: 0.011905705458788761, curr_delay = 0.05721519727273787, data_size = 2413
user 9, emp_avg: 0.39379438466975253, h: 1.3887007808426446, ucb: 1.7852865518557994,num_of_obs(calculated after picking at this round): 15, privacy reward: 0.5488116360940261, g: -0.006192678597340829, curr_delay = 0.14095824366726295, data_size = 600
user 10, emp_avg: 0.3305525257233461, h: 1.3887007808426446, ucb: 1.721466320474758,num_of_obs(calculated after picking at this round): 15, privacy reward: 0.5488116360940261, g: -5.966549744384896e-05, curr_delay = 0.1669057140371454, data_size = 1154
user 11, emp_avg: 0.3324057756608013, h: 1.3887007808426446, ucb: 1.7321476485973215,num_of_obs(calculated after picking at this round): 15, privacy reward: 0.5488116360940261, g: -0.004190013561002942, curr_delay = 0.28116663811267956, data_size = 709
user 12, emp_avg: 0.30237494412264976, h: 1.441122906784887, ucb: 1.7409821317431653,num_of_obs(calculated after picking at this round): 14, privacy reward: 0.5712090638488144, g: -0.004567389297382674, curr_delay = 0.14921841189775034, data_size = 600
num of fast users chosen: 5, num of slow users chosen: 0
max_delay = 0.28 seconds
after cleansing the weights updates who were almost zeros (meaning with absolute value of less than 10**-7, 0.00% of the weights upadtes) we get:
user No.8 has been picked 19, his deltas theta's mean
 is -0.002718801610171795,
the empirical var of deltas thetas is 0.005417106207460165
the minimum of the deltas theta is -0.4323674440383911 and the maximum is 0.5154926180839539
the added laplace noise var is 0.006287387375941429
global epoch 90 has been done artifficialy in 0.28 secs, the total time by now is 57.18 
 with avg train loss 1.329, val loss 1.314, avg val acc 55.65%
iteration: 91
user 6, emp_avg: 0.43864841279679806, h: 1.1352607638168233, ucb: 1.5714834837718943,num_of_obs(calculated after picking at this round): 22, privacy reward: 0.41478291168158077, g: 0.01742910136012617, curr_delay = 0.10212669393960143, data_size = 2832
user 19, emp_avg: 0.06656549690186717, h: 1.5018088271342744, ucb: 1.5686439039656837,num_of_obs(calculated after picking at this round): 13, privacy reward: 0.5945205479701939, g: -0.0014513444121597436, curr_delay = 0.7895085337733709, data_size = 732
user 22, emp_avg: 0.06177785280637335, h: 1.5018088271342744, ucb: 1.5637875688508382,num_of_obs(calculated after picking at this round): 13, privacy reward: 0.5945205479701939, g: 0.0002044252629597393, curr_delay = 0.8422161039875162, data_size = 1141
user 23, emp_avg: 0.06121347212522225, h: 1.5018088271342744, ucb: 1.5633964060318999,num_of_obs(calculated after picking at this round): 13, privacy reward: 0.5945205479701939, g: -0.0016950507219086438, curr_delay = 0.881458144138054, data_size = 708
user 25, emp_avg: 0.05862548983886658, h: 1.5018088271342744, ucb: 1.5606910934342213,num_of_obs(calculated after picking at this round): 13, privacy reward: 0.5945205479701939, g: -0.0005163855450342439, curr_delay = 0.9001844464371822, data_size = 852
num of fast users chosen: 1, num of slow users chosen: 4
max_delay = 0.90 seconds
after cleansing the weights updates who were almost zeros (meaning with absolute value of less than 10**-7, 0.00% of the weights upadtes) we get:
user No.6 has been picked 22, his deltas theta's mean
 is -0.0008492431370541453,
the empirical var of deltas thetas is 0.004763918463140726
the minimum of the deltas theta is -0.4160800874233246 and the maximum is 0.4749486446380615
the added laplace noise var is 0.007089009471033874
global epoch 91 has been done artifficialy in 0.90 secs, the total time by now is 58.08 
 with avg train loss 1.300, val loss 1.296, avg val acc 54.92%
iteration: 92
user 4, emp_avg: 0.4610457080354427, h: 1.0632248794409676, ucb: 1.524593855676523,num_of_obs(calculated after picking at this round): 25, privacy reward: 0.36787944117144167, g: 0.023262286939593896, curr_delay = 0.11030532550367593, data_size = 3227
user 13, emp_avg: 0.2987500237213482, h: 1.2277063407087, ucb: 1.5268195168206429,num_of_obs(calculated after picking at this round): 19, privacy reward: 0.4676664270099087, g: 0.013224616973898883, curr_delay = 0.17110789722433115, data_size = 2425
user 17, emp_avg: 0.06733647837991, h: 1.4446381357465972, ucb: 1.5119472637638454,num_of_obs(calculated after picking at this round): 14, privacy reward: 0.5712090638488144, g: 0.006953699431144211, curr_delay = 0.7386393599700202, data_size = 1754
user 21, emp_avg: 0.06377618041072676, h: 1.4446381357465972, ucb: 1.5084436004313229,num_of_obs(calculated after picking at this round): 14, privacy reward: 0.5712090638488144, g: 0.00243180809569824, curr_delay = 0.7886997018683304, data_size = 1488
user 27, emp_avg: 0.057340655775082607, h: 1.4446381357465972, ucb: 1.5018402019862558,num_of_obs(calculated after picking at this round): 14, privacy reward: 0.5712090638488144, g: 0.003624298504776193, curr_delay = 0.845418309994167, data_size = 1573
num of fast users chosen: 2, num of slow users chosen: 3
max_delay = 0.85 seconds
after cleansing the weights updates who were almost zeros (meaning with absolute value of less than 10**-7, 0.00% of the weights upadtes) we get:
user No.4 has been picked 25, his deltas theta's mean
 is -0.0017858685459941626,
the empirical var of deltas thetas is 0.004943611100316048
the minimum of the deltas theta is -0.45963674783706665 and the maximum is 0.5720134377479553
the added laplace noise var is 0.007992835859407068
global epoch 92 has been done artifficialy in 0.85 secs, the total time by now is 58.92 
 with avg train loss 1.365, val loss 1.410, avg val acc 51.67%
iteration: 93
user 0, emp_avg: 0.7583071789974672, h: 1.0429879569567337, ucb: 1.7916274231140998,num_of_obs(calculated after picking at this round): 26, privacy reward: 0.3534546819587794, g: 0.01482787567570352, curr_delay = 0.05, data_size = 3049
user 2, emp_avg: 0.6486803545389938, h: 1.2648086802293468, ucb: 1.9200758437682575,num_of_obs(calculated after picking at this round): 18, privacy reward: 0.48675225595997107, g: -0.004334561097644496, curr_delay = 0.09316111666733262, data_size = 913
user 3, emp_avg: 0.5444432652017646, h: 1.3464916625294427, ucb: 1.8605644787446582,num_of_obs(calculated after picking at this round): 16, privacy reward: 0.5272924240430481, g: -0.006849713862151419, curr_delay = 0.05, data_size = 613
user 5, emp_avg: 0.43374778268104386, h: 1.3464916625294427, ucb: 1.7838774114417195,num_of_obs(calculated after picking at this round): 16, privacy reward: 0.5272924240430481, g: -0.003781985546098928, curr_delay = 0.13186408985555637, data_size = 779
user 7, emp_avg: 0.5126675381116219, h: 1.3937512833797945, ucb: 1.925612323212862,num_of_obs(calculated after picking at this round): 15, privacy reward: 0.5488116360940261, g: -0.009013755717732736, curr_delay = 0.20495287980671328, data_size = 434
num of fast users chosen: 5, num of slow users chosen: 0
max_delay = 0.20 seconds
after cleansing the weights updates who were almost zeros (meaning with absolute value of less than 10**-7, 0.00% of the weights upadtes) we get:
user No.0 has been picked 26, his deltas theta's mean
 is -0.0015759059460833669,
the empirical var of deltas thetas is 0.005416297819465399
the minimum of the deltas theta is -0.5024733543395996 and the maximum is 0.5198647975921631
the added laplace noise var is 0.008319029678822153
global epoch 93 has been done artifficialy in 0.20 secs, the total time by now is 59.13 
 with avg train loss 1.285, val loss 1.337, avg val acc 54.77%
iteration: 94
user 0, emp_avg: 0.7573526324026607, h: 1.0239397648603694, ucb: 1.7822469438578366,num_of_obs(calculated after picking at this round): 27, privacy reward: 0.33959552564493845, g: 0.012993999297484519, curr_delay = 0.06825617823664452, data_size = 3049
user 8, emp_avg: 0.46645888845440603, h: 1.197799928237293, ucb: 1.6774392402229195,num_of_obs(calculated after picking at this round): 20, privacy reward: 0.449328964117221, g: 0.011445920611329876, curr_delay = 0.23144843432978135, data_size = 2413
user 10, emp_avg: 0.35148291407244175, h: 1.3480793422154356, ucb: 1.6786318679387817,num_of_obs(calculated after picking at this round): 16, privacy reward: 0.5272924240430481, g: -0.00013790408488548249, curr_delay = 0.07513839673946535, data_size = 1154
user 11, emp_avg: 0.32460728665647814, h: 1.3480793422154356, ucb: 1.6804851178762368,num_of_obs(calculated after picking at this round): 16, privacy reward: 0.5272924240430481, g: -0.0047264561595255425, curr_delay = 0.24081304078103666, data_size = 709
user 12, emp_avg: 0.3024340760080025, h: 1.3953946879856514, ucb: 1.6977696321083011,num_of_obs(calculated after picking at this round): 15, privacy reward: 0.5488116360940261, g: -0.005194688678331951, curr_delay = 0.16487397957454586, data_size = 600
num of fast users chosen: 5, num of slow users chosen: 0
max_delay = 0.24 seconds
after cleansing the weights updates who were almost zeros (meaning with absolute value of less than 10**-7, 0.00% of the weights upadtes) we get:
user No.0 has been picked 27, his deltas theta's mean
 is -0.0017759272595867515,
the empirical var of deltas thetas is 0.005770489573478699
the minimum of the deltas theta is -0.44352513551712036 and the maximum is 0.7176032662391663
the added laplace noise var is 0.008658535720544341
global epoch 94 has been done artifficialy in 0.24 secs, the total time by now is 59.37 
 with avg train loss 1.331, val loss 1.409, avg val acc 52.11%
iteration: 95
user 14, emp_avg: 0.26441155397720084, h: 1.2677739024067818, ucb: 1.5285978669241798,num_of_obs(calculated after picking at this round): 18, privacy reward: 0.48675225595997107, g: 0.009233369210359376, curr_delay = 0.15365676606956363, data_size = 2147
user 24, emp_avg: 0.06134757371068448, h: 1.449754922248883, ucb: 1.5106902682182055,num_of_obs(calculated after picking at this round): 14, privacy reward: 0.5712090638488144, g: 0.0011418650445187625, curr_delay = 0.7495517566369763, data_size = 1332
user 26, emp_avg: 0.057532357458121804, h: 1.449754922248883, ucb: 1.5072547083074013,num_of_obs(calculated after picking at this round): 14, privacy reward: 0.5712090638488144, g: 0.0015244127799766843, curr_delay = 0.862726636118665, data_size = 1373
user 28, emp_avg: 0.05779964690365278, h: 1.449754922248883, ucb: 1.508022080984076,num_of_obs(calculated after picking at this round): 14, privacy reward: 0.5712090638488144, g: 0.0004956053905887254, curr_delay = 0.9667067529568489, data_size = 1242
user 29, emp_avg: 0.05606001311446385, h: 1.5089527646020833, ucb: 1.5649784253101768,num_of_obs(calculated after picking at this round): 13, privacy reward: 0.5945205479701939, g: -0.0008311214043372983, curr_delay = 0.8853907377725407, data_size = 761
num of fast users chosen: 1, num of slow users chosen: 4
max_delay = 0.97 seconds
after cleansing the weights updates who were almost zeros (meaning with absolute value of less than 10**-7, 0.00% of the weights upadtes) we get:
user No.14 has been picked 18, his deltas theta's mean
 is -0.004109677858650684,
the empirical var of deltas thetas is 0.00760778458788991
the minimum of the deltas theta is -0.566214919090271 and the maximum is 0.5670316815376282
the added laplace noise var is 0.006040855390664162
global epoch 95 has been done artifficialy in 0.97 secs, the total time by now is 60.33 
 with avg train loss 1.327, val loss 1.298, avg val acc 54.96%
iteration: 96
user 4, emp_avg: 0.4672583572663582, h: 1.0466343993736689, ucb: 1.5076801074091115,num_of_obs(calculated after picking at this round): 26, privacy reward: 0.3534546819587794, g: 0.023400644042162366, curr_delay = 0.08031166218568508, data_size = 3227
user 6, emp_avg: 0.4546680629335015, h: 1.1157160185444515, ucb: 1.5543644313412495,num_of_obs(calculated after picking at this round): 23, privacy reward: 0.3985190410845135, g: 0.017854808424135598, curr_delay = 0.06195016395725002, data_size = 2832
user 16, emp_avg: 0.07001085692688121, h: 1.4514207667716224, ucb: 1.522227465220395,num_of_obs(calculated after picking at this round): 14, privacy reward: 0.5712090638488144, g: 2.0000033199013656e-05, curr_delay = 0.8380133987408135, data_size = 1092
user 20, emp_avg: 0.06323708668900169, h: 1.5106866305537752, ucb: 1.5735109376167704,num_of_obs(calculated after picking at this round): 13, privacy reward: 0.5945205479701939, g: -0.002454920551317071, curr_delay = 0.733240588945887, data_size = 589
user 22, emp_avg: 0.0615028567022734, h: 1.4514207667716224, ucb: 1.5131986195779956,num_of_obs(calculated after picking at this round): 14, privacy reward: 0.5712090638488144, g: 0.000115545332660029, curr_delay = 0.8631418307377466, data_size = 1141
num of fast users chosen: 2, num of slow users chosen: 3
max_delay = 0.86 seconds
after cleansing the weights updates who were almost zeros (meaning with absolute value of less than 10**-7, 0.00% of the weights upadtes) we get:
user No.4 has been picked 26, his deltas theta's mean
 is -0.0011504164431244135,
the empirical var of deltas thetas is 0.0056203510612249374
the minimum of the deltas theta is -0.4587699770927429 and the maximum is 0.63431715965271
the added laplace noise var is 0.008319029678822153
global epoch 96 has been done artifficialy in 0.86 secs, the total time by now is 61.20 
 with avg train loss 1.313, val loss 1.326, avg val acc 53.51%
iteration: 97
user 0, emp_avg: 0.7605119126621881, h: 1.0082670477940943, ucb: 1.765619680196755,num_of_obs(calculated after picking at this round): 28, privacy reward: 0.3262797946230388, g: 0.012597021576897776, curr_delay = 0.05911475794202235, data_size = 3049
user 1, emp_avg: 0.7107671306096006, h: 1.270670639767009, ucb: 1.9644240721771742,num_of_obs(calculated after picking at this round): 18, privacy reward: 0.48675225595997107, g: -0.004170121587866257, curr_delay = 0.05, data_size = 864
user 3, emp_avg: 0.571240720189896, h: 1.3097773157826367, ucb: 1.8542205809844012,num_of_obs(calculated after picking at this round): 17, privacy reward: 0.5066169923655891, g: -0.007468611567678687, curr_delay = 0.05, data_size = 613
user 5, emp_avg: 0.42693212517368145, h: 1.3097773157826367, ucb: 1.7435250984636805,num_of_obs(calculated after picking at this round): 17, privacy reward: 0.5066169923655891, g: -0.004245301854638679, curr_delay = 0.1572912656937483, data_size = 779
user 9, emp_avg: 0.39567408001681675, h: 1.3527321950043745, ucb: 1.746526579674127,num_of_obs(calculated after picking at this round): 16, privacy reward: 0.5272924240430481, g: -0.0060492918685348535, curr_delay = 0.11796083179873129, data_size = 600
num of fast users chosen: 5, num of slow users chosen: 0
max_delay = 0.16 seconds
after cleansing the weights updates who were almost zeros (meaning with absolute value of less than 10**-7, 0.00% of the weights upadtes) we get:
user No.0 has been picked 28, his deltas theta's mean
 is -0.0022863454651087523,
the empirical var of deltas thetas is 0.005457310006022453
the minimum of the deltas theta is -0.40030622482299805 and the maximum is 0.5423381924629211
the added laplace noise var is 0.009011897266672203
global epoch 97 has been done artifficialy in 0.16 secs, the total time by now is 61.35 
 with avg train loss 1.266, val loss 1.259, avg val acc 56.59%
iteration: 98
user 13, emp_avg: 0.29208035263121734, h: 1.2032807099544984, ucb: 1.5020307336758467,num_of_obs(calculated after picking at this round): 20, privacy reward: 0.449328964117221, g: 0.01363592361490469, curr_delay = 0.3023767991106491, data_size = 2425
user 15, emp_avg: 0.0706849908448025, h: 1.454695444520775, ucb: 1.525058476435178,num_of_obs(calculated after picking at this round): 14, privacy reward: 0.5712090638488144, g: -0.0007764336915616863, curr_delay = 0.6678201528818359, data_size = 818
user 18, emp_avg: 0.06684569367602503, h: 1.454695444520775, ucb: 1.521565988264633,num_of_obs(calculated after picking at this round): 14, privacy reward: 0.5712090638488144, g: -0.0007835891862782382, curr_delay = 0.7516237765040066, data_size = 817
user 25, emp_avg: 0.058411048650839494, h: 1.454695444520775, ucb: 1.5133209343596414,num_of_obs(calculated after picking at this round): 14, privacy reward: 0.5712090638488144, g: -0.0005526753139724496, curr_delay = 0.8989036631886311, data_size = 852
user 29, emp_avg: 0.056154890416740245, h: 1.454695444520775, ucb: 1.5107554576352387,num_of_obs(calculated after picking at this round): 14, privacy reward: 0.5712090638488144, g: -0.0012366790663153257, curr_delay = 0.8712578008852567, data_size = 761
num of fast users chosen: 1, num of slow users chosen: 4
max_delay = 0.90 seconds
after cleansing the weights updates who were almost zeros (meaning with absolute value of less than 10**-7, 0.00% of the weights upadtes) we get:
user No.13 has been picked 20, his deltas theta's mean
 is -0.0008332784636877477,
the empirical var of deltas thetas is 0.004140524659305811
the minimum of the deltas theta is -0.39596879482269287 and the maximum is 0.5011351704597473
the added laplace noise var is 0.006543980522401047
global epoch 98 has been done artifficialy in 0.90 secs, the total time by now is 62.25 
 with avg train loss 1.295, val loss 1.236, avg val acc 56.73%
iteration: 99
user 4, emp_avg: 0.4668353185716412, h: 1.0297632121550964, ucb: 1.4970215694214546,num_of_obs(calculated after picking at this round): 27, privacy reward: 0.33959552564493845, g: 0.022729510678703938, curr_delay = 0.10968849700628663, data_size = 3227
user 17, emp_avg: 0.06694050028216084, h: 1.4033307089311164, ucb: 1.4706671873110264,num_of_obs(calculated after picking at this round): 15, privacy reward: 0.5488116360940261, g: 0.0069354003648353845, curr_delay = 0.8143745988338257, data_size = 1754
user 21, emp_avg: 0.06362854396266505, h: 1.4033307089311164, ucb: 1.4671068893418433,num_of_obs(calculated after picking at this round): 15, privacy reward: 0.5488116360940261, g: 0.0024209915674802867, curr_delay = 0.8121941703487228, data_size = 1488
user 26, emp_avg: 0.05823146600681954, h: 1.4033307089311164, ucb: 1.4608630663892384,num_of_obs(calculated after picking at this round): 15, privacy reward: 0.5488116360940261, g: 0.0011882976129547055, curr_delay = 0.735088879874152, data_size = 1373
user 27, emp_avg: 0.05740826379809994, h: 1.4033307089311164, ucb: 1.460671364706199,num_of_obs(calculated after picking at this round): 15, privacy reward: 0.5488116360940261, g: 0.003611090939950254, curr_delay = 0.8568278952332372, data_size = 1573
num of fast users chosen: 1, num of slow users chosen: 4
max_delay = 0.86 seconds
after cleansing the weights updates who were almost zeros (meaning with absolute value of less than 10**-7, 0.00% of the weights upadtes) we get:
user No.4 has been picked 27, his deltas theta's mean
 is -0.002318570390343666,
the empirical var of deltas thetas is 0.004452468361705542
the minimum of the deltas theta is -0.38805708289146423 and the maximum is 0.5202290415763855
the added laplace noise var is 0.008658535720544341
global epoch 99 has been done artifficialy in 0.86 secs, the total time by now is 63.11 
 with avg train loss 1.340, val loss 1.355, avg val acc 52.36%
iteration: 100
user 6, emp_avg: 0.4492793086285283, h: 1.0960605567991244, ucb: 1.550728619732626,num_of_obs(calculated after picking at this round): 24, privacy reward: 0.3828928859751114, g: 0.017632799725209668, curr_delay = 0.1536863391511423, data_size = 2832
user 8, emp_avg: 0.47643179317210765, h: 1.1753940002383998, ucb: 1.6418528886928059,num_of_obs(calculated after picking at this round): 21, privacy reward: 0.4317105234290791, g: 0.011905705458788761, curr_delay = 0.07397654695353957, data_size = 2413
user 19, emp_avg: 0.06593473265852179, h: 1.4578968285731795, ucb: 1.5244623254750467,num_of_obs(calculated after picking at this round): 14, privacy reward: 0.5712090638488144, g: -0.0013124957034718174, curr_delay = 0.8660288451570748, data_size = 732
user 20, emp_avg: 0.0631157176208241, h: 1.4578968285731795, ucb: 1.5211339152621812,num_of_obs(calculated after picking at this round): 14, privacy reward: 0.5712090638488144, g: -0.002975392099573586, curr_delay = 0.8125071535682072, data_size = 589
user 23, emp_avg: 0.06133849644071043, h: 1.4578968285731795, ucb: 1.5191103006984017,num_of_obs(calculated after picking at this round): 14, privacy reward: 0.5712090638488144, g: -0.001544714947853403, curr_delay = 0.7941069319238319, data_size = 708
num of fast users chosen: 2, num of slow users chosen: 3
max_delay = 0.87 seconds
after cleansing the weights updates who were almost zeros (meaning with absolute value of less than 10**-7, 0.00% of the weights upadtes) we get:
user No.6 has been picked 24, his deltas theta's mean
 is -0.00018527072097640485,
the empirical var of deltas thetas is 0.004459409974515438
the minimum of the deltas theta is -0.35938817262649536 and the maximum is 0.6046450734138489
the added laplace noise var is 0.007679432282596293
global epoch 100 has been done artifficialy in 0.87 secs, the total time by now is 63.98 
 with avg train loss 1.244, val loss 1.307, avg val acc 54.81%
iteration: 101
user 0, emp_avg: 0.7487711730027806, h: 0.9944618627508972, ucb: 1.7549737754130854,num_of_obs(calculated after picking at this round): 29, privacy reward: 0.3134861808826046, g: 0.012850318780603743, curr_delay = 0.11903898516720904, data_size = 3049
user 1, emp_avg: 0.7259899132090952, h: 1.240311858208956, ucb: 1.9510789888185567,num_of_obs(calculated after picking at this round): 19, privacy reward: 0.4676664270099087, g: -0.004561188073877283, curr_delay = 0.05, data_size = 864
user 2, emp_avg: 0.6671708621948361, h: 1.240311858208956, ucb: 1.88899221274795,num_of_obs(calculated after picking at this round): 19, privacy reward: 0.4676664270099087, g: -0.003752727148484942, curr_delay = 0.05, data_size = 913
user 3, emp_avg: 0.5618160271702981, h: 1.2762703729098719, ucb: 1.8475110930997678,num_of_obs(calculated after picking at this round): 18, privacy reward: 0.48675225595997107, g: -0.008062155611972323, curr_delay = 0.12450315588925454, data_size = 613
user 7, emp_avg: 0.5124581738083014, h: 1.3586935661643886, ucb: 1.8713611042760105,num_of_obs(calculated after picking at this round): 16, privacy reward: 0.5272924240430481, g: -0.00863375810599, curr_delay = 0.09817055070163198, data_size = 434
num of fast users chosen: 5, num of slow users chosen: 0
max_delay = 0.12 seconds
after cleansing the weights updates who were almost zeros (meaning with absolute value of less than 10**-7, 0.00% of the weights upadtes) we get:
user No.0 has been picked 29, his deltas theta's mean
 is -0.0011700415052473545,
the empirical var of deltas thetas is 0.005464231129735708
the minimum of the deltas theta is -0.4481983780860901 and the maximum is 0.511701226234436
the added laplace noise var is 0.009379679771067361
global epoch 101 has been done artifficialy in 0.12 secs, the total time by now is 64.10 
 with avg train loss 1.254, val loss 1.291, avg val acc 54.51%
iteration: 102
user 8, emp_avg: 0.4795583171493174, h: 1.1495306884966168, ucb: 1.6259624816687244,num_of_obs(calculated after picking at this round): 22, privacy reward: 0.41478291168158077, g: 0.010656622017971294, curr_delay = 0.09170688736055721, data_size = 2413
user 9, emp_avg: 0.3906157871907916, h: 1.3169528484276123, ucb: 1.712626928444429,num_of_obs(calculated after picking at this round): 17, privacy reward: 0.5066169923655891, g: -0.006400122175968055, curr_delay = 0.16145537060699874, data_size = 600
user 10, emp_avg: 0.34883207424413937, h: 1.3169528484276123, ucb: 1.668435762500054,num_of_obs(calculated after picking at this round): 17, privacy reward: 0.5066169923655891, g: -8.156860656326198e-05, curr_delay = 0.16317545333059935, data_size = 1154
user 11, emp_avg: 0.31964308227141247, h: 1.3169528484276123, ucb: 1.6415601350840905,num_of_obs(calculated after picking at this round): 17, privacy reward: 0.5066169923655891, g: -0.004360951884799209, curr_delay = 0.20814616473718445, data_size = 709
user 12, emp_avg: 0.29773344990525163, h: 1.3601430532534835, ucb: 1.662577129261486,num_of_obs(calculated after picking at this round): 16, privacy reward: 0.5272924240430481, g: -0.004927596630637813, curr_delay = 0.22004712159442807, data_size = 600
num of fast users chosen: 5, num of slow users chosen: 0
max_delay = 0.22 seconds
after cleansing the weights updates who were almost zeros (meaning with absolute value of less than 10**-7, 0.00% of the weights upadtes) we get:
user No.8 has been picked 22, his deltas theta's mean
 is -0.0022450757678598166,
the empirical var of deltas thetas is 0.0057923076674342155
the minimum of the deltas theta is -0.3684048652648926 and the maximum is 0.5306892395019531
the added laplace noise var is 0.007089009471033874
global epoch 102 has been done artifficialy in 0.22 secs, the total time by now is 64.32 
 with avg train loss 1.278, val loss 1.273, avg val acc 54.69%
iteration: 103
user 13, emp_avg: 0.28787007996094327, h: 1.1791601657403843, ucb: 1.4712405183716015,num_of_obs(calculated after picking at this round): 21, privacy reward: 0.4317105234290791, g: 0.013566600638233917, curr_delay = 0.24550164083788095, data_size = 2425
user 14, emp_avg: 0.26186760007841964, h: 1.2429439499604205, ucb: 1.5073555039376214,num_of_obs(calculated after picking at this round): 19, privacy reward: 0.4676664270099087, g: 0.010056180469422745, curr_delay = 0.23139960255293626, data_size = 2147
user 16, emp_avg: 0.06955055574241355, h: 1.4093659650803927, ucb: 1.4793768220072738,num_of_obs(calculated after picking at this round): 15, privacy reward: 0.5488116360940261, g: 1.5732933733449048e-05, curr_delay = 0.7923134294533536, data_size = 1092
user 22, emp_avg: 0.061340144414724594, h: 1.4093659650803927, ucb: 1.4708688217826662,num_of_obs(calculated after picking at this round): 15, privacy reward: 0.5488116360940261, g: 0.00010493007196605233, curr_delay = 0.8465655423347968, data_size = 1141
user 24, emp_avg: 0.06096739935514717, h: 1.4093659650803927, ucb: 1.4707135387910772,num_of_obs(calculated after picking at this round): 15, privacy reward: 0.5488116360940261, g: 0.001204872184280955, curr_delay = 0.8985540012571077, data_size = 1332
num of fast users chosen: 2, num of slow users chosen: 3
max_delay = 0.90 seconds
after cleansing the weights updates who were almost zeros (meaning with absolute value of less than 10**-7, 0.00% of the weights upadtes) we get:
user No.13 has been picked 21, his deltas theta's mean
 is -0.0011487241135910153,
the empirical var of deltas thetas is 0.004865006078034639
the minimum of the deltas theta is -0.4348664879798889 and the maximum is 0.4552503824234009
the added laplace noise var is 0.006811045433820142
global epoch 103 has been done artifficialy in 0.90 secs, the total time by now is 65.22 
 with avg train loss 1.298, val loss 1.276, avg val acc 55.20%
iteration: 104
user 4, emp_avg: 0.4699339186584543, h: 1.0159167615882023, ucb: 1.4827520801598435,num_of_obs(calculated after picking at this round): 28, privacy reward: 0.3262797946230388, g: 0.023646434637573585, curr_delay = 0.09031855192457613, data_size = 3227
user 15, emp_avg: 0.07079411506518886, h: 1.4108342363612953, ucb: 1.4815192272060977,num_of_obs(calculated after picking at this round): 15, privacy reward: 0.5488116360940261, g: -0.0008896429595066221, curr_delay = 0.6913539563834131, data_size = 818
user 18, emp_avg: 0.06708937633676883, h: 1.4108342363612953, ucb: 1.4776799300373205,num_of_obs(calculated after picking at this round): 15, privacy reward: 0.5488116360940261, g: -0.0008973012144370797, curr_delay = 0.7092104665276466, data_size = 817
user 25, emp_avg: 0.05858972531356907, h: 1.4108342363612953, ucb: 1.469245285012135,num_of_obs(calculated after picking at this round): 15, privacy reward: 0.5488116360940261, g: -0.0006487907346445962, curr_delay = 0.8184485024447545, data_size = 852
user 28, emp_avg: 0.05777744061662415, h: 1.4108342363612953, ucb: 1.4686338832649481,num_of_obs(calculated after picking at this round): 15, privacy reward: 0.5488116360940261, g: 0.0005997070604129751, curr_delay = 0.8700713326162859, data_size = 1242
num of fast users chosen: 1, num of slow users chosen: 4
max_delay = 0.87 seconds
after cleansing the weights updates who were almost zeros (meaning with absolute value of less than 10**-7, 0.00% of the weights upadtes) we get:
user No.4 has been picked 28, his deltas theta's mean
 is -0.0025355529505759478,
the empirical var of deltas thetas is 0.004867300856858492
the minimum of the deltas theta is -0.452980101108551 and the maximum is 0.5146655440330505
the added laplace noise var is 0.009011897266672203
global epoch 104 has been done artifficialy in 0.87 secs, the total time by now is 66.09 
 with avg train loss 1.285, val loss 1.225, avg val acc 57.45%
iteration: 105
user 0, emp_avg: 0.7571454672360213, h: 0.9812687441819663, ucb: 1.730039917184747,num_of_obs(calculated after picking at this round): 30, privacy reward: 0.3011942119122014, g: 0.013086557643094573, curr_delay = 0.05, data_size = 3049
user 1, emp_avg: 0.719863629555635, h: 1.212300164779098, ucb: 1.9382900779881933,num_of_obs(calculated after picking at this round): 20, privacy reward: 0.449328964117221, g: -0.004938031372723577, curr_delay = 0.08285495092204563, data_size = 864
user 2, emp_avg: 0.6838123190850943, h: 1.212300164779098, ucb: 1.8794710269739343,num_of_obs(calculated after picking at this round): 20, privacy reward: 0.449328964117221, g: -0.004095240453393101, curr_delay = 0.05, data_size = 913
user 5, emp_avg: 0.43882691034217136, h: 1.2816295257335744, ucb: 1.7085616509072559,num_of_obs(calculated after picking at this round): 18, privacy reward: 0.48675225595997107, g: -0.0038579364764740557, curr_delay = 0.07799846477165064, data_size = 779
user 7, emp_avg: 0.5102198686270676, h: 1.3210734768774488, ucb: 1.8335316506857502,num_of_obs(calculated after picking at this round): 17, privacy reward: 0.5066169923655891, g: -0.009367165708915836, curr_delay = 0.10539473807145476, data_size = 434
num of fast users chosen: 5, num of slow users chosen: 0
max_delay = 0.11 seconds
after cleansing the weights updates who were almost zeros (meaning with absolute value of less than 10**-7, 0.00% of the weights upadtes) we get:
user No.0 has been picked 30, his deltas theta's mean
 is -0.004032961558550596,
the empirical var of deltas thetas is 0.006094940006732941
the minimum of the deltas theta is -0.42387402057647705 and the maximum is 0.5165344476699829
the added laplace noise var is 0.009762471764201303
global epoch 105 has been done artifficialy in 0.11 secs, the total time by now is 66.19 
 with avg train loss 1.226, val loss 1.216, avg val acc 58.34%
iteration: 106
user 6, emp_avg: 0.4427804082137024, h: 1.0797498661856906, ucb: 1.5290291748142188,num_of_obs(calculated after picking at this round): 25, privacy reward: 0.36787944117144167, g: 0.0185977201421389, curr_delay = 0.1743333850651713, data_size = 2832
user 14, emp_avg: 0.26591348004777504, h: 1.2135340856721006, ucb: 1.4754016857505203,num_of_obs(calculated after picking at this round): 20, privacy reward: 0.449328964117221, g: 0.009176204484587216, curr_delay = 0.14586394067760286, data_size = 2147
user 19, emp_avg: 0.06592572110574399, h: 1.4137244266898188, ucb: 1.4796591593483406,num_of_obs(calculated after picking at this round): 15, privacy reward: 0.5488116360940261, g: -0.0014671852516168551, curr_delay = 0.7598835080525853, data_size = 732
user 23, emp_avg: 0.06119333450630133, h: 1.4137244266898188, ucb: 1.4750629231305292,num_of_obs(calculated after picking at this round): 15, privacy reward: 0.5488116360940261, g: -0.0017121664853798856, curr_delay = 0.8451504034092425, data_size = 708
user 29, emp_avg: 0.055835190608693894, h: 1.4137244266898188, ucb: 1.469879317106559,num_of_obs(calculated after picking at this round): 15, privacy reward: 0.5488116360940261, g: -0.001196389131864328, curr_delay = 0.9735317493294902, data_size = 761
num of fast users chosen: 2, num of slow users chosen: 3
max_delay = 0.97 seconds
after cleansing the weights updates who were almost zeros (meaning with absolute value of less than 10**-7, 0.00% of the weights upadtes) we get:
user No.6 has been picked 25, his deltas theta's mean
 is -0.002016021404415369,
the empirical var of deltas thetas is 0.0051283990032970905
the minimum of the deltas theta is -0.4118763208389282 and the maximum is 0.4964331388473511
the added laplace noise var is 0.007992835859407068
global epoch 106 has been done artifficialy in 0.97 secs, the total time by now is 67.17 
 with avg train loss 1.249, val loss 1.348, avg val acc 54.34%
iteration: 107
user 13, emp_avg: 0.2849675245398659, h: 1.1554626574248956, ucb: 1.443332737385839,num_of_obs(calculated after picking at this round): 22, privacy reward: 0.41478291168158077, g: 0.013084803588496091, curr_delay = 0.22320047449017413, data_size = 2425
user 17, emp_avg: 0.06665237287718039, h: 1.3671618535435965, ucb: 1.4341023538257573,num_of_obs(calculated after picking at this round): 16, privacy reward: 0.5272924240430481, g: 0.007141310802145613, curr_delay = 0.8021759915472951, data_size = 1754
user 21, emp_avg: 0.06358388703755852, h: 1.3671618535435965, ucb: 1.4307903975062617,num_of_obs(calculated after picking at this round): 16, privacy reward: 0.5272924240430481, g: 0.0025432654108028144, curr_delay = 0.7947352520236479, data_size = 1488
user 26, emp_avg: 0.058320547969243124, h: 1.3671618535435965, ucb: 1.425393319550416,num_of_obs(calculated after picking at this round): 16, privacy reward: 0.5272924240430481, g: 0.0012744127784254078, curr_delay = 0.8381277396205641, data_size = 1373
user 27, emp_avg: 0.057096166443765, h: 1.3671618535435965, ucb: 1.4245701173416965,num_of_obs(calculated after picking at this round): 16, privacy reward: 0.5272924240430481, g: 0.0037600907625545657, curr_delay = 0.9539307513656593, data_size = 1573
num of fast users chosen: 1, num of slow users chosen: 4
max_delay = 0.95 seconds
after cleansing the weights updates who were almost zeros (meaning with absolute value of less than 10**-7, 0.00% of the weights upadtes) we get:
user No.13 has been picked 22, his deltas theta's mean
 is -0.00046901515452191234,
the empirical var of deltas thetas is 0.004723766818642616
the minimum of the deltas theta is -0.371192991733551 and the maximum is 0.4493268132209778
the added laplace noise var is 0.007089009471033874
global epoch 107 has been done artifficialy in 0.95 secs, the total time by now is 68.12 
 with avg train loss 1.327, val loss 1.280, avg val acc 56.41%
iteration: 108
user 5, emp_avg: 0.444709126955678, h: 1.249283958530408, ucb: 1.6881108688725794,num_of_obs(calculated after picking at this round): 19, privacy reward: 0.4676664270099087, g: -0.004472157825386142, curr_delay = 0.09081183539627813, data_size = 779
user 8, emp_avg: 0.49303209366595013, h: 1.1300198582878034, ucb: 1.6095781754371208,num_of_obs(calculated after picking at this round): 23, privacy reward: 0.3985190410845135, g: 0.011111176443320459, curr_delay = 0.06333481805513763, data_size = 2413
user 10, emp_avg: 0.385008070119465, h: 1.285502587975186, ucb: 1.6343346622193253,num_of_obs(calculated after picking at this round): 18, privacy reward: 0.48675225595997107, g: -9.170353593592163e-05, curr_delay = 0.05, data_size = 1154
user 11, emp_avg: 0.31558681010671485, h: 1.285502587975186, ucb: 1.6051456702465985,num_of_obs(calculated after picking at this round): 18, privacy reward: 0.48675225595997107, g: -0.004433184820287225, curr_delay = 0.20273268798486968, data_size = 709
user 12, emp_avg: 0.3390432469696486, h: 1.325065738056638, ucb: 1.6227991879618897,num_of_obs(calculated after picking at this round): 17, privacy reward: 0.5066169923655891, g: -0.005081717555119068, curr_delay = 0.05, data_size = 600
num of fast users chosen: 5, num of slow users chosen: 0
max_delay = 0.20 seconds
after cleansing the weights updates who were almost zeros (meaning with absolute value of less than 10**-7, 0.00% of the weights upadtes) we get:
user No.5 has been picked 19, his deltas theta's mean
 is -0.0006178539479151368,
the empirical var of deltas thetas is 0.0009643143857829273
the minimum of the deltas theta is -0.21505624055862427 and the maximum is 0.23631155490875244
the added laplace noise var is 0.006287387375941429
global epoch 108 has been done artifficialy in 0.20 secs, the total time by now is 68.32 
 with avg train loss 1.224, val loss 1.265, avg val acc 56.46%
iteration: 109
user 0, emp_avg: 0.7649794844219561, h: 0.9686431625969538, ucb: 1.7257886298329752,num_of_obs(calculated after picking at this round): 31, privacy reward: 0.2893842179390499, g: 0.013307378538807153, curr_delay = 0.05, data_size = 3049
user 1, emp_avg: 0.7055927874851292, h: 1.1863407455991484, ucb: 1.9062043751547835,num_of_obs(calculated after picking at this round): 21, privacy reward: 0.4317105234290791, g: -0.005300565865516323, curr_delay = 0.11899776859447705, data_size = 864
user 2, emp_avg: 0.6743942593803058, h: 1.1863407455991484, ucb: 1.8701530646842426,num_of_obs(calculated after picking at this round): 21, privacy reward: 0.4317105234290791, g: -0.004425964584830328, curr_delay = 0.10287365936868662, data_size = 913
user 3, emp_avg: 0.5790414697151703, h: 1.2505129457185618, ucb: 1.8123289728888599,num_of_obs(calculated after picking at this round): 19, privacy reward: 0.4676664270099087, g: -0.0075013423762322305, curr_delay = 0.05623667950097796, data_size = 613
user 7, emp_avg: 0.49539448744702397, h: 1.2867672053587458, ucb: 1.7969870739858134,num_of_obs(calculated after picking at this round): 18, privacy reward: 0.48675225595997107, g: -0.010073428193055754, curr_delay = 0.20545439726850784, data_size = 434
num of fast users chosen: 5, num of slow users chosen: 0
max_delay = 0.21 seconds
after cleansing the weights updates who were almost zeros (meaning with absolute value of less than 10**-7, 0.00% of the weights upadtes) we get:
user No.0 has been picked 31, his deltas theta's mean
 is -0.0034908978268504143,
the empirical var of deltas thetas is 0.005894174799323082
the minimum of the deltas theta is -0.4266415536403656 and the maximum is 0.4520198702812195
the added laplace noise var is 0.010160885794929691
global epoch 109 has been done artifficialy in 0.21 secs, the total time by now is 68.53 
 with avg train loss 1.193, val loss 1.216, avg val acc 57.80%
iteration: 110
user 4, emp_avg: 0.4882120593943697, h: 1.0036163573147876, ucb: 1.473550275973242,num_of_obs(calculated after picking at this round): 29, privacy reward: 0.3134861808826046, g: 0.02523138540341942, curr_delay = 0.05, data_size = 3227
user 6, emp_avg: 0.43475140293622044, h: 1.0621277172685872, ucb: 1.5049081254822896,num_of_obs(calculated after picking at this round): 26, privacy reward: 0.3534546819587794, g: 0.018364538938223443, curr_delay = 0.2136512272170382, data_size = 2832
user 16, emp_avg: 0.06988767209112078, h: 1.3712009868421795, ucb: 1.4407515425845931,num_of_obs(calculated after picking at this round): 16, privacy reward: 0.5272924240430481, g: 1.2426823315915638e-05, curr_delay = 0.6671611013446769, data_size = 1092
user 22, emp_avg: 0.0613534572992874, h: 1.3712009868421795, ucb: 1.432541131256904,num_of_obs(calculated after picking at this round): 16, privacy reward: 0.5272924240430481, g: 9.608374811281395e-05, curr_delay = 0.8123061051925028, data_size = 1141
user 24, emp_avg: 0.060675173671966405, h: 1.3712009868421795, ucb: 1.4321683861973267,num_of_obs(calculated after picking at this round): 16, privacy reward: 0.5272924240430481, g: 0.0011744303345864993, curr_delay = 0.8882290188253468, data_size = 1332
num of fast users chosen: 2, num of slow users chosen: 3
max_delay = 0.89 seconds
after cleansing the weights updates who were almost zeros (meaning with absolute value of less than 10**-7, 0.00% of the weights upadtes) we get:
user No.4 has been picked 29, his deltas theta's mean
 is -0.0010549480793997645,
the empirical var of deltas thetas is 0.0057353670708835125
the minimum of the deltas theta is -0.5658390522003174 and the maximum is 0.4879452586174011
the added laplace noise var is 0.009379679771067361
global epoch 110 has been done artifficialy in 0.89 secs, the total time by now is 69.42 
 with avg train loss 1.322, val loss 1.295, avg val acc 55.73%
iteration: 111
user 4, emp_avg: 0.48681233359170056, h: 0.9871096995229087, ucb: 1.4753217589172785,num_of_obs(calculated after picking at this round): 30, privacy reward: 0.3011942119122014, g: 0.02314295756713929, curr_delay = 0.11205227921178519, data_size = 3227
user 14, emp_avg: 0.2769859293549308, h: 1.188637480644835, ucb: 1.4545509606926101,num_of_obs(calculated after picking at this round): 21, privacy reward: 0.4317105234290791, g: 0.008997966230699428, curr_delay = 0.10031399977274669, data_size = 2147
user 15, emp_avg: 0.0707312300887835, h: 1.372520338838348, ucb: 1.443314453903537,num_of_obs(calculated after picking at this round): 16, privacy reward: 0.5272924240430481, g: -0.0009209181761674261, curr_delay = 0.7164560085307358, data_size = 818
user 18, emp_avg: 0.06702762494868923, h: 1.372520338838348, ucb: 1.4396097151751168,num_of_obs(calculated after picking at this round): 16, privacy reward: 0.5272924240430481, g: -0.0009287095946139991, curr_delay = 0.7564141561088262, data_size = 817
user 20, emp_avg: 0.06385519792311085, h: 1.4206935229938633, ucb: 1.4838092406146874,num_of_obs(calculated after picking at this round): 15, privacy reward: 0.5488116360940261, g: -0.0025677814024177782, curr_delay = 0.6737825093051284, data_size = 589
num of fast users chosen: 2, num of slow users chosen: 3
max_delay = 0.76 seconds
after cleansing the weights updates who were almost zeros (meaning with absolute value of less than 10**-7, 0.00% of the weights upadtes) we get:
user No.4 has been picked 30, his deltas theta's mean
 is -0.0008987302426248789,
the empirical var of deltas thetas is 0.00497855618596077
the minimum of the deltas theta is -0.3750237822532654 and the maximum is 0.4422436058521271
the added laplace noise var is 0.009762471764201303
global epoch 111 has been done artifficialy in 0.76 secs, the total time by now is 70.17 
 with avg train loss 1.238, val loss 1.311, avg val acc 53.81%
iteration: 112
user 0, emp_avg: 0.7723238755337699, h: 0.9556452511560527, ucb: 1.7206247355780087,num_of_obs(calculated after picking at this round): 32, privacy reward: 0.2780373004531934, g: 0.012950725650125557, curr_delay = 0.05, data_size = 3049
user 8, emp_avg: 0.5028775583170045, h: 1.1094650733725253, ucb: 1.6024971670384756,num_of_obs(calculated after picking at this round): 24, privacy reward: 0.3828928859751114, g: 0.01076533369973696, curr_delay = 0.06855670695102073, data_size = 2413
user 9, emp_avg: 0.39467246376486076, h: 1.290485390390001, ucb: 1.6811011775807927,num_of_obs(calculated after picking at this round): 18, privacy reward: 0.48675225595997107, g: -0.005613565734262936, curr_delay = 0.10784322985704133, data_size = 600
user 10, emp_avg: 0.38240467212843515, h: 1.2541263720607922, ucb: 1.6391344421802572,num_of_obs(calculated after picking at this round): 19, privacy reward: 0.4676664270099087, g: -0.0001659736118104237, curr_delay = 0.1490119724110462, data_size = 1154
user 12, emp_avg: 0.335273803667292, h: 1.290485390390001, ucb: 1.6295286373596496,num_of_obs(calculated after picking at this round): 18, privacy reward: 0.48675225595997107, g: -0.005613565734262936, curr_delay = 0.18437035865936288, data_size = 600
num of fast users chosen: 5, num of slow users chosen: 0
max_delay = 0.18 seconds
after cleansing the weights updates who were almost zeros (meaning with absolute value of less than 10**-7, 0.00% of the weights upadtes) we get:
user No.0 has been picked 32, his deltas theta's mean
 is -0.00202998542226851,
the empirical var of deltas thetas is 0.006396592129021883
the minimum of the deltas theta is -0.5077180862426758 and the maximum is 0.5613309741020203
the added laplace noise var is 0.01057555941070121
global epoch 112 has been done artifficialy in 0.18 secs, the total time by now is 70.36 
 with avg train loss 1.308, val loss 1.568, avg val acc 45.30%
iteration: 113
user 13, emp_avg: 0.28412462389857646, h: 1.1354680034776619, ucb: 1.4204355280175278,num_of_obs(calculated after picking at this round): 23, privacy reward: 0.3985190410845135, g: 0.013446777975957806, curr_delay = 0.18826661474334963, data_size = 2425
user 17, emp_avg: 0.0669157298193633, h: 1.3314542545717174, ucb: 1.3981066274488978,num_of_obs(calculated after picking at this round): 17, privacy reward: 0.5066169923655891, g: 0.006905655245784184, curr_delay = 0.702943807393457, data_size = 1754
user 21, emp_avg: 0.06391927240001144, h: 1.3314542545717174, ucb: 1.3950381416092759,num_of_obs(calculated after picking at this round): 17, privacy reward: 0.5066169923655891, g: 0.0024034304042584724, curr_delay = 0.7216523601424699, data_size = 1488
user 27, emp_avg: 0.05698741298813488, h: 1.3314542545717174, ucb: 1.3885504210154824,num_of_obs(calculated after picking at this round): 17, privacy reward: 0.5066169923655891, g: 0.0035896364073844628, curr_delay = 0.9050206576985691, data_size = 1573
user 28, emp_avg: 0.05739238052053587, h: 1.3751200411182058, ucb: 1.43289748173483,num_of_obs(calculated after picking at this round): 16, privacy reward: 0.5272924240430481, g: 0.0006948990984790197, curr_delay = 0.9686828875574598, data_size = 1242
num of fast users chosen: 1, num of slow users chosen: 4
max_delay = 0.97 seconds
after cleansing the weights updates who were almost zeros (meaning with absolute value of less than 10**-7, 0.00% of the weights upadtes) we get:
user No.13 has been picked 23, his deltas theta's mean
 is 0.0003124890790786594,
the empirical var of deltas thetas is 0.0045353323221206665
the minimum of the deltas theta is -0.37364697456359863 and the maximum is 0.5408148169517517
the added laplace noise var is 0.0073783174358039395
global epoch 113 has been done artifficialy in 0.97 secs, the total time by now is 71.33 
 with avg train loss 1.294, val loss 1.262, avg val acc 57.40%
iteration: 114
user 6, emp_avg: 0.4282279216329254, h: 1.0454515161911728, ucb: 1.4802029191273933,num_of_obs(calculated after picking at this round): 27, privacy reward: 0.33959552564493845, g: 0.01814904116895195, curr_delay = 0.19333578677296537, data_size = 2832
user 19, emp_avg: 0.06558441273973455, h: 1.3764008788713404, ucb: 1.4423265999770845,num_of_obs(calculated after picking at this round): 16, privacy reward: 0.5272924240430481, g: -0.0014293941968989107, curr_delay = 0.8269275767663697, data_size = 732
user 23, emp_avg: 0.0609346601020376, h: 1.3764008788713404, ucb: 1.4375942133776418,num_of_obs(calculated after picking at this round): 16, privacy reward: 0.5272924240430481, g: -0.0016713223231544182, curr_delay = 0.8763543875949102, data_size = 708
user 25, emp_avg: 0.058365218173656745, h: 1.3764008788713404, ucb: 1.4349906041849094,num_of_obs(calculated after picking at this round): 16, privacy reward: 0.5272924240430481, g: -0.0005033262472403727, curr_delay = 0.9091303971701743, data_size = 852
user 29, emp_avg: 0.05544726194221085, h: 1.3764008788713404, ucb: 1.4322360694800342,num_of_obs(calculated after picking at this round): 16, privacy reward: 0.5272924240430481, g: -0.0011622872487179734, curr_delay = 1.0074890297632197, data_size = 761
num of fast users chosen: 1, num of slow users chosen: 4
max_delay = 1.01 seconds
after cleansing the weights updates who were almost zeros (meaning with absolute value of less than 10**-7, 0.00% of the weights upadtes) we get:
user No.6 has been picked 27, his deltas theta's mean
 is -0.0020414290484040976,
the empirical var of deltas thetas is 0.0049439468421041965
the minimum of the deltas theta is -0.381672203540802 and the maximum is 0.6389379501342773
the added laplace noise var is 0.008658535720544341
global epoch 114 has been done artifficialy in 1.01 secs, the total time by now is 72.34 
 with avg train loss 1.226, val loss 1.197, avg val acc 58.55%
iteration: 115
user 0, emp_avg: 0.7721220069313667, h: 0.9432257280567093, ucb: 1.7155496035904791,num_of_obs(calculated after picking at this round): 33, privacy reward: 0.26713530196584967, g: 0.012617152688832785, curr_delay = 0.06530294853125734, data_size = 3049
user 1, emp_avg: 0.7189749335085325, h: 1.164343116876667, ucb: 1.869935904361796,num_of_obs(calculated after picking at this round): 22, privacy reward: 0.41478291168158077, g: -0.005173556954303919, curr_delay = 0.05, data_size = 864
user 2, emp_avg: 0.6891945203175647, h: 1.164343116876667, ucb: 1.8387373762569728,num_of_obs(calculated after picking at this round): 22, privacy reward: 0.41478291168158077, g: -0.004309972455436703, curr_delay = 0.05, data_size = 913
user 3, emp_avg: 0.5766003537863873, h: 1.2240913444196604, ucb: 1.8031328141348308,num_of_obs(calculated after picking at this round): 20, privacy reward: 0.449328964117221, g: -0.007515167693911876, curr_delay = 0.09430063001787765, data_size = 613
user 7, emp_avg: 0.5219526723182333, h: 1.2576343040756124, ucb: 1.7530287915226364,num_of_obs(calculated after picking at this round): 19, privacy reward: 0.4676664270099087, g: -0.010185836619634936, curr_delay = 0.05, data_size = 434
num of fast users chosen: 5, num of slow users chosen: 0
max_delay = 0.09 seconds
after cleansing the weights updates who were almost zeros (meaning with absolute value of less than 10**-7, 0.00% of the weights upadtes) we get:
user No.0 has been picked 33, his deltas theta's mean
 is -0.0023568193428218365,
the empirical var of deltas thetas is 0.006088266149163246
the minimum of the deltas theta is -0.3856743276119232 and the maximum is 0.5750908851623535
the added laplace noise var is 0.011007156177769524
global epoch 115 has been done artifficialy in 0.09 secs, the total time by now is 72.43 
 with avg train loss 1.181, val loss 1.206, avg val acc 58.64%
iteration: 116
user 5, emp_avg: 0.4429597225530776, h: 1.2252076332442206, ucb: 1.6699167601998985,num_of_obs(calculated after picking at this round): 20, privacy reward: 0.449328964117221, g: -0.004096080742584268, curr_delay = 0.1220342507521455, data_size = 779
user 8, emp_avg: 0.5025521299543501, h: 1.0901364812612186, ucb: 1.593014039578223,num_of_obs(calculated after picking at this round): 25, privacy reward: 0.36787944117144167, g: 0.010448257278402498, curr_delay = 0.10106280694817396, data_size = 2413
user 9, emp_avg: 0.3905546250259522, h: 1.2587811818191919, ucb: 1.6534536455840527,num_of_obs(calculated after picking at this round): 19, privacy reward: 0.4676664270099087, g: -0.006132523805637806, curr_delay = 0.15801106905257725, data_size = 600
user 10, emp_avg: 0.39978765515292547, h: 1.2252076332442206, ucb: 1.6076123053726556,num_of_obs(calculated after picking at this round): 20, privacy reward: 0.449328964117221, g: -0.0002547820077011801, curr_delay = 0.06848711512954507, data_size = 1154
user 12, emp_avg: 0.338551145537716, h: 1.2587811818191919, ucb: 1.5940549854864838,num_of_obs(calculated after picking at this round): 19, privacy reward: 0.4676664270099087, g: -0.006132523805637806, curr_delay = 0.12577246327618968, data_size = 600
num of fast users chosen: 5, num of slow users chosen: 0
max_delay = 0.16 seconds
after cleansing the weights updates who were almost zeros (meaning with absolute value of less than 10**-7, 0.00% of the weights upadtes) we get:
user No.5 has been picked 20, his deltas theta's mean
 is -0.00034361379221081734,
the empirical var of deltas thetas is 0.0010996632045134902
the minimum of the deltas theta is -0.25174447894096375 and the maximum is 0.2596135437488556
the added laplace noise var is 0.006543980522401047
global epoch 116 has been done artifficialy in 0.16 secs, the total time by now is 72.59 
 with avg train loss 1.206, val loss 1.239, avg val acc 56.66%
iteration: 117
user 4, emp_avg: 0.48432379939213804, h: 0.9759276545725873, ucb: 1.462739988164288,num_of_obs(calculated after picking at this round): 31, privacy reward: 0.2893842179390499, g: 0.02464243807773262, curr_delay = 0.12205011779273564, data_size = 3227
user 13, emp_avg: 0.28418217493886827, h: 1.1145879255851843, ucb: 1.3987125494837607,num_of_obs(calculated after picking at this round): 24, privacy reward: 0.3828928859751114, g: 0.013011807937624284, curr_delay = 0.17512776077501907, data_size = 2425
user 24, emp_avg: 0.06039900550844626, h: 1.3363439772562895, ucb: 1.397019150928256,num_of_obs(calculated after picking at this round): 17, privacy reward: 0.5066169923655891, g: 0.0011479534795932622, curr_delay = 0.8931711101724201, data_size = 1332
user 26, emp_avg: 0.05841187361166311, h: 1.3363439772562895, ucb: 1.3946645252255325,num_of_obs(calculated after picking at this round): 17, privacy reward: 0.5066169923655891, g: 0.001531446286648598, curr_delay = 0.8350997936157958, data_size = 1373
user 28, emp_avg: 0.05742112176570156, h: 1.3363439772562895, ucb: 1.3937363577768254,num_of_obs(calculated after picking at this round): 17, privacy reward: 0.5066169923655891, g: 0.0004996192782542674, curr_delay = 0.8638416029156863, data_size = 1242
num of fast users chosen: 2, num of slow users chosen: 3
max_delay = 0.89 seconds
after cleansing the weights updates who were almost zeros (meaning with absolute value of less than 10**-7, 0.00% of the weights upadtes) we get:
user No.4 has been picked 31, his deltas theta's mean
 is -0.008280836045742035,
the empirical var of deltas thetas is 0.0074611324816942215
the minimum of the deltas theta is -0.48560547828674316 and the maximum is 0.5519000291824341
the added laplace noise var is 0.010160885794929691
global epoch 117 has been done artifficialy in 0.89 secs, the total time by now is 73.48 
 with avg train loss 1.309, val loss 1.309, avg val acc 54.20%
iteration: 118
user 4, emp_avg: 0.48176666559385073, h: 0.9609153523660184, ucb: 1.4452391517581564,num_of_obs(calculated after picking at this round): 32, privacy reward: 0.2780373004531934, g: 0.022703706827709058, curr_delay = 0.12422498582708023, data_size = 3227
user 6, emp_avg: 0.44215312072017127, h: 1.0296368965660407, ucb: 1.4578648181989662,num_of_obs(calculated after picking at this round): 28, privacy reward: 0.3262797946230388, g: 0.017949298847648686, curr_delay = 0.061114720568007264, data_size = 2832
user 8, emp_avg: 0.49594555796940176, h: 1.070030050919954, ucb: 1.5725821808743041,num_of_obs(calculated after picking at this round): 26, privacy reward: 0.3534546819587794, g: 0.009457341191494868, curr_delay = 0.15115729424955981, data_size = 2413
user 14, emp_avg: 0.2803548836063095, h: 1.1674985010043195, ucb: 1.4444844303592503,num_of_obs(calculated after picking at this round): 22, privacy reward: 0.41478291168158077, g: 0.009422912762469777, curr_delay = 0.14240838438231898, data_size = 2147
user 20, emp_avg: 0.06374829423729049, h: 1.3814028557181521, ucb: 1.445258053641263,num_of_obs(calculated after picking at this round): 16, privacy reward: 0.5272924240430481, g: -0.0026693547752982133, curr_delay = 0.8045733370968163, data_size = 589
num of fast users chosen: 4, num of slow users chosen: 1
max_delay = 0.80 seconds
after cleansing the weights updates who were almost zeros (meaning with absolute value of less than 10**-7, 0.00% of the weights upadtes) we get:
user No.4 has been picked 32, his deltas theta's mean
 is -0.0034805217292159796,
the empirical var of deltas thetas is 0.008111163042485714
the minimum of the deltas theta is -0.5084832906723022 and the maximum is 0.5319278836250305
the added laplace noise var is 0.01057555941070121
global epoch 118 has been done artifficialy in 0.80 secs, the total time by now is 74.29 
 with avg train loss 1.253, val loss 1.374, avg val acc 53.62%
iteration: 119
user 0, emp_avg: 0.7751100520367343, h: 0.9321649769231283, ucb: 1.704286983854495,num_of_obs(calculated after picking at this round): 34, privacy reward: 0.25666077695355527, g: 0.012831462362305875, curr_delay = 0.05722686352882422, data_size = 3049
user 1, emp_avg: 0.7031951537992517, h: 1.1416642747774604, ucb: 1.8606392082859928,num_of_obs(calculated after picking at this round): 23, privacy reward: 0.3985190410845135, g: -0.00550455617196589, curr_delay = 0.14043365906247984, data_size = 864
user 2, emp_avg: 0.7027078020428881, h: 1.1416642747774604, ucb: 1.830858795095025,num_of_obs(calculated after picking at this round): 23, privacy reward: 0.3985190410845135, g: -0.004612533395202836, curr_delay = 0.05, data_size = 913
user 3, emp_avg: 0.5621546679402528, h: 1.1973875930263596, ucb: 1.7739879468127469,num_of_obs(calculated after picking at this round): 21, privacy reward: 0.4317105234290791, g: -0.008017394131889519, curr_delay = 0.18298867652816186, data_size = 613
user 7, emp_avg: 0.5316302053882065, h: 1.2284937495003936, ucb: 1.7504464218186269,num_of_obs(calculated after picking at this round): 20, privacy reward: 0.449328964117221, g: -0.010829947203373986, curr_delay = 0.06988087636182486, data_size = 434
num of fast users chosen: 5, num of slow users chosen: 0
max_delay = 0.18 seconds
after cleansing the weights updates who were almost zeros (meaning with absolute value of less than 10**-7, 0.00% of the weights upadtes) we get:
user No.0 has been picked 34, his deltas theta's mean
 is -0.0008963117143139243,
the empirical var of deltas thetas is 0.00641797436401248
the minimum of the deltas theta is -0.42726460099220276 and the maximum is 0.4854080379009247
the added laplace noise var is 0.011456366743040828
global epoch 119 has been done artifficialy in 0.18 secs, the total time by now is 74.47 
 with avg train loss 1.172, val loss 1.200, avg val acc 58.27%
iteration: 120
user 15, emp_avg: 0.07048802085132551, h: 1.3398915640988518, ucb: 1.4106227941876353,num_of_obs(calculated after picking at this round): 17, privacy reward: 0.5066169923655891, g: -0.0008148074273866438, curr_delay = 0.7507882557580753, data_size = 818
user 16, emp_avg: 0.07010773507675966, h: 1.3398915640988518, ucb: 1.4097792361899726,num_of_obs(calculated after picking at this round): 17, privacy reward: 0.5066169923655891, g: 4.2974226254960526e-05, curr_delay = 0.6790826254349074, data_size = 1092
user 18, emp_avg: 0.06694281620290049, h: 1.3398915640988518, ucb: 1.406919189047541,num_of_obs(calculated after picking at this round): 17, privacy reward: 0.5066169923655891, g: -0.000822137212310683, curr_delay = 0.7623592584773763, data_size = 817
user 22, emp_avg: 0.06111703307685518, h: 1.3398915640988518, ucb: 1.4012450213981391,num_of_obs(calculated after picking at this round): 17, privacy reward: 0.5066169923655891, g: 0.00016467394997703332, curr_delay = 0.8720791483050947, data_size = 1141
user 25, emp_avg: 0.05805744927792281, h: 1.3398915640988518, ucb: 1.3982567822725085,num_of_obs(calculated after picking at this round): 17, privacy reward: 0.5066169923655891, g: -0.0005851231827428403, curr_delay = 0.9410321592780229, data_size = 852
num of fast users chosen: 0, num of slow users chosen: 5
max_delay = 0.94 seconds
after cleansing the weights updates who were almost zeros (meaning with absolute value of less than 10**-7, 0.00% of the weights upadtes) we get:
user No.15 has been picked 17, his deltas theta's mean
 is -0.002002179156988859,
the empirical var of deltas thetas is 0.0016213736962527037
the minimum of the deltas theta is -0.2444932758808136 and the maximum is 0.2748415470123291
the added laplace noise var is 0.0058039900627965095
global epoch 120 has been done artifficialy in 0.94 secs, the total time by now is 75.41 
 with avg train loss 1.237, val loss 1.116, avg val acc 60.15%
iteration: 121
user 17, emp_avg: 0.06692844740314399, h: 1.301011897435776, ucb: 1.3679276272551393,num_of_obs(calculated after picking at this round): 18, privacy reward: 0.48675225595997107, g: 0.007089189507166213, curr_delay = 0.7446610077620543, data_size = 1754
user 21, emp_avg: 0.0643043053273147, h: 1.301011897435776, ucb: 1.3649311698357875,num_of_obs(calculated after picking at this round): 18, privacy reward: 0.48675225595997107, g: 0.002512199482141997, curr_delay = 0.7057176458338783, data_size = 1488
user 24, emp_avg: 0.06003376362375339, h: 1.301011897435776, ucb: 1.3614109029442223,num_of_obs(calculated after picking at this round): 18, privacy reward: 0.48675225595997107, g: 0.000908282839809103, curr_delay = 0.928942381020199, data_size = 1332
user 26, emp_avg: 0.058752850253884784, h: 1.301011897435776, ucb: 1.3594237710474393,num_of_obs(calculated after picking at this round): 18, privacy reward: 0.48675225595997107, g: 0.0012524497336993162, curr_delay = 0.7745999004366078, data_size = 1373
user 27, emp_avg: 0.05702339255368833, h: 1.301011897435776, ucb: 1.357999310423911,num_of_obs(calculated after picking at this round): 18, privacy reward: 0.48675225595997107, g: 0.003722296615333299, curr_delay = 0.8675277316808088, data_size = 1573
num of fast users chosen: 0, num of slow users chosen: 5
max_delay = 0.93 seconds
after cleansing the weights updates who were almost zeros (meaning with absolute value of less than 10**-7, 0.00% of the weights upadtes) we get:
user No.17 has been picked 18, his deltas theta's mean
 is -0.0008505432051606476,
the empirical var of deltas thetas is 0.005359319970011711
the minimum of the deltas theta is -0.43089401721954346 and the maximum is 0.6138370037078857
the added laplace noise var is 0.006040855390664162
global epoch 121 has been done artifficialy in 0.93 secs, the total time by now is 76.34 
 with avg train loss 1.277, val loss 1.210, avg val acc 57.56%
iteration: 122
user 0, emp_avg: 0.772997714683917, h: 0.9207434059817154, ucb: 1.6958534580184499,num_of_obs(calculated after picking at this round): 35, privacy reward: 0.2465969639416059, g: 0.012521261935657271, curr_delay = 0.07130854440904545, data_size = 3049
user 5, emp_avg: 0.4366642810183547, h: 1.2005025253700956, ucb: 1.643462247923173,num_of_obs(calculated after picking at this round): 21, privacy reward: 0.4317105234290791, g: -0.00411419020900285, curr_delay = 0.16089822382161095, data_size = 779
user 9, emp_avg: 0.38263522676134415, h: 1.2316896026532764, ucb: 1.6222442276792286,num_of_obs(calculated after picking at this round): 20, privacy reward: 0.449328964117221, g: -0.006221379744420942, curr_delay = 0.21536253335139166, data_size = 600
user 10, emp_avg: 0.4283691953837386, h: 1.2005025253700956, ucb: 1.6002901805230212,num_of_obs(calculated after picking at this round): 21, privacy reward: 0.4317105234290791, g: -0.00025931353787367, curr_delay = 0.05, data_size = 1154
user 11, emp_avg: 0.3147263140914329, h: 1.2654407723178587, ucb: 1.5810275824245736,num_of_obs(calculated after picking at this round): 19, privacy reward: 0.4676664270099087, g: -0.0032166754055644813, curr_delay = 0.16709142095862628, data_size = 709
num of fast users chosen: 5, num of slow users chosen: 0
max_delay = 0.22 seconds
after cleansing the weights updates who were almost zeros (meaning with absolute value of less than 10**-7, 0.00% of the weights upadtes) we get:
user No.0 has been picked 35, his deltas theta's mean
 is -0.004405968822538853,
the empirical var of deltas thetas is 0.006211424712091684
the minimum of the deltas theta is -0.4488336443901062 and the maximum is 0.4460206925868988
the added laplace noise var is 0.011923909939256253
global epoch 122 has been done artifficialy in 0.22 secs, the total time by now is 76.55 
 with avg train loss 1.233, val loss 1.202, avg val acc 59.03%
iteration: 123
user 4, emp_avg: 0.4974707060304007, h: 0.9498866072496908, ucb: 1.4316532728435414,num_of_obs(calculated after picking at this round): 33, privacy reward: 0.26713530196584967, g: 0.023478438616873383, curr_delay = 0.05, data_size = 3227
user 6, emp_avg: 0.4544348183135111, h: 1.0154714973181267, ucb: 1.457624618038298,num_of_obs(calculated after picking at this round): 29, privacy reward: 0.3134861808826046, g: 0.01826451598859954, curr_delay = 0.06263134176556495, data_size = 2832
user 14, emp_avg: 0.27962734871450623, h: 1.1456063525930573, ucb: 1.4259612361993668,num_of_obs(calculated after picking at this round): 23, privacy reward: 0.3985190410845135, g: 0.009249823333073072, curr_delay = 0.1896658072997939, data_size = 2147
user 19, emp_avg: 0.06567998662257957, h: 1.3433425226890783, ucb: 1.4089269354288128,num_of_obs(calculated after picking at this round): 17, privacy reward: 0.5066169923655891, g: -0.0013183931072074614, curr_delay = 0.7439461152599584, data_size = 732
user 23, emp_avg: 0.06098617355094556, h: 1.3433425226890783, ucb: 1.4042771827911158,num_of_obs(calculated after picking at this round): 17, privacy reward: 0.5066169923655891, g: -0.0015511122669158886, curr_delay = 0.8089255062866622, data_size = 708
num of fast users chosen: 3, num of slow users chosen: 2
max_delay = 0.81 seconds
after cleansing the weights updates who were almost zeros (meaning with absolute value of less than 10**-7, 0.00% of the weights upadtes) we get:
user No.4 has been picked 33, his deltas theta's mean
 is -0.002212798222899437,
the empirical var of deltas thetas is 0.005388476885855198
the minimum of the deltas theta is -0.4469650387763977 and the maximum is 0.5150145888328552
the added laplace noise var is 0.011007156177769524
global epoch 123 has been done artifficialy in 0.81 secs, the total time by now is 77.36 
 with avg train loss 1.224, val loss 1.273, avg val acc 56.08%
iteration: 124
user 13, emp_avg: 0.28026071372205286, h: 1.0977569819414765, ucb: 1.3819391568803447,num_of_obs(calculated after picking at this round): 25, privacy reward: 0.36787944117144167, g: 0.013712906853556119, curr_delay = 0.26860687570390984, data_size = 2425
user 15, emp_avg: 0.07060246615862507, h: 1.304329654145811, ucb: 1.3748176749971364,num_of_obs(calculated after picking at this round): 18, privacy reward: 0.48675225595997107, g: -0.0010438244878287022, curr_delay = 0.689198529595363, data_size = 818
user 16, emp_avg: 0.06984163527273018, h: 1.304329654145811, ucb: 1.3744373892225705,num_of_obs(calculated after picking at this round): 18, privacy reward: 0.48675225595997107, g: 7.795443470116671e-06, curr_delay = 0.7654864967946592, data_size = 1092
user 20, emp_avg: 0.06384343095678018, h: 1.3444722336671326, ucb: 1.408220527904423,num_of_obs(calculated after picking at this round): 17, privacy reward: 0.5066169923655891, g: -0.0028707534856550507, curr_delay = 0.7649281253876166, data_size = 589
user 29, emp_avg: 0.05581969074411791, h: 1.3444722336671326, ucb: 1.3999194956093435,num_of_obs(calculated after picking at this round): 17, privacy reward: 0.5066169923655891, g: -0.0009951277096097555, curr_delay = 0.8093423805768247, data_size = 761
num of fast users chosen: 1, num of slow users chosen: 4
max_delay = 0.81 seconds
after cleansing the weights updates who were almost zeros (meaning with absolute value of less than 10**-7, 0.00% of the weights upadtes) we get:
user No.13 has been picked 25, his deltas theta's mean
 is -0.0009418617119081318,
the empirical var of deltas thetas is 0.005315027199685574
the minimum of the deltas theta is -0.4583764970302582 and the maximum is 0.5176410675048828
the added laplace noise var is 0.007992835859407068
global epoch 124 has been done artifficialy in 0.81 secs, the total time by now is 78.17 
 with avg train loss 1.199, val loss 1.178, avg val acc 59.40%
iteration: 125
user 5, emp_avg: 0.4309460624779558, h: 1.1745289313838976, ucb: 1.6111932124022523,num_of_obs(calculated after picking at this round): 22, privacy reward: 0.41478291168158077, g: -0.004652266787208515, curr_delay = 0.16084231285403552, data_size = 779
user 8, emp_avg: 0.49505386151084685, h: 1.055569157881075, ucb: 1.5515147158504767,num_of_obs(calculated after picking at this round): 27, privacy reward: 0.33959552564493845, g: 0.010223893155747593, curr_delay = 0.10596144300363769, data_size = 2413
user 10, emp_avg: 0.4262546197491515, h: 1.1745289313838976, ucb: 1.602898126767636,num_of_obs(calculated after picking at this round): 22, privacy reward: 0.41478291168158077, g: -0.0004067800461517295, curr_delay = 0.13094197275996508, data_size = 1154
user 11, emp_avg: 0.33636774538484226, h: 1.234799843652783, ucb: 1.5495261577442159,num_of_obs(calculated after picking at this round): 20, privacy reward: 0.449328964117221, g: -0.003742351080625679, curr_delay = 0.06688471619584344, data_size = 709
user 12, emp_avg: 0.33502363235353994, h: 1.234799843652783, ucb: 1.5733509891904989,num_of_obs(calculated after picking at this round): 20, privacy reward: 0.449328964117221, g: -0.005645721823823354, curr_delay = 0.18656655028173524, data_size = 600
num of fast users chosen: 5, num of slow users chosen: 0
max_delay = 0.19 seconds
after cleansing the weights updates who were almost zeros (meaning with absolute value of less than 10**-7, 0.00% of the weights upadtes) we get:
user No.5 has been picked 22, his deltas theta's mean
 is -0.0005486042937263846,
the empirical var of deltas thetas is 0.0011054365895688534
the minimum of the deltas theta is -0.2370108813047409 and the maximum is 0.32926836609840393
the added laplace noise var is 0.007089009471033874
global epoch 125 has been done artifficialy in 0.19 secs, the total time by now is 78.36 
 with avg train loss 1.178, val loss 1.142, avg val acc 60.18%
iteration: 126
user 0, emp_avg: 0.7793033337204749, h: 0.9105365991186402, ucb: 1.6835343138025571,num_of_obs(calculated after picking at this round): 36, privacy reward: 0.23692775868212124, g: 0.012725913699132852, curr_delay = 0.05, data_size = 3049
user 1, emp_avg: 0.698200315743262, h: 1.1232269398190058, ucb: 1.8264220936182576,num_of_obs(calculated after picking at this round): 24, privacy reward: 0.3828928859751114, g: -0.0051636338437817345, curr_delay = 0.08571638594371292, data_size = 864
user 2, emp_avg: 0.7095205649053385, h: 1.1232269398190058, ucb: 1.8259347418618939,num_of_obs(calculated after picking at this round): 24, privacy reward: 0.3828928859751114, g: -0.004300915744061882, curr_delay = 0.057722449195831325, data_size = 913
user 3, emp_avg: 0.5692355332536336, h: 1.175497694832944, ucb: 1.737652362773197,num_of_obs(calculated after picking at this round): 22, privacy reward: 0.41478291168158077, g: -0.007768543649132408, curr_delay = 0.06964431348367595, data_size = 613
user 7, emp_avg: 0.5241520734450406, h: 1.2045267004452178, ucb: 1.7361569058334243,num_of_obs(calculated after picking at this round): 21, privacy reward: 0.4317105234290791, g: -0.010636482817096065, curr_delay = 0.13347947214750397, data_size = 434
num of fast users chosen: 5, num of slow users chosen: 0
max_delay = 0.13 seconds
after cleansing the weights updates who were almost zeros (meaning with absolute value of less than 10**-7, 0.00% of the weights upadtes) we get:
user No.0 has been picked 36, his deltas theta's mean
 is -0.0017447883728891611,
the empirical var of deltas thetas is 0.006842366419732571
the minimum of the deltas theta is -0.39979711174964905 and the maximum is 0.49073147773742676
the added laplace noise var is 0.012410533935277612
global epoch 126 has been done artifficialy in 0.13 secs, the total time by now is 78.49 
 with avg train loss 1.155, val loss 1.203, avg val acc 59.92%
iteration: 127
user 4, emp_avg: 0.4919059428785147, h: 0.9384888323507193, ucb: 1.4359595383811201,num_of_obs(calculated after picking at this round): 34, privacy reward: 0.25666077695355527, g: 0.02357663130397544, curr_delay = 0.16219613101206132, data_size = 3227
user 18, emp_avg: 0.0665243647853243, h: 1.3075599754268736, ucb: 1.374502791629774,num_of_obs(calculated after picking at this round): 18, privacy reward: 0.48675225595997107, g: -0.0008525155875126473, curr_delay = 0.8415993724735005, data_size = 817
user 22, emp_avg: 0.06187557910697946, h: 1.3075599754268736, ucb: 1.3686770085037288,num_of_obs(calculated after picking at this round): 18, privacy reward: 0.48675225595997107, g: 0.00015147702857950363, curr_delay = 0.6687096940880111, data_size = 1141
user 25, emp_avg: 0.05840197279063966, h: 1.3075599754268736, ucb: 1.3656174247047965,num_of_obs(calculated after picking at this round): 18, privacy reward: 0.48675225595997107, g: -0.0006107943499788098, curr_delay = 0.7781026658176826, data_size = 852
user 28, emp_avg: 0.057540698183609726, h: 1.3075599754268736, ucb: 1.364981097192575,num_of_obs(calculated after picking at this round): 18, privacy reward: 0.48675225595997107, g: 0.0006373622323435284, curr_delay = 0.8392993911074431, data_size = 1242
num of fast users chosen: 1, num of slow users chosen: 4
max_delay = 0.84 seconds
after cleansing the weights updates who were almost zeros (meaning with absolute value of less than 10**-7, 0.00% of the weights upadtes) we get:
user No.4 has been picked 34, his deltas theta's mean
 is -0.0013729091733694077,
the empirical var of deltas thetas is 0.005217439495027065
the minimum of the deltas theta is -0.41364380717277527 and the maximum is 0.6077783703804016
the added laplace noise var is 0.011456366743040828
global epoch 127 has been done artifficialy in 0.84 secs, the total time by now is 79.33 
 with avg train loss 1.217, val loss 1.138, avg val acc 60.61%
iteration: 128
user 13, emp_avg: 0.2827494858099096, h: 1.0791141104353645, ucb: 1.3593748241574173,num_of_obs(calculated after picking at this round): 26, privacy reward: 0.3534546819587794, g: 0.013302856220918986, curr_delay = 0.14494064894671843, data_size = 2425
user 17, emp_avg: 0.06675266510030539, h: 1.2717481752715587, ucb: 1.3386766226747027,num_of_obs(calculated after picking at this round): 19, privacy reward: 0.4676664270099087, g: 0.007067461005434239, curr_delay = 0.7863046655642985, data_size = 1754
user 21, emp_avg: 0.06414666000160485, h: 1.2717481752715587, ucb: 1.3360524805988734,num_of_obs(calculated after picking at this round): 19, privacy reward: 0.4676664270099087, g: 0.0024992714655509922, curr_delay = 0.8155403611705376, data_size = 1488
user 26, emp_avg: 0.05867839984147021, h: 1.2717481752715587, ucb: 1.3305010255254435,num_of_obs(calculated after picking at this round): 19, privacy reward: 0.4676664270099087, g: 0.0012433264381279034, curr_delay = 0.8720175975156298, data_size = 1373
user 27, emp_avg: 0.056862773849945036, h: 1.2717481752715587, ucb: 1.328771567825247,num_of_obs(calculated after picking at this round): 19, privacy reward: 0.4676664270099087, g: 0.0037065564136408565, curr_delay = 0.926412512388104, data_size = 1573
num of fast users chosen: 1, num of slow users chosen: 4
max_delay = 0.93 seconds
after cleansing the weights updates who were almost zeros (meaning with absolute value of less than 10**-7, 0.00% of the weights upadtes) we get:
user No.13 has been picked 26, his deltas theta's mean
 is -0.0017857198836281896,
the empirical var of deltas thetas is 0.005684695206582546
the minimum of the deltas theta is -0.467638224363327 and the maximum is 0.5266231298446655
the added laplace noise var is 0.008319029678822153
global epoch 128 has been done artifficialy in 0.93 secs, the total time by now is 80.26 
 with avg train loss 1.272, val loss 1.211, avg val acc 58.32%
iteration: 129
user 6, emp_avg: 0.4660510206332077, h: 1.0027354728384859, ucb: 1.457170291151997,num_of_obs(calculated after picking at this round): 30, privacy reward: 0.3011942119122014, g: 0.01903912922570851, curr_delay = 0.06227263576427565, data_size = 2832
user 14, emp_avg: 0.2822918124601341, h: 1.1259561043681563, ucb: 1.4055834530826625,num_of_obs(calculated after picking at this round): 24, privacy reward: 0.3828928859751114, g: 0.009359250002776518, curr_delay = 0.14552885360503778, data_size = 2147
user 19, emp_avg: 0.06544690370706689, h: 1.3096670979381617, ucb: 1.3753470845607412,num_of_obs(calculated after picking at this round): 18, privacy reward: 0.48675225595997107, g: -0.0014448610794448647, curr_delay = 0.8132131636868427, data_size = 732
user 23, emp_avg: 0.06161422808835415, h: 1.3096670979381617, ucb: 1.3706532714891073,num_of_obs(calculated after picking at this round): 18, privacy reward: 0.48675225595997107, g: -0.0016880435832034634, curr_delay = 0.6916475445006156, data_size = 708
user 29, emp_avg: 0.05589094766283414, h: 1.3096670979381617, ucb: 1.3654867886822797,num_of_obs(calculated after picking at this round): 18, privacy reward: 0.48675225595997107, g: -0.0011762384251143595, curr_delay = 0.8756212380170888, data_size = 761
num of fast users chosen: 2, num of slow users chosen: 3
max_delay = 0.88 seconds
after cleansing the weights updates who were almost zeros (meaning with absolute value of less than 10**-7, 0.00% of the weights upadtes) we get:
user No.6 has been picked 30, his deltas theta's mean
 is -0.0007929584826342762,
the empirical var of deltas thetas is 0.005648629739880562
the minimum of the deltas theta is -0.40471917390823364 and the maximum is 0.49130409955978394
the added laplace noise var is 0.009762471764201303
global epoch 129 has been done artifficialy in 0.88 secs, the total time by now is 81.14 
 with avg train loss 1.178, val loss 1.214, avg val acc 58.11%
iteration: 130
user 0, emp_avg: 0.778308718688884, h: 0.9006973641254853, ucb: 1.6800006978459603,num_of_obs(calculated after picking at this round): 37, privacy reward: 0.22763768838381226, g: 0.012919480437563009, curr_delay = 0.06733983357320324, data_size = 3049
user 1, emp_avg: 0.7102723031135315, h: 1.1031244773886106, ucb: 1.8013247931318728,num_of_obs(calculated after picking at this round): 25, privacy reward: 0.36787944117144167, g: -0.005466255764087469, curr_delay = 0.05, data_size = 864
user 2, emp_avg: 0.7197514770620503, h: 1.1031244773886106, ucb: 1.812645042293949,num_of_obs(calculated after picking at this round): 25, privacy reward: 0.36787944117144167, g: -0.004577479043858431, curr_delay = 0.051797724520742466, data_size = 913
user 3, emp_avg: 0.5879644231121712, h: 1.1521759395069813, ucb: 1.721411472760615,num_of_obs(calculated after picking at this round): 23, privacy reward: 0.3985190410845135, g: -0.008227114897923663, curr_delay = 0.05, data_size = 613
user 7, emp_avg: 0.52270461662591, h: 1.1792896712434968, ucb: 1.7034417446885373,num_of_obs(calculated after picking at this round): 22, privacy reward: 0.41478291168158077, g: -0.011223628596706033, curr_delay = 0.10156243169110528, data_size = 434
num of fast users chosen: 5, num of slow users chosen: 0
max_delay = 0.10 seconds
after cleansing the weights updates who were almost zeros (meaning with absolute value of less than 10**-7, 0.00% of the weights upadtes) we get:
user No.0 has been picked 37, his deltas theta's mean
 is -0.0023263683542609215,
the empirical var of deltas thetas is 0.00688751507550478
the minimum of the deltas theta is -0.5096632242202759 and the maximum is 0.5386397838592529
the added laplace noise var is 0.012917017433317197
global epoch 130 has been done artifficialy in 0.10 secs, the total time by now is 81.24 
 with avg train loss 1.151, val loss 1.173, avg val acc 60.30%
iteration: 131
user 8, emp_avg: 0.49209768918252417, h: 1.0408540641865165, ucb: 1.5359079256973633,num_of_obs(calculated after picking at this round): 28, privacy reward: 0.3262797946230388, g: 0.010610318175423027, curr_delay = 0.12127649732949863, data_size = 2413
user 9, emp_avg: 0.39681765166611377, h: 1.2093631369280053, ucb: 1.5919983636893495,num_of_obs(calculated after picking at this round): 21, privacy reward: 0.4317105234290791, g: -0.005747121867788893, curr_delay = 0.07347904082741576, data_size = 600
user 10, emp_avg: 0.4211932150423651, h: 1.1530825078735478, ucb: 1.5793371276226993,num_of_obs(calculated after picking at this round): 23, privacy reward: 0.3985190410845135, g: -0.0004043204120069679, curr_delay = 0.16137240830363295, data_size = 1154
user 11, emp_avg: 0.33337602859492327, h: 1.2093631369280053, ucb: 1.5457308823128475,num_of_obs(calculated after picking at this round): 21, privacy reward: 0.4317105234290791, g: -0.0038249913249330477, curr_delay = 0.18278749205953573, data_size = 709
user 12, emp_avg: 0.33679123862924615, h: 1.2093631369280053, ucb: 1.5443867692815454,num_of_obs(calculated after picking at this round): 21, privacy reward: 0.4317105234290791, g: -0.005747121867788893, curr_delay = 0.1343568227129186, data_size = 600
num of fast users chosen: 5, num of slow users chosen: 0
max_delay = 0.18 seconds
after cleansing the weights updates who were almost zeros (meaning with absolute value of less than 10**-7, 0.00% of the weights upadtes) we get:
user No.8 has been picked 28, his deltas theta's mean
 is -0.0036385077983140945,
the empirical var of deltas thetas is 0.005554655101150274
the minimum of the deltas theta is -0.4876258969306946 and the maximum is 0.48503968119621277
the added laplace noise var is 0.009011897266672203
global epoch 131 has been done artifficialy in 0.18 secs, the total time by now is 81.42 
 with avg train loss 1.222, val loss 1.168, avg val acc 58.46%
iteration: 132
user 4, emp_avg: 0.486513803313089, h: 0.9282623161128765, ucb: 1.420168258991391,num_of_obs(calculated after picking at this round): 35, privacy reward: 0.2465969639416059, g: 0.024277877820892007, curr_delay = 0.16491795468761108, data_size = 3227
user 16, emp_avg: 0.06975742253758895, h: 1.2757745258712934, ucb: 1.3456161611440236,num_of_obs(calculated after picking at this round): 19, privacy reward: 0.4676664270099087, g: 1.2426823315915638e-05, curr_delay = 0.7326909818253402, data_size = 1092
user 22, emp_avg: 0.06178746605885697, h: 1.2757745258712934, ucb: 1.3376501049782727,num_of_obs(calculated after picking at this round): 19, privacy reward: 0.4676664270099087, g: 9.608374811281395e-05, curr_delay = 0.8305450387050386, data_size = 1141
user 24, emp_avg: 0.05992862219676477, h: 1.2757745258712934, ucb: 1.3358082894950467,num_of_obs(calculated after picking at this round): 19, privacy reward: 0.4676664270099087, g: 0.0011744303345864993, curr_delay = 0.8615330843488263, data_size = 1332
user 28, emp_avg: 0.0576045208624714, h: 1.2757745258712934, ucb: 1.333315224054903,num_of_obs(calculated after picking at this round): 19, privacy reward: 0.4676664270099087, g: 0.0005171378603451865, curr_delay = 0.8510156067962107, data_size = 1242
num of fast users chosen: 1, num of slow users chosen: 4
max_delay = 0.86 seconds
after cleansing the weights updates who were almost zeros (meaning with absolute value of less than 10**-7, 0.00% of the weights upadtes) we get:
user No.4 has been picked 35, his deltas theta's mean
 is -0.0017935385694727302,
the empirical var of deltas thetas is 0.005342814140021801
the minimum of the deltas theta is -0.43506067991256714 and the maximum is 0.577846109867096
the added laplace noise var is 0.011923909939256253
global epoch 132 has been done artifficialy in 0.86 secs, the total time by now is 82.28 
 with avg train loss 1.223, val loss 1.162, avg val acc 58.68%
iteration: 133
user 4, emp_avg: 0.48945705787822036, h: 0.9156121257596007, ucb: 1.4021259290726897,num_of_obs(calculated after picking at this round): 36, privacy reward: 0.23692775868212124, g: 0.022569492307097278, curr_delay = 0.08439232085525154, data_size = 3227
user 6, emp_avg: 0.4608062082057829, h: 0.98897412789433, ucb: 1.4550251485275378,num_of_obs(calculated after picking at this round): 31, privacy reward: 0.2893842179390499, g: 0.01883060262299893, curr_delay = 0.16476536476782577, data_size = 2832
user 8, emp_avg: 0.48348911662115235, h: 1.0236854771107768, ucb: 1.515783166293301,num_of_obs(calculated after picking at this round): 29, privacy reward: 0.3134861808826046, g: 0.009719387331518524, curr_delay = 0.2062288666507343, data_size = 2413
user 14, emp_avg: 0.2823932573018514, h: 1.1057066889801466, ucb: 1.3879985014402807,num_of_obs(calculated after picking at this round): 25, privacy reward: 0.36787944117144167, g: 0.008946636752152046, curr_delay = 0.17554458014372257, data_size = 2147
user 20, emp_avg: 0.06397094869930812, h: 1.313775313615879, ucb: 1.377618744572659,num_of_obs(calculated after picking at this round): 18, privacy reward: 0.48675225595997107, g: -0.0027422716561765156, curr_delay = 0.7559864641584277, data_size = 589
num of fast users chosen: 4, num of slow users chosen: 1
max_delay = 0.76 seconds
after cleansing the weights updates who were almost zeros (meaning with absolute value of less than 10**-7, 0.00% of the weights upadtes) we get:
user No.4 has been picked 36, his deltas theta's mean
 is -0.0009976386791095138,
the empirical var of deltas thetas is 0.005471129901707172
the minimum of the deltas theta is -0.51087486743927 and the maximum is 0.9372924566268921
the added laplace noise var is 0.012410533935277612
global epoch 133 has been done artifficialy in 0.76 secs, the total time by now is 83.04 
 with avg train loss 1.174, val loss 1.224, avg val acc 57.06%
iteration: 134
user 0, emp_avg: 0.7841426997760186, h: 0.8912038441815271, ucb: 1.669512562870411,num_of_obs(calculated after picking at this round): 38, privacy reward: 0.21871188695221422, g: 0.013102823745403641, curr_delay = 0.05, data_size = 3049
user 1, emp_avg: 0.7214156760707033, h: 1.084196270049025, ucb: 1.7944685731625567,num_of_obs(calculated after picking at this round): 26, privacy reward: 0.3534546819587794, g: -0.005758671460433522, curr_delay = 0.05, data_size = 864
user 2, emp_avg: 0.7035688422591119, h: 1.084196270049025, ucb: 1.8039477471110754,num_of_obs(calculated after picking at this round): 26, privacy reward: 0.3534546819587794, g: -0.00484539185823316, curr_delay = 0.16722241800645066, data_size = 913
user 3, emp_avg: 0.5786253963545938, h: 1.1303527498606925, ucb: 1.7183171729728637,num_of_obs(calculated after picking at this round): 24, privacy reward: 0.3828928859751114, g: -0.008670303892130393, curr_delay = 0.13742765841615928, data_size = 613
user 7, emp_avg: 0.5145911820694057, h: 1.1557571072226651, ucb: 1.678461723848575,num_of_obs(calculated after picking at this round): 23, privacy reward: 0.3985190410845135, g: -0.011790109617050123, curr_delay = 0.14876718633912733, data_size = 434
num of fast users chosen: 5, num of slow users chosen: 0
max_delay = 0.17 seconds
after cleansing the weights updates who were almost zeros (meaning with absolute value of less than 10**-7, 0.00% of the weights upadtes) we get:
user No.0 has been picked 38, his deltas theta's mean
 is -0.0024037009570747614,
the empirical var of deltas thetas is 0.006208173464983702
the minimum of the deltas theta is -0.517471969127655 and the maximum is 0.4989699721336365
the added laplace noise var is 0.01344417091502745
global epoch 134 has been done artifficialy in 0.17 secs, the total time by now is 83.20 
 with avg train loss 1.143, val loss 1.148, avg val acc 60.41%
iteration: 135
user 13, emp_avg: 0.2788347970314777, h: 1.063948536035435, ucb: 1.3466980218453446,num_of_obs(calculated after picking at this round): 27, privacy reward: 0.33959552564493845, g: 0.013937671524954785, curr_delay = 0.2824014922381164, data_size = 2425
user 17, emp_avg: 0.06698515415631981, h: 1.244602000865941, ucb: 1.3113546659662465,num_of_obs(calculated after picking at this round): 20, privacy reward: 0.449328964117221, g: 0.007048014171586983, curr_delay = 0.7002561207150776, data_size = 1754
user 21, emp_avg: 0.0645068199277031, h: 1.244602000865941, ucb: 1.308748660867546,num_of_obs(calculated after picking at this round): 20, privacy reward: 0.449328964117221, g: 0.0024877124739411996, curr_delay = 0.7007722374597685, data_size = 1488
user 25, emp_avg: 0.058382384513762216, h: 1.278707000376869, ucb: 1.3371089731675088,num_of_obs(calculated after picking at this round): 19, privacy reward: 0.4676664270099087, g: -0.0005851231827428403, curr_delay = 0.8616263342540755, data_size = 852
user 27, emp_avg: 0.0568277844557009, h: 1.244602000865941, ucb: 1.301464774715886,num_of_obs(calculated after picking at this round): 20, privacy reward: 0.449328964117221, g: 0.0036924768709401456, curr_delay = 0.8902660558522261, data_size = 1573
num of fast users chosen: 1, num of slow users chosen: 4
max_delay = 0.89 seconds
after cleansing the weights updates who were almost zeros (meaning with absolute value of less than 10**-7, 0.00% of the weights upadtes) we get:
user No.13 has been picked 27, his deltas theta's mean
 is -0.001063816249370575,
the empirical var of deltas thetas is 0.005215874873101711
the minimum of the deltas theta is -0.45455437898635864 and the maximum is 0.4226589798927307
the added laplace noise var is 0.008658535720544341
global epoch 135 has been done artifficialy in 0.89 secs, the total time by now is 84.09 
 with avg train loss 1.230, val loss 1.163, avg val acc 60.21%
iteration: 136
user 6, emp_avg: 0.47613898634137203, h: 0.9751084193551507, ucb: 1.4359146275609336,num_of_obs(calculated after picking at this round): 32, privacy reward: 0.2780373004531934, g: 0.018183814872959767, curr_delay = 0.05255108680480049, data_size = 2832
user 15, emp_avg: 0.07080041082445233, h: 1.2796685620029447, ucb: 1.3502710281615697,num_of_obs(calculated after picking at this round): 19, privacy reward: 0.4676664270099087, g: -0.0007597983375683408, curr_delay = 0.6723736413691149, data_size = 818
user 18, emp_avg: 0.06645713417641141, h: 1.2796685620029447, ucb: 1.3461929267882689,num_of_obs(calculated after picking at this round): 19, privacy reward: 0.4676664270099087, g: -0.0007668769395462955, curr_delay = 0.7663189550770626, data_size = 817
user 19, emp_avg: 0.06560370351271856, h: 1.2796685620029447, ucb: 1.3451154657100115,num_of_obs(calculated after picking at this round): 19, privacy reward: 0.4676664270099087, g: -0.0014885185418527015, curr_delay = 0.7307153263073911, data_size = 732
user 23, emp_avg: 0.06175050700912573, h: 1.2796685620029447, ucb: 1.3412827900912987,num_of_obs(calculated after picking at this round): 19, privacy reward: 0.4676664270099087, g: -0.001735205923928759, curr_delay = 0.7787734082889881, data_size = 708
num of fast users chosen: 1, num of slow users chosen: 4
max_delay = 0.78 seconds
after cleansing the weights updates who were almost zeros (meaning with absolute value of less than 10**-7, 0.00% of the weights upadtes) we get:
user No.6 has been picked 32, his deltas theta's mean
 is -0.00045495035010389984,
the empirical var of deltas thetas is 0.0062915557064116
the minimum of the deltas theta is -0.478781133890152 and the maximum is 0.49565842747688293
the added laplace noise var is 0.01057555941070121
global epoch 136 has been done artifficialy in 0.78 secs, the total time by now is 84.87 
 with avg train loss 1.170, val loss 1.151, avg val acc 59.56%
iteration: 137
user 5, emp_avg: 0.4251309050726441, h: 1.1583665135747439, ucb: 1.5893125760526996,num_of_obs(calculated after picking at this round): 23, privacy reward: 0.3985190410845135, g: -0.003695602697815485, curr_delay = 0.16823832546240683, data_size = 779
user 9, emp_avg: 0.3950422836238957, h: 1.1856259258091875, ucb: 1.5824435774753012,num_of_obs(calculated after picking at this round): 22, privacy reward: 0.41478291168158077, g: -0.005840427551568744, curr_delay = 0.13975867125816413, data_size = 600
user 10, emp_avg: 0.430832349174655, h: 1.1329047996185035, ucb: 1.5540980146608687,num_of_obs(calculated after picking at this round): 24, privacy reward: 0.3828928859751114, g: -0.00040208272766979134, curr_delay = 0.07662454366727735, data_size = 1154
user 11, emp_avg: 0.3325890980288631, h: 1.1856259258091875, ucb: 1.5190019544041107,num_of_obs(calculated after picking at this round): 22, privacy reward: 0.41478291168158077, g: -0.003901180403185372, curr_delay = 0.1581960306034127, data_size = 709
user 12, emp_avg: 0.3303052556051283, h: 1.1856259258091875, ucb: 1.5224171644384337,num_of_obs(calculated after picking at this round): 22, privacy reward: 0.41478291168158077, g: -0.005840427551568744, curr_delay = 0.25759969048566034, data_size = 600
num of fast users chosen: 5, num of slow users chosen: 0
max_delay = 0.26 seconds
after cleansing the weights updates who were almost zeros (meaning with absolute value of less than 10**-7, 0.00% of the weights upadtes) we get:
user No.5 has been picked 23, his deltas theta's mean
 is -0.00022838686709292233,
the empirical var of deltas thetas is 0.0012901256559416652
the minimum of the deltas theta is -0.2332475483417511 and the maximum is 0.2907828390598297
the added laplace noise var is 0.0073783174358039395
global epoch 137 has been done artifficialy in 0.26 secs, the total time by now is 85.13 
 with avg train loss 1.182, val loss 1.104, avg val acc 61.30%
iteration: 138
user 4, emp_avg: 0.5032555157734036, h: 0.9062057975571558, ucb: 1.395662855435376,num_of_obs(calculated after picking at this round): 37, privacy reward: 0.22763768838381226, g: 0.023262286939593896, curr_delay = 0.05, data_size = 3227
user 6, emp_avg: 0.48368056045038305, h: 0.9611763969048429, ucb: 1.4373153832462149,num_of_obs(calculated after picking at this round): 33, privacy reward: 0.26713530196584967, g: 0.017135986737341857, curr_delay = 0.06896447735801194, data_size = 2832
user 14, emp_avg: 0.2804454201508636, h: 1.087446957068587, ucb: 1.3698402143704382,num_of_obs(calculated after picking at this round): 26, privacy reward: 0.3534546819587794, g: 0.00881314838847612, curr_delay = 0.21575020382176996, data_size = 2147
user 20, emp_avg: 0.06406361366621287, h: 1.2815685292064571, ucb: 1.3455394779057652,num_of_obs(calculated after picking at this round): 19, privacy reward: 0.4676664270099087, g: -0.003023013444034454, curr_delay = 0.7606693413480401, data_size = 589
user 29, emp_avg: 0.05571084886530206, h: 1.2815685292064571, ucb: 1.3374594768692913,num_of_obs(calculated after picking at this round): 19, privacy reward: 0.4676664270099087, g: -0.0010855818670619784, curr_delay = 0.9529423623148234, data_size = 761
num of fast users chosen: 3, num of slow users chosen: 2
max_delay = 0.95 seconds
after cleansing the weights updates who were almost zeros (meaning with absolute value of less than 10**-7, 0.00% of the weights upadtes) we get:
user No.4 has been picked 37, his deltas theta's mean
 is -0.0020976820960640907,
the empirical var of deltas thetas is 0.006287999451160431
the minimum of the deltas theta is -0.5941843390464783 and the maximum is 0.5867655277252197
the added laplace noise var is 0.012917017433317197
global epoch 138 has been done artifficialy in 0.95 secs, the total time by now is 86.08 
 with avg train loss 1.193, val loss 1.290, avg val acc 55.46%
iteration: 139
user 0, emp_avg: 0.7896775023458642, h: 0.8826819716783042, ucb: 1.666824671454323,num_of_obs(calculated after picking at this round): 39, privacy reward: 0.21013607120076416, g: 0.013737170104067165, curr_delay = 0.05, data_size = 3049
user 1, emp_avg: 0.7317336139940106, h: 1.0671104693514117, ucb: 1.788526145422115,num_of_obs(calculated after picking at this round): 27, privacy reward: 0.33959552564493845, g: -0.005832240404624072, curr_delay = 0.05, data_size = 864
user 2, emp_avg: 0.7066947275694081, h: 1.0671104693514117, ucb: 1.7706793116105235,num_of_obs(calculated after picking at this round): 27, privacy reward: 0.33959552564493845, g: -0.004912894705955989, curr_delay = 0.06345437395990464, data_size = 913
user 3, emp_avg: 0.5778195505620842, h: 1.1106837908615903, ucb: 1.689309187216184,num_of_obs(calculated after picking at this round): 25, privacy reward: 0.36787944117144167, g: -0.008861312763649293, curr_delay = 0.08952884079750396, data_size = 613
user 7, emp_avg: 0.5059509453632636, h: 1.1345721966945754, ucb: 1.6491633787639812,num_of_obs(calculated after picking at this round): 24, privacy reward: 0.3828928859751114, g: -0.012071591069390937, curr_delay = 0.1627469068075368, data_size = 434
num of fast users chosen: 5, num of slow users chosen: 0
max_delay = 0.16 seconds
after cleansing the weights updates who were almost zeros (meaning with absolute value of less than 10**-7, 0.00% of the weights upadtes) we get:
user No.0 has been picked 39, his deltas theta's mean
 is -0.002371245063841343,
the empirical var of deltas thetas is 0.0065877363085746765
the minimum of the deltas theta is -0.47761669754981995 and the maximum is 0.4908828139305115
the added laplace noise var is 0.013992837938444509
global epoch 139 has been done artifficialy in 0.16 secs, the total time by now is 86.25 
 with avg train loss 1.112, val loss 1.157, avg val acc 59.92%
iteration: 140
user 13, emp_avg: 0.28659347998015045, h: 1.0479230699721451, ucb: 1.3267578670036229,num_of_obs(calculated after picking at this round): 28, privacy reward: 0.3262797946230388, g: 0.013875277005989044, curr_delay = 0.10079061781441369, data_size = 2425
user 22, emp_avg: 0.06183633320256175, h: 1.249207212503738, ucb: 1.3109946785625948,num_of_obs(calculated after picking at this round): 20, privacy reward: 0.449328964117221, g: 0.00010923557553764516, curr_delay = 0.7966247464150104, data_size = 1141
user 24, emp_avg: 0.060383067774689284, h: 1.249207212503738, ucb: 1.3091358347005027,num_of_obs(calculated after picking at this round): 20, privacy reward: 0.449328964117221, g: 0.001219358435749122, curr_delay = 0.7244535885229746, data_size = 1332
user 26, emp_avg: 0.058333874442245935, h: 1.249207212503738, ucb: 1.307885612345208,num_of_obs(calculated after picking at this round): 20, privacy reward: 0.449328964117221, g: 0.0016137533187317702, curr_delay = 0.9654766434223245, data_size = 1373
user 28, emp_avg: 0.05773161185188717, h: 1.249207212503738, ucb: 1.3068117333662093,num_of_obs(calculated after picking at this round): 20, privacy reward: 0.449328964117221, g: 0.0005470928482282216, curr_delay = 0.8313057695447023, data_size = 1242
num of fast users chosen: 1, num of slow users chosen: 4
max_delay = 0.97 seconds
after cleansing the weights updates who were almost zeros (meaning with absolute value of less than 10**-7, 0.00% of the weights upadtes) we get:
user No.13 has been picked 28, his deltas theta's mean
 is 0.0007043411023914814,
the empirical var of deltas thetas is 0.005851444322615862
the minimum of the deltas theta is -0.3979889750480652 and the maximum is 0.5319520235061646
the added laplace noise var is 0.009011897266672203
global epoch 140 has been done artifficialy in 0.97 secs, the total time by now is 87.21 
 with avg train loss 1.214, val loss 1.131, avg val acc 60.45%
iteration: 141
user 5, emp_avg: 0.42627172501200494, h: 1.136213378273737, ucb: 1.561344283346381,num_of_obs(calculated after picking at this round): 24, privacy reward: 0.3828928859751114, g: -0.004010447581617836, curr_delay = 0.1104946531864673, data_size = 779
user 8, emp_avg: 0.48592400843737543, h: 1.0118702271684674, ucb: 1.4953593437896198,num_of_obs(calculated after picking at this round): 30, privacy reward: 0.3011942119122014, g: 0.010699732244519838, curr_delay = 0.08984146861992848, data_size = 2413
user 9, emp_avg: 0.3885362552025856, h: 1.1617494515965803, ucb: 1.556791735220476,num_of_obs(calculated after picking at this round): 23, privacy reward: 0.3985190410845135, g: -0.006267316876937101, curr_delay = 0.2037459674638698, data_size = 600
user 10, emp_avg: 0.42455499280492437, h: 1.1122904173796258, ucb: 1.5431227665542808,num_of_obs(calculated after picking at this round): 25, privacy reward: 0.36787944117144167, g: -0.0005009339983462208, curr_delay = 0.1825494150770802, data_size = 1154
user 11, emp_avg: 0.33921053990927413, h: 1.1617494515965803, ucb: 1.4943385496254433,num_of_obs(calculated after picking at this round): 23, privacy reward: 0.3985190410845135, g: -0.004251447812256102, curr_delay = 0.10311781641213835, data_size = 709
num of fast users chosen: 5, num of slow users chosen: 0
max_delay = 0.20 seconds
after cleansing the weights updates who were almost zeros (meaning with absolute value of less than 10**-7, 0.00% of the weights upadtes) we get:
user No.5 has been picked 24, his deltas theta's mean
 is -0.0008665034547448158,
the empirical var of deltas thetas is 0.0011777774197980762
the minimum of the deltas theta is -0.28149083256721497 and the maximum is 0.3029715418815613
the added laplace noise var is 0.007679432282596293
global epoch 141 has been done artifficialy in 0.20 secs, the total time by now is 87.42 
 with avg train loss 1.172, val loss 1.123, avg val acc 60.66%
iteration: 142
user 16, emp_avg: 0.06956358811213298, h: 1.2509988082287975, ucb: 1.3207562307663865,num_of_obs(calculated after picking at this round): 20, privacy reward: 0.449328964117221, g: 3.7039267366644804e-05, curr_delay = 0.7589472208732978, data_size = 1092
user 17, emp_avg: 0.06699169702864786, h: 1.2193228109407197, ucb: 1.2863079650970395,num_of_obs(calculated after picking at this round): 21, privacy reward: 0.4317105234290791, g: 0.007030507591094784, curr_delay = 0.7449060958856519, data_size = 1754
user 21, emp_avg: 0.06425672493207041, h: 1.2193228109407197, ucb: 1.2838296308684227,num_of_obs(calculated after picking at this round): 21, privacy reward: 0.4317105234290791, g: 0.00247731606109967, curr_delay = 0.843813140678689, data_size = 1488
user 26, emp_avg: 0.058250186174053385, h: 1.2193228109407197, ucb: 1.2776566853829656,num_of_obs(calculated after picking at this round): 21, privacy reward: 0.4317105234290791, g: 0.0012278551356958863, curr_delay = 0.8837603949485536, data_size = 1373
user 27, emp_avg: 0.056893849284103716, h: 1.2193228109407197, ucb: 1.2761505953964205,num_of_obs(calculated after picking at this round): 21, privacy reward: 0.4317105234290791, g: 0.0036798084120448307, curr_delay = 0.8588830152032482, data_size = 1573
num of fast users chosen: 0, num of slow users chosen: 5
max_delay = 0.88 seconds
after cleansing the weights updates who were almost zeros (meaning with absolute value of less than 10**-7, 0.00% of the weights upadtes) we get:
user No.16 has been picked 20, his deltas theta's mean
 is -0.0009183722431771457,
the empirical var of deltas thetas is 0.0022511358838528395
the minimum of the deltas theta is -0.36481237411499023 and the maximum is 0.3420267701148987
the added laplace noise var is 0.006543980522401047
global epoch 142 has been done artifficialy in 0.88 secs, the total time by now is 88.30 
 with avg train loss 1.230, val loss 1.160, avg val acc 60.14%
iteration: 143
user 4, emp_avg: 0.5128712075093035, h: 0.8970984426013807, ucb: 1.4003539583747844,num_of_obs(calculated after picking at this round): 38, privacy reward: 0.21871188695221422, g: 0.023916034349984964, curr_delay = 0.05756046312225788, data_size = 3227
user 13, emp_avg: 0.293104429040541, h: 1.0312452213146328, ucb: 1.3178387012947832,num_of_obs(calculated after picking at this round): 29, privacy reward: 0.3134861808826046, g: 0.013189675555926404, curr_delay = 0.10517215569838434, data_size = 2425
user 15, emp_avg: 0.07097925854796919, h: 1.2518842173964357, ucb: 1.3226846282208882,num_of_obs(calculated after picking at this round): 20, privacy reward: 0.449328964117221, g: -0.0007884095423958133, curr_delay = 0.6722475285569555, data_size = 818
user 18, emp_avg: 0.06612088530973795, h: 1.2518842173964357, ucb: 1.318341351572847,num_of_obs(calculated after picking at this round): 20, privacy reward: 0.449328964117221, g: -0.0007956198836811548, curr_delay = 0.8370700581174103, data_size = 817
user 19, emp_avg: 0.06571270580643712, h: 1.2518842173964357, ucb: 1.3174879209091543,num_of_obs(calculated after picking at this round): 20, privacy reward: 0.449328964117221, g: -0.0015284593271154574, curr_delay = 0.7376399277423715, data_size = 732
num of fast users chosen: 2, num of slow users chosen: 3
max_delay = 0.84 seconds
after cleansing the weights updates who were almost zeros (meaning with absolute value of less than 10**-7, 0.00% of the weights upadtes) we get:
user No.4 has been picked 38, his deltas theta's mean
 is -0.0023206567857414484,
the empirical var of deltas thetas is 0.005501292180269957
the minimum of the deltas theta is -0.36839520931243896 and the maximum is 0.5419402122497559
the added laplace noise var is 0.01344417091502745
global epoch 143 has been done artifficialy in 0.84 secs, the total time by now is 89.14 
 with avg train loss 1.198, val loss 1.359, avg val acc 48.78%
iteration: 144
user 6, emp_avg: 0.4794101608362523, h: 0.950580042976249, ucb: 1.434260603426632,num_of_obs(calculated after picking at this round): 34, privacy reward: 0.25666077695355527, g: 0.017854808424135598, curr_delay = 0.1477161719774981, data_size = 2832
user 14, emp_avg: 0.27858493229702447, h: 1.0709248303265018, ucb: 1.3513702504773653,num_of_obs(calculated after picking at this round): 27, privacy reward: 0.33959552564493845, g: 0.008926892715229178, curr_delay = 0.21719087673774565, data_size = 2147
user 23, emp_avg: 0.06175512882696482, h: 1.2527628371650779, ucb: 1.3145133441742036,num_of_obs(calculated after picking at this round): 20, privacy reward: 0.449328964117221, g: -0.0017013402747145146, curr_delay = 0.8084996812678169, data_size = 708
user 25, emp_avg: 0.0585004998404014, h: 1.2527628371650779, ucb: 1.3111452216788402,num_of_obs(calculated after picking at this round): 20, privacy reward: 0.449328964117221, g: -0.0005198596406422437, curr_delay = 0.823117199850228, data_size = 852
user 29, emp_avg: 0.05538089410524174, h: 1.2527628371650779, ucb: 1.3084736860303798,num_of_obs(calculated after picking at this round): 20, privacy reward: 0.449328964117221, g: -0.001187342133733723, curr_delay = 1.0180862272192432, data_size = 761
num of fast users chosen: 2, num of slow users chosen: 3
max_delay = 1.02 seconds
after cleansing the weights updates who were almost zeros (meaning with absolute value of less than 10**-7, 0.00% of the weights upadtes) we get:
user No.6 has been picked 34, his deltas theta's mean
 is 0.0007644403958693147,
the empirical var of deltas thetas is 0.00612511346116662
the minimum of the deltas theta is -0.4225701093673706 and the maximum is 0.48613911867141724
the added laplace noise var is 0.011456366743040828
global epoch 144 has been done artifficialy in 1.02 secs, the total time by now is 90.16 
 with avg train loss 1.169, val loss 1.139, avg val acc 60.64%
iteration: 145
user 0, emp_avg: 0.7949355647872176, h: 0.8750150541492304, ucb: 1.6646925564950945,num_of_obs(calculated after picking at this round): 40, privacy reward: 0.2018965179946548, g: 0.014791777608648023, curr_delay = 0.05, data_size = 3049
user 8, emp_avg: 0.4787150500359219, h: 0.9976706613327441, ucb: 1.4835946697701194,num_of_obs(calculated after picking at this round): 31, privacy reward: 0.2893842179390499, g: 0.010448257278402498, curr_delay = 0.19051516589296258, data_size = 2413
user 10, emp_avg: 0.41660352005009804, h: 1.092893452346082, ucb: 1.5174484451510064,num_of_obs(calculated after picking at this round): 26, privacy reward: 0.3534546819587794, g: -0.0006043033385156668, curr_delay = 0.22955080914024883, data_size = 1154
user 11, emp_avg: 0.33665041527817335, h: 1.1394201892137843, ucb: 1.4786307291230585,num_of_obs(calculated after picking at this round): 24, privacy reward: 0.3828928859751114, g: -0.0045962227939877025, curr_delay = 0.1800066286457659, data_size = 709
user 12, emp_avg: 0.32591794753335895, h: 1.1650283347027044, ucb: 1.4953335903078326,num_of_obs(calculated after picking at this round): 23, privacy reward: 0.3985190410845135, g: -0.005604342465222729, curr_delay = 0.21796258432452278, data_size = 600
num of fast users chosen: 5, num of slow users chosen: 0
max_delay = 0.23 seconds
after cleansing the weights updates who were almost zeros (meaning with absolute value of less than 10**-7, 0.00% of the weights upadtes) we get:
user No.0 has been picked 40, his deltas theta's mean
 is -5.8914596593240276e-05,
the empirical var of deltas thetas is 0.01418448705226183
the minimum of the deltas theta is -0.5114178657531738 and the maximum is 0.578778862953186
the added laplace noise var is 0.014563896487861052
global epoch 145 has been done artifficialy in 0.23 secs, the total time by now is 90.38 
 with avg train loss 1.171, val loss 1.242, avg val acc 58.33%
iteration: 146
user 0, emp_avg: 0.7995960751427703, h: 0.8646045299767117, ucb: 1.6595400947639294,num_of_obs(calculated after picking at this round): 41, privacy reward: 0.19398004229089127, g: 0.013598910495733448, curr_delay = 0.050709091114902495, data_size = 3049
user 1, emp_avg: 0.7180061784710196, h: 1.0523631208653257, ucb: 1.7840967348593364,num_of_obs(calculated after picking at this round): 28, privacy reward: 0.3262797946230388, g: -0.005513100142824856, curr_delay = 0.14394063776850233, data_size = 864
user 2, emp_avg: 0.6988213533579847, h: 1.0523631208653257, ucb: 1.759057848434734,num_of_obs(calculated after picking at this round): 28, privacy reward: 0.3262797946230388, g: -0.004620354784984024, curr_delay = 0.10282982545364391, data_size = 913
user 3, emp_avg: 0.5728947784800885, h: 1.0936478360102948, ucb: 1.671467386572379,num_of_obs(calculated after picking at this round): 26, privacy reward: 0.3534546819587794, g: -0.008594319423151347, curr_delay = 0.11116657670365442, data_size = 613
user 7, emp_avg: 0.5047590352716482, h: 1.1161996485517651, ucb: 1.6221505939150287,num_of_obs(calculated after picking at this round): 25, privacy reward: 0.36787944117144167, g: -0.011834552266722727, curr_delay = 0.10500822157113397, data_size = 434
num of fast users chosen: 5, num of slow users chosen: 0
max_delay = 0.14 seconds
after cleansing the weights updates who were almost zeros (meaning with absolute value of less than 10**-7, 0.00% of the weights upadtes) we get:
user No.0 has been picked 41, his deltas theta's mean
 is -0.0020658273715525866,
the empirical var of deltas thetas is 0.0067297667264938354
the minimum of the deltas theta is -0.5279931426048279 and the maximum is 0.5424744486808777
the added laplace noise var is 0.015158260378788464
global epoch 146 has been done artifficialy in 0.14 secs, the total time by now is 90.53 
 with avg train loss 1.093, val loss 1.164, avg val acc 60.35%
iteration: 147
user 4, emp_avg: 0.5172058439051422, h: 0.8876728226197392, ucb: 1.4005440301290428,num_of_obs(calculated after picking at this round): 39, privacy reward: 0.21013607120076416, g: 0.02398965930937164, curr_delay = 0.07332216591367682, data_size = 3227
user 16, emp_avg: 0.06957384582516511, h: 1.2235725462896023, ucb: 1.2931361344017354,num_of_obs(calculated after picking at this round): 21, privacy reward: 0.4317105234290791, g: 1.4702504990161198e-05, curr_delay = 0.7165479576737216, data_size = 1092
user 22, emp_avg: 0.061803987438514764, h: 1.2235725462896023, ucb: 1.285408879492164,num_of_obs(calculated after picking at this round): 21, privacy reward: 0.4317105234290791, g: 0.0001022413480447301, curr_delay = 0.8175669343877668, data_size = 1141
user 24, emp_avg: 0.060393544371234495, h: 1.2235725462896023, ucb: 1.2839556140642916,num_of_obs(calculated after picking at this round): 21, privacy reward: 0.4317105234290791, g: 0.001195719493441172, curr_delay = 0.8250406258375933, data_size = 1332
user 28, emp_avg: 0.0575787302413772, h: 1.2235725462896023, ucb: 1.2813041581414895,num_of_obs(calculated after picking at this round): 21, privacy reward: 0.4317105234290791, g: 0.0005312969652571992, curr_delay = 0.917076174280414, data_size = 1242
num of fast users chosen: 1, num of slow users chosen: 4
max_delay = 0.92 seconds
after cleansing the weights updates who were almost zeros (meaning with absolute value of less than 10**-7, 0.00% of the weights upadtes) we get:
user No.4 has been picked 39, his deltas theta's mean
 is -0.0009877466363832355,
the empirical var of deltas thetas is 0.006161736324429512
the minimum of the deltas theta is -0.39108049869537354 and the maximum is 0.5095067620277405
the added laplace noise var is 0.013992837938444509
global epoch 147 has been done artifficialy in 0.92 secs, the total time by now is 91.45 
 with avg train loss 1.202, val loss 1.139, avg val acc 61.11%
iteration: 148
user 4, emp_avg: 0.5170371080447129, h: 0.8768134854525232, ucb: 1.3940193293576655,num_of_obs(calculated after picking at this round): 40, privacy reward: 0.2018965179946548, g: 0.022462768514030104, curr_delay = 0.09795155682373416, data_size = 3227
user 6, emp_avg: 0.48351387399281937, h: 0.9390745388347961, ucb: 1.4184846996710485,num_of_obs(calculated after picking at this round): 35, privacy reward: 0.2465969639416059, g: 0.017704650367276708, curr_delay = 0.08025165360840787, data_size = 2832
user 13, emp_avg: 0.2934846330775672, h: 1.0168116775860385, ucb: 1.3099161066265794,num_of_obs(calculated after picking at this round): 30, privacy reward: 0.3011942119122014, g: 0.013157136686800993, curr_delay = 0.16419792343862144, data_size = 2425
user 14, emp_avg: 0.27687859821384125, h: 1.0537986602724572, ucb: 1.3323835925694816,num_of_obs(calculated after picking at this round): 28, privacy reward: 0.3262797946230388, g: 0.008575752338051084, curr_delay = 0.21663066888971402, data_size = 2147
user 20, emp_avg: 0.06399257610434658, h: 1.2562113810263966, ucb: 1.3202749946926096,num_of_obs(calculated after picking at this round): 20, privacy reward: 0.449328964117221, g: -0.002801112064930858, curr_delay = 0.798175531278773, data_size = 589
num of fast users chosen: 4, num of slow users chosen: 1
max_delay = 0.80 seconds
after cleansing the weights updates who were almost zeros (meaning with absolute value of less than 10**-7, 0.00% of the weights upadtes) we get:
user No.4 has been picked 40, his deltas theta's mean
 is -0.0017482548719272017,
the empirical var of deltas thetas is 0.005691364873200655
the minimum of the deltas theta is -0.40007030963897705 and the maximum is 0.5080769658088684
the added laplace noise var is 0.014563896487861052
global epoch 148 has been done artifficialy in 0.80 secs, the total time by now is 92.24 
 with avg train loss 1.150, val loss 1.190, avg val acc 59.08%
iteration: 149
user 17, emp_avg: 0.06729576744973381, h: 1.1957001900793718, ucb: 1.2626918871080197,num_of_obs(calculated after picking at this round): 22, privacy reward: 0.41478291168158077, g: 0.00701466472150002, curr_delay = 0.6785987278429513, data_size = 1754
user 21, emp_avg: 0.06447774272438707, h: 1.1957001900793718, ucb: 1.2599569150114422,num_of_obs(calculated after picking at this round): 22, privacy reward: 0.41478291168158077, g: 0.0024679152897118875, curr_delay = 0.7233888775050751, data_size = 1488
user 25, emp_avg: 0.05861742687209012, h: 1.2252280978591854, ucb: 1.2837285976995867,num_of_obs(calculated after picking at this round): 21, privacy reward: 0.4317105234290791, g: -0.0006292157946331745, curr_delay = 0.8202642340996301, data_size = 852
user 26, emp_avg: 0.05815715899636747, h: 1.1957001900793718, ucb: 1.2539503762534252,num_of_obs(calculated after picking at this round): 22, privacy reward: 0.41478291168158077, g: 0.0012212394819539794, curr_delay = 0.8896229145420889, data_size = 1373
user 27, emp_avg: 0.05687619107676018, h: 1.1957001900793718, ucb: 1.2525940393634756,num_of_obs(calculated after picking at this round): 22, privacy reward: 0.41478291168158077, g: 0.0036683490754405314, curr_delay = 0.8848716702568797, data_size = 1573
num of fast users chosen: 0, num of slow users chosen: 5
max_delay = 0.89 seconds
after cleansing the weights updates who were almost zeros (meaning with absolute value of less than 10**-7, 0.00% of the weights upadtes) we get:
user No.17 has been picked 22, his deltas theta's mean
 is -0.0007097120396792889,
the empirical var of deltas thetas is 0.006070614792406559
the minimum of the deltas theta is -0.4491579234600067 and the maximum is 0.5107717514038086
the added laplace noise var is 0.007089009471033874
global epoch 149 has been done artifficialy in 0.89 secs, the total time by now is 93.13 
 with avg train loss 1.234, val loss 1.211, avg val acc 58.44%
iteration: 150
user 5, emp_avg: 0.42327647816852765, h: 1.1192224191482514, ucb: 1.5454941441602563,num_of_obs(calculated after picking at this round): 25, privacy reward: 0.36787944117144167, g: -0.003624946349607632, curr_delay = 0.1422918158769327, data_size = 779
user 8, emp_avg: 0.477899395212828, h: 0.9847844330118654, ucb: 1.4634994830477872,num_of_obs(calculated after picking at this round): 32, privacy reward: 0.2780373004531934, g: 0.010495306317365564, curr_delay = 0.11046938324581383, data_size = 2413
user 9, emp_avg: 0.39039023303811865, h: 1.1432944724058653, ucb: 1.531830727608451,num_of_obs(calculated after picking at this round): 24, privacy reward: 0.3828928859751114, g: -0.005847867650929443, curr_delay = 0.11546498169722484, data_size = 600
user 10, emp_avg: 0.4251694179375827, h: 1.0753141180528372, ucb: 1.4919176381029353,num_of_obs(calculated after picking at this round): 27, privacy reward: 0.33959552564493845, g: -0.0006503582389842072, curr_delay = 0.07717445632838933, data_size = 1154
user 12, emp_avg: 0.336079719491462, h: 1.1432944724058653, ucb: 1.4692124199392242,num_of_obs(calculated after picking at this round): 24, privacy reward: 0.3828928859751114, g: -0.005847867650929443, curr_delay = 0.08775001467212307, data_size = 600
num of fast users chosen: 5, num of slow users chosen: 0
max_delay = 0.14 seconds
after cleansing the weights updates who were almost zeros (meaning with absolute value of less than 10**-7, 0.00% of the weights upadtes) we get:
user No.5 has been picked 25, his deltas theta's mean
 is -0.0012676439946517348,
the empirical var of deltas thetas is 0.0013277364196255803
the minimum of the deltas theta is -0.28770387172698975 and the maximum is 0.28935131430625916
the added laplace noise var is 0.007992835859407068
global epoch 150 has been done artifficialy in 0.14 secs, the total time by now is 93.28 
 with avg train loss 1.110, val loss 1.103, avg val acc 61.78%
iteration: 151
user 0, emp_avg: 0.8043675971631805, h: 0.8568757632704013, ucb: 1.6564718384131716,num_of_obs(calculated after picking at this round): 42, privacy reward: 0.1863739760394093, g: 0.014176186213972089, curr_delay = 0.05, data_size = 3049
user 1, emp_avg: 0.7277301033513293, h: 1.0368854293523455, ucb: 1.7548916078233652,num_of_obs(calculated after picking at this round): 29, privacy reward: 0.3134861808826046, g: -0.0055874444275341275, curr_delay = 0.05, data_size = 864
user 2, emp_avg: 0.7031004796158417, h: 1.0368854293523455, ucb: 1.7357067827103303,num_of_obs(calculated after picking at this round): 29, privacy reward: 0.3134861808826046, g: -0.00468843510525084, curr_delay = 0.06075954179841124, data_size = 913
user 3, emp_avg: 0.5661672751664294, h: 1.0760268623485902, ucb: 1.6489216408286786,num_of_obs(calculated after picking at this round): 27, privacy reward: 0.33959552564493845, g: -0.008771840824967922, curr_delay = 0.12779481215517713, data_size = 613
user 7, emp_avg: 0.49697018986148006, h: 1.0973363936530958, ucb: 1.602095428924744,num_of_obs(calculated after picking at this round): 26, privacy reward: 0.3534546819587794, g: -0.012092538887127264, curr_delay = 0.1654264893068632, data_size = 434
num of fast users chosen: 5, num of slow users chosen: 0
max_delay = 0.17 seconds
after cleansing the weights updates who were almost zeros (meaning with absolute value of less than 10**-7, 0.00% of the weights upadtes) we get:
user No.0 has been picked 42, his deltas theta's mean
 is -0.001459585502743721,
the empirical var of deltas thetas is 0.006565266754478216
the minimum of the deltas theta is -0.4619578421115875 and the maximum is 0.4444325566291809
the added laplace noise var is 0.015776880720256625
global epoch 151 has been done artifficialy in 0.17 secs, the total time by now is 93.44 
 with avg train loss 1.084, val loss 1.128, avg val acc 60.24%
iteration: 152
user 4, emp_avg: 0.5288166907753297, h: 0.8680910540530535, ucb: 1.3851281620977665,num_of_obs(calculated after picking at this round): 41, privacy reward: 0.19398004229089127, g: 0.022569492307097278, curr_delay = 0.05, data_size = 3227
user 13, emp_avg: 0.2899185204129631, h: 1.0023852074772728, ucb: 1.2958698405548401,num_of_obs(calculated after picking at this round): 31, privacy reward: 0.2893842179390499, g: 0.012832831352317855, curr_delay = 0.27332091510803286, data_size = 2425
user 15, emp_avg: 0.07105581917738905, h: 1.2276661420165838, ucb: 1.298645400564553,num_of_obs(calculated after picking at this round): 21, privacy reward: 0.4317105234290791, g: -0.0007177279926381878, curr_delay = 0.6888282766725162, data_size = 818
user 18, emp_avg: 0.06634777378858234, h: 1.2276661420165838, ucb: 1.2937870273263217,num_of_obs(calculated after picking at this round): 21, privacy reward: 0.4317105234290791, g: -0.0007246082922902862, curr_delay = 0.705362442412425, data_size = 817
user 19, emp_avg: 0.06614904047269214, h: 1.2276661420165838, ucb: 1.2933788478230208,num_of_obs(calculated after picking at this round): 21, privacy reward: 0.4317105234290791, g: -0.0014293941968989107, curr_delay = 0.6677730883416609, data_size = 732
num of fast users chosen: 2, num of slow users chosen: 3
max_delay = 0.71 seconds
after cleansing the weights updates who were almost zeros (meaning with absolute value of less than 10**-7, 0.00% of the weights upadtes) we get:
user No.4 has been picked 41, his deltas theta's mean
 is -0.002754366025328636,
the empirical var of deltas thetas is 0.0076904273591935635
the minimum of the deltas theta is -0.4764198362827301 and the maximum is 0.5440810918807983
the added laplace noise var is 0.015158260378788464
global epoch 152 has been done artifficialy in 0.71 secs, the total time by now is 94.15 
 with avg train loss 1.158, val loss 1.138, avg val acc 60.57%
iteration: 153
user 4, emp_avg: 0.5328575479843323, h: 0.8579986288060368, ucb: 1.3868153195813666,num_of_obs(calculated after picking at this round): 42, privacy reward: 0.1863739760394093, g: 0.021145667921913344, curr_delay = 0.07157861108210958, data_size = 3227
user 6, emp_avg: 0.48118611369673453, h: 0.9286338280099522, ucb: 1.4121477020027715,num_of_obs(calculated after picking at this round): 36, privacy reward: 0.23692775868212124, g: 0.017964143501250168, curr_delay = 0.1250892814320767, data_size = 2832
user 8, emp_avg: 0.47298550636906966, h: 0.9711885039790584, ucb: 1.4490878991918863,num_of_obs(calculated after picking at this round): 33, privacy reward: 0.26713530196584967, g: 0.009992589801822322, curr_delay = 0.15835760944909855, data_size = 2413
user 10, emp_avg: 0.41735081239009963, h: 1.0572961239136194, ucb: 1.482465541851202,num_of_obs(calculated after picking at this round): 28, privacy reward: 0.3262797946230388, g: -0.0008202139233493328, curr_delay = 0.24242604947323726, data_size = 1154
user 11, emp_avg: 0.3323799137173114, h: 1.1214318884123586, ucb: 1.458082303690532,num_of_obs(calculated after picking at this round): 25, privacy reward: 0.36787944117144167, g: -0.004360951884799209, curr_delay = 0.21749733310940222, data_size = 709
num of fast users chosen: 5, num of slow users chosen: 0
max_delay = 0.24 seconds
after cleansing the weights updates who were almost zeros (meaning with absolute value of less than 10**-7, 0.00% of the weights upadtes) we get:
user No.4 has been picked 42, his deltas theta's mean
 is -0.0011370022548362613,
the empirical var of deltas thetas is 0.006977116223424673
the minimum of the deltas theta is -0.5721993446350098 and the maximum is 0.5607251524925232
the added laplace noise var is 0.015776880720256625
global epoch 153 has been done artifficialy in 0.24 secs, the total time by now is 94.39 
 with avg train loss 1.190, val loss 1.152, avg val acc 60.63%
iteration: 154
user 17, emp_avg: 0.06704137146721659, h: 1.172055607090725, ucb: 1.239351374540459,num_of_obs(calculated after picking at this round): 23, privacy reward: 0.3985190410845135, g: 0.006697139035961322, curr_delay = 0.8137403660556619, data_size = 1754
user 23, emp_avg: 0.06178552930597746, h: 1.229262291264191, ucb: 1.291017420091156,num_of_obs(calculated after picking at this round): 21, privacy reward: 0.4317105234290791, g: -0.0015345232785643516, curr_delay = 0.801365027413675, data_size = 708
user 24, emp_avg: 0.06049924403398672, h: 1.1996371597176052, ucb: 1.2600307040888397,num_of_obs(calculated after picking at this round): 22, privacy reward: 0.41478291168158077, g: 0.0011744303345864993, curr_delay = 0.7972073895072348, data_size = 1332
user 28, emp_avg: 0.05764676200132226, h: 1.1996371597176052, ucb: 1.2572158899589825,num_of_obs(calculated after picking at this round): 22, privacy reward: 0.41478291168158077, g: 0.0005171378603451865, curr_delay = 0.8463755723841188, data_size = 1242
user 29, emp_avg: 0.05549776976136696, h: 1.229262291264191, ucb: 1.284643185369433,num_of_obs(calculated after picking at this round): 21, privacy reward: 0.4317105234290791, g: -0.0010486921516079696, curr_delay = 0.8645241711775848, data_size = 761
num of fast users chosen: 0, num of slow users chosen: 5
max_delay = 0.86 seconds
after cleansing the weights updates who were almost zeros (meaning with absolute value of less than 10**-7, 0.00% of the weights upadtes) we get:
user No.17 has been picked 23, his deltas theta's mean
 is -0.0010479171760380268,
the empirical var of deltas thetas is 0.005580658093094826
the minimum of the deltas theta is -0.45014312863349915 and the maximum is 0.49445322155952454
the added laplace noise var is 0.0073783174358039395
global epoch 154 has been done artifficialy in 0.86 secs, the total time by now is 95.25 
 with avg train loss 1.144, val loss 1.086, avg val acc 62.01%
iteration: 155
user 15, emp_avg: 0.0709828220276689, h: 1.200407682762015, ucb: 1.271463501939404,num_of_obs(calculated after picking at this round): 22, privacy reward: 0.41478291168158077, g: -0.0009422057099800654, curr_delay = 0.7199436290451949, data_size = 818
user 16, emp_avg: 0.06920823632809067, h: 1.200407682762015, ucb: 1.26998152858718,num_of_obs(calculated after picking at this round): 22, privacy reward: 0.41478291168158077, g: 1.940345557586521e-05, curr_delay = 0.8126059642607577, data_size = 1092
user 18, emp_avg: 0.06644358715096206, h: 1.200407682762015, ucb: 1.2667554565505972,num_of_obs(calculated after picking at this round): 22, privacy reward: 0.41478291168158077, g: -0.0009500864768503547, curr_delay = 0.7303997117464713, data_size = 817
user 20, emp_avg: 0.06417526121843431, h: 1.2300518424342017, ucb: 1.2940444185385482,num_of_obs(calculated after picking at this round): 21, privacy reward: 0.4317105234290791, g: -0.0028707534856550507, curr_delay = 0.7371482242959647, data_size = 589
user 22, emp_avg: 0.06193773420561839, h: 1.200407682762015, ucb: 1.2622116702005297,num_of_obs(calculated after picking at this round): 22, privacy reward: 0.41478291168158077, g: 0.00011410506393168488, curr_delay = 0.7722435131683887, data_size = 1141
num of fast users chosen: 0, num of slow users chosen: 5
max_delay = 0.81 seconds
after cleansing the weights updates who were almost zeros (meaning with absolute value of less than 10**-7, 0.00% of the weights upadtes) we get:
user No.15 has been picked 22, his deltas theta's mean
 is -0.0012629202101379633,
the empirical var of deltas thetas is 0.0021129893139004707
the minimum of the deltas theta is -0.27727481722831726 and the maximum is 0.34173884987831116
the added laplace noise var is 0.007089009471033874
global epoch 155 has been done artifficialy in 0.81 secs, the total time by now is 96.07 
 with avg train loss 1.102, val loss 1.042, avg val acc 63.33%
iteration: 156
user 0, emp_avg: 0.8089171879268275, h: 0.8493574047688335, ucb: 1.653725001932014,num_of_obs(calculated after picking at this round): 43, privacy reward: 0.17906614791149256, g: 0.014727327303026805, curr_delay = 0.05, data_size = 3049
user 1, emp_avg: 0.7351703192558159, h: 1.0221535083358821, ucb: 1.7498836116872114,num_of_obs(calculated after picking at this round): 30, privacy reward: 0.3011942119122014, g: -0.005657474115096952, curr_delay = 0.05257974193657598, data_size = 864
user 2, emp_avg: 0.6908597280624192, h: 1.0221535083358821, ucb: 1.725253987951724,num_of_obs(calculated after picking at this round): 30, privacy reward: 0.3011942119122014, g: -0.004752602364553417, curr_delay = 0.14886360515395833, data_size = 913
user 5, emp_avg: 0.4220112912808584, h: 1.1008930201158915, ucb: 1.5241694982844192,num_of_obs(calculated after picking at this round): 26, privacy reward: 0.3534546819587794, g: -0.003655887750878536, curr_delay = 0.12807980077715858, data_size = 779
user 9, emp_avg: 0.38153839595586503, h: 1.1235942336147797, ucb: 1.5139844666528983,num_of_obs(calculated after picking at this round): 25, privacy reward: 0.36787944117144167, g: -0.00592656279153238, curr_delay = 0.2956929845135544, data_size = 600
num of fast users chosen: 5, num of slow users chosen: 0
max_delay = 0.30 seconds
after cleansing the weights updates who were almost zeros (meaning with absolute value of less than 10**-7, 0.00% of the weights upadtes) we get:
user No.0 has been picked 43, his deltas theta's mean
 is -0.0010203561978414655,
the empirical var of deltas thetas is 0.006815121043473482
the minimum of the deltas theta is -0.46026331186294556 and the maximum is 0.52928227186203
the added laplace noise var is 0.016420747436791262
global epoch 156 has been done artifficialy in 0.30 secs, the total time by now is 96.36 
 with avg train loss 1.109, val loss 1.137, avg val acc 58.85%
iteration: 157
user 4, emp_avg: 0.5317175211426732, h: 0.849894598956525, ucb: 1.3827521469408572,num_of_obs(calculated after picking at this round): 43, privacy reward: 0.17906614791149256, g: 0.02127905863338961, curr_delay = 0.10334071731981442, data_size = 3227
user 6, emp_avg: 0.4779919929733717, h: 0.9179910861357631, ucb: 1.3991771998324976,num_of_obs(calculated after picking at this round): 37, privacy reward: 0.22763768838381226, g: 0.017819363748491513, curr_delay = 0.13773966301039298, data_size = 2832
user 8, emp_avg: 0.46717365533220767, h: 0.9588104187764325, ucb: 1.4317959251455021,num_of_obs(calculated after picking at this round): 34, privacy reward: 0.25666077695355527, g: 0.009785598910227246, curr_delay = 0.18156559363003882, data_size = 2413
user 11, emp_avg: 0.3301108371740529, h: 1.1015893033629156, ucb: 1.433969217080227,num_of_obs(calculated after picking at this round): 26, privacy reward: 0.3534546819587794, g: -0.004679986565432349, curr_delay = 0.18289297828102194, data_size = 709
user 12, emp_avg: 0.3324671170053253, h: 1.1243048747279702, ucb: 1.4603845942194322,num_of_obs(calculated after picking at this round): 25, privacy reward: 0.36787944117144167, g: -0.0057766476196748524, curr_delay = 0.20344666536501202, data_size = 600
num of fast users chosen: 5, num of slow users chosen: 0
max_delay = 0.20 seconds
after cleansing the weights updates who were almost zeros (meaning with absolute value of less than 10**-7, 0.00% of the weights upadtes) we get:
user No.4 has been picked 43, his deltas theta's mean
 is -0.0015880505088716745,
the empirical var of deltas thetas is 0.006860689260065556
the minimum of the deltas theta is -0.46566611528396606 and the maximum is 0.5252300500869751
the added laplace noise var is 0.016420747436791262
global epoch 157 has been done artifficialy in 0.20 secs, the total time by now is 96.57 
 with avg train loss 1.120, val loss 1.144, avg val acc 60.51%
iteration: 158
user 21, emp_avg: 0.06457752431996468, h: 1.1750352064002516, ucb: 1.2395129491246386,num_of_obs(calculated after picking at this round): 23, privacy reward: 0.3985190410845135, g: 0.002639617480867762, curr_delay = 0.7488088014432871, data_size = 1488
user 24, emp_avg: 0.06054567380793959, h: 1.1750352064002516, ucb: 1.2355344504342383,num_of_obs(calculated after picking at this round): 23, privacy reward: 0.3985190410845135, g: 0.0009855262633102885, curr_delay = 0.8121216783403843, data_size = 1332
user 25, emp_avg: 0.05881978338918778, h: 1.2026868768395167, ucb: 1.2613043037116067,num_of_obs(calculated after picking at this round): 22, privacy reward: 0.41478291168158077, g: -0.0005648882889567432, curr_delay = 0.7927791110187523, data_size = 852
user 26, emp_avg: 0.05811092650583813, h: 1.1750352064002516, ucb: 1.233192365396619,num_of_obs(calculated after picking at this round): 23, privacy reward: 0.3985190410845135, g: 0.0013428800647915771, curr_delay = 0.8757516532666673, data_size = 1373
user 27, emp_avg: 0.0571971057201769, h: 1.1750352064002516, ucb: 1.2319113974770117,num_of_obs(calculated after picking at this round): 23, privacy reward: 0.3985190410845135, g: 0.0038770533249186103, curr_delay = 0.7781225809646983, data_size = 1573
num of fast users chosen: 0, num of slow users chosen: 5
max_delay = 0.88 seconds
after cleansing the weights updates who were almost zeros (meaning with absolute value of less than 10**-7, 0.00% of the weights upadtes) we get:
user No.21 has been picked 23, his deltas theta's mean
 is -0.0012774418573826551,
the empirical var of deltas thetas is 0.004078621044754982
the minimum of the deltas theta is -0.34816664457321167 and the maximum is 0.5027386546134949
the added laplace noise var is 0.0073783174358039395
global epoch 158 has been done artifficialy in 0.88 secs, the total time by now is 97.44 
 with avg train loss 1.172, val loss 1.072, avg val acc 62.28%
iteration: 159
user 0, emp_avg: 0.8036903993823504, h: 0.841004731526128, ucb: 1.6499219194529555,num_of_obs(calculated after picking at this round): 44, privacy reward: 0.17204486382304973, g: 0.014435233788439186, curr_delay = 0.08636496051571087, data_size = 3049
user 1, emp_avg: 0.7238545544598183, h: 1.0068668434525223, ucb: 1.7420371627083382,num_of_obs(calculated after picking at this round): 31, privacy reward: 0.2893842179390499, g: -0.006083686743600306, curr_delay = 0.1300790636798896, data_size = 864
user 2, emp_avg: 0.6862309346381812, h: 1.0068668434525223, ucb: 1.6977265715149414,num_of_obs(calculated after picking at this round): 31, privacy reward: 0.2893842179390499, g: -0.005143891814072486, curr_delay = 0.09134636898169919, data_size = 913
user 3, emp_avg: 0.5625382125134121, h: 1.061330841938055, ucb: 1.6274981171044844,num_of_obs(calculated after picking at this round): 28, privacy reward: 0.3262797946230388, g: -0.008332767984203274, curr_delay = 0.10763022504936823, data_size = 613
user 7, emp_avg: 0.49060243290636196, h: 1.0815484841602268, ucb: 1.5785186740217068,num_of_obs(calculated after picking at this round): 27, privacy reward: 0.33959552564493845, g: -0.011647844325265222, curr_delay = 0.15382686534249027, data_size = 434
num of fast users chosen: 5, num of slow users chosen: 0
max_delay = 0.15 seconds
after cleansing the weights updates who were almost zeros (meaning with absolute value of less than 10**-7, 0.00% of the weights upadtes) we get:
user No.0 has been picked 44, his deltas theta's mean
 is -0.0018819256220012903,
the empirical var of deltas thetas is 0.006121864542365074
the minimum of the deltas theta is -0.4699873924255371 and the maximum is 0.46647509932518005
the added laplace noise var is 0.017090890852504384
global epoch 159 has been done artifficialy in 0.15 secs, the total time by now is 97.59 
 with avg train loss 1.071, val loss 1.100, avg val acc 61.26%
iteration: 160
user 13, emp_avg: 0.29270670752813166, h: 0.9911063041744256, ucb: 1.2810248245873888,num_of_obs(calculated after picking at this round): 32, privacy reward: 0.2780373004531934, g: 0.013665728903950583, curr_delay = 0.13187723002953067, data_size = 2425
user 14, emp_avg: 0.2765258263890415, h: 1.0428505387262041, ucb: 1.3197291369400455,num_of_obs(calculated after picking at this round): 29, privacy reward: 0.3134861808826046, g: 0.010007559522967632, curr_delay = 0.18751297451869184, data_size = 2147
user 19, emp_avg: 0.06639806169690823, h: 1.2041800785162404, ucb: 1.2703291189889325,num_of_obs(calculated after picking at this round): 22, privacy reward: 0.41478291168158077, g: -0.001404629159891074, curr_delay = 0.6980558421079199, data_size = 732
user 23, emp_avg: 0.06171688105144669, h: 1.2041800785162404, ucb: 1.265965607822218,num_of_obs(calculated after picking at this round): 22, privacy reward: 0.41478291168158077, g: -0.001644534602422848, curr_delay = 0.8295276305305146, data_size = 708
user 29, emp_avg: 0.05541966549369865, h: 1.2041800785162404, ucb: 1.2596778482776074,num_of_obs(calculated after picking at this round): 22, privacy reward: 0.41478291168158077, g: -0.001139966287876315, curr_delay = 0.9297227090570194, data_size = 761
num of fast users chosen: 2, num of slow users chosen: 3
max_delay = 0.93 seconds
after cleansing the weights updates who were almost zeros (meaning with absolute value of less than 10**-7, 0.00% of the weights upadtes) we get:
user No.13 has been picked 32, his deltas theta's mean
 is -0.001432116492651403,
the empirical var of deltas thetas is 0.005536689423024654
the minimum of the deltas theta is -0.42116764187812805 and the maximum is 0.47749295830726624
the added laplace noise var is 0.01057555941070121
global epoch 160 has been done artifficialy in 0.93 secs, the total time by now is 98.52 
 with avg train loss 1.094, val loss 1.133, avg val acc 60.81%
iteration: 161
user 4, emp_avg: 0.5316653577345071, h: 0.842041072161646, ucb: 1.3737585933043193,num_of_obs(calculated after picking at this round): 44, privacy reward: 0.17204486382304973, g: 0.02140620989738116, curr_delay = 0.09444255947466478, data_size = 3227
user 5, emp_avg: 0.42029184664928115, h: 1.08288123842593, ucb: 1.5048925297067886,num_of_obs(calculated after picking at this round): 27, privacy reward: 0.33959552564493845, g: -0.0038066691887578287, curr_delay = 0.13312520140740977, data_size = 779
user 6, emp_avg: 0.4718502414839271, h: 0.9077508020630602, ucb: 1.3857427950364318,num_of_obs(calculated after picking at this round): 38, privacy reward: 0.21871188695221422, g: 0.017682320863243492, curr_delay = 0.20441082888874437, data_size = 2832
user 8, emp_avg: 0.4608526369465269, h: 0.9469521726836047, ucb: 1.4141258280158122,num_of_obs(calculated after picking at this round): 35, privacy reward: 0.2465969639416059, g: 0.009590900834057212, curr_delay = 0.20330326177424896, data_size = 2413
user 10, emp_avg: 0.4119163559660063, h: 1.043490471410852, ucb: 1.4608412838009515,num_of_obs(calculated after picking at this round): 29, privacy reward: 0.3134861808826046, g: -0.0006802619808012213, curr_delay = 0.19249161353464705, data_size = 1154
num of fast users chosen: 5, num of slow users chosen: 0
max_delay = 0.20 seconds
after cleansing the weights updates who were almost zeros (meaning with absolute value of less than 10**-7, 0.00% of the weights upadtes) we get:
user No.4 has been picked 44, his deltas theta's mean
 is -0.0012875674292445183,
the empirical var of deltas thetas is 0.005282376892864704
the minimum of the deltas theta is -0.37513530254364014 and the maximum is 0.4827142357826233
the added laplace noise var is 0.017090890852504384
global epoch 161 has been done artifficialy in 0.20 secs, the total time by now is 98.73 
 with avg train loss 1.147, val loss 1.105, avg val acc 61.42%
iteration: 162
user 17, emp_avg: 0.06698758056207833, h: 1.1520412509861204, ucb: 1.219082622453337,num_of_obs(calculated after picking at this round): 24, privacy reward: 0.3828928859751114, g: 0.006842248324922426, curr_delay = 0.7604517660618085, data_size = 1754
user 21, emp_avg: 0.06444509016851376, h: 1.1520412509861204, ucb: 1.216618775306085,num_of_obs(calculated after picking at this round): 24, privacy reward: 0.3828928859751114, g: 0.0023660836111429, curr_delay = 0.8143441220584907, data_size = 1488
user 22, emp_avg: 0.06192856042029588, h: 1.1779330512576662, ucb: 1.2398707854632847,num_of_obs(calculated after picking at this round): 23, privacy reward: 0.3985190410845135, g: 0.0001074000392535116, curr_delay = 0.8100217557912437, data_size = 1141
user 27, emp_avg: 0.056923686717755606, h: 1.1520412509861204, ucb: 1.2092383567062974,num_of_obs(calculated after picking at this round): 24, privacy reward: 0.3828928859751114, g: 0.0035439621298387182, curr_delay = 0.9874582988205984, data_size = 1573
user 28, emp_avg: 0.057537070544172064, h: 1.1779330512576662, ucb: 1.2355798132589886,num_of_obs(calculated after picking at this round): 23, privacy reward: 0.3985190410845135, g: 0.0005429754012645788, curr_delay = 0.9070482613605766, data_size = 1242
num of fast users chosen: 0, num of slow users chosen: 5
max_delay = 0.99 seconds
after cleansing the weights updates who were almost zeros (meaning with absolute value of less than 10**-7, 0.00% of the weights upadtes) we get:
user No.17 has been picked 24, his deltas theta's mean
 is -0.0003464297915343195,
the empirical var of deltas thetas is 0.005987189244478941
the minimum of the deltas theta is -0.5206136703491211 and the maximum is 0.48502856492996216
the added laplace noise var is 0.007679432282596293
global epoch 162 has been done artifficialy in 0.99 secs, the total time by now is 99.72 
 with avg train loss 1.167, val loss 1.112, avg val acc 61.19%
iteration: 163
user 13, emp_avg: 0.2910604192187373, h: 0.9772810049577695, ucb: 1.2699877124859011,num_of_obs(calculated after picking at this round): 33, privacy reward: 0.26713530196584967, g: 0.013071689643395903, curr_delay = 0.209749849825503, data_size = 2425
user 14, emp_avg: 0.2730761351068949, h: 1.0265862613005565, ucb: 1.303112087689598,num_of_obs(calculated after picking at this round): 30, privacy reward: 0.3011942119122014, g: 0.009433009225442851, curr_delay = 0.2889587343219961, data_size = 2147
user 15, emp_avg: 0.07095530197861938, h: 1.1786452393405007, ucb: 1.2496280613681696,num_of_obs(calculated after picking at this round): 23, privacy reward: 0.3985190410845135, g: -0.0009108821195609962, curr_delay = 0.7107334593227892, data_size = 818
user 16, emp_avg: 0.06891565861376715, h: 1.1786452393405007, ucb: 1.2478534756685913,num_of_obs(calculated after picking at this round): 23, privacy reward: 0.3985190410845135, g: 2.4201295080895968e-05, curr_delay = 0.8002695448847521, data_size = 1092
user 20, emp_avg: 0.06422180671386607, h: 1.2063818633544288, ucb: 1.270557124572863,num_of_obs(calculated after picking at this round): 22, privacy reward: 0.41478291168158077, g: -0.0028495856796894787, curr_delay = 0.7668798445841248, data_size = 589
num of fast users chosen: 2, num of slow users chosen: 3
max_delay = 0.80 seconds
after cleansing the weights updates who were almost zeros (meaning with absolute value of less than 10**-7, 0.00% of the weights upadtes) we get:
user No.13 has been picked 33, his deltas theta's mean
 is 0.00019514192536007613,
the empirical var of deltas thetas is 0.004950786009430885
the minimum of the deltas theta is -0.3767472505569458 and the maximum is 0.44510358572006226
the added laplace noise var is 0.011007156177769524
global epoch 163 has been done artifficialy in 0.80 secs, the total time by now is 100.52 
 with avg train loss 1.134, val loss 1.364, avg val acc 50.56%
iteration: 164
user 0, emp_avg: 0.8080528349516315, h: 0.8339282529492187, ucb: 1.637618652331569,num_of_obs(calculated after picking at this round): 45, privacy reward: 0.16529888822158578, g: 0.014955892487366892, curr_delay = 0.05, data_size = 3049
user 4, emp_avg: 0.5255114207184777, h: 0.8339282529492187, ucb: 1.3655936106837259,num_of_obs(calculated after picking at this round): 45, privacy reward: 0.16529888822158578, g: 0.021053044878642405, curr_delay = 0.19627995160385292, data_size = 3227
user 6, emp_avg: 0.46781221827187863, h: 0.8973528110788918, ucb: 1.369203052562819,num_of_obs(calculated after picking at this round): 39, privacy reward: 0.21013607120076416, g: 0.017182290330543266, curr_delay = 0.15904960293316758, data_size = 2832
user 8, emp_avg: 0.457424425534706, h: 0.9350202223473212, ucb: 1.395872859293848,num_of_obs(calculated after picking at this round): 36, privacy reward: 0.23692775868212124, g: 0.009158228701384061, curr_delay = 0.14817579616196108, data_size = 2413
user 12, emp_avg: 0.33098877800993165, h: 1.106330846843659, ucb: 1.4387979638489843,num_of_obs(calculated after picking at this round): 26, privacy reward: 0.3534546819587794, g: -0.005711889411749126, curr_delay = 0.17005049979058928, data_size = 600
num of fast users chosen: 5, num of slow users chosen: 0
max_delay = 0.20 seconds
after cleansing the weights updates who were almost zeros (meaning with absolute value of less than 10**-7, 0.00% of the weights upadtes) we get:
user No.0 has been picked 45, his deltas theta's mean
 is -0.001810401794500649,
the empirical var of deltas thetas is 0.005833935458213091
the minimum of the deltas theta is -0.47543901205062866 and the maximum is 0.4450336694717407
the added laplace noise var is 0.017788383339832698
global epoch 164 has been done artifficialy in 0.20 secs, the total time by now is 100.71 
 with avg train loss 1.118, val loss 1.132, avg val acc 60.61%
iteration: 165
user 0, emp_avg: 0.8122255994092048, h: 0.825101648194579, ucb: 1.6331544831462104,num_of_obs(calculated after picking at this round): 46, privacy reward: 0.15881742610691996, g: 0.01389090808377472, curr_delay = 0.05, data_size = 3049
user 1, emp_avg: 0.7324840996329489, h: 0.9941063882087932, ucb: 1.7179609426686113,num_of_obs(calculated after picking at this round): 32, privacy reward: 0.2780373004531934, g: -0.005959459335360773, curr_delay = 0.05, data_size = 864
user 2, emp_avg: 0.6871458773704305, h: 0.9941063882087932, ucb: 1.6803373228469742,num_of_obs(calculated after picking at this round): 32, privacy reward: 0.2780373004531934, g: -0.005029713447058471, curr_delay = 0.06988031299020009, data_size = 913
user 3, emp_avg: 0.555525362936165, h: 1.04600725283274, ucb: 1.6085454653461522,num_of_obs(calculated after picking at this round): 29, privacy reward: 0.3134861808826046, g: -0.008311904217298436, curr_delay = 0.13921156010446303, data_size = 613
user 7, emp_avg: 0.5087952031597062, h: 1.065201647461965, ucb: 1.5558040803683268,num_of_obs(calculated after picking at this round): 28, privacy reward: 0.3262797946230388, g: -0.0116725401182489, curr_delay = 0.05, data_size = 434
num of fast users chosen: 5, num of slow users chosen: 0
max_delay = 0.14 seconds
after cleansing the weights updates who were almost zeros (meaning with absolute value of less than 10**-7, 0.00% of the weights upadtes) we get:
user No.0 has been picked 46, his deltas theta's mean
 is -0.0007327648927457631,
the empirical var of deltas thetas is 0.006133180111646652
the minimum of the deltas theta is -0.5903523564338684 and the maximum is 0.46589845418930054
the added laplace noise var is 0.01851434103556225
global epoch 165 has been done artifficialy in 0.14 secs, the total time by now is 100.85 
 with avg train loss 1.065, val loss 1.062, avg val acc 62.73%
iteration: 166
user 18, emp_avg: 0.06687806833113685, h: 1.180753356012001, ucb: 1.247196943162963,num_of_obs(calculated after picking at this round): 23, privacy reward: 0.3985190410845135, g: -0.0007767214231338704, curr_delay = 0.6541364278849966, data_size = 817
user 19, emp_avg: 0.06644515383022999, h: 1.180753356012001, ucb: 1.2471514177089091,num_of_obs(calculated after picking at this round): 23, privacy reward: 0.3985190410845135, g: -0.0015022215586482023, curr_delay = 0.7409473194515638, data_size = 732
user 23, emp_avg: 0.06166165456610102, h: 1.180753356012001, ucb: 1.2424702370634477,num_of_obs(calculated after picking at this round): 23, privacy reward: 0.3985190410845135, g: -0.001749998408924145, curr_delay = 0.827175400032495, data_size = 708
user 25, emp_avg: 0.05896420956085548, h: 1.180753356012001, ucb: 1.2395731394011886,num_of_obs(calculated after picking at this round): 23, privacy reward: 0.3985190410845135, g: -0.000546909988887489, curr_delay = 0.8046141682483104, data_size = 852
user 29, emp_avg: 0.05565938006268146, h: 1.180753356012001, ucb: 1.2361730215056996,num_of_obs(calculated after picking at this round): 23, privacy reward: 0.3985190410845135, g: -0.001228047402275906, curr_delay = 0.8205720622095272, data_size = 761
num of fast users chosen: 0, num of slow users chosen: 5
max_delay = 0.83 seconds
after cleansing the weights updates who were almost zeros (meaning with absolute value of less than 10**-7, 0.00% of the weights upadtes) we get:
user No.18 has been picked 23, his deltas theta's mean
 is -4.7470171011809725e-06,
the empirical var of deltas thetas is 0.001179627375677228
the minimum of the deltas theta is -0.308088481426239 and the maximum is 0.2951875925064087
the added laplace noise var is 0.0073783174358039395
global epoch 166 has been done artifficialy in 0.83 secs, the total time by now is 101.68 
 with avg train loss 1.080, val loss 1.034, avg val acc 63.32%
iteration: 167
user 4, emp_avg: 0.5358263898332933, h: 0.8260745577663682, ucb: 1.3515859784848459,num_of_obs(calculated after picking at this round): 46, privacy reward: 0.15881742610691996, g: 0.020715349591849223, curr_delay = 0.05, data_size = 3227
user 6, emp_avg: 0.46411260228092627, h: 0.8873464168230644, ucb: 1.355158635094943,num_of_obs(calculated after picking at this round): 40, privacy reward: 0.2018965179946548, g: 0.01670701492859192, curr_delay = 0.15633423550772738, data_size = 2832
user 8, emp_avg: 0.4518476327308067, h: 0.9235794328243381, ucb: 1.381003858359044,num_of_obs(calculated after picking at this round): 37, privacy reward: 0.22763768838381226, g: 0.008750556018236585, curr_delay = 0.19913726425566308, data_size = 2413
user 9, emp_avg: 0.38853700781762096, h: 1.1082953193892056, ucb: 1.4898337153450707,num_of_obs(calculated after picking at this round): 26, privacy reward: 0.3534546819587794, g: -0.005305464170250458, curr_delay = 0.08873078177852867, data_size = 600
user 11, emp_avg: 0.3262895305944322, h: 1.0867729731517513, ucb: 1.4168838103258041,num_of_obs(calculated after picking at this round): 27, privacy reward: 0.33959552564493845, g: -0.004207258231044273, curr_delay = 0.22032686329463202, data_size = 709
num of fast users chosen: 5, num of slow users chosen: 0
max_delay = 0.22 seconds
after cleansing the weights updates who were almost zeros (meaning with absolute value of less than 10**-7, 0.00% of the weights upadtes) we get:
user No.4 has been picked 46, his deltas theta's mean
 is -0.0013140183873474598,
the empirical var of deltas thetas is 0.007571818307042122
the minimum of the deltas theta is -0.45046478509902954 and the maximum is 0.5472084283828735
the added laplace noise var is 0.01851434103556225
global epoch 167 has been done artifficialy in 0.22 secs, the total time by now is 101.90 
 with avg train loss 1.176, val loss 1.126, avg val acc 60.91%
iteration: 168
user 17, emp_avg: 0.06692585079716103, h: 1.1318087271490773, ucb: 1.1987963077111556,num_of_obs(calculated after picking at this round): 25, privacy reward: 0.36787944117144167, g: 0.006697139035961322, curr_delay = 0.7640080520411894, data_size = 1754
user 22, emp_avg: 0.061930595123414735, h: 1.1561514846664784, ucb: 1.2180800450867744,num_of_obs(calculated after picking at this round): 24, privacy reward: 0.3828928859751114, g: 8.576808899822266e-05, curr_delay = 0.8067457719928656, data_size = 1141
user 24, emp_avg: 0.06045134142082678, h: 1.1561514846664784, ucb: 1.216697158474418,num_of_obs(calculated after picking at this round): 24, privacy reward: 0.3828928859751114, g: 0.0011376344473570806, curr_delay = 0.8579022744339035, data_size = 1332
user 26, emp_avg: 0.058090311812000084, h: 1.1561514846664784, ucb: 1.2142624111723166,num_of_obs(calculated after picking at this round): 24, privacy reward: 0.3828928859751114, g: 0.0015195240079525175, curr_delay = 0.8678118773894814, data_size = 1373
user 28, emp_avg: 0.057330364486167316, h: 1.1561514846664784, ucb: 1.2136885552106504,num_of_obs(calculated after picking at this round): 24, privacy reward: 0.3828928859751114, g: 0.0004928195675154248, curr_delay = 0.9510019967312661, data_size = 1242
num of fast users chosen: 0, num of slow users chosen: 5
max_delay = 0.95 seconds
after cleansing the weights updates who were almost zeros (meaning with absolute value of less than 10**-7, 0.00% of the weights upadtes) we get:
user No.17 has been picked 25, his deltas theta's mean
 is 0.0004903869703412056,
the empirical var of deltas thetas is 0.005503246560692787
the minimum of the deltas theta is -0.41273754835128784 and the maximum is 0.4741125702857971
the added laplace noise var is 0.007992835859407068
global epoch 168 has been done artifficialy in 0.95 secs, the total time by now is 102.85 
 with avg train loss 1.152, val loss 1.053, avg val acc 63.28%
iteration: 169
user 0, emp_avg: 0.8053262910201894, h: 0.8179958579880575, ucb: 1.6302214573972624,num_of_obs(calculated after picking at this round): 47, privacy reward: 0.15259010575688325, g: 0.014017996473674897, curr_delay = 0.10246781327086005, data_size = 3049
user 1, emp_avg: 0.7245320015889984, h: 0.9807425804195902, ucb: 1.713226680052539,num_of_obs(calculated after picking at this round): 33, privacy reward: 0.26713530196584967, g: -0.006188632049606979, curr_delay = 0.10636829895156538, data_size = 864
user 2, emp_avg: 0.6861819364468748, h: 0.9807425804195902, ucb: 1.6678884577900206,num_of_obs(calculated after picking at this round): 33, privacy reward: 0.26713530196584967, g: -0.005240427525139798, curr_delay = 0.07629675953632371, data_size = 913
user 3, emp_avg: 0.5538481387672095, h: 1.0302224783082878, ucb: 1.5857478412444528,num_of_obs(calculated after picking at this round): 30, privacy reward: 0.3011942119122014, g: -0.008662082361824289, curr_delay = 0.09896901250748845, data_size = 613
user 7, emp_avg: 0.5064970659526137, h: 1.0484579201573416, ucb: 1.557253123317048,num_of_obs(calculated after picking at this round): 29, privacy reward: 0.3134861808826046, g: -0.012118407814676229, curr_delay = 0.11308399352202075, data_size = 434
num of fast users chosen: 5, num of slow users chosen: 0
max_delay = 0.11 seconds
after cleansing the weights updates who were almost zeros (meaning with absolute value of less than 10**-7, 0.00% of the weights upadtes) we get:
user No.0 has been picked 47, his deltas theta's mean
 is -0.002457109047099948,
the empirical var of deltas thetas is 0.005840493366122246
the minimum of the deltas theta is -0.38338446617126465 and the maximum is 0.457903653383255
the added laplace noise var is 0.019269925626885447
global epoch 169 has been done artifficialy in 0.11 secs, the total time by now is 102.96 
 with avg train loss 1.055, val loss 1.082, avg val acc 61.93%
iteration: 170
user 13, emp_avg: 0.2948834432418516, h: 0.9663237211251406, ucb: 1.257384140343878,num_of_obs(calculated after picking at this round): 34, privacy reward: 0.25666077695355527, g: 0.013579907812008893, curr_delay = 0.11875264990470265, data_size = 2425
user 14, emp_avg: 0.27069527790902653, h: 1.0134888689127535, ucb: 1.2865650040196484,num_of_obs(calculated after picking at this round): 31, privacy reward: 0.2893842179390499, g: 0.009715493357212947, curr_delay = 0.25091639438029495, data_size = 2147
user 15, emp_avg: 0.07080447264522387, h: 1.1574858553422844, ucb: 1.2284411573209038,num_of_obs(calculated after picking at this round): 24, privacy reward: 0.3828928859751114, g: -0.0009305926197106778, curr_delay = 0.7425514885496659, data_size = 818
user 16, emp_avg: 0.06865110812844684, h: 1.1574858553422844, ucb: 1.2264015139560516,num_of_obs(calculated after picking at this round): 24, privacy reward: 0.3828928859751114, g: 2.1111164124642213e-05, curr_delay = 0.7991503821066797, data_size = 1092
user 20, emp_avg: 0.06416088947647697, h: 1.1835000215520521, ucb: 1.2477218282659182,num_of_obs(calculated after picking at this round): 23, privacy reward: 0.3985190410845135, g: -0.0029115649970105364, curr_delay = 0.7959158659286685, data_size = 589
num of fast users chosen: 2, num of slow users chosen: 3
max_delay = 0.80 seconds
after cleansing the weights updates who were almost zeros (meaning with absolute value of less than 10**-7, 0.00% of the weights upadtes) we get:
user No.13 has been picked 34, his deltas theta's mean
 is -0.0008231273386627436,
the empirical var of deltas thetas is 0.00489781703799963
the minimum of the deltas theta is -0.3375847339630127 and the maximum is 0.4939340353012085
the added laplace noise var is 0.011456366743040828
global epoch 170 has been done artifficialy in 0.80 secs, the total time by now is 103.76 
 with avg train loss 1.113, val loss 1.113, avg val acc 60.55%
iteration: 171
user 0, emp_avg: 0.798567396903869, h: 0.8101744143585322, ucb: 1.6155007053787216,num_of_obs(calculated after picking at this round): 48, privacy reward: 0.14660696213034952, g: 0.013394166212924585, curr_delay = 0.10397185515686662, data_size = 3049
user 5, emp_avg: 0.42112137655964627, h: 1.0689209051398685, ucb: 1.4892127517891496,num_of_obs(calculated after picking at this round): 28, privacy reward: 0.3262797946230388, g: -0.0033758731042555982, curr_delay = 0.11273482220260451, data_size = 779
user 9, emp_avg: 0.38575505154255557, h: 1.0892831329862342, ucb: 1.4778201408038552,num_of_obs(calculated after picking at this round): 27, privacy reward: 0.33959552564493845, g: -0.005652754470402159, curr_delay = 0.15952821081456386, data_size = 600
user 10, emp_avg: 0.408522645810087, h: 1.031403151035553, ucb: 1.4433195070015592,num_of_obs(calculated after picking at this round): 30, privacy reward: 0.3011942119122014, g: -0.0004734728890672254, curr_delay = 0.16123568381830436, data_size = 1154
user 12, emp_avg: 0.3417370704584766, h: 1.0892831329862342, ucb: 1.420271910996166,num_of_obs(calculated after picking at this round): 27, privacy reward: 0.33959552564493845, g: -0.005652754470402159, curr_delay = 0.08049032463362439, data_size = 600
num of fast users chosen: 5, num of slow users chosen: 0
max_delay = 0.16 seconds
after cleansing the weights updates who were almost zeros (meaning with absolute value of less than 10**-7, 0.00% of the weights upadtes) we get:
user No.0 has been picked 48, his deltas theta's mean
 is -0.002094097901135683,
the empirical var of deltas thetas is 0.005778087303042412
the minimum of the deltas theta is -0.4348536431789398 and the maximum is 0.4172639846801758
the added laplace noise var is 0.02005634621034838
global epoch 171 has been done artifficialy in 0.16 secs, the total time by now is 103.92 
 with avg train loss 1.088, val loss 1.061, avg val acc 62.34%
iteration: 172
user 4, emp_avg: 0.5304357185645757, h: 0.8193975366466659, ucb: 1.3552239264799593,num_of_obs(calculated after picking at this round): 47, privacy reward: 0.15259010575688325, g: 0.021300671796648636, curr_delay = 0.17701318140681419, data_size = 3227
user 6, emp_avg: 0.45896326697785333, h: 0.8787059642007774, ucb: 1.3428185664817036,num_of_obs(calculated after picking at this round): 41, privacy reward: 0.19398004229089127, g: 0.016959960510262734, curr_delay = 0.19763638359597596, data_size = 2832
user 8, emp_avg: 0.44706459078123567, h: 0.9136349566855776, ucb: 1.3654825894163842,num_of_obs(calculated after picking at this round): 38, privacy reward: 0.21871188695221422, g: 0.008835434104678382, curr_delay = 0.1851220800526012, data_size = 2413
user 10, emp_avg: 0.40411398715864555, h: 1.014642249939697, ucb: 1.423164895749784,num_of_obs(calculated after picking at this round): 31, privacy reward: 0.2893842179390499, g: -0.0007068894964494423, curr_delay = 0.18392209839287887, data_size = 1154
user 11, emp_avg: 0.3247400615203943, h: 1.0695268400157616, ucb: 1.3958163706101938,num_of_obs(calculated after picking at this round): 28, privacy reward: 0.3262797946230388, g: -0.004376021310965948, curr_delay = 0.1767381511733521, data_size = 709
num of fast users chosen: 5, num of slow users chosen: 0
max_delay = 0.20 seconds
after cleansing the weights updates who were almost zeros (meaning with absolute value of less than 10**-7, 0.00% of the weights upadtes) we get:
user No.4 has been picked 47, his deltas theta's mean
 is -0.0028739781118929386,
the empirical var of deltas thetas is 0.005770741030573845
the minimum of the deltas theta is -0.4869996905326843 and the maximum is 0.5813784599304199
the added laplace noise var is 0.019269925626885447
global epoch 172 has been done artifficialy in 0.20 secs, the total time by now is 104.12 
 with avg train loss 1.168, val loss 1.079, avg val acc 62.07%
iteration: 173
user 17, emp_avg: 0.06673115523356421, h: 1.1121105982227968, ucb: 1.1790364490199579,num_of_obs(calculated after picking at this round): 26, privacy reward: 0.3534546819587794, g: 0.006429557579638221, curr_delay = 0.8082275476714915, data_size = 1754
user 21, emp_avg: 0.06444666518739874, h: 1.135043126328002, ucb: 1.199488216496516,num_of_obs(calculated after picking at this round): 25, privacy reward: 0.36787944117144167, g: 0.0026925088387038374, curr_delay = 0.7753805432558288, data_size = 1488
user 24, emp_avg: 0.06047444636966458, h: 1.135043126328002, ucb: 1.1954944677488288,num_of_obs(calculated after picking at this round): 25, privacy reward: 0.36787944117144167, g: 0.0010179465878056993, curr_delay = 0.8192831040776913, data_size = 1332
user 26, emp_avg: 0.058082036195562896, h: 1.135043126328002, ucb: 1.193133438140002,num_of_obs(calculated after picking at this round): 25, privacy reward: 0.36787944117144167, g: 0.0013806805967675473, curr_delay = 0.8638051930889379, data_size = 1373
user 27, emp_avg: 0.056844738709556024, h: 1.135043126328002, ucb: 1.1919668130457577,num_of_obs(calculated after picking at this round): 25, privacy reward: 0.36787944117144167, g: 0.003941098771433894, curr_delay = 0.9099183307057569, data_size = 1573
num of fast users chosen: 0, num of slow users chosen: 5
max_delay = 0.91 seconds
after cleansing the weights updates who were almost zeros (meaning with absolute value of less than 10**-7, 0.00% of the weights upadtes) we get:
user No.17 has been picked 26, his deltas theta's mean
 is -0.00041838616016320884,
the empirical var of deltas thetas is 0.005963106174021959
the minimum of the deltas theta is -0.6293665170669556 and the maximum is 0.583430290222168
the added laplace noise var is 0.008319029678822153
global epoch 173 has been done artifficialy in 0.91 secs, the total time by now is 105.03 
 with avg train loss 1.165, val loss 1.054, avg val acc 62.71%
iteration: 174
user 13, emp_avg: 0.29363483006266033, h: 0.9541601141269737, ucb: 1.2490435573688252,num_of_obs(calculated after picking at this round): 35, privacy reward: 0.2465969639416059, g: 0.013282149843558204, curr_delay = 0.19905886404678763, data_size = 2425
user 14, emp_avg: 0.2727371524558302, h: 0.9992631445750603, ucb: 1.2699584224840867,num_of_obs(calculated after picking at this round): 32, privacy reward: 0.2780373004531934, g: 0.009385128121964549, curr_delay = 0.14879390779734636, data_size = 2147
user 18, emp_avg: 0.06694100703259455, h: 1.1601036646949154, ucb: 1.2269817330260522,num_of_obs(calculated after picking at this round): 24, privacy reward: 0.3828928859751114, g: -0.0007575435972656467, curr_delay = 0.7311160350101353, data_size = 817
user 19, emp_avg: 0.06644753440073257, h: 1.1601036646949154, ucb: 1.2265488185251454,num_of_obs(calculated after picking at this round): 24, privacy reward: 0.3828928859751114, g: -0.0014755040701897786, curr_delay = 0.7518538363547185, data_size = 732
user 25, emp_avg: 0.059106477585117286, h: 1.1601036646949154, ucb: 1.219067874255771,num_of_obs(calculated after picking at this round): 24, privacy reward: 0.3828928859751114, g: -0.0005308367299681712, curr_delay = 0.8015564026749095, data_size = 852
num of fast users chosen: 2, num of slow users chosen: 3
max_delay = 0.80 seconds
after cleansing the weights updates who were almost zeros (meaning with absolute value of less than 10**-7, 0.00% of the weights upadtes) we get:
user No.13 has been picked 35, his deltas theta's mean
 is -0.0006869470817036927,
the empirical var of deltas thetas is 0.005056506488472223
the minimum of the deltas theta is -0.3744819164276123 and the maximum is 0.42026451230049133
the added laplace noise var is 0.011923909939256253
global epoch 174 has been done artifficialy in 0.80 secs, the total time by now is 105.83 
 with avg train loss 1.102, val loss 1.073, avg val acc 63.24%
iteration: 175
user 0, emp_avg: 0.7974424186375587, h: 0.8034912860388962, ucb: 1.6020586829427652,num_of_obs(calculated after picking at this round): 49, privacy reward: 0.1408584209210444, g: 0.013525981925357332, curr_delay = 0.06725460988689747, data_size = 3049
user 1, emp_avg: 0.7326340015422632, h: 0.9690469520404162, ucb: 1.6935789536294146,num_of_obs(calculated after picking at this round): 34, privacy reward: 0.25666077695355527, g: -0.006066879394044616, curr_delay = 0.05, data_size = 864
user 2, emp_avg: 0.6766307168210175, h: 0.9690469520404162, ucb: 1.655228888487291,num_of_obs(calculated after picking at this round): 34, privacy reward: 0.25666077695355527, g: -0.00512843800884513, curr_delay = 0.1383353671356523, data_size = 913
user 3, emp_avg: 0.5501819990233001, h: 1.016345017592305, ucb: 1.5701931563595144,num_of_obs(calculated after picking at this round): 31, privacy reward: 0.2893842179390499, g: -0.008630641693067601, curr_delay = 0.11358530014983023, data_size = 613
user 7, emp_avg: 0.5035936644035434, h: 1.0337196952742889, ucb: 1.5402167612269024,num_of_obs(calculated after picking at this round): 30, privacy reward: 0.3011942119122014, g: -0.012125853329216014, curr_delay = 0.11921934614753933, data_size = 434
num of fast users chosen: 5, num of slow users chosen: 0
max_delay = 0.14 seconds
after cleansing the weights updates who were almost zeros (meaning with absolute value of less than 10**-7, 0.00% of the weights upadtes) we get:
user No.0 has been picked 49, his deltas theta's mean
 is -0.0011620497098192573,
the empirical var of deltas thetas is 0.006733391899615526
the minimum of the deltas theta is -0.4359215497970581 and the maximum is 0.4653373956680298
the added laplace noise var is 0.02087486122666327
global epoch 175 has been done artifficialy in 0.14 secs, the total time by now is 105.97 
 with avg train loss 1.023, val loss 1.052, avg val acc 63.21%
iteration: 176
user 4, emp_avg: 0.5277788842214322, h: 0.812441866597614, ucb: 1.3428775851621897,num_of_obs(calculated after picking at this round): 48, privacy reward: 0.14660696213034952, g: 0.02141653783761508, curr_delay = 0.12409791054206917, data_size = 3227
user 5, emp_avg: 0.42129202189010734, h: 1.0525971955499425, ucb: 1.4737185721095887,num_of_obs(calculated after picking at this round): 29, privacy reward: 0.3134861808826046, g: -0.0035163045643430684, curr_delay = 0.11735158378722403, data_size = 779
user 6, emp_avg: 0.4587678643275213, h: 0.869859870551474, ucb: 1.3288231375293273,num_of_obs(calculated after picking at this round): 42, privacy reward: 0.1863739760394093, g: 0.0168568694345274, curr_delay = 0.11092466999462769, data_size = 2832
user 8, emp_avg: 0.44238750907552854, h: 0.9035442489125068, ucb: 1.3506088396937426,num_of_obs(calculated after picking at this round): 39, privacy reward: 0.21013607120076416, g: 0.008687018802431059, curr_delay = 0.1889227743968934, data_size = 2413
user 10, emp_avg: 0.3981789855756673, h: 1.0003693506647031, ucb: 1.4044833378233488,num_of_obs(calculated after picking at this round): 32, privacy reward: 0.2780373004531934, g: -0.0008011816607509324, curr_delay = 0.23343331196128603, data_size = 1154
num of fast users chosen: 5, num of slow users chosen: 0
max_delay = 0.23 seconds
after cleansing the weights updates who were almost zeros (meaning with absolute value of less than 10**-7, 0.00% of the weights upadtes) we get:
user No.4 has been picked 48, his deltas theta's mean
 is -0.002864450914785266,
the empirical var of deltas thetas is 0.005495800171047449
the minimum of the deltas theta is -0.4457085132598877 and the maximum is 0.47636526823043823
the added laplace noise var is 0.02005634621034838
global epoch 176 has been done artifficialy in 0.23 secs, the total time by now is 106.20 
 with avg train loss 1.127, val loss 1.083, avg val acc 62.23%
iteration: 177
user 13, emp_avg: 0.2920386494172957, h: 0.9419872367264397, ucb: 1.2356220667891,num_of_obs(calculated after picking at this round): 36, privacy reward: 0.23692775868212124, g: 0.012748757429074753, curr_delay = 0.2117098166039123, data_size = 2425
user 14, emp_avg: 0.2725651416722516, h: 0.9851538330928794, ucb: 1.2578909855487095,num_of_obs(calculated after picking at this round): 33, privacy reward: 0.26713530196584967, g: 0.008882464969244963, curr_delay = 0.18722328637142954, data_size = 2147
user 20, emp_avg: 0.06390808124042123, h: 1.1620240661176733, ucb: 1.2261849555941502,num_of_obs(calculated after picking at this round): 24, privacy reward: 0.3828928859751114, g: -0.002969231771185101, curr_delay = 0.8606816089235796, data_size = 589
user 23, emp_avg: 0.06145942311140354, h: 1.1620240661176733, ucb: 1.2236857206837743,num_of_obs(calculated after picking at this round): 24, privacy reward: 0.3828928859751114, g: -0.0015402771384477292, curr_delay = 0.8801561802823225, data_size = 708
user 29, emp_avg: 0.05578008155840758, h: 1.1620240661176733, ucb: 1.2176834461803547,num_of_obs(calculated after picking at this round): 24, privacy reward: 0.3828928859751114, g: -0.0010534496838029376, curr_delay = 0.8538803127931416, data_size = 761
num of fast users chosen: 2, num of slow users chosen: 3
max_delay = 0.88 seconds
after cleansing the weights updates who were almost zeros (meaning with absolute value of less than 10**-7, 0.00% of the weights upadtes) we get:
user No.13 has been picked 36, his deltas theta's mean
 is -0.0011688891099765897,
the empirical var of deltas thetas is 0.005981218069791794
the minimum of the deltas theta is -0.4976821541786194 and the maximum is 0.47659218311309814
the added laplace noise var is 0.012410533935277612
global epoch 177 has been done artifficialy in 0.88 secs, the total time by now is 107.09 
 with avg train loss 1.040, val loss 1.085, avg val acc 62.64%
iteration: 178
user 15, emp_avg: 0.07057972613264413, h: 1.138176562565326, ucb: 1.20898103521055,num_of_obs(calculated after picking at this round): 25, privacy reward: 0.36787944117144167, g: -0.0009025793990905479, curr_delay = 0.7670381043027052, data_size = 818
user 16, emp_avg: 0.06883894856116438, h: 1.138176562565326, ucb: 1.2068276706937728,num_of_obs(calculated after picking at this round): 25, privacy reward: 0.36787944117144167, g: 2.5576745117336735e-05, curr_delay = 0.6816900338859743, data_size = 1092
user 22, emp_avg: 0.06189472930683416, h: 1.138176562565326, ucb: 1.2001071576887408,num_of_obs(calculated after picking at this round): 25, privacy reward: 0.36787944117144167, g: 0.00012846879296628952, curr_delay = 0.8192161942406408, data_size = 1141
user 25, emp_avg: 0.0589195958834958, h: 1.138176562565326, ucb: 1.1972830401504433,num_of_obs(calculated after picking at this round): 25, privacy reward: 0.36787944117144167, g: -0.0006598449303715181, curr_delay = 0.9185362162581746, data_size = 852
user 28, emp_avg: 0.05743104515913791, h: 1.138176562565326, ucb: 1.1955069270514933,num_of_obs(calculated after picking at this round): 25, privacy reward: 0.36787944117144167, g: 0.0005891708118977946, curr_delay = 0.8354584428790061, data_size = 1242
num of fast users chosen: 0, num of slow users chosen: 5
max_delay = 0.92 seconds
after cleansing the weights updates who were almost zeros (meaning with absolute value of less than 10**-7, 0.00% of the weights upadtes) we get:
user No.15 has been picked 25, his deltas theta's mean
 is -0.00035639890120364726,
the empirical var of deltas thetas is 0.0021498617716133595
the minimum of the deltas theta is -0.3135165274143219 and the maximum is 0.3042558431625366
the added laplace noise var is 0.007992835859407068
global epoch 178 has been done artifficialy in 0.92 secs, the total time by now is 108.00 
 with avg train loss 1.169, val loss 1.035, avg val acc 63.53%
iteration: 179
user 0, emp_avg: 0.7924742892284962, h: 0.7969881421165425, ucb: 1.5944305607541012,num_of_obs(calculated after picking at this round): 50, privacy reward: 0.13533528323661215, g: 0.013652509252716221, curr_delay = 0.09106871811461781, data_size = 3049
user 2, emp_avg: 0.6858698391975598, h: 0.9567763712384065, ucb: 1.633407088059424,num_of_obs(calculated after picking at this round): 35, privacy reward: 0.2465969639416059, g: -0.005326929759459434, curr_delay = 0.05, data_size = 913
user 3, emp_avg: 0.5485185206875975, h: 1.0020030718361987, ucb: 1.5521850708594989,num_of_obs(calculated after picking at this round): 32, privacy reward: 0.2780373004531934, g: -0.008959953916709718, curr_delay = 0.10061360367669181, data_size = 613
user 5, emp_avg: 0.41912522300955923, h: 1.0359788780140213, ucb: 1.4572708999041286,num_of_obs(calculated after picking at this round): 30, privacy reward: 0.3011942119122014, g: -0.003871166696190918, curr_delay = 0.1403358861793106, data_size = 779
user 9, emp_avg: 0.38084914402827785, h: 1.0736630762478263, ucb: 1.459418127790382,num_of_obs(calculated after picking at this round): 28, privacy reward: 0.3262797946230388, g: -0.005472449659738472, curr_delay = 0.20129663930412856, data_size = 600
num of fast users chosen: 5, num of slow users chosen: 0
max_delay = 0.20 seconds
after cleansing the weights updates who were almost zeros (meaning with absolute value of less than 10**-7, 0.00% of the weights upadtes) we get:
user No.0 has been picked 50, his deltas theta's mean
 is -0.003950627986341715,
the empirical var of deltas thetas is 0.006459722761064768
the minimum of the deltas theta is -0.5128188729286194 and the maximum is 0.4915745258331299
the added laplace noise var is 0.021726780474482066
global epoch 179 has been done artifficialy in 0.20 secs, the total time by now is 108.20 
 with avg train loss 1.029, val loss 1.052, avg val acc 62.80%
iteration: 180
user 17, emp_avg: 0.06678248347512707, h: 1.094702999857834, ucb: 1.1614341550913982,num_of_obs(calculated after picking at this round): 27, privacy reward: 0.33959552564493845, g: 0.006439861579009858, curr_delay = 0.7340309609454524, data_size = 1754
user 21, emp_avg: 0.064374406929771, h: 1.1163823915727311, ucb: 1.1808290567601298,num_of_obs(calculated after picking at this round): 26, privacy reward: 0.3534546819587794, g: 0.0026758713602739975, curr_delay = 0.7991311783295245, data_size = 1488
user 24, emp_avg: 0.06036425941843708, h: 1.1163823915727311, ucb: 1.1768568379423956,num_of_obs(calculated after picking at this round): 26, privacy reward: 0.3534546819587794, g: 0.00100772661585964, curr_delay = 0.8679111201111764, data_size = 1332
user 26, emp_avg: 0.05805318371515747, h: 1.1163823915727311, ucb: 1.174464427768294,num_of_obs(calculated after picking at this round): 26, privacy reward: 0.3534546819587794, g: 0.0013687739724763917, curr_delay = 0.8721152565409863, data_size = 1373
user 27, emp_avg: 0.05700464864720976, h: 1.1163823915727311, ucb: 1.1732271302822872,num_of_obs(calculated after picking at this round): 26, privacy reward: 0.3534546819587794, g: 0.003920964574727635, curr_delay = 0.8196399221397532, data_size = 1573
num of fast users chosen: 0, num of slow users chosen: 5
max_delay = 0.87 seconds
after cleansing the weights updates who were almost zeros (meaning with absolute value of less than 10**-7, 0.00% of the weights upadtes) we get:
user No.17 has been picked 27, his deltas theta's mean
 is -0.0022622442338615656,
the empirical var of deltas thetas is 0.007016501855105162
the minimum of the deltas theta is -0.5302029848098755 and the maximum is 0.5550770163536072
the added laplace noise var is 0.008658535720544341
global epoch 180 has been done artifficialy in 0.87 secs, the total time by now is 109.08 
 with avg train loss 1.148, val loss 1.082, avg val acc 62.46%
iteration: 181
user 4, emp_avg: 0.524202189380857, h: 0.8061092537046255, ucb: 1.3338881379260576,num_of_obs(calculated after picking at this round): 49, privacy reward: 0.1408584209210444, g: 0.021962050566425955, curr_delay = 0.14183558742453367, data_size = 3227
user 6, emp_avg: 0.4590611754491362, h: 0.8617670410487831, ucb: 1.3205349053763045,num_of_obs(calculated after picking at this round): 43, privacy reward: 0.17906614791149256, g: 0.01709408604897422, curr_delay = 0.10607148006199704, data_size = 2832
user 8, emp_avg: 0.4380689816166129, h: 0.8942979224178575, ucb: 1.336685431493386,num_of_obs(calculated after picking at this round): 40, privacy reward: 0.2018965179946548, g: 0.008769134249190206, curr_delay = 0.18542801985272137, data_size = 2413
user 11, emp_avg: 0.3279320405846704, h: 1.0554447638588023, ucb: 1.3801848253791966,num_of_obs(calculated after picking at this round): 29, privacy reward: 0.3134861808826046, g: -0.004079490732713251, curr_delay = 0.11981573651436049, data_size = 709
user 12, emp_avg: 0.34058667151708544, h: 1.074812338272834, ucb: 1.4165494087313106,num_of_obs(calculated after picking at this round): 28, privacy reward: 0.3262797946230388, g: -0.005228633306973597, curr_delay = 0.16153737048797337, data_size = 600
num of fast users chosen: 5, num of slow users chosen: 0
max_delay = 0.19 seconds
after cleansing the weights updates who were almost zeros (meaning with absolute value of less than 10**-7, 0.00% of the weights upadtes) we get:
user No.4 has been picked 49, his deltas theta's mean
 is 0.0011675019050017,
the empirical var of deltas thetas is 0.010673251003026962
the minimum of the deltas theta is -0.637636661529541 and the maximum is 0.5019015073776245
the added laplace noise var is 0.02087486122666327
global epoch 181 has been done artifficialy in 0.19 secs, the total time by now is 109.26 
 with avg train loss 1.111, val loss 1.272, avg val acc 55.99%
iteration: 182
user 13, emp_avg: 0.2944489640408145, h: 0.9313079232166623, ucb: 1.223346572633958,num_of_obs(calculated after picking at this round): 37, privacy reward: 0.22763768838381226, g: 0.012734741243171505, curr_delay = 0.13115776166074897, data_size = 2425
user 18, emp_avg: 0.06704732076579013, h: 1.140614602645959, ucb: 1.2075556096785536,num_of_obs(calculated after picking at this round): 25, privacy reward: 0.36787944117144167, g: -0.0007402607743453546, curr_delay = 0.7184026710152613, data_size = 817
user 19, emp_avg: 0.06623398557997259, h: 1.140614602645959, ucb: 1.2070621370466914,num_of_obs(calculated after picking at this round): 25, privacy reward: 0.36787944117144167, g: -0.0014513444121597436, curr_delay = 0.8182125756321754, data_size = 732
user 23, emp_avg: 0.06134420239617018, h: 1.140614602645959, ucb: 1.2020740257573626,num_of_obs(calculated after picking at this round): 25, privacy reward: 0.36787944117144167, g: -0.0016950507219086438, curr_delay = 0.85354958074408, data_size = 708
user 29, emp_avg: 0.05609540027441958, h: 1.140614602645959, ucb: 1.1963946842043665,num_of_obs(calculated after picking at this round): 25, privacy reward: 0.36787944117144167, g: -0.0011820888255909573, curr_delay = 0.7853849356121471, data_size = 761
num of fast users chosen: 1, num of slow users chosen: 4
max_delay = 0.85 seconds
after cleansing the weights updates who were almost zeros (meaning with absolute value of less than 10**-7, 0.00% of the weights upadtes) we get:
user No.13 has been picked 37, his deltas theta's mean
 is -0.0005525550805032253,
the empirical var of deltas thetas is 0.00597296142950654
the minimum of the deltas theta is -0.44338810443878174 and the maximum is 0.48560360074043274
the added laplace noise var is 0.012917017433317197
global epoch 182 has been done artifficialy in 0.85 secs, the total time by now is 110.12 
 with avg train loss 1.072, val loss 1.045, avg val acc 64.27%
iteration: 183
user 0, emp_avg: 0.7965434208122512, h: 0.7906569030502235, ucb: 1.5831311922787197,num_of_obs(calculated after picking at this round): 51, privacy reward: 0.13002871087842538, g: 0.013774056309198942, curr_delay = 0.05, data_size = 3049
user 1, emp_avg: 0.7402730300696271, h: 0.9588123308528864, ucb: 1.6914463323951496,num_of_obs(calculated after picking at this round): 35, privacy reward: 0.2465969639416059, g: -0.005641676797011751, curr_delay = 0.05, data_size = 864
user 2, emp_avg: 0.6945956769976277, h: 0.9450157506933572, ucb: 1.6308855898909171,num_of_obs(calculated after picking at this round): 36, privacy reward: 0.23692775868212124, g: -0.005520269392981083, curr_delay = 0.05, data_size = 913
user 3, emp_avg: 0.5621997776364582, h: 0.9883211288127794, ucb: 1.536839649500377,num_of_obs(calculated after picking at this round): 33, privacy reward: 0.26713530196584967, g: -0.009280637139099301, curr_delay = 0.05, data_size = 613
user 7, emp_avg: 0.5002695432737233, h: 1.0207336726924827, ucb: 1.5243273370960262,num_of_obs(calculated after picking at this round): 31, privacy reward: 0.2893842179390499, g: -0.011737034044714814, curr_delay = 0.12482963582752352, data_size = 434
num of fast users chosen: 5, num of slow users chosen: 0
max_delay = 0.12 seconds
after cleansing the weights updates who were almost zeros (meaning with absolute value of less than 10**-7, 0.00% of the weights upadtes) we get:
user No.0 has been picked 51, his deltas theta's mean
 is -0.001582988421432674,
the empirical var of deltas thetas is 0.0063247596845030785
the minimum of the deltas theta is -0.44022664427757263 and the maximum is 0.5084663033485413
the added laplace noise var is 0.022613467206353745
global epoch 183 has been done artifficialy in 0.12 secs, the total time by now is 110.24 
 with avg train loss 0.991, val loss 1.019, avg val acc 64.60%
iteration: 184
user 4, emp_avg: 0.5220879469836014, h: 0.7991017220330603, ucb: 1.3233039114139173,num_of_obs(calculated after picking at this round): 50, privacy reward: 0.13533528323661215, g: 0.02163399997594292, curr_delay = 0.11947714806609247, data_size = 3227
user 6, emp_avg: 0.46005162213169065, h: 0.853033091122549, ucb: 1.3120942665716853,num_of_obs(calculated after picking at this round): 44, privacy reward: 0.17204486382304973, g: 0.016664976963369302, curr_delay = 0.09947460903956855, data_size = 2832
user 8, emp_avg: 0.43461782887635336, h: 0.8844435333255299, ucb: 1.3225125149421428,num_of_obs(calculated after picking at this round): 41, privacy reward: 0.19398004229089127, g: 0.008412918788661452, curr_delay = 0.1685932836878438, data_size = 2413
user 10, emp_avg: 0.3945422152485915, h: 0.9888379313879928, ucb: 1.3870169169636601,num_of_obs(calculated after picking at this round): 33, privacy reward: 0.26713530196584967, g: -0.0006802619808012213, curr_delay = 0.17974906433567822, data_size = 1154
user 12, emp_avg: 0.33475013748486643, h: 1.0571122143714706, ucb: 1.397698885888556,num_of_obs(calculated after picking at this round): 29, privacy reward: 0.3134861808826046, g: -0.005671887032525916, curr_delay = 0.2918392671996239, data_size = 600
num of fast users chosen: 5, num of slow users chosen: 0
max_delay = 0.29 seconds
after cleansing the weights updates who were almost zeros (meaning with absolute value of less than 10**-7, 0.00% of the weights upadtes) we get:
user No.4 has been picked 50, his deltas theta's mean
 is -0.002711901906877756,
the empirical var of deltas thetas is 0.005429484415799379
the minimum of the deltas theta is -0.5681585669517517 and the maximum is 0.6808915734291077
the added laplace noise var is 0.021726780474482066
global epoch 184 has been done artifficialy in 0.29 secs, the total time by now is 110.53 
 with avg train loss 1.095, val loss 1.087, avg val acc 61.76%
iteration: 185
user 14, emp_avg: 0.27286553216923826, h: 0.9742461724634567, ucb: 1.2468113141357082,num_of_obs(calculated after picking at this round): 34, privacy reward: 0.25666077695355527, g: 0.009343041946717295, curr_delay = 0.17681688812351345, data_size = 2147
user 16, emp_avg: 0.06864563242581835, h: 1.1193236341732438, ucb: 1.1881625827344082,num_of_obs(calculated after picking at this round): 26, privacy reward: 0.3534546819587794, g: 2.2597389861472038e-05, curr_delay = 0.7835427312152679, data_size = 1092
user 22, emp_avg: 0.06214050557996495, h: 1.1193236341732438, ucb: 1.181218363480078,num_of_obs(calculated after picking at this round): 26, privacy reward: 0.3534546819587794, g: 0.00012167707097938684, curr_delay = 0.7322261717358557, data_size = 1141
user 25, emp_avg: 0.05896797180770919, h: 1.1193236341732438, ucb: 1.1782432300567396,num_of_obs(calculated after picking at this round): 26, privacy reward: 0.3534546819587794, g: -0.0006755383917574721, curr_delay = 0.830877123281555, data_size = 852
user 28, emp_avg: 0.05719145935900271, h: 1.1193236341732438, ucb: 1.1767546793323818,num_of_obs(calculated after picking at this round): 26, privacy reward: 0.3534546819587794, g: 0.0005745209462407933, curr_delay = 0.9765278951391181, data_size = 1242
num of fast users chosen: 1, num of slow users chosen: 4
max_delay = 0.98 seconds
after cleansing the weights updates who were almost zeros (meaning with absolute value of less than 10**-7, 0.00% of the weights upadtes) we get:
user No.14 has been picked 34, his deltas theta's mean
 is -0.0025284290313720703,
the empirical var of deltas thetas is 0.005818485748022795
the minimum of the deltas theta is -0.4049782454967499 and the maximum is 0.5028371214866638
the added laplace noise var is 0.011456366743040828
global epoch 185 has been done artifficialy in 0.98 secs, the total time by now is 111.51 
 with avg train loss 1.085, val loss 1.023, avg val acc 64.42%
iteration: 186
user 17, emp_avg: 0.06699261025190682, h: 1.077625648638215, ucb: 1.1444081321133421,num_of_obs(calculated after picking at this round): 28, privacy reward: 0.3262797946230388, g: 0.006325323478354668, curr_delay = 0.6880793925438251, data_size = 1754
user 21, emp_avg: 0.06435728705804745, h: 1.0981536960224019, ucb: 1.1625281029521728,num_of_obs(calculated after picking at this round): 27, privacy reward: 0.33959552564493845, g: 0.0025839702911665693, curr_delay = 0.782323612112729, data_size = 1488
user 24, emp_avg: 0.06055504756546368, h: 1.0981536960224019, ucb: 1.158517955440839,num_of_obs(calculated after picking at this round): 27, privacy reward: 0.33959552564493845, g: 0.0009516393732584646, curr_delay = 0.7631777203842973, data_size = 1332
user 26, emp_avg: 0.05789841471184669, h: 1.0981536960224019, ucb: 1.1562068797375593,num_of_obs(calculated after picking at this round): 27, privacy reward: 0.33959552564493845, g: 0.0013032741216267782, curr_delay = 0.9280842266002317, data_size = 1373
user 27, emp_avg: 0.05694565719712251, h: 1.0981536960224019, ucb: 1.1551583446696116,num_of_obs(calculated after picking at this round): 27, privacy reward: 0.33959552564493845, g: 0.0038095495616905176, curr_delay = 0.9023335872345456, data_size = 1573
num of fast users chosen: 0, num of slow users chosen: 5
max_delay = 0.93 seconds
after cleansing the weights updates who were almost zeros (meaning with absolute value of less than 10**-7, 0.00% of the weights upadtes) we get:
user No.17 has been picked 28, his deltas theta's mean
 is 0.0011476720683276653,
the empirical var of deltas thetas is 0.008448335342109203
the minimum of the deltas theta is -0.6046537160873413 and the maximum is 0.6153864860534668
the added laplace noise var is 0.009011897266672203
global epoch 186 has been done artifficialy in 0.93 secs, the total time by now is 112.44 
 with avg train loss 1.211, val loss 1.321, avg val acc 53.69%
iteration: 187
user 0, emp_avg: 0.7952542698376668, h: 0.7844899892027706, ucb: 1.5810334100150216,num_of_obs(calculated after picking at this round): 52, privacy reward: 0.12493021219858191, g: 0.01389090808377472, curr_delay = 0.06853938471238256, data_size = 3049
user 1, emp_avg: 0.7328337060013431, h: 0.9469749084189464, ucb: 1.6872479384885735,num_of_obs(calculated after picking at this round): 36, privacy reward: 0.23692775868212124, g: -0.005849882111436044, curr_delay = 0.10582965543770179, data_size = 864
user 2, emp_avg: 0.6909049812942216, h: 0.9337298517999899, ucb: 1.6283255287976175,num_of_obs(calculated after picking at this round): 37, privacy reward: 0.22763768838381226, g: -0.005708566154508091, curr_delay = 0.08959932215773235, data_size = 913
user 5, emp_avg: 0.43359740110881445, h: 1.0228498048936203, ucb: 1.4419750279031796,num_of_obs(calculated after picking at this round): 31, privacy reward: 0.2893842179390499, g: -0.00367664383075704, curr_delay = 0.05761943611976224, data_size = 779
user 9, emp_avg: 0.3757821323491306, h: 1.058750134105701, ucb: 1.4395992781339788,num_of_obs(calculated after picking at this round): 29, privacy reward: 0.3134861808826046, g: -0.00531013000188514, curr_delay = 0.21376126141382434, data_size = 600
num of fast users chosen: 5, num of slow users chosen: 0
max_delay = 0.21 seconds
after cleansing the weights updates who were almost zeros (meaning with absolute value of less than 10**-7, 0.00% of the weights upadtes) we get:
user No.0 has been picked 52, his deltas theta's mean
 is -0.0020198961719870567,
the empirical var of deltas thetas is 0.006472744047641754
the minimum of the deltas theta is -0.4224550127983093 and the maximum is 0.567068338394165
the added laplace noise var is 0.023536340310219228
global epoch 187 has been done artifficialy in 0.21 secs, the total time by now is 112.65 
 with avg train loss 1.029, val loss 1.037, avg val acc 63.99%
iteration: 188
user 4, emp_avg: 0.5225337017254191, h: 0.7926998394976461, ucb: 1.3147877864812476,num_of_obs(calculated after picking at this round): 51, privacy reward: 0.13002871087842538, g: 0.021736168195087467, curr_delay = 0.09177318739260935, data_size = 3227
user 6, emp_avg: 0.4589679620481737, h: 0.8450208681793778, ucb: 1.3050724903110684,num_of_obs(calculated after picking at this round): 45, privacy reward: 0.16529888822158578, g: 0.01657553238658425, curr_delay = 0.12156963367019295, data_size = 2832
user 13, emp_avg: 0.29518236466853454, h: 0.9214948457420589, ucb: 1.2159438097828734,num_of_obs(calculated after picking at this round): 38, privacy reward: 0.21871188695221422, g: 0.012960000493106931, curr_delay = 0.1551262134062878, data_size = 2425
user 14, emp_avg: 0.2719135726158907, h: 0.9612897551938121, ucb: 1.2341552873630504,num_of_obs(calculated after picking at this round): 35, privacy reward: 0.2465969639416059, g: 0.00887113947599657, curr_delay = 0.2087273516058827, data_size = 2147
user 20, emp_avg: 0.06400327477083984, h: 1.1441636643013477, ucb: 1.2080717455417689,num_of_obs(calculated after picking at this round): 25, privacy reward: 0.36787944117144167, g: -0.002725542583549485, curr_delay = 0.7542852510151763, data_size = 589
num of fast users chosen: 4, num of slow users chosen: 1
max_delay = 0.75 seconds
after cleansing the weights updates who were almost zeros (meaning with absolute value of less than 10**-7, 0.00% of the weights upadtes) we get:
user No.4 has been picked 51, his deltas theta's mean
 is -0.005327867344021797,
the empirical var of deltas thetas is 0.015787256881594658
the minimum of the deltas theta is -0.6310479640960693 and the maximum is 0.5964445471763611
the added laplace noise var is 0.022613467206353745
global epoch 188 has been done artifficialy in 0.75 secs, the total time by now is 113.41 
 with avg train loss 1.118, val loss 1.156, avg val acc 60.12%
iteration: 189
user 0, emp_avg: 0.7991173968218618, h: 0.777699789942181, ucb: 1.572954059779848,num_of_obs(calculated after picking at this round): 53, privacy reward: 0.12003162851145621, g: 0.013329786412768007, curr_delay = 0.05, data_size = 3049
user 9, emp_avg: 0.37111740749109035, h: 1.0413930009492731, ucb: 1.4171751332984037,num_of_obs(calculated after picking at this round): 30, privacy reward: 0.3011942119122014, g: -0.00586406326191026, curr_delay = 0.2120077935723682, data_size = 600
user 10, emp_avg: 0.39097138489309335, h: 0.9762401916685391, ucb: 1.3707824069171306,num_of_obs(calculated after picking at this round): 34, privacy reward: 0.25666077695355527, g: -0.0007167380304245418, curr_delay = 0.18306034064756913, data_size = 1154
user 11, emp_avg: 0.32779756689669676, h: 1.0413930009492731, ucb: 1.3693250415339435,num_of_obs(calculated after picking at this round): 30, privacy reward: 0.3011942119122014, g: -0.003920501971489167, curr_delay = 0.15436966653471915, data_size = 709
user 12, emp_avg: 0.33613545486437363, h: 1.0413930009492731, ucb: 1.3761431384341396,num_of_obs(calculated after picking at this round): 30, privacy reward: 0.3011942119122014, g: -0.00586406326191026, curr_delay = 0.13286929745606654, data_size = 600
num of fast users chosen: 5, num of slow users chosen: 0
max_delay = 0.21 seconds
after cleansing the weights updates who were almost zeros (meaning with absolute value of less than 10**-7, 0.00% of the weights upadtes) we get:
user No.0 has been picked 53, his deltas theta's mean
 is -0.002610203344374895,
the empirical var of deltas thetas is 0.006917159538716078
the minimum of the deltas theta is -0.482944130897522 and the maximum is 0.4826284646987915
the added laplace noise var is 0.02449687657993479
global epoch 189 has been done artifficialy in 0.21 secs, the total time by now is 113.62 
 with avg train loss 1.035, val loss 1.018, avg val acc 64.75%
iteration: 190
user 15, emp_avg: 0.07072399568831624, h: 1.1221790308674087, ucb: 1.1927587570000528,num_of_obs(calculated after picking at this round): 26, privacy reward: 0.3534546819587794, g: -0.0007177279926381878, curr_delay = 0.6726692569694239, data_size = 818
user 18, emp_avg: 0.06713909444068776, h: 1.1221790308674087, ucb: 1.189226351633199,num_of_obs(calculated after picking at this round): 26, privacy reward: 0.3534546819587794, g: -0.0007246082922902862, curr_delay = 0.7201141504002735, data_size = 817
user 19, emp_avg: 0.06612112893216972, h: 1.1221790308674087, ucb: 1.1884130164473812,num_of_obs(calculated after picking at this round): 26, privacy reward: 0.3534546819587794, g: -0.0014293941968989107, curr_delay = 0.7898930001098842, data_size = 732
user 23, emp_avg: 0.06140469627364487, h: 1.1221790308674087, ucb: 1.1835232332635788,num_of_obs(calculated after picking at this round): 26, privacy reward: 0.3534546819587794, g: -0.0016713223231544182, curr_delay = 0.794697230648723, data_size = 708
user 29, emp_avg: 0.056188593514993564, h: 1.1221790308674087, ucb: 1.1782744311418283,num_of_obs(calculated after picking at this round): 26, privacy reward: 0.3534546819587794, g: -0.0011622872487179734, curr_delay = 0.8544317520873844, data_size = 761
num of fast users chosen: 0, num of slow users chosen: 5
max_delay = 0.85 seconds
after cleansing the weights updates who were almost zeros (meaning with absolute value of less than 10**-7, 0.00% of the weights upadtes) we get:
user No.15 has been picked 26, his deltas theta's mean
 is -0.0003581407363526523,
the empirical var of deltas thetas is 0.002561669098213315
the minimum of the deltas theta is -0.29337477684020996 and the maximum is 0.38488271832466125
the added laplace noise var is 0.008319029678822153
global epoch 190 has been done artifficialy in 0.85 secs, the total time by now is 114.47 
 with avg train loss 1.066, val loss 0.994, avg val acc 64.87%
iteration: 191
user 0, emp_avg: 0.8028374450288643, h: 0.771101155396836, ucb: 1.5702185522186978,num_of_obs(calculated after picking at this round): 54, privacy reward: 0.11532512103806203, g: 0.012791623195901786, curr_delay = 0.05, data_size = 3049
user 1, emp_avg: 0.7200741828244819, h: 0.9356168578400232, ucb: 1.6684505638413665,num_of_obs(calculated after picking at this round): 37, privacy reward: 0.22763768838381226, g: -0.006052905668039648, curr_delay = 0.19176827142499858, data_size = 864
user 2, emp_avg: 0.6834380116522348, h: 0.9228867836083215, ucb: 1.613791764902543,num_of_obs(calculated after picking at this round): 38, privacy reward: 0.21871188695221422, g: -0.005891938293610087, curr_delay = 0.1228018062535437, data_size = 913
user 3, emp_avg: 0.5624089832634589, h: 0.9772199369125597, ucb: 1.5394197145490178,num_of_obs(calculated after picking at this round): 34, privacy reward: 0.25666077695355527, g: -0.008882599677364838, curr_delay = 0.08782518630633007, data_size = 613
user 7, emp_avg: 0.4950677606655144, h: 1.008250490002197, ucb: 1.50852003327592,num_of_obs(calculated after picking at this round): 32, privacy reward: 0.2780373004531934, g: -0.011386347917602402, curr_delay = 0.1497846846007972, data_size = 434
num of fast users chosen: 5, num of slow users chosen: 0
max_delay = 0.19 seconds
after cleansing the weights updates who were almost zeros (meaning with absolute value of less than 10**-7, 0.00% of the weights upadtes) we get:
user No.0 has been picked 54, his deltas theta's mean
 is -0.002098705619573593,
the empirical var of deltas thetas is 0.006959777325391769
the minimum of the deltas theta is -0.5303366780281067 and the maximum is 0.5138139128684998
the added laplace noise var is 0.025496613078457308
global epoch 191 has been done artifficialy in 0.19 secs, the total time by now is 114.66 
 with avg train loss 0.986, val loss 1.036, avg val acc 64.11%
iteration: 192
user 4, emp_avg: 0.5200369884059026, h: 0.7864660623939129, ucb: 1.308999764119332,num_of_obs(calculated after picking at this round): 52, privacy reward: 0.12493021219858191, g: 0.021834305252117634, curr_delay = 0.12732216235822885, data_size = 3227
user 5, emp_avg: 0.451297482324164, h: 1.0087515796392745, ucb: 1.442348980748089,num_of_obs(calculated after picking at this round): 32, privacy reward: 0.2780373004531934, g: -0.0038026783738230713, curr_delay = 0.05, data_size = 779
user 6, emp_avg: 0.4563097173546648, h: 0.837257059054767, ucb: 1.2962250211029407,num_of_obs(calculated after picking at this round): 46, privacy reward: 0.15881742610691996, g: 0.016490040514181896, curr_delay = 0.148505129774696, data_size = 2832
user 8, emp_avg: 0.4316098890191305, h: 0.8771485430861822, ucb: 1.3117663719625354,num_of_obs(calculated after picking at this round): 42, privacy reward: 0.1863739760394093, g: 0.009133931161106225, curr_delay = 0.16218792556177275, data_size = 2413
user 11, emp_avg: 0.32877042714921256, h: 1.0254262891137307, ucb: 1.3532238560104275,num_of_obs(calculated after picking at this round): 31, privacy reward: 0.2893842179390499, g: -0.004280399028090515, curr_delay = 0.13968188049149727, data_size = 709
num of fast users chosen: 5, num of slow users chosen: 0
max_delay = 0.16 seconds
after cleansing the weights updates who were almost zeros (meaning with absolute value of less than 10**-7, 0.00% of the weights upadtes) we get:
user No.4 has been picked 52, his deltas theta's mean
 is -0.0021105236373841763,
the empirical var of deltas thetas is 0.0060357023030519485
the minimum of the deltas theta is -0.43925487995147705 and the maximum is 0.5348650217056274
the added laplace noise var is 0.023536340310219228
global epoch 192 has been done artifficialy in 0.16 secs, the total time by now is 114.83 
 with avg train loss 1.103, val loss 1.049, avg val acc 63.45%
iteration: 193
user 17, emp_avg: 0.06703263825655617, h: 1.0619413007289547, ucb: 1.1289339109808614,num_of_obs(calculated after picking at this round): 29, privacy reward: 0.3134861808826046, g: 0.006338623442808221, curr_delay = 0.7336388731335318, data_size = 1754
user 21, emp_avg: 0.0642161103958551, h: 1.081428087597844, ucb: 1.1457853746558915,num_of_obs(calculated after picking at this round): 28, privacy reward: 0.3262797946230388, g: 0.002572654439703446, curr_delay = 0.8277550846897826, data_size = 1488
user 22, emp_avg: 0.06190320815924917, h: 1.102028568899354, ucb: 1.164169074479319,num_of_obs(calculated after picking at this round): 27, privacy reward: 0.33959552564493845, g: 0.00013112178821939158, curr_delay = 0.8971269026749005, data_size = 1141
user 27, emp_avg: 0.05698902692484205, h: 1.081428087597844, ucb: 1.1383737447949664,num_of_obs(calculated after picking at this round): 28, privacy reward: 0.3262797946230388, g: 0.003795807105800905, curr_delay = 0.8596972450118029, data_size = 1573
user 28, emp_avg: 0.05707659911235886, h: 1.102028568899354, ucb: 1.1592200282583567,num_of_obs(calculated after picking at this round): 27, privacy reward: 0.33959552564493845, g: 0.0005948367741539394, curr_delay = 0.924381307022045, data_size = 1242
num of fast users chosen: 0, num of slow users chosen: 5
max_delay = 0.92 seconds
after cleansing the weights updates who were almost zeros (meaning with absolute value of less than 10**-7, 0.00% of the weights upadtes) we get:
user No.17 has been picked 29, his deltas theta's mean
 is 0.000367443251889199,
the empirical var of deltas thetas is 0.005239573307335377
the minimum of the deltas theta is -0.42899438738822937 and the maximum is 0.4479104280471802
the added laplace noise var is 0.009379679771067361
global epoch 193 has been done artifficialy in 0.92 secs, the total time by now is 115.75 
 with avg train loss 1.099, val loss 1.036, avg val acc 64.02%
iteration: 194
user 13, emp_avg: 0.29850055157822547, h: 0.9120126521857256, ucb: 1.2071950168542602,num_of_obs(calculated after picking at this round): 39, privacy reward: 0.21013607120076416, g: 0.013173121556021839, curr_delay = 0.11776020444987481, data_size = 2425
user 15, emp_avg: 0.07083999670872651, h: 1.1025695330311194, ucb: 1.1732935287194357,num_of_obs(calculated after picking at this round): 27, privacy reward: 0.33959552564493845, g: -0.0008545166706821074, curr_delay = 0.6769928545696559, data_size = 818
user 16, emp_avg: 0.06836265190983555, h: 1.1025695330311194, ucb: 1.1712151654569378,num_of_obs(calculated after picking at this round): 27, privacy reward: 0.33959552564493845, g: 3.44356277829192e-05, curr_delay = 0.8196028210415367, data_size = 1092
user 18, emp_avg: 0.06695231451016549, h: 1.1025695330311194, ucb: 1.1697086274718071,num_of_obs(calculated after picking at this round): 27, privacy reward: 0.33959552564493845, g: -0.0008620225426198967, curr_delay = 0.8052043731919221, data_size = 817
user 20, emp_avg: 0.06375955169423354, h: 1.1244047128037122, ucb: 1.1884079875745521,num_of_obs(calculated after picking at this round): 26, privacy reward: 0.3534546819587794, g: -0.002852962905825109, curr_delay = 0.8670549082730119, data_size = 589
num of fast users chosen: 1, num of slow users chosen: 4
max_delay = 0.87 seconds
after cleansing the weights updates who were almost zeros (meaning with absolute value of less than 10**-7, 0.00% of the weights upadtes) we get:
user No.13 has been picked 39, his deltas theta's mean
 is -0.0004087052075192332,
the empirical var of deltas thetas is 0.005966680124402046
the minimum of the deltas theta is -0.4925503432750702 and the maximum is 0.4727120101451874
the added laplace noise var is 0.013992837938444509
global epoch 194 has been done artifficialy in 0.87 secs, the total time by now is 116.62 
 with avg train loss 1.051, val loss 1.026, avg val acc 64.89%
iteration: 195
user 0, emp_avg: 0.8054662943166354, h: 0.7654337592766707, ucb: 1.568271204305535,num_of_obs(calculated after picking at this round): 55, privacy reward: 0.11080315836233334, g: 0.012919480437563009, curr_delay = 0.05277467298140655, data_size = 3049
user 4, emp_avg: 0.5217995013350815, h: 0.7800147601091434, ucb: 1.300051748515046,num_of_obs(calculated after picking at this round): 53, privacy reward: 0.12003162851145621, g: 0.021527547910775355, curr_delay = 0.08150621215462048, data_size = 3227
user 6, emp_avg: 0.45733105328071566, h: 0.8293265648205238, ucb: 1.2856362821751885,num_of_obs(calculated after picking at this round): 47, privacy reward: 0.15259010575688325, g: 0.01610135552058202, curr_delay = 0.09914487429346289, data_size = 2832
user 8, emp_avg: 0.4260723884879648, h: 0.8679203023454356, ucb: 1.299530191364566,num_of_obs(calculated after picking at this round): 43, privacy reward: 0.17906614791149256, g: 0.00878506049731905, curr_delay = 0.25840145004219156, data_size = 2413
user 10, emp_avg: 0.3928005515392761, h: 0.9646394838820307, ucb: 1.355610868775124,num_of_obs(calculated after picking at this round): 35, privacy reward: 0.2465969639416059, g: -0.0007037222241278617, curr_delay = 0.10989198952388043, data_size = 1154
num of fast users chosen: 5, num of slow users chosen: 0
max_delay = 0.26 seconds
after cleansing the weights updates who were almost zeros (meaning with absolute value of less than 10**-7, 0.00% of the weights upadtes) we get:
user No.0 has been picked 55, his deltas theta's mean
 is -0.002535794861614704,
the empirical var of deltas thetas is 0.007369762286543846
the minimum of the deltas theta is -0.4486798644065857 and the maximum is 0.6083239912986755
the added laplace noise var is 0.026537149597472925
global epoch 195 has been done artifficialy in 0.26 secs, the total time by now is 116.88 
 with avg train loss 1.103, val loss 1.029, avg val acc 64.92%
iteration: 196
user 0, emp_avg: 0.8089401104895526, h: 0.7588111270016478, ucb: 1.564277421318283,num_of_obs(calculated after picking at this round): 56, privacy reward: 0.1064585043792523, g: 0.01209444001435848, curr_delay = 0.05, data_size = 3049
user 1, emp_avg: 0.7274406516975218, h: 0.9251543034978675, ucb: 1.6452284863223494,num_of_obs(calculated after picking at this round): 38, privacy reward: 0.21871188695221422, g: -0.006098712951605855, curr_delay = 0.05, data_size = 864
user 2, emp_avg: 0.6915549857124339, h: 0.9129000630636742, ucb: 1.596338074715909,num_of_obs(calculated after picking at this round): 39, privacy reward: 0.21013607120076416, g: -0.0059165688414469135, curr_delay = 0.05, data_size = 913
user 3, emp_avg: 0.5573627618649621, h: 0.9651072472465111, ucb: 1.52751623050997,num_of_obs(calculated after picking at this round): 35, privacy reward: 0.2465969639416059, g: -0.009013995387587653, curr_delay = 0.12960377414650104, data_size = 613
user 7, emp_avg: 0.48696978704359084, h: 0.994809780111616, ucb: 1.4898775407771305,num_of_obs(calculated after picking at this round): 33, privacy reward: 0.26713530196584967, g: -0.011592500042855173, curr_delay = 0.21945741852049036, data_size = 434
num of fast users chosen: 5, num of slow users chosen: 0
max_delay = 0.22 seconds
after cleansing the weights updates who were almost zeros (meaning with absolute value of less than 10**-7, 0.00% of the weights upadtes) we get:
user No.0 has been picked 56, his deltas theta's mean
 is -0.002503171795979142,
the empirical var of deltas thetas is 0.007353401742875576
the minimum of the deltas theta is -0.586601734161377 and the maximum is 0.5437266826629639
the added laplace noise var is 0.02762015121740502
global epoch 196 has been done artifficialy in 0.22 secs, the total time by now is 117.10 
 with avg train loss 0.980, val loss 1.013, avg val acc 64.53%
iteration: 197
user 13, emp_avg: 0.2977555016413498, h: 0.9015545317128623, ucb: 1.2000550832910877,num_of_obs(calculated after picking at this round): 40, privacy reward: 0.2018965179946548, g: 0.01269699996863742, curr_delay = 0.18608213269654078, data_size = 2425
user 14, emp_avg: 0.27052505172141866, h: 0.9516785527601508, ucb: 1.2235921253760416,num_of_obs(calculated after picking at this round): 36, privacy reward: 0.23692775868212124, g: 0.009481465267521824, curr_delay = 0.22529949244766367, data_size = 2147
user 19, emp_avg: 0.06609956776779102, h: 1.1041742889951738, ucb: 1.1702954179273435,num_of_obs(calculated after picking at this round): 27, privacy reward: 0.33959552564493845, g: -0.0014598572243910164, curr_delay = 0.7629047921081678, data_size = 732
user 23, emp_avg: 0.06112959208863501, h: 1.1041742889951738, ucb: 1.1655789852688188,num_of_obs(calculated after picking at this round): 27, privacy reward: 0.33959552564493845, g: -0.0017042495338632556, curr_delay = 0.9263224729396035, data_size = 708
user 25, emp_avg: 0.05890702500094874, h: 1.1041742889951738, ucb: 1.163142260802883,num_of_obs(calculated after picking at this round): 27, privacy reward: 0.33959552564493845, g: -0.0005214683586488206, curr_delay = 0.8722592389705456, data_size = 852
num of fast users chosen: 2, num of slow users chosen: 3
max_delay = 0.93 seconds
after cleansing the weights updates who were almost zeros (meaning with absolute value of less than 10**-7, 0.00% of the weights upadtes) we get:
user No.13 has been picked 40, his deltas theta's mean
 is -0.0017639310099184513,
the empirical var of deltas thetas is 0.006415149662643671
the minimum of the deltas theta is -0.4592563509941101 and the maximum is 0.5080941915512085
the added laplace noise var is 0.014563896487861052
global epoch 197 has been done artifficialy in 0.93 secs, the total time by now is 118.02 
 with avg train loss 1.061, val loss 1.046, avg val acc 63.92%
iteration: 198
user 4, emp_avg: 0.5210830381070845, h: 0.7737388056210633, ucb: 1.2955383069561448,num_of_obs(calculated after picking at this round): 54, privacy reward: 0.11532512103806203, g: 0.02123215873904624, curr_delay = 0.10349599386277528, data_size = 3227
user 6, emp_avg: 0.4575220690545975, h: 0.8216434255880518, ucb: 1.2789744788687676,num_of_obs(calculated after picking at this round): 48, privacy reward: 0.14660696213034952, g: 0.015728875900533422, curr_delay = 0.10718117967556921, data_size = 2832
user 8, emp_avg: 0.42373766884553105, h: 0.8590097352260864, ucb: 1.285082123714051,num_of_obs(calculated after picking at this round): 44, privacy reward: 0.17204486382304973, g: 0.008453248941573307, curr_delay = 0.15463372758123028, data_size = 2413
user 9, emp_avg: 0.3673404014862726, h: 1.0284227759724631, ucb: 1.3995401834635535,num_of_obs(calculated after picking at this round): 31, privacy reward: 0.2893842179390499, g: -0.005573095793029957, curr_delay = 0.19682697490050288, data_size = 600
user 11, emp_avg: 0.330295829390576, h: 1.0116993398870906, ucb: 1.340469767036303,num_of_obs(calculated after picking at this round): 32, privacy reward: 0.2780373004531934, g: -0.004321802176327955, curr_delay = 0.13242111118065755, data_size = 709
num of fast users chosen: 5, num of slow users chosen: 0
max_delay = 0.20 seconds
after cleansing the weights updates who were almost zeros (meaning with absolute value of less than 10**-7, 0.00% of the weights upadtes) we get:
user No.4 has been picked 54, his deltas theta's mean
 is -0.0032043990213423967,
the empirical var of deltas thetas is 0.0060301232151687145
the minimum of the deltas theta is -0.46447429060935974 and the maximum is 0.4675515294075012
the added laplace noise var is 0.025496613078457308
global epoch 198 has been done artifficialy in 0.20 secs, the total time by now is 118.22 
 with avg train loss 1.085, val loss 1.022, avg val acc 64.96%
iteration: 199
user 22, emp_avg: 0.06186916050945781, h: 1.0845690208787484, ucb: 1.1464722290379976,num_of_obs(calculated after picking at this round): 28, privacy reward: 0.3262797946230388, g: 0.00010998715696758303, curr_delay = 0.8203462410543682, data_size = 1141
user 24, emp_avg: 0.06053061206357959, h: 1.0845690208787484, ucb: 1.145124068444212,num_of_obs(calculated after picking at this round): 28, privacy reward: 0.3262797946230388, g: 0.0012218664946218516, curr_delay = 0.8351309037107041, data_size = 1332
user 26, emp_avg: 0.057746879795309035, h: 1.0845690208787484, ucb: 1.142467435590595,num_of_obs(calculated after picking at this round): 28, privacy reward: 0.3262797946230388, g: 0.0016166384225005965, curr_delay = 0.9318720105575061, data_size = 1373
user 28, emp_avg: 0.05697881130655252, h: 1.0845690208787484, ucb: 1.1416456199911074,num_of_obs(calculated after picking at this round): 28, privacy reward: 0.3262797946230388, g: 0.0005487732475729342, curr_delay = 0.920157212433656, data_size = 1242
user 29, emp_avg: 0.05612583725618546, h: 1.1052293348571276, ucb: 1.161417928372121,num_of_obs(calculated after picking at this round): 27, privacy reward: 0.33959552564493845, g: -0.001100026879631474, curr_delay = 0.9175292668222048, data_size = 761
num of fast users chosen: 0, num of slow users chosen: 5
max_delay = 0.93 seconds
after cleansing the weights updates who were almost zeros (meaning with absolute value of less than 10**-7, 0.01% of the weights upadtes) we get:
user No.22 has been picked 28, his deltas theta's mean
 is 0.00015594303840771317,
the empirical var of deltas thetas is 0.0022232115734368563
the minimum of the deltas theta is -0.3373682498931885 and the maximum is 0.36848175525665283
the added laplace noise var is 0.009011897266672203
global epoch 199 has been done artifficialy in 0.93 secs, the total time by now is 119.15 
 with avg train loss 1.077, val loss 0.988, avg val acc 65.57%
iteration: 200
user 16, emp_avg: 0.0682719488813546, h: 1.0850824204791527, ucb: 1.1534450723889882,num_of_obs(calculated after picking at this round): 28, privacy reward: 0.3262797946230388, g: 2.3900427365758428e-05, curr_delay = 0.7596132807967012, data_size = 1092
user 17, emp_avg: 0.06688918339213541, h: 1.046997417895051, ucb: 1.1140300561516072,num_of_obs(calculated after picking at this round): 30, privacy reward: 0.3011942119122014, g: 0.006351004945267321, curr_delay = 0.7970795982469984, data_size = 1754
user 21, emp_avg: 0.0642577300282601, h: 1.0655297843810612, ucb: 1.1297458947769163,num_of_obs(calculated after picking at this round): 29, privacy reward: 0.3134861808826046, g: 0.0025621529832068287, curr_delay = 0.7642562869566726, data_size = 1488
user 26, emp_avg: 0.05790445300091399, h: 1.0655297843810612, ucb: 1.1232766641763703,num_of_obs(calculated after picking at this round): 29, privacy reward: 0.3134861808826046, g: 0.001287793106048914, curr_delay = 0.8023556808745861, data_size = 1373
user 27, emp_avg: 0.05704135062418498, h: 1.0655297843810612, ucb: 1.1225188113059033,num_of_obs(calculated after picking at this round): 29, privacy reward: 0.3134861808826046, g: 0.003783048907187651, curr_delay = 0.8546071516899486, data_size = 1573
num of fast users chosen: 0, num of slow users chosen: 5
max_delay = 0.85 seconds
after cleansing the weights updates who were almost zeros (meaning with absolute value of less than 10**-7, 0.00% of the weights upadtes) we get:
user No.16 has been picked 28, his deltas theta's mean
 is -0.000898257247172296,
the empirical var of deltas thetas is 0.002997985575348139
the minimum of the deltas theta is -0.32730990648269653 and the maximum is 0.32620495557785034
the added laplace noise var is 0.009011897266672203
global epoch 200 has been done artifficialy in 0.85 secs, the total time by now is 120.00 
 with avg train loss 1.114, val loss 1.013, avg val acc 64.34%
iteration: 201
user 0, emp_avg: 0.8081077093027718, h: 0.7537978775170349, ucb: 1.5627379880065875,num_of_obs(calculated after picking at this round): 57, privacy reward: 0.10228420671553695, g: 0.012539521331212264, curr_delay = 0.06566046444919779, data_size = 3049
user 1, emp_avg: 0.720937355809066, h: 0.9150759164415994, ucb: 1.6425165681391212,num_of_obs(calculated after picking at this round): 39, privacy reward: 0.21013607120076416, g: -0.00614240127093561, curr_delay = 0.10552706173742003, data_size = 864
user 2, emp_avg: 0.6992661110696231, h: 0.903267990564439, ucb: 1.5948229762768729,num_of_obs(calculated after picking at this round): 40, privacy reward: 0.2018965179946548, g: -0.005940021593715564, curr_delay = 0.05, data_size = 913
user 3, emp_avg: 0.564148285271344, h: 0.9534872753417839, ucb: 1.5108500372067462,num_of_obs(calculated after picking at this round): 36, privacy reward: 0.23692775868212124, g: -0.009139747910562632, curr_delay = 0.0623720122803707, data_size = 613
user 5, emp_avg: 0.4487097233279149, h: 0.9971808613592004, ucb: 1.4484783436833644,num_of_obs(calculated after picking at this round): 33, privacy reward: 0.26713530196584967, g: -0.0035297272174288352, curr_delay = 0.13664882166638342, data_size = 779
num of fast users chosen: 5, num of slow users chosen: 0
max_delay = 0.14 seconds
after cleansing the weights updates who were almost zeros (meaning with absolute value of less than 10**-7, 0.00% of the weights upadtes) we get:
user No.0 has been picked 57, his deltas theta's mean
 is -0.002109511522576213,
the empirical var of deltas thetas is 0.006739169359207153
the minimum of the deltas theta is -0.42373931407928467 and the maximum is 0.4330705404281616
the added laplace noise var is 0.028747350971898154
global epoch 201 has been done artifficialy in 0.14 secs, the total time by now is 120.14 
 with avg train loss 0.979, val loss 1.042, avg val acc 63.24%
iteration: 202
user 4, emp_avg: 0.5168070859294149, h: 0.7679892720171729, ucb: 1.2890723101242574,num_of_obs(calculated after picking at this round): 55, privacy reward: 0.11080315836233334, g: 0.021334290277101868, curr_delay = 0.1748828566118819, data_size = 3227
user 6, emp_avg: 0.45435900345393865, h: 0.8145756331827946, ucb: 1.272097702237392,num_of_obs(calculated after picking at this round): 49, privacy reward: 0.1408584209210444, g: 0.01566622473400982, curr_delay = 0.16527185232252978, data_size = 2832
user 8, emp_avg: 0.4232211867018003, h: 0.8507965009385353, ucb: 1.2745341697840664,num_of_obs(calculated after picking at this round): 45, privacy reward: 0.16529888822158578, g: 0.008334135555190032, curr_delay = 0.12484520057258552, data_size = 2413
user 10, emp_avg: 0.3906773103146266, h: 0.9539333038142241, ucb: 1.3467338553535002,num_of_obs(calculated after picking at this round): 36, privacy reward: 0.23692775868212124, g: -0.0006469959790575552, curr_delay = 0.15804586156667466, data_size = 1154
user 12, emp_avg: 0.3464262611564766, h: 1.0303657309325853, ucb: 1.366501185796959,num_of_obs(calculated after picking at this round): 31, privacy reward: 0.2893842179390499, g: -0.005134133776838735, curr_delay = 0.07631834795525005, data_size = 600
num of fast users chosen: 5, num of slow users chosen: 0
max_delay = 0.17 seconds
after cleansing the weights updates who were almost zeros (meaning with absolute value of less than 10**-7, 0.00% of the weights upadtes) we get:
user No.4 has been picked 55, his deltas theta's mean
 is -0.0009342370904050767,
the empirical var of deltas thetas is 0.005567341111600399
the minimum of the deltas theta is -0.4316108822822571 and the maximum is 0.4169759154319763
the added laplace noise var is 0.026537149597472925
global epoch 202 has been done artifficialy in 0.17 secs, the total time by now is 120.32 
 with avg train loss 1.097, val loss 1.113, avg val acc 61.25%
iteration: 203
user 13, emp_avg: 0.30003094261567764, h: 0.8927378657009392, ucb: 1.190493367342289,num_of_obs(calculated after picking at this round): 41, privacy reward: 0.19398004229089127, g: 0.012906362678838537, curr_delay = 0.12786135113150116, data_size = 2425
user 14, emp_avg: 0.26823490168309705, h: 0.9410283363641596, ucb: 1.2115533880855782,num_of_obs(calculated after picking at this round): 37, privacy reward: 0.22763768838381226, g: 0.009544877514354051, curr_delay = 0.2691217744722744, data_size = 2147
user 15, emp_avg: 0.07050975314731632, h: 1.0866059266298265, ucb: 1.157445923338553,num_of_obs(calculated after picking at this round): 28, privacy reward: 0.3262797946230388, g: -0.0007961666206390011, curr_delay = 0.8117782268112859, data_size = 818
user 18, emp_avg: 0.06689618266663012, h: 1.0866059266298265, ucb: 1.153558241139992,num_of_obs(calculated after picking at this round): 28, privacy reward: 0.3262797946230388, g: -0.0008034122654628741, curr_delay = 0.76475257941828, data_size = 817
user 20, emp_avg: 0.06388801979874177, h: 1.107305042299524, ucb: 1.1710645939937576,num_of_obs(calculated after picking at this round): 27, privacy reward: 0.33959552564493845, g: -0.0027694929878481467, curr_delay = 0.7437356206714111, data_size = 589
num of fast users chosen: 2, num of slow users chosen: 3
max_delay = 0.81 seconds
after cleansing the weights updates who were almost zeros (meaning with absolute value of less than 10**-7, 0.00% of the weights upadtes) we get:
user No.13 has been picked 41, his deltas theta's mean
 is -0.001137921353802085,
the empirical var of deltas thetas is 0.006459919270128012
the minimum of the deltas theta is -0.4427143931388855 and the maximum is 0.5496554970741272
the added laplace noise var is 0.015158260378788464
global epoch 203 has been done artifficialy in 0.81 secs, the total time by now is 121.13 
 with avg train loss 1.016, val loss 1.015, avg val acc 64.41%
iteration: 204
user 4, emp_avg: 0.5177309517307878, h: 0.7616813932235744, ucb: 1.2784884791529894,num_of_obs(calculated after picking at this round): 56, privacy reward: 0.1064585043792523, g: 0.020673123779742023, curr_delay = 0.08794400740314613, data_size = 3227
user 19, emp_avg: 0.0660609768006869, h: 1.0871082940887224, ucb: 1.1532078618565134,num_of_obs(calculated after picking at this round): 28, privacy reward: 0.3262797946230388, g: -0.0014885185418527015, curr_delay = 0.7690057381709349, data_size = 732
user 23, emp_avg: 0.06122135656684585, h: 1.0871082940887224, ucb: 1.1482378861773574,num_of_obs(calculated after picking at this round): 28, privacy reward: 0.3262797946230388, g: -0.001735205923928759, curr_delay = 0.7849417099043994, data_size = 708
user 25, emp_avg: 0.0587915266878512, h: 1.0871082940887224, ucb: 1.1460153190896711,num_of_obs(calculated after picking at this round): 28, privacy reward: 0.3262797946230388, g: -0.0005386543130914131, curr_delay = 0.8981002483507496, data_size = 852
user 29, emp_avg: 0.05602410373145146, h: 1.0871082940887224, ucb: 1.143234131344908,num_of_obs(calculated after picking at this round): 28, privacy reward: 0.3262797946230388, g: -0.0012156608262219328, curr_delay = 0.9384860221522062, data_size = 761
num of fast users chosen: 1, num of slow users chosen: 4
max_delay = 0.94 seconds
after cleansing the weights updates who were almost zeros (meaning with absolute value of less than 10**-7, 0.00% of the weights upadtes) we get:
user No.4 has been picked 56, his deltas theta's mean
 is -0.0015817648964002728,
the empirical var of deltas thetas is 0.005439433269202709
the minimum of the deltas theta is -0.44446438550949097 and the maximum is 0.506921648979187
the added laplace noise var is 0.02762015121740502
global epoch 204 has been done artifficialy in 0.94 secs, the total time by now is 122.07 
 with avg train loss 1.010, val loss 1.006, avg val acc 65.03%
iteration: 205
user 0, emp_avg: 0.8010168259257864, h: 0.7485431449885211, ucb: 1.556650854291293,num_of_obs(calculated after picking at this round): 58, privacy reward: 0.09827358560436095, g: 0.012664843948347333, curr_delay = 0.12599648305225736, data_size = 3049
user 1, emp_avg: 0.7155365934988552, h: 0.9049445354137124, ucb: 1.6258818912227784,num_of_obs(calculated after picking at this round): 40, privacy reward: 0.2018965179946548, g: -0.006330215128040483, curr_delay = 0.09902816464652799, data_size = 864
user 2, emp_avg: 0.704482786956525, h: 0.8935611321396881, ucb: 1.5928272432093111,num_of_obs(calculated after picking at this round): 41, privacy reward: 0.19398004229089127, g: -0.00610955399807856, curr_delay = 0.054755527265834214, data_size = 913
user 3, emp_avg: 0.5711298782210943, h: 0.9418961353867004, ucb: 1.5060444206580443,num_of_obs(calculated after picking at this round): 37, privacy reward: 0.22763768838381226, g: -0.009424998537627674, curr_delay = 0.06079269606851469, data_size = 613
user 7, emp_avg: 0.4844842977370424, h: 0.9837784284110845, ucb: 1.4707482154546754,num_of_obs(calculated after picking at this round): 34, privacy reward: 0.25666077695355527, g: -0.01110468653025847, curr_delay = 0.12423497635213895, data_size = 434
num of fast users chosen: 5, num of slow users chosen: 0
max_delay = 0.13 seconds
after cleansing the weights updates who were almost zeros (meaning with absolute value of less than 10**-7, 0.00% of the weights upadtes) we get:
user No.0 has been picked 58, his deltas theta's mean
 is -0.003206141758710146,
the empirical var of deltas thetas is 0.006675468757748604
the minimum of the deltas theta is -0.4608842432498932 and the maximum is 0.4858477711677551
the added laplace noise var is 0.02992055262104161
global epoch 205 has been done artifficialy in 0.13 secs, the total time by now is 122.19 
 with avg train loss 0.965, val loss 0.996, avg val acc 64.75%
iteration: 206
user 5, emp_avg: 0.44683208285125336, h: 0.9842280010047174, ucb: 1.4329377243326324,num_of_obs(calculated after picking at this round): 34, privacy reward: 0.25666077695355527, g: -0.0036483656174634374, curr_delay = 0.12991401478335127, data_size = 779
user 9, emp_avg: 0.3735755699950871, h: 1.0154810875248068, ucb: 1.3828214890110795,num_of_obs(calculated after picking at this round): 32, privacy reward: 0.2780373004531934, g: -0.005420413183757798, curr_delay = 0.08820429905924734, data_size = 600
user 10, emp_avg: 0.3874707322232114, h: 0.9423265683747488, ucb: 1.3330038786893754,num_of_obs(calculated after picking at this round): 37, privacy reward: 0.22763768838381226, g: -0.0007250132706740925, curr_delay = 0.18380060776483187, data_size = 1154
user 11, emp_avg: 0.32732495840957354, h: 0.9994882598850506, ucb: 1.3297840892756265,num_of_obs(calculated after picking at this round): 33, privacy reward: 0.26713530196584967, g: -0.004162129013337062, curr_delay = 0.2152786838157227, data_size = 709
user 12, emp_avg: 0.34278225296198084, h: 1.0154810875248068, ucb: 1.3619073486812834,num_of_obs(calculated after picking at this round): 32, privacy reward: 0.2780373004531934, g: -0.005420413183757798, curr_delay = 0.21756346427270518, data_size = 600
num of fast users chosen: 5, num of slow users chosen: 0
max_delay = 0.22 seconds
after cleansing the weights updates who were almost zeros (meaning with absolute value of less than 10**-7, 0.00% of the weights upadtes) we get:
user No.5 has been picked 34, his deltas theta's mean
 is -0.0006142150959931314,
the empirical var of deltas thetas is 0.0018077356508001685
the minimum of the deltas theta is -0.2942720055580139 and the maximum is 0.3726372718811035
the added laplace noise var is 0.011456366743040828
global epoch 206 has been done artifficialy in 0.22 secs, the total time by now is 122.41 
 with avg train loss 1.047, val loss 0.969, avg val acc 65.88%
iteration: 207
user 17, emp_avg: 0.06702079225753742, h: 1.0327360546882605, ucb: 1.099625238080396,num_of_obs(calculated after picking at this round): 31, privacy reward: 0.2893842179390499, g: 0.006362559934321603, curr_delay = 0.7045323871325199, data_size = 1754
user 21, emp_avg: 0.06421720198172885, h: 1.0503909413361823, ucb: 1.1146486713644423,num_of_obs(calculated after picking at this round): 30, privacy reward: 0.3011942119122014, g: 0.0025523811175167947, curr_delay = 0.7931234467230762, data_size = 1488
user 24, emp_avg: 0.060435296250472885, h: 1.068983374847206, ucb: 1.1295139869107855,num_of_obs(calculated after picking at this round): 29, privacy reward: 0.3134861808826046, g: 0.0012508882408465267, curr_delay = 0.8655542617705386, data_size = 1332
user 27, emp_avg: 0.056950854830490005, h: 1.0503909413361823, ucb: 1.1074322919603672,num_of_obs(calculated after picking at this round): 30, privacy reward: 0.3011942119122014, g: 0.00377117292928259, curr_delay = 0.9203615425273848, data_size = 1573
user 28, emp_avg: 0.05704365246436957, h: 1.068983374847206, ucb: 1.1259621861537585,num_of_obs(calculated after picking at this round): 29, privacy reward: 0.3134861808826046, g: 0.0005682789084030125, curr_delay = 0.849484801895981, data_size = 1242
num of fast users chosen: 0, num of slow users chosen: 5
max_delay = 0.92 seconds
after cleansing the weights updates who were almost zeros (meaning with absolute value of less than 10**-7, 0.00% of the weights upadtes) we get:
user No.17 has been picked 31, his deltas theta's mean
 is -0.00042751451837830245,
the empirical var of deltas thetas is 0.005927206017076969
the minimum of the deltas theta is -0.41358545422554016 and the maximum is 0.4839244484901428
the added laplace noise var is 0.010160885794929691
global epoch 207 has been done artifficialy in 0.92 secs, the total time by now is 123.33 
 with avg train loss 1.124, val loss 1.026, avg val acc 64.46%
iteration: 208
user 4, emp_avg: 0.5156055169795564, h: 0.7562268706995265, ucb: 1.2739578224303143,num_of_obs(calculated after picking at this round): 57, privacy reward: 0.10228420671553695, g: 0.02078169847883223, curr_delay = 0.12607759436786656, data_size = 3227
user 6, emp_avg: 0.46028919750226843, h: 0.8084405305228073, ucb: 1.262799533976746,num_of_obs(calculated after picking at this round): 50, privacy reward: 0.13533528323661215, g: 0.016182798708531832, curr_delay = 0.06658953770358378, data_size = 2832
user 8, emp_avg: 0.41985127395382627, h: 0.8436063916069957, ucb: 1.266827578308796,num_of_obs(calculated after picking at this round): 46, privacy reward: 0.15881742610691996, g: 0.008605737642848495, curr_delay = 0.18642442407904988, data_size = 2413
user 13, emp_avg: 0.2994151814092299, h: 0.8838003924047708, ucb: 1.1838313350204483,num_of_obs(calculated after picking at this round): 42, privacy reward: 0.1863739760394093, g: 0.012890224371415075, curr_delay = 0.1823692872512717, data_size = 2425
user 14, emp_avg: 0.2690100482398108, h: 0.9303476316018872, ucb: 1.1985825332849842,num_of_obs(calculated after picking at this round): 38, privacy reward: 0.21871188695221422, g: 0.009438739429994951, curr_delay = 0.16795969269427027, data_size = 2147
num of fast users chosen: 5, num of slow users chosen: 0
max_delay = 0.19 seconds
after cleansing the weights updates who were almost zeros (meaning with absolute value of less than 10**-7, 0.00% of the weights upadtes) we get:
user No.4 has been picked 57, his deltas theta's mean
 is -0.0011074560461565852,
the empirical var of deltas thetas is 0.005776111967861652
the minimum of the deltas theta is -0.435687780380249 and the maximum is 0.4199197292327881
the added laplace noise var is 0.028747350971898154
global epoch 208 has been done artifficialy in 0.19 secs, the total time by now is 123.52 
 with avg train loss 1.079, val loss 1.070, avg val acc 61.97%
iteration: 209
user 15, emp_avg: 0.07040916393711441, h: 1.0699466861181994, ucb: 1.1404564392655157,num_of_obs(calculated after picking at this round): 29, privacy reward: 0.3134861808826046, g: -0.000851635256607842, curr_delay = 0.7397252234722174, data_size = 818
user 16, emp_avg: 0.06825299074421341, h: 1.0699466861181994, ucb: 1.138218634999554,num_of_obs(calculated after picking at this round): 29, privacy reward: 0.3134861808826046, g: 3.5016977471871136e-05, curr_delay = 0.7383107369250127, data_size = 1092
user 18, emp_avg: 0.06681159636515945, h: 1.0699466861181994, ucb: 1.1368428687848295,num_of_obs(calculated after picking at this round): 29, privacy reward: 0.3134861808826046, g: -0.0008591284907216778, curr_delay = 0.7758772931283341, data_size = 817
user 22, emp_avg: 0.061730322971893556, h: 1.0699466861181994, ucb: 1.1318158466276573,num_of_obs(calculated after picking at this round): 29, privacy reward: 0.3134861808826046, g: 0.00014870769089390706, curr_delay = 0.8644107448376933, data_size = 1141
user 25, emp_avg: 0.05884262191596221, h: 1.0699466861181994, ucb: 1.1287382128060506,num_of_obs(calculated after picking at this round): 29, privacy reward: 0.3134861808826046, g: -0.0006163937395109516, curr_delay = 0.8295548726093465, data_size = 852
num of fast users chosen: 0, num of slow users chosen: 5
max_delay = 0.86 seconds
after cleansing the weights updates who were almost zeros (meaning with absolute value of less than 10**-7, 0.00% of the weights upadtes) we get:
user No.15 has been picked 29, his deltas theta's mean
 is -0.0017500021494925022,
the empirical var of deltas thetas is 0.002220576163381338
the minimum of the deltas theta is -0.2761269211769104 and the maximum is 0.28331178426742554
the added laplace noise var is 0.009379679771067361
global epoch 209 has been done artifficialy in 0.86 secs, the total time by now is 124.38 
 with avg train loss 1.047, val loss 0.953, avg val acc 66.32%
iteration: 210
user 0, emp_avg: 0.7916254800982533, h: 0.743739910789926, ucb: 1.5447567367157125,num_of_obs(calculated after picking at this round): 59, privacy reward: 0.09442022319630183, g: 0.013086557643094573, curr_delay = 0.202488648585494, data_size = 3049
user 4, emp_avg: 0.5131325509546848, h: 0.7502355791923289, ucb: 1.2658410961718851,num_of_obs(calculated after picking at this round): 58, privacy reward: 0.09827358560436095, g: 0.02015286469048956, curr_delay = 0.1343459479902591, data_size = 3227
user 6, emp_avg: 0.46062042732269254, h: 0.801032398649453, ucb: 1.2613215961517215,num_of_obs(calculated after picking at this round): 51, privacy reward: 0.13002871087842538, g: 0.015548422704351028, curr_delay = 0.10478184121797667, data_size = 2832
user 8, emp_avg: 0.42890418599865027, h: 0.8351340062256191, ucb: 1.2549852801794454,num_of_obs(calculated after picking at this round): 47, privacy reward: 0.15259010575688325, g: 0.008111821290550143, curr_delay = 0.059147928657777515, data_size = 2413
user 11, emp_avg: 0.33245368327696306, h: 0.986002722725124, ucb: 1.3133276811346977,num_of_obs(calculated after picking at this round): 34, privacy reward: 0.25666077695355527, g: -0.0043980261479060565, curr_delay = 0.09966083347400381, data_size = 709
num of fast users chosen: 5, num of slow users chosen: 0
max_delay = 0.20 seconds
after cleansing the weights updates who were almost zeros (meaning with absolute value of less than 10**-7, 0.00% of the weights upadtes) we get:
user No.0 has been picked 59, his deltas theta's mean
 is -0.0019796956330537796,
the empirical var of deltas thetas is 0.007490380201488733
the minimum of the deltas theta is -0.6365790367126465 and the maximum is 0.5478767156600952
the added laplace noise var is 0.031141633537770413
global epoch 210 has been done artifficialy in 0.20 secs, the total time by now is 124.58 
 with avg train loss 1.039, val loss 1.036, avg val acc 64.30%
iteration: 211
user 0, emp_avg: 0.7950983887632824, h: 0.7377375951763263, ucb: 1.5293630752745795,num_of_obs(calculated after picking at this round): 60, privacy reward: 0.0907179532894119, g: 0.012313478955941558, curr_delay = 0.05, data_size = 3049
user 1, emp_avg: 0.7224747253647368, h: 0.8959791961990021, ucb: 1.6115157896978574,num_of_obs(calculated after picking at this round): 41, privacy reward: 0.19398004229089127, g: -0.006223980223232991, curr_delay = 0.05, data_size = 864
user 2, emp_avg: 0.7115189110766077, h: 0.8849851700680639, ucb: 1.5894679570245889,num_of_obs(calculated after picking at this round): 42, privacy reward: 0.1863739760394093, g: -0.005983715734363246, curr_delay = 0.05, data_size = 913
user 3, emp_avg: 0.5699499198804028, h: 0.9315948081165074, ucb: 1.5027246863376016,num_of_obs(calculated after picking at this round): 38, privacy reward: 0.21871188695221422, g: -0.009375685946433076, curr_delay = 0.09500439144288399, data_size = 613
user 7, emp_avg: 0.48482754730342653, h: 0.9718258861372054, ucb: 1.4563101838742478,num_of_obs(calculated after picking at this round): 35, privacy reward: 0.2465969639416059, g: -0.01113881982554437, curr_delay = 0.1007053335984943, data_size = 434
num of fast users chosen: 5, num of slow users chosen: 0
max_delay = 0.10 seconds
after cleansing the weights updates who were almost zeros (meaning with absolute value of less than 10**-7, 0.00% of the weights upadtes) we get:
user No.0 has been picked 60, his deltas theta's mean
 is -0.004544979427009821,
the empirical var of deltas thetas is 0.008297430351376534
the minimum of the deltas theta is -0.5210591554641724 and the maximum is 0.5301448106765747
the added laplace noise var is 0.032412547712062464
global epoch 211 has been done artifficialy in 0.10 secs, the total time by now is 124.68 
 with avg train loss 0.958, val loss 0.985, avg val acc 65.04%
iteration: 212
user 4, emp_avg: 0.5213845416164699, h: 0.7443988276597718, ucb: 1.2575313786144566,num_of_obs(calculated after picking at this round): 59, privacy reward: 0.09442022319630183, g: 0.019545284664039295, curr_delay = 0.05, data_size = 3227
user 6, emp_avg: 0.46167731315037747, h: 0.793842944510845, ucb: 1.2544633718335376,num_of_obs(calculated after picking at this round): 52, privacy reward: 0.12493021219858191, g: 0.014938343161445907, curr_delay = 0.09697844447479548, data_size = 2832
user 13, emp_avg: 0.29780805037056785, h: 0.8747723193308247, ucb: 1.1741875007400546,num_of_obs(calculated after picking at this round): 43, privacy reward: 0.17906614791149256, g: 0.012664644121528066, curr_delay = 0.21710006296456805, data_size = 2425
user 14, emp_avg: 0.2690445408728757, h: 0.9196612312212418, ucb: 1.1886712794610526,num_of_obs(calculated after picking at this round): 39, privacy reward: 0.21013607120076416, g: 0.009176204484587216, curr_delay = 0.18494184218248882, data_size = 2147
user 20, emp_avg: 0.06382239795949343, h: 1.0910327701231846, ucb: 1.1549207899219263,num_of_obs(calculated after picking at this round): 28, privacy reward: 0.3262797946230388, g: -0.00269419602352778, curr_delay = 0.8057938732595886, data_size = 589
num of fast users chosen: 4, num of slow users chosen: 1
max_delay = 0.81 seconds
after cleansing the weights updates who were almost zeros (meaning with absolute value of less than 10**-7, 0.00% of the weights upadtes) we get:
user No.4 has been picked 59, his deltas theta's mean
 is -0.00022396705753635615,
the empirical var of deltas thetas is 0.005589931271970272
the minimum of the deltas theta is -0.3743916451931 and the maximum is 0.4118027687072754
the added laplace noise var is 0.031141633537770413
global epoch 212 has been done artifficialy in 0.81 secs, the total time by now is 125.49 
 with avg train loss 1.039, val loss 1.083, avg val acc 62.36%
iteration: 213
user 0, emp_avg: 0.7887222014879868, h: 0.7322084515839342, ucb: 1.5273068403472165,num_of_obs(calculated after picking at this round): 61, privacy reward: 0.08716085146198072, g: 0.011858519254526865, curr_delay = 0.12310693390489119, data_size = 3049
user 5, emp_avg: 0.46263688048407475, h: 0.9726820560614945, ucb: 1.419514138912748,num_of_obs(calculated after picking at this round): 35, privacy reward: 0.2465969639416059, g: -0.00357986110346842, curr_delay = 0.05, data_size = 779
user 9, emp_avg: 0.377621327880024, h: 1.0026177143211252, ucb: 1.3761932843162124,num_of_obs(calculated after picking at this round): 33, privacy reward: 0.26713530196584967, g: -0.005383561951422501, curr_delay = 0.09860268552790658, data_size = 600
user 10, emp_avg: 0.3834407896126814, h: 0.9324155348204476, ucb: 1.319886267043659,num_of_obs(calculated after picking at this round): 38, privacy reward: 0.21871188695221422, g: -0.0006696558282213464, curr_delay = 0.21337164871533257, data_size = 1154
user 12, emp_avg: 0.337667448109477, h: 1.0026177143211252, ucb: 1.345399967283106,num_of_obs(calculated after picking at this round): 33, privacy reward: 0.26713530196584967, g: -0.005383561951422501, curr_delay = 0.2873667383394057, data_size = 600
num of fast users chosen: 5, num of slow users chosen: 0
max_delay = 0.29 seconds
after cleansing the weights updates who were almost zeros (meaning with absolute value of less than 10**-7, 0.00% of the weights upadtes) we get:
user No.0 has been picked 61, his deltas theta's mean
 is -0.0008324756054207683,
the empirical var of deltas thetas is 0.006158082280308008
the minimum of the deltas theta is -0.39169594645500183 and the maximum is 0.5023010969161987
the added laplace noise var is 0.03373532887773946
global epoch 213 has been done artifficialy in 0.29 secs, the total time by now is 125.78 
 with avg train loss 0.994, val loss 1.005, avg val acc 64.31%
iteration: 214
user 17, emp_avg: 0.067199027095543, h: 1.0191054915500433, ucb: 1.0861262838075807,num_of_obs(calculated after picking at this round): 32, privacy reward: 0.2780373004531934, g: 0.006373368483411746, curr_delay = 0.6875280358370193, data_size = 1754
user 21, emp_avg: 0.06410476355111086, h: 1.035951351659126, ucb: 1.100168553640855,num_of_obs(calculated after picking at this round): 31, privacy reward: 0.2893842179390499, g: 0.0025432654108028144, curr_delay = 0.8232944833704816, data_size = 1488
user 24, emp_avg: 0.060372411631867996, h: 1.053661204630052, ucb: 1.1140965008805248,num_of_obs(calculated after picking at this round): 30, privacy reward: 0.3011942119122014, g: 0.0012333849164158418, curr_delay = 0.853989084836777, data_size = 1332
user 26, emp_avg: 0.05802264302766614, h: 1.053661204630052, ucb: 1.111565657630966,num_of_obs(calculated after picking at this round): 30, privacy reward: 0.3011942119122014, g: 0.0016298834984916656, curr_delay = 0.8136676135897607, data_size = 1373
user 27, emp_avg: 0.056824831019116416, h: 1.035951351659126, ucb: 1.0929022064896161,num_of_obs(calculated after picking at this round): 31, privacy reward: 0.2893842179390499, g: 0.0037600907625545657, curr_delay = 0.942611605799884, data_size = 1573
num of fast users chosen: 0, num of slow users chosen: 5
max_delay = 0.94 seconds
after cleansing the weights updates who were almost zeros (meaning with absolute value of less than 10**-7, 0.00% of the weights upadtes) we get:
user No.17 has been picked 32, his deltas theta's mean
 is -8.587769843870774e-05,
the empirical var of deltas thetas is 0.0065700700506567955
the minimum of the deltas theta is -0.44641169905662537 and the maximum is 0.4903891086578369
the added laplace noise var is 0.01057555941070121
global epoch 214 has been done artifficialy in 0.94 secs, the total time by now is 126.72 
 with avg train loss 1.104, val loss 1.055, avg val acc 63.33%
iteration: 215
user 15, emp_avg: 0.07015749907787387, h: 1.0541188209012005, ucb: 1.124527984838315,num_of_obs(calculated after picking at this round): 30, privacy reward: 0.3011942119122014, g: -0.0009057222357097939, curr_delay = 0.7954282834510069, data_size = 818
user 16, emp_avg: 0.06880638243221192, h: 1.0541188209012005, ucb: 1.1223718116454138,num_of_obs(calculated after picking at this round): 30, privacy reward: 0.3011942119122014, g: 2.5050879893272574e-05, curr_delay = 0.5892422648916165, data_size = 1092
user 19, emp_avg: 0.06645095605727833, h: 1.072777239704197, ucb: 1.138838216504884,num_of_obs(calculated after picking at this round): 29, privacy reward: 0.3134861808826046, g: -0.0013294001972566868, curr_delay = 0.6462421804691252, data_size = 732
user 23, emp_avg: 0.06116330009600213, h: 1.072777239704197, ucb: 1.1339985962710428,num_of_obs(calculated after picking at this round): 29, privacy reward: 0.3134861808826046, g: -0.0015630494319917958, curr_delay = 0.839803756566245, data_size = 708
user 29, emp_avg: 0.05584239938484695, h: 1.072777239704197, ucb: 1.1288013434356485,num_of_obs(calculated after picking at this round): 29, privacy reward: 0.3134861808826046, g: -0.0010722969096628979, curr_delay = 0.9851308743466005, data_size = 761
num of fast users chosen: 0, num of slow users chosen: 5
max_delay = 0.99 seconds
after cleansing the weights updates who were almost zeros (meaning with absolute value of less than 10**-7, 0.00% of the weights upadtes) we get:
user No.15 has been picked 30, his deltas theta's mean
 is -0.0006870241486467421,
the empirical var of deltas thetas is 0.0038695044349879026
the minimum of the deltas theta is -0.32491517066955566 and the maximum is 0.3320203423500061
the added laplace noise var is 0.009762471764201303
global epoch 215 has been done artifficialy in 0.99 secs, the total time by now is 127.71 
 with avg train loss 1.033, val loss 0.963, avg val acc 66.31%
iteration: 216
user 0, emp_avg: 0.7921299079155999, h: 0.7271285367474866, ucb: 1.5158507382354733,num_of_obs(calculated after picking at this round): 62, privacy reward: 0.08374322559219538, g: 0.01170281761821178, curr_delay = 0.05, data_size = 3049
user 1, emp_avg: 0.7290824699989097, h: 0.8869194486770403, ucb: 1.609394174041777,num_of_obs(calculated after picking at this round): 42, privacy reward: 0.1863739760394093, g: -0.006262120548093783, curr_delay = 0.05, data_size = 864
user 2, emp_avg: 0.7091375041557237, h: 0.8762972756909908, ucb: 1.5878161867675984,num_of_obs(calculated after picking at this round): 43, privacy reward: 0.17906614791149256, g: -0.006004100227554694, curr_delay = 0.08208584553281935, data_size = 913
user 5, emp_avg: 0.4594788962551999, h: 0.9599355699525581, ucb: 1.4225724504366328,num_of_obs(calculated after picking at this round): 36, privacy reward: 0.23692775868212124, g: -0.0038743857957388573, curr_delay = 0.14328723043274424, data_size = 779
user 7, emp_avg: 0.48434854060938615, h: 0.9599355699525581, ucb: 1.4447631172559847,num_of_obs(calculated after picking at this round): 36, privacy reward: 0.23692775868212124, g: -0.011329516974485192, curr_delay = 0.10693281672891514, data_size = 434
num of fast users chosen: 5, num of slow users chosen: 0
max_delay = 0.14 seconds
after cleansing the weights updates who were almost zeros (meaning with absolute value of less than 10**-7, 0.00% of the weights upadtes) we get:
user No.0 has been picked 62, his deltas theta's mean
 is -0.0006384360021911561,
the empirical var of deltas thetas is 0.009461999870836735
the minimum of the deltas theta is -0.525772750377655 and the maximum is 0.5275202989578247
the added laplace noise var is 0.03511209376687483
global epoch 216 has been done artifficialy in 0.14 secs, the total time by now is 127.85 
 with avg train loss 0.976, val loss 1.060, avg val acc 61.93%
iteration: 217
user 4, emp_avg: 0.5179552401544735, h: 0.7396676317406301, ucb: 1.2610521733571,num_of_obs(calculated after picking at this round): 60, privacy reward: 0.0907179532894119, g: 0.02002223762044116, curr_delay = 0.15841511185993887, data_size = 3227
user 6, emp_avg: 0.45730193755429444, h: 0.7878815818046365, ucb: 1.249558894955014,num_of_obs(calculated after picking at this round): 53, privacy reward: 0.12003162851145621, g: 0.015167699922665914, curr_delay = 0.21759716398211126, data_size = 2832
user 8, emp_avg: 0.4271865617662241, h: 0.8287312030055054, ucb: 1.2576353890041556,num_of_obs(calculated after picking at this round): 48, privacy reward: 0.14660696213034952, g: 0.008560580877846918, curr_delay = 0.144317544521881, data_size = 2413
user 10, emp_avg: 0.39139859294418067, h: 0.9216601742913759, ucb: 1.3051009639040574,num_of_obs(calculated after picking at this round): 39, privacy reward: 0.21013607120076416, g: -0.0007444164532607951, curr_delay = 0.07206738501283777, data_size = 1154
user 11, emp_avg: 0.3279201511294636, h: 0.9743683341656721, ucb: 1.3068220174426353,num_of_obs(calculated after picking at this round): 35, privacy reward: 0.2465969639416059, g: -0.004337116285305513, curr_delay = 0.2877200096633732, data_size = 709
num of fast users chosen: 5, num of slow users chosen: 0
max_delay = 0.29 seconds
after cleansing the weights updates who were almost zeros (meaning with absolute value of less than 10**-7, 0.00% of the weights upadtes) we get:
user No.4 has been picked 60, his deltas theta's mean
 is -0.0020809366833418608,
the empirical var of deltas thetas is 0.006755548994988203
the minimum of the deltas theta is -0.46791550517082214 and the maximum is 0.44585922360420227
the added laplace noise var is 0.032412547712062464
global epoch 217 has been done artifficialy in 0.29 secs, the total time by now is 128.14 
 with avg train loss 1.085, val loss 1.065, avg val acc 63.65%
iteration: 218
user 13, emp_avg: 0.295515867173438, h: 0.8667899932983759, ucb: 1.1645980436689438,num_of_obs(calculated after picking at this round): 44, privacy reward: 0.17204486382304973, g: 0.012860195535039434, curr_delay = 0.2538689762767019, data_size = 2425
user 18, emp_avg: 0.06666565033455098, h: 1.055477835516553, ucb: 1.1222894318817125,num_of_obs(calculated after picking at this round): 30, privacy reward: 0.3011942119122014, g: -0.0008046937688920338, curr_delay = 0.800855756700874, data_size = 817
user 22, emp_avg: 0.06164121189319136, h: 1.055477835516553, ucb: 1.1172081584884466,num_of_obs(calculated after picking at this round): 30, privacy reward: 0.3011942119122014, g: 0.00017261611512781259, curr_delay = 0.8466398216849313, data_size = 1141
user 25, emp_avg: 0.05883067306593924, h: 1.055477835516553, ucb: 1.1143204574325152,num_of_obs(calculated after picking at this round): 30, privacy reward: 0.3011942119122014, g: -0.0005704220118548392, curr_delay = 0.8549323964762274, data_size = 852
user 28, emp_avg: 0.05694563768193152, h: 1.055477835516553, ucb: 1.1125214879809227,num_of_obs(calculated after picking at this round): 30, privacy reward: 0.3011942119122014, g: 0.0006799983911821495, curr_delay = 0.9241596003687433, data_size = 1242
num of fast users chosen: 1, num of slow users chosen: 4
max_delay = 0.92 seconds
after cleansing the weights updates who were almost zeros (meaning with absolute value of less than 10**-7, 0.00% of the weights upadtes) we get:
user No.13 has been picked 44, his deltas theta's mean
 is 0.0007185138529166579,
the empirical var of deltas thetas is 0.006162325851619244
the minimum of the deltas theta is -0.4625241756439209 and the maximum is 0.5817737579345703
the added laplace noise var is 0.017090890852504384
global epoch 218 has been done artifficialy in 0.92 secs, the total time by now is 129.06 
 with avg train loss 1.032, val loss 0.984, avg val acc 65.78%
iteration: 219
user 4, emp_avg: 0.5140854519828054, h: 0.7341029716474727, ucb: 1.252058211801946,num_of_obs(calculated after picking at this round): 61, privacy reward: 0.08716085146198072, g: 0.019437031417998275, curr_delay = 0.1773690175967678, data_size = 3227
user 6, emp_avg: 0.45672554021514905, h: 0.7810784800867954, ucb: 1.2383804176410897,num_of_obs(calculated after picking at this round): 54, privacy reward: 0.11532512103806203, g: 0.014587668360466695, curr_delay = 0.11732228830288409, data_size = 2832
user 8, emp_avg: 0.42569050502285993, h: 0.8207520735441749, ucb: 1.247938635310399,num_of_obs(calculated after picking at this round): 49, privacy reward: 0.1408584209210444, g: 0.008088337815450245, curr_delay = 0.1412909203528816, data_size = 2413
user 9, emp_avg: 0.37531458377605753, h: 0.9898642450371669, ucb: 1.3674855729171909,num_of_obs(calculated after picking at this round): 34, privacy reward: 0.25666077695355527, g: -0.005449827947435738, curr_delay = 0.1671167519955369, data_size = 600
user 12, emp_avg: 0.33733695537408837, h: 0.9898642450371669, ucb: 1.3275316931466439,num_of_obs(calculated after picking at this round): 34, privacy reward: 0.25666077695355527, g: -0.005449827947435738, curr_delay = 0.1531718700158488, data_size = 600
num of fast users chosen: 5, num of slow users chosen: 0
max_delay = 0.18 seconds
after cleansing the weights updates who were almost zeros (meaning with absolute value of less than 10**-7, 0.00% of the weights upadtes) we get:
user No.4 has been picked 61, his deltas theta's mean
 is -0.0008065862348303199,
the empirical var of deltas thetas is 0.00565570592880249
the minimum of the deltas theta is -0.48231062293052673 and the maximum is 0.5122291445732117
the added laplace noise var is 0.03373532887773946
global epoch 219 has been done artifficialy in 0.18 secs, the total time by now is 129.24 
 with avg train loss 1.020, val loss 1.025, avg val acc 64.89%
iteration: 220
user 17, emp_avg: 0.06696882322386952, h: 1.0056366962979562, ucb: 1.072835723393499,num_of_obs(calculated after picking at this round): 33, privacy reward: 0.26713530196584967, g: 0.00627876319993711, curr_delay = 0.8388938105038232, data_size = 1754
user 21, emp_avg: 0.06392625697216796, h: 1.0217279051671395, ucb: 1.0858326687182505,num_of_obs(calculated after picking at this round): 32, privacy reward: 0.2780373004531934, g: 0.0024709472219884222, curr_delay = 0.8562735727387403, data_size = 1488
user 24, emp_avg: 0.06020925662688467, h: 1.0386171138925415, ucb: 1.0989895255244095,num_of_obs(calculated after picking at this round): 31, privacy reward: 0.2893842179390499, g: 0.0011744303345864993, curr_delay = 0.9039203780730508, data_size = 1332
user 26, emp_avg: 0.057992354539094994, h: 1.0386171138925415, ucb: 1.0966397569202078,num_of_obs(calculated after picking at this round): 31, privacy reward: 0.2893842179390499, g: 0.0015620041326306687, curr_delay = 0.8759067843078066, data_size = 1373
user 27, emp_avg: 0.05686938707618346, h: 1.0217279051671395, ucb: 1.078552736186256,num_of_obs(calculated after picking at this round): 32, privacy reward: 0.2780373004531934, g: 0.003672045362855124, curr_delay = 0.8583598911225578, data_size = 1573
num of fast users chosen: 0, num of slow users chosen: 5
max_delay = 0.90 seconds
after cleansing the weights updates who were almost zeros (meaning with absolute value of less than 10**-7, 0.00% of the weights upadtes) we get:
user No.17 has been picked 33, his deltas theta's mean
 is -0.0003263417456764728,
the empirical var of deltas thetas is 0.005683164577931166
the minimum of the deltas theta is -0.39811599254608154 and the maximum is 0.5619822144508362
the added laplace noise var is 0.011007156177769524
global epoch 220 has been done artifficialy in 0.90 secs, the total time by now is 130.14 
 with avg train loss 1.098, val loss 1.052, avg val acc 63.61%
iteration: 221
user 0, emp_avg: 0.7865199116778984, h: 0.7227744060786624, ucb: 1.5149043139942622,num_of_obs(calculated after picking at this round): 63, privacy reward: 0.08045960674953179, g: 0.012109678173976686, curr_delay = 0.11397306469272397, data_size = 3049
user 1, emp_avg: 0.7353828776733536, h: 0.8781606346317409, ucb: 1.6072431046306506,num_of_obs(calculated after picking at this round): 43, privacy reward: 0.17906614791149256, g: -0.006298643782686957, curr_delay = 0.05, data_size = 864
user 3, emp_avg: 0.5668397292279556, h: 0.9232234178068782, ucb: 1.4931733376872809,num_of_obs(calculated after picking at this round): 39, privacy reward: 0.21013607120076416, g: -0.008726993146935572, curr_delay = 0.11144483031888354, data_size = 613
user 5, emp_avg: 0.464121805199723, h: 0.9485218940995996, ucb: 1.4080007903547995,num_of_obs(calculated after picking at this round): 37, privacy reward: 0.22763768838381226, g: -0.0039820460268620616, curr_delay = 0.0792058470477976, data_size = 779
user 7, emp_avg: 0.4835212742400858, h: 0.9485218940995996, ucb: 1.4328704347089858,num_of_obs(calculated after picking at this round): 37, privacy reward: 0.22763768838381226, g: -0.011513095640915372, curr_delay = 0.11019534252559542, data_size = 434
num of fast users chosen: 5, num of slow users chosen: 0
max_delay = 0.11 seconds
after cleansing the weights updates who were almost zeros (meaning with absolute value of less than 10**-7, 0.00% of the weights upadtes) we get:
user No.0 has been picked 63, his deltas theta's mean
 is -0.0015699692303314805,
the empirical var of deltas thetas is 0.006554753053933382
the minimum of the deltas theta is -0.4031831622123718 and the maximum is 0.5050548315048218
the added laplace noise var is 0.036545045497016725
global epoch 221 has been done artifficialy in 0.11 secs, the total time by now is 130.26 
 with avg train loss 0.931, val loss 1.003, avg val acc 64.66%
iteration: 222
user 13, emp_avg: 0.2947356345312798, h: 0.8583290359131948, ucb: 1.1538449030866327,num_of_obs(calculated after picking at this round): 45, privacy reward: 0.16529888822158578, g: 0.012645522107980997, curr_delay = 0.19200830831833934, data_size = 2425
user 14, emp_avg: 0.2675830764482573, h: 0.9116913598760593, ucb: 1.180735900748935,num_of_obs(calculated after picking at this round): 40, privacy reward: 0.2018965179946548, g: 0.009872829857242763, curr_delay = 0.23743272854860947, data_size = 2147
user 19, emp_avg: 0.06641282789018578, h: 1.0572583981162638, ucb: 1.1237093541735421,num_of_obs(calculated after picking at this round): 30, privacy reward: 0.3011942119122014, g: -0.0013585868539549026, curr_delay = 0.7656134102445395, data_size = 732
user 20, emp_avg: 0.06401334272314371, h: 1.0759723889718427, ucb: 1.139794786931336,num_of_obs(calculated after picking at this round): 29, privacy reward: 0.3134861808826046, g: -0.0025677814024177782, curr_delay = 0.7208787050650257, data_size = 589
user 23, emp_avg: 0.06107478918917879, h: 1.0572583981162638, ucb: 1.118421698212266,num_of_obs(calculated after picking at this round): 30, privacy reward: 0.3011942119122014, g: -0.0015946838199257724, curr_delay = 0.8545843844716949, data_size = 708
num of fast users chosen: 2, num of slow users chosen: 3
max_delay = 0.85 seconds
after cleansing the weights updates who were almost zeros (meaning with absolute value of less than 10**-7, 0.00% of the weights upadtes) we get:
user No.13 has been picked 45, his deltas theta's mean
 is -0.0010507457191124558,
the empirical var of deltas thetas is 0.006197866518050432
the minimum of the deltas theta is -0.3874773681163788 and the maximum is 0.425484836101532
the added laplace noise var is 0.017788383339832698
global epoch 222 has been done artifficialy in 0.85 secs, the total time by now is 131.11 
 with avg train loss 0.972, val loss 1.059, avg val acc 63.29%
iteration: 223
user 16, emp_avg: 0.06864655029844992, h: 1.0399203595910715, ucb: 1.1087267420232834,num_of_obs(calculated after picking at this round): 31, privacy reward: 0.2893842179390499, g: 2.872593764335104e-05, curr_delay = 0.7830659018613013, data_size = 1092
user 22, emp_avg: 0.061569330369977665, h: 1.0399203595910715, ucb: 1.1015615714842628,num_of_obs(calculated after picking at this round): 31, privacy reward: 0.2893842179390499, g: 0.00013541325640840425, curr_delay = 0.8415682940613932, data_size = 1141
user 25, emp_avg: 0.05892218364129272, h: 1.0399203595910715, ucb: 1.0987510326570107,num_of_obs(calculated after picking at this round): 31, privacy reward: 0.2893842179390499, g: -0.0006444050408594897, curr_delay = 0.8107998421979481, data_size = 852
user 28, emp_avg: 0.05683947967635423, h: 1.0399203595910715, ucb: 1.096865997273003,num_of_obs(calculated after picking at this round): 31, privacy reward: 0.2893842179390499, g: 0.0006039381806975857, curr_delay = 0.931884125382436, data_size = 1242
user 29, emp_avg: 0.05582859814216428, h: 1.0576980637664024, ucb: 1.1135404631512493,num_of_obs(calculated after picking at this round): 30, privacy reward: 0.3011942119122014, g: -0.0010600383306033129, curr_delay = 0.9020652622903454, data_size = 761
num of fast users chosen: 0, num of slow users chosen: 5
max_delay = 0.93 seconds
after cleansing the weights updates who were almost zeros (meaning with absolute value of less than 10**-7, 0.00% of the weights upadtes) we get:
user No.16 has been picked 31, his deltas theta's mean
 is -0.00041909670107997954,
the empirical var of deltas thetas is 0.002940073609352112
the minimum of the deltas theta is -0.33081138134002686 and the maximum is 0.38677752017974854
the added laplace noise var is 0.010160885794929691
global epoch 223 has been done artifficialy in 0.93 secs, the total time by now is 132.04 
 with avg train loss 1.048, val loss 0.954, avg val acc 66.52%
iteration: 224
user 4, emp_avg: 0.5123094279223716, h: 0.729584165316671, ucb: 1.2436696172994766,num_of_obs(calculated after picking at this round): 62, privacy reward: 0.08374322559219538, g: 0.019900160481243795, curr_delay = 0.12377096660570594, data_size = 3227
user 6, emp_avg: 0.4633017696373642, h: 0.7754314964983503, ucb: 1.2321570367134993,num_of_obs(calculated after picking at this round): 55, privacy reward: 0.11080315836233334, g: 0.014815058303425102, curr_delay = 0.061093463634152564, data_size = 2832
user 8, emp_avg: 0.42150216196650353, h: 0.8140334986730223, ucb: 1.2397240036958823,num_of_obs(calculated after picking at this round): 50, privacy reward: 0.13533528323661215, g: 0.008165520373536015, curr_delay = 0.23118890741840947, data_size = 2413
user 10, emp_avg: 0.3907773164912411, h: 0.9124477689460485, ucb: 1.3038463618902292,num_of_obs(calculated after picking at this round): 40, privacy reward: 0.2018965179946548, g: -0.0006904245903039696, curr_delay = 0.13640795599308383, data_size = 1154
user 11, emp_avg: 0.324776544173416, h: 0.9631774248530631, ucb: 1.2910975759825267,num_of_obs(calculated after picking at this round): 36, privacy reward: 0.23692775868212124, g: -0.004280399028090515, curr_delay = 0.23282854475306547, data_size = 709
num of fast users chosen: 5, num of slow users chosen: 0
max_delay = 0.23 seconds
after cleansing the weights updates who were almost zeros (meaning with absolute value of less than 10**-7, 0.00% of the weights upadtes) we get:
user No.4 has been picked 62, his deltas theta's mean
 is -0.0026146320160478354,
the empirical var of deltas thetas is 0.0062010143883526325
the minimum of the deltas theta is -0.5292096734046936 and the maximum is 0.4769750237464905
the added laplace noise var is 0.03511209376687483
global epoch 224 has been done artifficialy in 0.23 secs, the total time by now is 132.28 
 with avg train loss 1.044, val loss 0.992, avg val acc 66.06%
iteration: 225
user 0, emp_avg: 0.7843178544949219, h: 0.7182054621932573, ucb: 1.5047253738711557,num_of_obs(calculated after picking at this round): 64, privacy reward: 0.07730474044329905, g: 0.012229477786052047, curr_delay = 0.07744874515238939, data_size = 3049
user 1, emp_avg: 0.7291538488904237, h: 0.8693301673371729, ucb: 1.6047130450105267,num_of_obs(calculated after picking at this round): 44, privacy reward: 0.17204486382304973, g: -0.006468962017427768, curr_delay = 0.10838801606441668, data_size = 864
user 2, emp_avg: 0.7157480154249118, h: 0.8693301673371729, ucb: 1.5784676714928967,num_of_obs(calculated after picking at this round): 44, privacy reward: 0.17204486382304973, g: -0.005498637143605279, curr_delay = 0.05, data_size = 913
user 3, emp_avg: 0.5776687359972567, h: 0.9128232116482122, ucb: 1.479662940876168,num_of_obs(calculated after picking at this round): 40, privacy reward: 0.2018965179946548, g: -0.008988179323340091, curr_delay = 0.05, data_size = 613
user 5, emp_avg: 0.45949827238953, h: 0.937169435965997, ucb: 1.40129124116572,num_of_obs(calculated after picking at this round): 38, privacy reward: 0.21871188695221422, g: -0.004179877456916764, curr_delay = 0.1733537539728096, data_size = 779
num of fast users chosen: 5, num of slow users chosen: 0
max_delay = 0.17 seconds
after cleansing the weights updates who were almost zeros (meaning with absolute value of less than 10**-7, 0.00% of the weights upadtes) we get:
user No.0 has been picked 64, his deltas theta's mean
 is -0.0004205082659609616,
the empirical var of deltas thetas is 0.006581570487469435
the minimum of the deltas theta is -0.4296939969062805 and the maximum is 0.5032952427864075
the added laplace noise var is 0.03803647709664604
global epoch 225 has been done artifficialy in 0.17 secs, the total time by now is 132.45 
 with avg train loss 0.929, val loss 1.001, avg val acc 64.64%
iteration: 226
user 13, emp_avg: 0.29527760926892377, h: 0.8501399884154207, ucb: 1.1448756229467005,num_of_obs(calculated after picking at this round): 46, privacy reward: 0.15881742610691996, g: 0.01244015980159626, curr_delay = 0.1564130251595366, data_size = 2425
user 14, emp_avg: 0.26580740857685575, h: 0.9017096261495954, ucb: 1.1692927025978528,num_of_obs(calculated after picking at this round): 41, privacy reward: 0.19398004229089127, g: 0.009613143621517632, curr_delay = 0.25669895226716694, data_size = 2147
user 15, emp_avg: 0.07044753403468744, h: 1.0412045907766914, ucb: 1.1113620898545653,num_of_obs(calculated after picking at this round): 31, privacy reward: 0.2893842179390499, g: -0.0007814742750149296, curr_delay = 0.6317232510002083, data_size = 818
user 18, emp_avg: 0.0665899693662443, h: 1.0412045907766914, ucb: 1.1078702411112424,num_of_obs(calculated after picking at this round): 31, privacy reward: 0.2893842179390499, g: -0.000788652905599732, curr_delay = 0.7773687397879362, data_size = 817
user 20, emp_avg: 0.06398139349334438, h: 1.0590042492121732, ucb: 1.123017591935317,num_of_obs(calculated after picking at this round): 30, privacy reward: 0.3011942119122014, g: -0.0027947863490674013, curr_delay = 0.7929602155599931, data_size = 589
num of fast users chosen: 2, num of slow users chosen: 3
max_delay = 0.79 seconds
after cleansing the weights updates who were almost zeros (meaning with absolute value of less than 10**-7, 0.00% of the weights upadtes) we get:
user No.13 has been picked 46, his deltas theta's mean
 is -0.0008352347649633884,
the empirical var of deltas thetas is 0.005970453377813101
the minimum of the deltas theta is -0.4175735116004944 and the maximum is 0.44172853231430054
the added laplace noise var is 0.01851434103556225
global epoch 226 has been done artifficialy in 0.79 secs, the total time by now is 133.24 
 with avg train loss 1.016, val loss 0.981, avg val acc 65.72%
iteration: 227
user 4, emp_avg: 0.5133618521094317, h: 0.7245654994423011, ucb: 1.2368749273646726,num_of_obs(calculated after picking at this round): 63, privacy reward: 0.08045960674953179, g: 0.01967331752121243, curr_delay = 0.08641367080258877, data_size = 3227
user 6, emp_avg: 0.4626202781539132, h: 0.769293656011662, ucb: 1.2325954256490261,num_of_obs(calculated after picking at this round): 56, privacy reward: 0.1064585043792523, g: 0.014519720718263926, curr_delay = 0.11760880232275248, data_size = 2832
user 8, emp_avg: 0.4200079664303212, h: 0.8068419932661961, ucb: 1.2283441552326997,num_of_obs(calculated after picking at this round): 51, privacy reward: 0.13002871087842538, g: 0.007894136228754239, curr_delay = 0.14480238096484188, data_size = 2413
user 9, emp_avg: 0.3785479601737187, h: 0.9784396357118881, ucb: 1.3537542194879455,num_of_obs(calculated after picking at this round): 35, privacy reward: 0.2465969639416059, g: -0.005316998874791448, curr_delay = 0.1023577582062806, data_size = 600
user 12, emp_avg: 0.3356403905767258, h: 0.9784396357118881, ucb: 1.3157765910859764,num_of_obs(calculated after picking at this round): 35, privacy reward: 0.2465969639416059, g: -0.005316998874791448, curr_delay = 0.1798838175610927, data_size = 600
num of fast users chosen: 5, num of slow users chosen: 0
max_delay = 0.18 seconds
after cleansing the weights updates who were almost zeros (meaning with absolute value of less than 10**-7, 0.00% of the weights upadtes) we get:
user No.4 has been picked 63, his deltas theta's mean
 is -0.0005229893140494823,
the empirical var of deltas thetas is 0.006072154268622398
the minimum of the deltas theta is -0.43382954597473145 and the maximum is 0.42401134967803955
the added laplace noise var is 0.036545045497016725
global epoch 227 has been done artifficialy in 0.18 secs, the total time by now is 133.42 
 with avg train loss 1.016, val loss 1.034, avg val acc 64.31%
iteration: 228
user 17, emp_avg: 0.06696560912614243, h: 0.9935561135230306, ucb: 1.0605249367469,num_of_obs(calculated after picking at this round): 34, privacy reward: 0.25666077695355527, g: 0.006393017982918831, curr_delay = 0.7478363907765359, data_size = 1754
user 21, emp_avg: 0.06377153289378124, h: 1.0089610029277434, ucb: 1.0728872598999113,num_of_obs(calculated after picking at this round): 33, privacy reward: 0.26713530196584967, g: 0.0025267548951168808, curr_delay = 0.8500457659948996, data_size = 1488
user 24, emp_avg: 0.06006028859270004, h: 1.0251054040805039, ucb: 1.0853146607073885,num_of_obs(calculated after picking at this round): 32, privacy reward: 0.2780373004531934, g: 0.0012019178342770973, curr_delay = 0.9018388208634294, data_size = 1332
user 26, emp_avg: 0.05779558336417298, h: 1.0251054040805039, ucb: 1.083097758619599,num_of_obs(calculated after picking at this round): 32, privacy reward: 0.2780373004531934, g: 0.0015936800178098062, curr_delay = 0.9671988637752719, data_size = 1373
user 27, emp_avg: 0.05700887532793446, h: 1.0089610029277434, ucb: 1.0658303900039268,num_of_obs(calculated after picking at this round): 33, privacy reward: 0.26713530196584967, g: 0.0037400095694747094, curr_delay = 0.8133718410844587, data_size = 1573
num of fast users chosen: 0, num of slow users chosen: 5
max_delay = 0.97 seconds
after cleansing the weights updates who were almost zeros (meaning with absolute value of less than 10**-7, 0.00% of the weights upadtes) we get:
user No.17 has been picked 34, his deltas theta's mean
 is -0.0012394783552736044,
the empirical var of deltas thetas is 0.005743918940424919
the minimum of the deltas theta is -0.4331490397453308 and the maximum is 0.5406736135482788
the added laplace noise var is 0.011456366743040828
global epoch 228 has been done artifficialy in 0.97 secs, the total time by now is 134.39 
 with avg train loss 1.063, val loss 0.968, avg val acc 66.26%
iteration: 229
user 0, emp_avg: 0.7876360413488461, h: 0.7137306479570636, ucb: 1.4980485024519856,num_of_obs(calculated after picking at this round): 65, privacy reward: 0.07427357821433322, g: 0.012345651387518286, curr_delay = 0.05, data_size = 3049
user 1, emp_avg: 0.7318651729088574, h: 0.8607915493275708, ucb: 1.5899453982179945,num_of_obs(calculated after picking at this round): 45, privacy reward: 0.16529888822158578, g: -0.006635484717980481, curr_delay = 0.05874312529669078, data_size = 864
user 2, emp_avg: 0.7077771437132387, h: 0.8607915493275708, ucb: 1.5765395647524827,num_of_obs(calculated after picking at this round): 45, privacy reward: 0.16529888822158578, g: -0.005652246335119636, curr_delay = 0.14003296270652252, data_size = 913
user 3, emp_avg: 0.5737222081409028, h: 0.9028057933648499, ucb: 1.4804745293621067,num_of_obs(calculated after picking at this round): 41, privacy reward: 0.19398004229089127, g: -0.009243892685295924, curr_delay = 0.12023245438203072, data_size = 613
user 7, emp_avg: 0.4810386927681813, h: 0.938692765863502, ucb: 1.4222140401035879,num_of_obs(calculated after picking at this round): 38, privacy reward: 0.21871188695221422, g: -0.011230747066553777, curr_delay = 0.12847420645829338, data_size = 434
num of fast users chosen: 5, num of slow users chosen: 0
max_delay = 0.14 seconds
after cleansing the weights updates who were almost zeros (meaning with absolute value of less than 10**-7, 0.00% of the weights upadtes) we get:
user No.0 has been picked 65, his deltas theta's mean
 is -0.0018266142578795552,
the empirical var of deltas thetas is 0.006768953055143356
the minimum of the deltas theta is -0.4153565764427185 and the maximum is 0.48765257000923157
the added laplace noise var is 0.039588775174511204
global epoch 229 has been done artifficialy in 0.14 secs, the total time by now is 134.53 
 with avg train loss 0.946, val loss 0.969, avg val acc 65.87%
iteration: 230
user 13, emp_avg: 0.2950418641704429, h: 0.842208223937669, ucb: 1.137485833206593,num_of_obs(calculated after picking at this round): 47, privacy reward: 0.15259010575688325, g: 0.012243535046824194, curr_delay = 0.17593393407480853, data_size = 2425
user 14, emp_avg: 0.2654364121936387, h: 0.8920854691298714, ucb: 1.1578928777067272,num_of_obs(calculated after picking at this round): 42, privacy reward: 0.1863739760394093, g: 0.009365772420630913, curr_delay = 0.19981971427594536, data_size = 2147
user 19, emp_avg: 0.06628148042870173, h: 1.0428882307249607, ucb: 1.1093010586151466,num_of_obs(calculated after picking at this round): 31, privacy reward: 0.2893842179390499, g: -0.0013441876807518606, curr_delay = 0.8020396627779979, data_size = 732
user 23, emp_avg: 0.06121294674230882, h: 1.0428882307249607, ucb: 1.1039630199141395,num_of_obs(calculated after picking at this round): 31, privacy reward: 0.2893842179390499, g: -0.0015790803853595987, curr_delay = 0.7650211130190089, data_size = 708
user 29, emp_avg: 0.055930216841169784, h: 1.0428882307249607, ucb: 1.098716828867125,num_of_obs(calculated after picking at this round): 31, privacy reward: 0.2893842179390499, g: -0.0010855818670619784, curr_delay = 0.8477625657137762, data_size = 761
num of fast users chosen: 2, num of slow users chosen: 3
max_delay = 0.85 seconds
after cleansing the weights updates who were almost zeros (meaning with absolute value of less than 10**-7, 0.00% of the weights upadtes) we get:
user No.13 has been picked 47, his deltas theta's mean
 is -0.0018078068969771266,
the empirical var of deltas thetas is 0.006804067175835371
the minimum of the deltas theta is -0.4362553358078003 and the maximum is 0.5415706634521484
the added laplace noise var is 0.019269925626885447
global epoch 230 has been done artifficialy in 0.85 secs, the total time by now is 135.38 
 with avg train loss 1.012, val loss 1.028, avg val acc 64.02%
iteration: 231
user 0, emp_avg: 0.7824810301168191, h: 0.7087855948259536, ucb: 1.4964216361747997,num_of_obs(calculated after picking at this round): 66, privacy reward: 0.07136126955638533, g: 0.011925008650427657, curr_delay = 0.11175549327663618, data_size = 3049
user 5, emp_avg: 0.45484045377397025, h: 0.9270000605111369, ucb: 1.386498332900667,num_of_obs(calculated after picking at this round): 39, privacy reward: 0.21013607120076416, g: -0.004187344219609215, curr_delay = 0.17995752157091624, data_size = 779
user 9, emp_avg: 0.38412976990955366, h: 0.9659119490058643, ucb: 1.344459909179583,num_of_obs(calculated after picking at this round): 36, privacy reward: 0.23692775868212124, g: -0.005573095793029957, curr_delay = 0.08628230272268109, data_size = 600
user 10, emp_avg: 0.3885243821067302, h: 0.9035278947427516, ucb: 1.2943052112339928,num_of_obs(calculated after picking at this round): 41, privacy reward: 0.19398004229089127, g: -0.0006415563196220831, curr_delay = 0.1675563873265929, data_size = 1154
user 12, emp_avg: 0.3337617070671588, h: 0.9659119490058643, ucb: 1.30155233958259,num_of_obs(calculated after picking at this round): 36, privacy reward: 0.23692775868212124, g: -0.005573095793029957, curr_delay = 0.18656174537325876, data_size = 600
num of fast users chosen: 5, num of slow users chosen: 0
max_delay = 0.19 seconds
after cleansing the weights updates who were almost zeros (meaning with absolute value of less than 10**-7, 0.00% of the weights upadtes) we get:
user No.0 has been picked 66, his deltas theta's mean
 is -0.0011701207840815187,
the empirical var of deltas thetas is 0.00642097694799304
the minimum of the deltas theta is -0.47934821248054504 and the maximum is 0.5059441328048706
the added laplace noise var is 0.0412044237387114
global epoch 231 has been done artifficialy in 0.19 secs, the total time by now is 135.56 
 with avg train loss 0.966, val loss 0.974, avg val acc 65.26%
iteration: 232
user 4, emp_avg: 0.5209655731702219, h: 0.7202339151551034, ucb: 1.2335957672645352,num_of_obs(calculated after picking at this round): 64, privacy reward: 0.07730474044329905, g: 0.02011791414630374, curr_delay = 0.05, data_size = 3227
user 6, emp_avg: 0.4625646190357454, h: 0.7639234281700651, ucb: 1.2265437063239784,num_of_obs(calculated after picking at this round): 57, privacy reward: 0.10228420671553695, g: 0.014740204126558867, curr_delay = 0.10882631273126858, data_size = 2832
user 8, emp_avg: 0.4220801736054789, h: 0.8004952416852597, ucb: 1.2205032081155809,num_of_obs(calculated after picking at this round): 52, privacy reward: 0.12493021219858191, g: 0.007971933141129496, curr_delay = 0.09473954156695577, data_size = 2413
user 10, emp_avg: 0.385600036847436, h: 0.8927953392602506, ucb: 1.2813197213669807,num_of_obs(calculated after picking at this round): 42, privacy reward: 0.1863739760394093, g: -0.0008348012215210064, curr_delay = 0.18818082796817748, data_size = 1154
user 11, emp_avg: 0.3297126757636976, h: 0.9527799126473988, ucb: 1.2775564568208149,num_of_obs(calculated after picking at this round): 37, privacy reward: 0.22763768838381226, g: -0.004140558585371062, curr_delay = 0.09853897969117466, data_size = 709
num of fast users chosen: 5, num of slow users chosen: 0
max_delay = 0.19 seconds
after cleansing the weights updates who were almost zeros (meaning with absolute value of less than 10**-7, 0.00% of the weights upadtes) we get:
user No.4 has been picked 64, his deltas theta's mean
 is -0.00106968660838902,
the empirical var of deltas thetas is 0.006281176581978798
the minimum of the deltas theta is -0.4951125383377075 and the maximum is 0.48558512330055237
the added laplace noise var is 0.03803647709664604
global epoch 232 has been done artifficialy in 0.19 secs, the total time by now is 135.75 
 with avg train loss 1.053, val loss 1.025, avg val acc 64.26%
iteration: 233
user 15, emp_avg: 0.0707238334449869, h: 1.0271512550204744, ucb: 1.097598789055162,num_of_obs(calculated after picking at this round): 32, privacy reward: 0.2780373004531934, g: -0.0007985546260308132, curr_delay = 0.630603581543454, data_size = 818
user 16, emp_avg: 0.0686454626176629, h: 1.0271512550204744, ucb: 1.0957978053189243,num_of_obs(calculated after picking at this round): 32, privacy reward: 0.2780373004531934, g: 4.680743627873509e-05, curr_delay = 0.7287382117260272, data_size = 1092
user 22, emp_avg: 0.06159104558176816, h: 1.0271512550204744, ucb: 1.088720585390452,num_of_obs(calculated after picking at this round): 32, privacy reward: 0.2780373004531934, g: 0.000172099183933657, curr_delay = 0.8030294491896549, data_size = 1141
user 25, emp_avg: 0.05895990993502485, h: 1.0271512550204744, ucb: 1.0860734386617672,num_of_obs(calculated after picking at this round): 32, privacy reward: 0.2780373004531934, g: -0.0005713628061567416, curr_delay = 0.8315396324867415, data_size = 852
user 28, emp_avg: 0.05671097707006372, h: 1.0271512550204744, ucb: 1.0839907346968287,num_of_obs(calculated after picking at this round): 32, privacy reward: 0.2780373004531934, g: 0.0006789720126693025, curr_delay = 0.9482736401238113, data_size = 1242
num of fast users chosen: 0, num of slow users chosen: 5
max_delay = 0.95 seconds
after cleansing the weights updates who were almost zeros (meaning with absolute value of less than 10**-7, 0.00% of the weights upadtes) we get:
user No.15 has been picked 32, his deltas theta's mean
 is -0.0011409447761252522,
the empirical var of deltas thetas is 0.002534997882321477
the minimum of the deltas theta is -0.2761857807636261 and the maximum is 0.2939266264438629
the added laplace noise var is 0.01057555941070121
global epoch 233 has been done artifficialy in 0.95 secs, the total time by now is 136.70 
 with avg train loss 1.036, val loss 0.977, avg val acc 65.43%
iteration: 234
user 0, emp_avg: 0.7857275819061204, h: 0.7042288571297945, ucb: 1.4867098872466138,num_of_obs(calculated after picking at this round): 67, privacy reward: 0.06856315415427716, g: 0.01177999541351286, curr_delay = 0.05, data_size = 3049
user 4, emp_avg: 0.5244220753053006, h: 0.7151477851219177, ucb: 1.2361133582921395,num_of_obs(calculated after picking at this round): 65, privacy reward: 0.07427357821433322, g: 0.01956783663430139, curr_delay = 0.0670566491881048, data_size = 3227
user 6, emp_avg: 0.46037649072565223, h: 0.7577891051819032, ucb: 1.2203537242176488,num_of_obs(calculated after picking at this round): 58, privacy reward: 0.09827358560436095, g: 0.01420835609065435, curr_delay = 0.14896328537507486, data_size = 2832
user 8, emp_avg: 0.41894520172832794, h: 0.7933852334743314, ucb: 1.2154654070798103,num_of_obs(calculated after picking at this round): 53, privacy reward: 0.12003162851145621, g: 0.00755005399972378, curr_delay = 0.19536846687160214, data_size = 2413
user 11, emp_avg: 0.32828598384050234, h: 0.9405565731817002, ucb: 1.2702692489453977,num_of_obs(calculated after picking at this round): 38, privacy reward: 0.21871188695221422, g: -0.0045285385115818215, curr_delay = 0.18148926869622875, data_size = 709
num of fast users chosen: 5, num of slow users chosen: 0
max_delay = 0.20 seconds
after cleansing the weights updates who were almost zeros (meaning with absolute value of less than 10**-7, 0.00% of the weights upadtes) we get:
user No.0 has been picked 67, his deltas theta's mean
 is -0.0018461248837411404,
the empirical var of deltas thetas is 0.0073372069746255875
the minimum of the deltas theta is -0.41026097536087036 and the maximum is 0.4627232551574707
the added laplace noise var is 0.042886008171639435
global epoch 234 has been done artifficialy in 0.20 secs, the total time by now is 136.89 
 with avg train loss 1.016, val loss 1.011, avg val acc 65.26%
iteration: 235
user 17, emp_avg: 0.0667584640732741, h: 0.9815580814205089, ucb: 1.0485236905466513,num_of_obs(calculated after picking at this round): 35, privacy reward: 0.2465969639416059, g: 0.006401974796581315, curr_delay = 0.8373030950994933, data_size = 1754
user 21, emp_avg: 0.06382735071352519, h: 0.9963191816193114, ucb: 1.0600907145130927,num_of_obs(calculated after picking at this round): 34, privacy reward: 0.25666077695355527, g: 0.002519255154979405, curr_delay = 0.7613903374125501, data_size = 1488
user 24, emp_avg: 0.06006250537131112, h: 1.0117669118438446, ucb: 1.0718272004365446,num_of_obs(calculated after picking at this round): 33, privacy reward: 0.26713530196584967, g: 0.0011877249861800704, curr_delay = 0.8314840810455472, data_size = 1332
user 26, emp_avg: 0.05793879625309069, h: 1.0117669118438446, ucb: 1.0695624952080176,num_of_obs(calculated after picking at this round): 33, privacy reward: 0.26713530196584967, g: 0.0015773305967591057, curr_delay = 0.7997235042551584, data_size = 1373
user 27, emp_avg: 0.05693035097468971, h: 0.9963191816193114, ucb: 1.0533280569472458,num_of_obs(calculated after picking at this round): 34, privacy reward: 0.25666077695355527, g: 0.003730884031545107, curr_delay = 0.9201486310157231, data_size = 1573
num of fast users chosen: 0, num of slow users chosen: 5
max_delay = 0.92 seconds
after cleansing the weights updates who were almost zeros (meaning with absolute value of less than 10**-7, 0.00% of the weights upadtes) we get:
user No.17 has been picked 35, his deltas theta's mean
 is -0.0014495366485789418,
the empirical var of deltas thetas is 0.005979964975267649
the minimum of the deltas theta is -0.4819401502609253 and the maximum is 0.4513760805130005
the added laplace noise var is 0.011923909939256253
global epoch 235 has been done artifficialy in 0.92 secs, the total time by now is 137.81 
 with avg train loss 1.067, val loss 0.998, avg val acc 64.73%
iteration: 236
user 0, emp_avg: 0.7813705223919667, h: 0.6994986566100813, ucb: 1.4852262385162016,num_of_obs(calculated after picking at this round): 68, privacy reward: 0.06587475442640223, g: 0.011382471078878144, curr_delay = 0.10215599513797563, data_size = 3049
user 1, emp_avg: 0.7288547698265578, h: 0.8535285041149757, ucb: 1.5853936770238333,num_of_obs(calculated after picking at this round): 46, privacy reward: 0.15881742610691996, g: -0.0063994740490434, curr_delay = 0.0842620938482681, data_size = 864
user 2, emp_avg: 0.7141298145020814, h: 0.8535285041149757, ucb: 1.5613056478282146,num_of_obs(calculated after picking at this round): 46, privacy reward: 0.15881742610691996, g: -0.00543458693122547, curr_delay = 0.05, data_size = 913
user 3, emp_avg: 0.5838716793756432, h: 0.8941952483651822, ucb: 1.4679174565060849,num_of_obs(calculated after picking at this round): 42, privacy reward: 0.1863739760394093, g: -0.009063323531598095, curr_delay = 0.05, data_size = 613
user 7, emp_avg: 0.47858318894771146, h: 0.9288219877910103, ucb: 1.4098606805591916,num_of_obs(calculated after picking at this round): 39, privacy reward: 0.21013607120076416, g: -0.011113400829238868, curr_delay = 0.12977775380546297, data_size = 434
num of fast users chosen: 5, num of slow users chosen: 0
max_delay = 0.13 seconds
after cleansing the weights updates who were almost zeros (meaning with absolute value of less than 10**-7, 0.00% of the weights upadtes) we get:
user No.0 has been picked 68, his deltas theta's mean
 is -0.001293209264986217,
the empirical var of deltas thetas is 0.006561813876032829
the minimum of the deltas theta is -0.3991163969039917 and the maximum is 0.45266592502593994
the added laplace noise var is 0.04463621936714514
global epoch 236 has been done artifficialy in 0.13 secs, the total time by now is 137.94 
 with avg train loss 0.945, val loss 1.002, avg val acc 64.84%
iteration: 237
user 13, emp_avg: 0.29435640778116196, h: 0.8354940040378556, ucb: 1.1305358682082984,num_of_obs(calculated after picking at this round): 48, privacy reward: 0.14660696213034952, g: 0.012619887419572387, curr_delay = 0.19073780464341966, data_size = 2425
user 14, emp_avg: 0.2633127378354853, h: 0.8838277257099316, ucb: 1.1492641379035704,num_of_obs(calculated after picking at this round): 43, privacy reward: 0.17906614791149256, g: 0.009569261188307688, curr_delay = 0.2871608959881119, data_size = 2147
user 18, emp_avg: 0.06649001611705017, h: 1.0287537221633096, ucb: 1.095343691529554,num_of_obs(calculated after picking at this round): 32, privacy reward: 0.2780373004531934, g: -0.0006833670229260812, curr_delay = 0.788749710876454, data_size = 817
user 19, emp_avg: 0.06643369011895499, h: 1.0287537221633096, ucb: 1.0950352025920114,num_of_obs(calculated after picking at this round): 32, privacy reward: 0.2780373004531934, g: -0.0013712261087495921, curr_delay = 0.7027190538594875, data_size = 732
user 20, emp_avg: 0.0639527630747154, h: 1.0457590679630877, ucb: 1.1097404614564321,num_of_obs(calculated after picking at this round): 31, privacy reward: 0.2893842179390499, g: -0.002614218950260609, curr_delay = 0.7924702580553763, data_size = 589
num of fast users chosen: 2, num of slow users chosen: 3
max_delay = 0.79 seconds
after cleansing the weights updates who were almost zeros (meaning with absolute value of less than 10**-7, 0.00% of the weights upadtes) we get:
user No.13 has been picked 48, his deltas theta's mean
 is 0.0003937789879273623,
the empirical var of deltas thetas is 0.007284092716872692
the minimum of the deltas theta is -0.42653530836105347 and the maximum is 0.47038859128952026
the added laplace noise var is 0.02005634621034838
global epoch 237 has been done artifficialy in 0.79 secs, the total time by now is 138.74 
 with avg train loss 0.986, val loss 1.013, avg val acc 64.85%
iteration: 238
user 4, emp_avg: 0.5232500863320518, h: 0.7107268656591466, ucb: 1.2351489409644472,num_of_obs(calculated after picking at this round): 66, privacy reward: 0.07136126955638533, g: 0.019678510238003502, curr_delay = 0.11183910838407589, data_size = 3227
user 6, emp_avg: 0.4648923606721074, h: 0.7523941561720671, ucb: 1.2127706468977193,num_of_obs(calculated after picking at this round): 59, privacy reward: 0.09442022319630183, g: 0.01418268383437376, curr_delay = 0.06879350334988418, data_size = 2832
user 9, emp_avg: 0.3808439944685997, h: 0.9550105299307329, ucb: 1.3391402998402866,num_of_obs(calculated after picking at this round): 37, privacy reward: 0.22763768838381226, g: -0.005535140179912291, curr_delay = 0.19043550721698527, data_size = 600
user 10, emp_avg: 0.3835253888926487, h: 0.8841679441043083, ucb: 1.2697679809517444,num_of_obs(calculated after picking at this round): 43, privacy reward: 0.17906614791149256, g: -0.0008202139233493328, curr_delay = 0.16869655019826268, data_size = 1154
user 12, emp_avg: 0.33109742090787725, h: 0.9550105299307329, ucb: 1.2887722369978918,num_of_obs(calculated after picking at this round): 37, privacy reward: 0.22763768838381226, g: -0.005535140179912291, curr_delay = 0.21260029280869652, data_size = 600
num of fast users chosen: 5, num of slow users chosen: 0
max_delay = 0.21 seconds
after cleansing the weights updates who were almost zeros (meaning with absolute value of less than 10**-7, 0.00% of the weights upadtes) we get:
user No.4 has been picked 66, his deltas theta's mean
 is -0.0023469896987080574,
the empirical var of deltas thetas is 0.0073340944945812225
the minimum of the deltas theta is -0.5274232029914856 and the maximum is 0.6135899424552917
the added laplace noise var is 0.0412044237387114
global epoch 238 has been done artifficialy in 0.21 secs, the total time by now is 138.95 
 with avg train loss 1.023, val loss 1.041, avg val acc 63.56%
iteration: 239
user 14, emp_avg: 0.26266029219718745, h: 0.8741611435660338, ucb: 1.137473881401519,num_of_obs(calculated after picking at this round): 44, privacy reward: 0.17204486382304973, g: 0.009048094527259291, curr_delay = 0.21312406959387736, data_size = 2147
user 15, emp_avg: 0.07053227363646887, h: 1.0133296186272058, ucb: 1.0840534520721927,num_of_obs(calculated after picking at this round): 33, privacy reward: 0.26713530196584967, g: -0.0008469678423530701, curr_delay = 0.7763690675824104, data_size = 818
user 16, emp_avg: 0.06867420629004947, h: 1.0133296186272058, ucb: 1.0819750812448687,num_of_obs(calculated after picking at this round): 33, privacy reward: 0.26713530196584967, g: 3.597112112558834e-05, curr_delay = 0.7184527008832283, data_size = 1092
user 23, emp_avg: 0.061228059036348155, h: 1.029543922069678, ucb: 1.0907568688119869,num_of_obs(calculated after picking at this round): 32, privacy reward: 0.2780373004531934, g: -0.0015217781337787642, curr_delay = 0.8104182159512823, data_size = 708
user 29, emp_avg: 0.05608519478505923, h: 1.029543922069678, ucb: 1.0854741389108478,num_of_obs(calculated after picking at this round): 32, privacy reward: 0.2780373004531934, g: -0.001038160605159392, curr_delay = 0.8211594926838695, data_size = 761
num of fast users chosen: 1, num of slow users chosen: 4
max_delay = 0.82 seconds
after cleansing the weights updates who were almost zeros (meaning with absolute value of less than 10**-7, 0.00% of the weights upadtes) we get:
user No.14 has been picked 44, his deltas theta's mean
 is -0.0038404816295951605,
the empirical var of deltas thetas is 0.007218921557068825
the minimum of the deltas theta is -0.4882889688014984 and the maximum is 0.5068854093551636
the added laplace noise var is 0.017090890852504384
global epoch 239 has been done artifficialy in 0.82 secs, the total time by now is 139.77 
 with avg train loss 0.993, val loss 0.987, avg val acc 65.99%
iteration: 240
user 0, emp_avg: 0.7799408742323553, h: 0.6954033271085961, ucb: 1.476773849500563,num_of_obs(calculated after picking at this round): 69, privacy reward: 0.06329176835964001, g: 0.01150334243494937, curr_delay = 0.07323595106768624, data_size = 3049
user 2, emp_avg: 0.7202121588743775, h: 0.8454974550658733, ucb: 1.5596272695679545,num_of_obs(calculated after picking at this round): 47, privacy reward: 0.15259010575688325, g: -0.005581337781053639, curr_delay = 0.05, data_size = 913
user 3, emp_avg: 0.5818132173817818, h: 0.8848437249708473, ucb: 1.4687154043464905,num_of_obs(calculated after picking at this round): 43, privacy reward: 0.17906614791149256, g: -0.009306977130780898, curr_delay = 0.100937138010662, data_size = 613
user 5, emp_avg: 0.46570392113239817, h: 0.9182457290811055, ucb: 1.3730861828550758,num_of_obs(calculated after picking at this round): 40, privacy reward: 0.2018965179946548, g: -0.003932233986357908, curr_delay = 0.05621899288530986, data_size = 779
user 7, emp_avg: 0.47496947147545693, h: 0.9182457290811055, ucb: 1.396828918028817,num_of_obs(calculated after picking at this round): 40, privacy reward: 0.2018965179946548, g: -0.011428287053403857, curr_delay = 0.1496851417690085, data_size = 434
num of fast users chosen: 5, num of slow users chosen: 0
max_delay = 0.15 seconds
after cleansing the weights updates who were almost zeros (meaning with absolute value of less than 10**-7, 0.00% of the weights upadtes) we get:
user No.0 has been picked 69, his deltas theta's mean
 is -0.001687530311755836,
the empirical var of deltas thetas is 0.006987052038311958
the minimum of the deltas theta is -0.6836245059967041 and the maximum is 0.7436742186546326
the added laplace noise var is 0.0464578580365396
global epoch 240 has been done artifficialy in 0.15 secs, the total time by now is 139.92 
 with avg train loss 0.921, val loss 0.986, avg val acc 65.48%
iteration: 241
user 0, emp_avg: 0.7830845760290359, h: 0.690607604781323, ucb: 1.4705484790136782,num_of_obs(calculated after picking at this round): 70, privacy reward: 0.060810062625217265, g: 0.01087430075377907, curr_delay = 0.05, data_size = 3049
user 4, emp_avg: 0.5289724935165134, h: 0.7061288147672525, ucb: 1.2293789010993044,num_of_obs(calculated after picking at this round): 67, privacy reward: 0.06856315415427716, g: 0.019468742574759897, curr_delay = 0.055147989383546814, data_size = 3227
user 6, emp_avg: 0.4609145039761756, h: 0.746843999331877, ucb: 1.2117363600039843,num_of_obs(calculated after picking at this round): 60, privacy reward: 0.0907179532894119, g: 0.013918165435960559, curr_delay = 0.22102284527279775, data_size = 2832
user 8, emp_avg: 0.4181958791327683, h: 0.7879850300386294, ucb: 1.2069302317669575,num_of_obs(calculated after picking at this round): 54, privacy reward: 0.11532512103806203, g: 0.007955972172176041, curr_delay = 0.13210675502752833, data_size = 2413
user 11, emp_avg: 0.3265448051082068, h: 0.9306022611437675, ucb: 1.25888824498427,num_of_obs(calculated after picking at this round): 39, privacy reward: 0.21013607120076416, g: -0.004469070516884724, curr_delay = 0.19202702761231003, data_size = 709
num of fast users chosen: 5, num of slow users chosen: 0
max_delay = 0.22 seconds
after cleansing the weights updates who were almost zeros (meaning with absolute value of less than 10**-7, 0.00% of the weights upadtes) we get:
user No.0 has been picked 70, his deltas theta's mean
 is -0.001725369947962463,
the empirical var of deltas thetas is 0.006462894380092621
the minimum of the deltas theta is -0.4338876008987427 and the maximum is 0.48968321084976196
the added laplace noise var is 0.04835383919033085
global epoch 241 has been done artifficialy in 0.22 secs, the total time by now is 140.14 
 with avg train loss 1.058, val loss 1.101, avg val acc 61.57%
iteration: 242
user 13, emp_avg: 0.294943281488047, h: 0.8283219276160604, ucb: 1.1226783353972223,num_of_obs(calculated after picking at this round): 49, privacy reward: 0.1408584209210444, g: 0.012612053905836106, curr_delay = 0.15474451986204557, data_size = 2425
user 18, emp_avg: 0.06662905951490322, h: 1.014483032708965, ucb: 1.080973048826015,num_of_obs(calculated after picking at this round): 33, privacy reward: 0.26713530196584967, g: -0.0007601604167163223, curr_delay = 0.7034481088671305, data_size = 817
user 22, emp_avg: 0.06153107648472155, h: 1.014483032708965, ucb: 1.076074078290733,num_of_obs(calculated after picking at this round): 33, privacy reward: 0.26713530196584967, g: 0.0001941692645997892, curr_delay = 0.8387563772856816, data_size = 1141
user 25, emp_avg: 0.05902562065700271, h: 1.014483032708965, ucb: 1.0734429426439898,num_of_obs(calculated after picking at this round): 33, privacy reward: 0.26713530196584967, g: -0.0005330276336225507, curr_delay = 0.8179508974928139, data_size = 852
user 28, emp_avg: 0.0565629698203083, h: 1.014483032708965, ucb: 1.0711940097790287,num_of_obs(calculated after picking at this round): 33, privacy reward: 0.26713530196584967, g: 0.0007221525797480043, curr_delay = 0.9647529845657589, data_size = 1242
num of fast users chosen: 1, num of slow users chosen: 4
max_delay = 0.96 seconds
after cleansing the weights updates who were almost zeros (meaning with absolute value of less than 10**-7, 0.00% of the weights upadtes) we get:
user No.13 has been picked 49, his deltas theta's mean
 is -0.0004751912201754749,
the empirical var of deltas thetas is 0.006631715223193169
the minimum of the deltas theta is -0.4031416177749634 and the maximum is 0.4861993193626404
the added laplace noise var is 0.02087486122666327
global epoch 242 has been done artifficialy in 0.96 secs, the total time by now is 141.11 
 with avg train loss 1.021, val loss 0.994, avg val acc 65.11%
iteration: 243
user 17, emp_avg: 0.0666905314566131, h: 0.9703956285975514, ucb: 1.0371540926708254,num_of_obs(calculated after picking at this round): 36, privacy reward: 0.23692775868212124, g: 0.006506079282271528, curr_delay = 0.7774491256475097, data_size = 1754
user 21, emp_avg: 0.06376619939135607, h: 0.9845627375230693, ucb: 1.0483900882365944,num_of_obs(calculated after picking at this round): 35, privacy reward: 0.2465969639416059, g: 0.0025704918912542443, curr_delay = 0.8105428352163088, data_size = 1488
user 24, emp_avg: 0.05996792361887261, h: 0.9993690230559161, ucb: 1.0594315284272273,num_of_obs(calculated after picking at this round): 34, privacy reward: 0.25666077695355527, g: 0.0012132076030314611, curr_delay = 0.8795581329716836, data_size = 1332
user 26, emp_avg: 0.057855192243990716, h: 0.9993690230559161, ucb: 1.0573078193090069,num_of_obs(calculated after picking at this round): 34, privacy reward: 0.25666077695355527, g: 0.0016066761658372788, curr_delay = 0.9075026154425001, data_size = 1373
user 27, emp_avg: 0.057043475113324034, h: 0.9845627375230693, ucb: 1.0414930884977591,num_of_obs(calculated after picking at this round): 35, privacy reward: 0.2465969639416059, g: 0.0037931802071219426, curr_delay = 0.8211570007206063, data_size = 1573
num of fast users chosen: 0, num of slow users chosen: 5
max_delay = 0.91 seconds
after cleansing the weights updates who were almost zeros (meaning with absolute value of less than 10**-7, 0.00% of the weights upadtes) we get:
user No.17 has been picked 36, his deltas theta's mean
 is -0.001064243377186358,
the empirical var of deltas thetas is 0.005966950673609972
the minimum of the deltas theta is -0.5279454588890076 and the maximum is 0.5003189444541931
the added laplace noise var is 0.012410533935277612
global epoch 243 has been done artifficialy in 0.91 secs, the total time by now is 142.01 
 with avg train loss 1.042, val loss 0.990, avg val acc 66.05%
iteration: 244
user 0, emp_avg: 0.7855358300653486, h: 0.686429783650356, ucb: 1.4695143596793918,num_of_obs(calculated after picking at this round): 71, privacy reward: 0.05842566596450016, g: 0.010754047442441404, curr_delay = 0.05223985631678061, data_size = 3049
user 1, emp_avg: 0.7266452331683849, h: 0.8467714818234895, ucb: 1.5756262516500472,num_of_obs(calculated after picking at this round): 47, privacy reward: 0.15259010575688325, g: -0.006059585084348597, curr_delay = 0.07999916200654687, data_size = 864
user 2, emp_avg: 0.7260410722311613, h: 0.8377148419482663, ucb: 1.5579270008226438,num_of_obs(calculated after picking at this round): 48, privacy reward: 0.14660696213034952, g: -0.005725137085672387, curr_delay = 0.05, data_size = 913
user 5, emp_avg: 0.46435818001265106, h: 0.9080612500233562, ucb: 1.3737651711557544,num_of_obs(calculated after picking at this round): 41, privacy reward: 0.19398004229089127, g: -0.00411419020900285, curr_delay = 0.12179421333737035, data_size = 779
user 7, emp_avg: 0.4743511383833001, h: 0.9080612500233562, ucb: 1.3830307214988131,num_of_obs(calculated after picking at this round): 41, privacy reward: 0.19398004229089127, g: -0.011737034044714814, curr_delay = 0.1112055580664488, data_size = 434
num of fast users chosen: 5, num of slow users chosen: 0
max_delay = 0.12 seconds
after cleansing the weights updates who were almost zeros (meaning with absolute value of less than 10**-7, 0.00% of the weights upadtes) we get:
user No.0 has been picked 71, his deltas theta's mean
 is -0.0006985675427131355,
the empirical var of deltas thetas is 0.007508400361984968
the minimum of the deltas theta is -0.48845285177230835 and the maximum is 0.6060773730278015
the added laplace noise var is 0.050327196802862476
global epoch 244 has been done artifficialy in 0.12 secs, the total time by now is 142.14 
 with avg train loss 0.934, val loss 1.027, avg val acc 63.43%
iteration: 245
user 4, emp_avg: 0.5339850314786141, h: 0.7018902969866484, ucb: 1.2308627905031617,num_of_obs(calculated after picking at this round): 68, privacy reward: 0.06587475442640223, g: 0.01957759784320061, curr_delay = 0.05748282205302675, data_size = 3227
user 6, emp_avg: 0.4626205550643551, h: 0.7417046723962798, ucb: 1.2026191763724554,num_of_obs(calculated after picking at this round): 61, privacy reward: 0.08716085146198072, g: 0.013898192037011807, curr_delay = 0.08849814082852872, data_size = 2832
user 8, emp_avg: 0.41622692616834234, h: 0.7818253719870873, ucb: 1.2000212511198556,num_of_obs(calculated after picking at this round): 55, privacy reward: 0.11080315836233334, g: 0.00786859577277161, curr_delay = 0.161340563985773, data_size = 2413
user 9, emp_avg: 0.3782827471397077, h: 0.9445082985523632, ucb: 1.325352293020963,num_of_obs(calculated after picking at this round): 38, privacy reward: 0.21871188695221422, g: -0.005499472244891602, curr_delay = 0.17635651919708636, data_size = 600
user 12, emp_avg: 0.33327024610815864, h: 0.9445082985523632, ucb: 1.2756057194602404,num_of_obs(calculated after picking at this round): 38, privacy reward: 0.21871188695221422, g: -0.005499472244891602, curr_delay = 0.12087081761967144, data_size = 600
num of fast users chosen: 5, num of slow users chosen: 0
max_delay = 0.18 seconds
after cleansing the weights updates who were almost zeros (meaning with absolute value of less than 10**-7, 0.00% of the weights upadtes) we get:
user No.4 has been picked 68, his deltas theta's mean
 is -0.0011205890914425254,
the empirical var of deltas thetas is 0.006871008314192295
the minimum of the deltas theta is -0.4832971692085266 and the maximum is 0.46417999267578125
the added laplace noise var is 0.04463621936714514
global epoch 245 has been done artifficialy in 0.18 secs, the total time by now is 142.31 
 with avg train loss 0.997, val loss 1.022, avg val acc 64.67%
iteration: 246
user 4, emp_avg: 0.5338521372087464, h: 0.6969681106680201, ucb: 1.2309531421466342,num_of_obs(calculated after picking at this round): 69, privacy reward: 0.06329176835964001, g: 0.018759847584327086, curr_delay = 0.0952716078232107, data_size = 3227
user 13, emp_avg: 0.29387017917413416, h: 0.8210494679918361, ucb: 1.1159927494798831,num_of_obs(calculated after picking at this round): 50, privacy reward: 0.13533528323661215, g: 0.012424115555174036, curr_delay = 0.2072211035953487, data_size = 2425
user 14, emp_avg: 0.2621831762414029, h: 0.8664450517067659, ucb: 1.1291053439039533,num_of_obs(calculated after picking at this round): 45, privacy reward: 0.16529888822158578, g: 0.009249823333073072, curr_delay = 0.207305380076536, data_size = 2147
user 19, emp_avg: 0.0663197218441311, h: 1.0159968813866103, ucb: 1.0824305715055653,num_of_obs(calculated after picking at this round): 33, privacy reward: 0.26713530196584967, g: -0.0013183931072074614, curr_delay = 0.7977950597609353, data_size = 732
user 20, emp_avg: 0.06369157222113732, h: 1.032253863743176, ucb: 1.0962066268178914,num_of_obs(calculated after picking at this round): 32, privacy reward: 0.2780373004531934, g: -0.00255665893527429, curr_delay = 0.899367022176607, data_size = 589
num of fast users chosen: 3, num of slow users chosen: 2
max_delay = 0.90 seconds
after cleansing the weights updates who were almost zeros (meaning with absolute value of less than 10**-7, 0.00% of the weights upadtes) we get:
user No.4 has been picked 69, his deltas theta's mean
 is -0.00012081570457667112,
the empirical var of deltas thetas is 0.010486628860235214
the minimum of the deltas theta is -0.49350932240486145 and the maximum is 0.5173764824867249
the added laplace noise var is 0.0464578580365396
global epoch 246 has been done artifficialy in 0.90 secs, the total time by now is 143.21 
 with avg train loss 1.019, val loss 1.095, avg val acc 63.13%
iteration: 247
user 15, emp_avg: 0.07050404474671064, h: 1.0008531212400726, ucb: 1.0713853948765415,num_of_obs(calculated after picking at this round): 34, privacy reward: 0.25666077695355527, g: -0.0008302890925160901, curr_delay = 0.7186748527307123, data_size = 818
user 16, emp_avg: 0.06862971009141072, h: 1.0008531212400726, ucb: 1.069527327530122,num_of_obs(calculated after picking at this round): 34, privacy reward: 0.25666077695355527, g: 3.9508358382592085e-05, curr_delay = 0.7444759637477969, data_size = 1092
user 18, emp_avg: 0.06659204816015037, h: 1.0008531212400726, ucb: 1.067482180754976,num_of_obs(calculated after picking at this round): 34, privacy reward: 0.25666077695355527, g: -0.0008376880290204279, curr_delay = 0.7648689750108608, data_size = 817
user 23, emp_avg: 0.06113877417911601, h: 1.0163711492942653, ucb: 1.0775992083306134,num_of_obs(calculated after picking at this round): 33, privacy reward: 0.26713530196584967, g: -0.0015099066816677343, curr_delay = 0.8579028303991805, data_size = 708
user 29, emp_avg: 0.056214232656068286, h: 1.0163711492942653, ucb: 1.0724563440793244,num_of_obs(calculated after picking at this round): 33, privacy reward: 0.26713530196584967, g: -0.001028359360399979, curr_delay = 0.8285904192377165, data_size = 761
num of fast users chosen: 0, num of slow users chosen: 5
max_delay = 0.86 seconds
after cleansing the weights updates who were almost zeros (meaning with absolute value of less than 10**-7, 0.00% of the weights upadtes) we get:
user No.15 has been picked 34, his deltas theta's mean
 is -0.001447371207177639,
the empirical var of deltas thetas is 0.002443586243316531
the minimum of the deltas theta is -0.29052799940109253 and the maximum is 0.3404431939125061
the added laplace noise var is 0.011456366743040828
global epoch 247 has been done artifficialy in 0.86 secs, the total time by now is 144.07 
 with avg train loss 0.995, val loss 0.961, avg val acc 66.38%
iteration: 248
user 0, emp_avg: 0.7885144990922187, h: 0.6825859330618689, ucb: 1.4681217631272174,num_of_obs(calculated after picking at this round): 72, privacy reward: 0.0561347628341331, g: 0.010877790523591363, curr_delay = 0.05, data_size = 3049
user 1, emp_avg: 0.7323401241440436, h: 0.838952899509579, ucb: 1.5655981326779638,num_of_obs(calculated after picking at this round): 48, privacy reward: 0.14660696213034952, g: -0.0062149376218328355, curr_delay = 0.05, data_size = 864
user 2, emp_avg: 0.7258323312131179, h: 0.8301678103074238, ucb: 1.5562088825385851,num_of_obs(calculated after picking at this round): 49, privacy reward: 0.1408584209210444, g: -0.005866039115394757, curr_delay = 0.06985066854083197, data_size = 913
user 3, emp_avg: 0.5765156587916989, h: 0.8771064011850358, ucb: 1.4589196185668176,num_of_obs(calculated after picking at this round): 44, privacy reward: 0.17204486382304973, g: -0.008998376408352925, curr_delay = 0.14338124661456553, data_size = 613
user 5, emp_avg: 0.4699639017306089, h: 0.8982445274790685, ucb: 1.3626027074917195,num_of_obs(calculated after picking at this round): 42, privacy reward: 0.1863739760394093, g: -0.004294195053864721, curr_delay = 0.07144913937321906, data_size = 779
num of fast users chosen: 5, num of slow users chosen: 0
max_delay = 0.14 seconds
after cleansing the weights updates who were almost zeros (meaning with absolute value of less than 10**-7, 0.00% of the weights upadtes) we get:
user No.0 has been picked 72, his deltas theta's mean
 is -0.0019268551841378212,
the empirical var of deltas thetas is 0.007271467708051205
the minimum of the deltas theta is -0.4643561840057373 and the maximum is 0.4495111405849457
the added laplace noise var is 0.05238108866731998
global epoch 248 has been done artifficialy in 0.14 secs, the total time by now is 144.21 
 with avg train loss 0.950, val loss 0.998, avg val acc 65.22%
iteration: 249
user 4, emp_avg: 0.5292418839772791, h: 0.6926604599196214, ucb: 1.2265125971283677,num_of_obs(calculated after picking at this round): 70, privacy reward: 0.060810062625217265, g: 0.018572490094391863, curr_delay = 0.23681596837651883, data_size = 3227
user 6, emp_avg: 0.4602912118022004, h: 0.7366819428343333, ucb: 1.1993024978986884,num_of_obs(calculated after picking at this round): 62, privacy reward: 0.08374322559219538, g: 0.013878874011725734, curr_delay = 0.15713324952579896, data_size = 2832
user 8, emp_avg: 0.41512706987380316, h: 0.7758246917581345, ucb: 1.1920516179264768,num_of_obs(calculated after picking at this round): 56, privacy reward: 0.1064585043792523, g: 0.007784486103500723, curr_delay = 0.14099004247094268, data_size = 2413
user 10, emp_avg: 0.38095256503696273, h: 0.8774264347191237, ucb: 1.2609518236117725,num_of_obs(calculated after picking at this round): 44, privacy reward: 0.17204486382304973, g: -0.0006179973238302806, curr_delay = 0.1849651867409156, data_size = 1154
user 11, emp_avg: 0.3254362237978484, h: 0.9213245395344772, ucb: 1.247869344642684,num_of_obs(calculated after picking at this round): 40, privacy reward: 0.2018965179946548, g: -0.004329806416296331, curr_delay = 0.17717833060344482, data_size = 709
num of fast users chosen: 5, num of slow users chosen: 0
max_delay = 0.24 seconds
after cleansing the weights updates who were almost zeros (meaning with absolute value of less than 10**-7, 0.00% of the weights upadtes) we get:
user No.4 has been picked 70, his deltas theta's mean
 is -0.0022643154952675104,
the empirical var of deltas thetas is 0.006695390213280916
the minimum of the deltas theta is -0.5449113845825195 and the maximum is 0.5052772164344788
the added laplace noise var is 0.04835383919033085
global epoch 249 has been done artifficialy in 0.24 secs, the total time by now is 144.45 
 with avg train loss 1.118, val loss 1.238, avg val acc 57.46%
iteration: 250
user 17, emp_avg: 0.06670310644251658, h: 0.9592932222789726, ucb: 1.0259837537355858,num_of_obs(calculated after picking at this round): 37, privacy reward: 0.22763768838381226, g: 0.006511391330448331, curr_delay = 0.7445372638125137, data_size = 1754
user 21, emp_avg: 0.06387832546077106, h: 0.9729008980095627, ucb: 1.0366670974009187,num_of_obs(calculated after picking at this round): 36, privacy reward: 0.23692775868212124, g: 0.0025621529832068287, curr_delay = 0.7374333479113995, data_size = 1488
user 26, emp_avg: 0.05777464963397545, h: 0.9871045821458523, ucb: 1.0449597743898429,num_of_obs(calculated after picking at this round): 35, privacy reward: 0.2465969639416059, g: 0.0015908797807433878, curr_delay = 0.9084929407971691, data_size = 1373
user 27, emp_avg: 0.05707690089607558, h: 0.9729008980095627, ucb: 1.0299443731228868,num_of_obs(calculated after picking at this round): 36, privacy reward: 0.23692775868212124, g: 0.003783048907187651, curr_delay = 0.8584162078220264, data_size = 1573
user 28, emp_avg: 0.056679670154328496, h: 1.0019490930510706, ucb: 1.058512062871379,num_of_obs(calculated after picking at this round): 34, privacy reward: 0.25666077695355527, g: 0.0007346431711269737, curr_delay = 0.8260260156530513, data_size = 1242
num of fast users chosen: 0, num of slow users chosen: 5
max_delay = 0.91 seconds
after cleansing the weights updates who were almost zeros (meaning with absolute value of less than 10**-7, 0.00% of the weights upadtes) we get:
user No.17 has been picked 37, his deltas theta's mean
 is 0.0001312465319642797,
the empirical var of deltas thetas is 0.0060386378318071365
the minimum of the deltas theta is -0.4171476364135742 and the maximum is 0.4821712374687195
the added laplace noise var is 0.012917017433317197
global epoch 250 has been done artifficialy in 0.91 secs, the total time by now is 145.36 
 with avg train loss 1.053, val loss 1.011, avg val acc 64.12%
iteration: 251
user 13, emp_avg: 0.2945808007998312, h: 0.8142814947521614, ucb: 1.1081516739262955,num_of_obs(calculated after picking at this round): 51, privacy reward: 0.13002871087842538, g: 0.012420505429206053, curr_delay = 0.1514637997403967, data_size = 2425
user 14, emp_avg: 0.2615758382184475, h: 0.8583280599810917, ucb: 1.1205112362224947,num_of_obs(calculated after picking at this round): 46, privacy reward: 0.15881742610691996, g: 0.00916900507733307, curr_delay = 0.21345115638130863, data_size = 2147
user 19, emp_avg: 0.06630329127257417, h: 1.0023112326592323, ucb: 1.0686309545033634,num_of_obs(calculated after picking at this round): 34, privacy reward: 0.25666077695355527, g: -0.0014214774621442994, curr_delay = 0.7603281175841428, data_size = 732
user 22, emp_avg: 0.06149922359773147, h: 1.0023112326592323, ucb: 1.0638423091439537,num_of_obs(calculated after picking at this round): 34, privacy reward: 0.25666077695355527, g: 0.00021584794619275722, curr_delay = 0.8271561542365597, data_size = 1141
user 25, emp_avg: 0.058959797972697, h: 1.0023112326592323, ucb: 1.061336853316235,num_of_obs(calculated after picking at this round): 34, privacy reward: 0.25666077695355527, g: -0.0004986329128423093, curr_delay = 0.8804731404901016, data_size = 852
num of fast users chosen: 2, num of slow users chosen: 3
max_delay = 0.88 seconds
after cleansing the weights updates who were almost zeros (meaning with absolute value of less than 10**-7, 0.00% of the weights upadtes) we get:
user No.13 has been picked 51, his deltas theta's mean
 is 0.0011856509372591972,
the empirical var of deltas thetas is 0.0067641763016581535
the minimum of the deltas theta is -0.5789018273353577 and the maximum is 0.45866721868515015
the added laplace noise var is 0.022613467206353745
global epoch 251 has been done artifficialy in 0.88 secs, the total time by now is 146.24 
 with avg train loss 0.995, val loss 0.996, avg val acc 65.51%
iteration: 252
user 0, emp_avg: 0.7906089591891496, h: 0.6788120191132584, ucb: 1.467326518205477,num_of_obs(calculated after picking at this round): 73, privacy reward: 0.053933687300355304, g: 0.010998279769195754, curr_delay = 0.05311181676788147, data_size = 3049
user 1, emp_avg: 0.7296864803215692, h: 0.8313715390479325, ucb: 1.563711663191976,num_of_obs(calculated after picking at this round): 49, privacy reward: 0.1408584209210444, g: -0.006367231988944033, curr_delay = 0.0830135131423014, data_size = 864
user 2, emp_avg: 0.7201120359080744, h: 0.8228444260558582, ucb: 1.548676757268976,num_of_obs(calculated after picking at this round): 50, privacy reward: 0.13533528323661215, g: -0.006004100227554694, curr_delay = 0.11368349940902572, data_size = 913
user 3, emp_avg: 0.5706552636937327, h: 0.86833925247447, ucb: 1.4448549112661688,num_of_obs(calculated after picking at this round): 45, privacy reward: 0.16529888822158578, g: -0.009230568985648228, curr_delay = 0.15984763099606258, data_size = 613
user 5, emp_avg: 0.4672583573894309, h: 0.8887735600663762, ucb: 1.3587374617969852,num_of_obs(calculated after picking at this round): 43, privacy reward: 0.17906614791149256, g: -0.004472157825386142, curr_delay = 0.14139252033149632, data_size = 779
num of fast users chosen: 5, num of slow users chosen: 0
max_delay = 0.16 seconds
after cleansing the weights updates who were almost zeros (meaning with absolute value of less than 10**-7, 0.00% of the weights upadtes) we get:
user No.0 has been picked 73, his deltas theta's mean
 is -0.00036228520912118256,
the empirical var of deltas thetas is 0.006120241712778807
the minimum of the deltas theta is -0.3937016427516937 and the maximum is 0.4331657290458679
the added laplace noise var is 0.054518801448873444
global epoch 252 has been done artifficialy in 0.16 secs, the total time by now is 146.40 
 with avg train loss 0.914, val loss 1.004, avg val acc 65.01%
iteration: 253
user 4, emp_avg: 0.5271525462505815, h: 0.6886875398939755, ucb: 1.2179294238712546,num_of_obs(calculated after picking at this round): 71, privacy reward: 0.05842566596450016, g: 0.018689491568200507, curr_delay = 0.13126842659179733, data_size = 3227
user 6, emp_avg: 0.46191452747006384, h: 0.7317713477314671, ucb: 1.1920625595336676,num_of_obs(calculated after picking at this round): 63, privacy reward: 0.08045960674953179, g: 0.013860179637615733, curr_delay = 0.08887939279689121, data_size = 2832
user 8, emp_avg: 0.413773435465276, h: 0.7699760772300137, ucb: 1.185103147103817,num_of_obs(calculated after picking at this round): 57, privacy reward: 0.10228420671553695, g: 0.007703466772793727, curr_delay = 0.14794216505525729, data_size = 2413
user 9, emp_avg: 0.3810804136927982, h: 0.9347155060057061, ucb: 1.3129982531454139,num_of_obs(calculated after picking at this round): 39, privacy reward: 0.21013607120076416, g: -0.00537811711454526, curr_delay = 0.10258688364715646, data_size = 600
user 10, emp_avg: 0.3836773594357758, h: 0.8686501666949746, ucb: 1.2496027317319374,num_of_obs(calculated after picking at this round): 45, privacy reward: 0.16529888822158578, g: -0.0006802619808012213, curr_delay = 0.0992913944560158, data_size = 1154
num of fast users chosen: 5, num of slow users chosen: 0
max_delay = 0.15 seconds
after cleansing the weights updates who were almost zeros (meaning with absolute value of less than 10**-7, 0.00% of the weights upadtes) we get:
user No.4 has been picked 71, his deltas theta's mean
 is -0.0013901656493544579,
the empirical var of deltas thetas is 0.006937860976904631
the minimum of the deltas theta is -0.437651664018631 and the maximum is 0.4730863869190216
the added laplace noise var is 0.050327196802862476
global epoch 253 has been done artifficialy in 0.15 secs, the total time by now is 146.55 
 with avg train loss 1.082, val loss 1.057, avg val acc 62.94%
iteration: 254
user 16, emp_avg: 0.06875418946061655, h: 0.9885224506080842, ucb: 1.057152160699495,num_of_obs(calculated after picking at this round): 35, privacy reward: 0.2465969639416059, g: 3.636739600982347e-05, curr_delay = 0.6850583081990853, data_size = 1092
user 22, emp_avg: 0.06161761668249396, h: 0.9885224506080842, ucb: 1.0500216742058157,num_of_obs(calculated after picking at this round): 35, privacy reward: 0.2465969639416059, g: 0.00015147702857950363, curr_delay = 0.7616960535366988, data_size = 1141
user 24, emp_avg: 0.05999556331701749, h: 0.9885224506080842, ucb: 1.048490374226957,num_of_obs(calculated after picking at this round): 35, privacy reward: 0.2465969639416059, g: 0.0013524249861675015, curr_delay = 0.8205422684172847, data_size = 1332
user 28, emp_avg: 0.056665780783858234, h: 0.9885224506080842, ucb: 1.0452021207624127,num_of_obs(calculated after picking at this round): 35, privacy reward: 0.2465969639416059, g: 0.0006373622323435284, curr_delay = 0.8897819580911512, data_size = 1242
user 29, emp_avg: 0.056191962011730275, h: 1.0033882840400443, ucb: 1.0596025166961125,num_of_obs(calculated after picking at this round): 34, privacy reward: 0.25666077695355527, g: -0.0010520063025080042, curr_delay = 0.9015989375032342, data_size = 761
num of fast users chosen: 0, num of slow users chosen: 5
max_delay = 0.90 seconds
after cleansing the weights updates who were almost zeros (meaning with absolute value of less than 10**-7, 0.00% of the weights upadtes) we get:
user No.16 has been picked 35, his deltas theta's mean
 is 0.0006031223456375301,
the empirical var of deltas thetas is 0.002898146864026785
the minimum of the deltas theta is -0.2832580804824829 and the maximum is 0.3335181176662445
the added laplace noise var is 0.011923909939256253
global epoch 254 has been done artifficialy in 0.90 secs, the total time by now is 147.45 
 with avg train loss 1.048, val loss 0.969, avg val acc 66.00%
iteration: 255
user 4, emp_avg: 0.5268793055856498, h: 0.6843067970936716, ucb: 1.211459343344253,num_of_obs(calculated after picking at this round): 72, privacy reward: 0.0561347628341331, g: 0.018213657615015706, curr_delay = 0.09852620203849126, data_size = 3227
user 6, emp_avg: 0.4593573131559685, h: 0.7264567332286097, ucb: 1.1883712606986736,num_of_obs(calculated after picking at this round): 64, privacy reward: 0.07730474044329905, g: 0.013393370211325795, curr_delay = 0.16764301322314715, data_size = 2832
user 13, emp_avg: 0.29982345078299677, h: 0.8074115172908624, ucb: 1.1019923180906934,num_of_obs(calculated after picking at this round): 52, privacy reward: 0.12493021219858191, g: 0.012243535046824194, curr_delay = 0.08815254481703683, data_size = 2425
user 14, emp_avg: 0.26109514841921666, h: 0.8501608705946361, ucb: 1.1117367088130836,num_of_obs(calculated after picking at this round): 47, privacy reward: 0.15259010575688325, g: 0.008957795961721037, curr_delay = 0.20921953703191493, data_size = 2147
user 20, emp_avg: 0.0636493346637947, h: 1.0193070757711853, ucb: 1.0829986479923226,num_of_obs(calculated after picking at this round): 33, privacy reward: 0.26713530196584967, g: -0.0025037364854983133, curr_delay = 0.8025974257743826, data_size = 589
num of fast users chosen: 4, num of slow users chosen: 1
max_delay = 0.80 seconds
after cleansing the weights updates who were almost zeros (meaning with absolute value of less than 10**-7, 0.00% of the weights upadtes) we get:
user No.4 has been picked 72, his deltas theta's mean
 is -0.0026752648409456015,
the empirical var of deltas thetas is 0.007533978205174208
the minimum of the deltas theta is -0.4757378101348877 and the maximum is 0.5929542779922485
the added laplace noise var is 0.05238108866731998
global epoch 255 has been done artifficialy in 0.80 secs, the total time by now is 148.25 
 with avg train loss 1.000, val loss 1.052, avg val acc 62.94%
iteration: 256
user 0, emp_avg: 0.7861575702717394, h: 0.6751059243817272, ucb: 1.4657148835708769,num_of_obs(calculated after picking at this round): 74, privacy reward: 0.05181891717272524, g: 0.011115636578877588, curr_delay = 0.10841138355041555, data_size = 3049
user 1, emp_avg: 0.7242132443678456, h: 0.8240153637719331, ucb: 1.5537018440935024,num_of_obs(calculated after picking at this round): 50, privacy reward: 0.13533528323661215, g: -0.006516525082090209, curr_delay = 0.10964318797624606, data_size = 864
user 2, emp_avg: 0.7243028096705879, h: 0.8157335921350471, ucb: 1.5358456280431216,num_of_obs(calculated after picking at this round): 51, privacy reward: 0.13002871087842538, g: -0.006139378277965903, curr_delay = 0.0535422768403343, data_size = 913
user 3, emp_avg: 0.5687235951768855, h: 0.859858705019188, ucb: 1.4305139687129207,num_of_obs(calculated after picking at this round): 46, privacy reward: 0.15881742610691996, g: -0.009458326037914612, curr_delay = 0.10377782156460971, data_size = 613
user 7, emp_avg: 0.46897239630734655, h: 0.900827054499897, ucb: 1.375178192883197,num_of_obs(calculated after picking at this round): 42, privacy reward: 0.1863739760394093, g: -0.010932671623496178, curr_delay = 0.2012526194934618, data_size = 434
num of fast users chosen: 5, num of slow users chosen: 0
max_delay = 0.20 seconds
after cleansing the weights updates who were almost zeros (meaning with absolute value of less than 10**-7, 0.00% of the weights upadtes) we get:
user No.0 has been picked 74, his deltas theta's mean
 is -0.0018702714005485177,
the empirical var of deltas thetas is 0.0070409998297691345
the minimum of the deltas theta is -0.447772741317749 and the maximum is 0.5216180682182312
the added laplace noise var is 0.05674375594404307
global epoch 256 has been done artifficialy in 0.20 secs, the total time by now is 148.45 
 with avg train loss 0.997, val loss 1.017, avg val acc 64.68%
iteration: 257
user 0, emp_avg: 0.7824633746657722, h: 0.6707645547913793, ucb: 1.4569221250631186,num_of_obs(calculated after picking at this round): 75, privacy reward: 0.049787068367863285, g: 0.010536863627429904, curr_delay = 0.09821390166169398, data_size = 3049
user 4, emp_avg: 0.5258495652243801, h: 0.6800169167561949, ucb: 1.2068962223418447,num_of_obs(calculated after picking at this round): 73, privacy reward: 0.053933687300355304, g: 0.017751222853812282, curr_delay = 0.11069091383699377, data_size = 3227
user 10, emp_avg: 0.3836152971482986, h: 0.8601609217578782, ucb: 1.243838281193654,num_of_obs(calculated after picking at this round): 46, privacy reward: 0.15881742610691996, g: -0.0007434383101802194, curr_delay = 0.13129476530393258, data_size = 1154
user 11, emp_avg: 0.3357373080344456, h: 0.9123384310300006, ucb: 1.237774654827849,num_of_obs(calculated after picking at this round): 41, privacy reward: 0.19398004229089127, g: -0.00420121521218776, curr_delay = 0.06686452526063226, data_size = 709
user 12, emp_avg: 0.3336421597928502, h: 0.9360394800121149, ucb: 1.2693097261202735,num_of_obs(calculated after picking at this round): 39, privacy reward: 0.21013607120076416, g: -0.005040707580389751, curr_delay = 0.14377116606913692, data_size = 600
num of fast users chosen: 5, num of slow users chosen: 0
max_delay = 0.14 seconds
after cleansing the weights updates who were almost zeros (meaning with absolute value of less than 10**-7, 0.00% of the weights upadtes) we get:
user No.0 has been picked 75, his deltas theta's mean
 is -0.002100117737427354,
the empirical var of deltas thetas is 0.007135189138352871
the minimum of the deltas theta is -0.44738125801086426 and the maximum is 0.4737287759780884
the added laplace noise var is 0.0590595125547034
global epoch 257 has been done artifficialy in 0.14 secs, the total time by now is 148.60 
 with avg train loss 0.980, val loss 1.065, avg val acc 63.05%
iteration: 258
user 17, emp_avg: 0.06674240887290492, h: 0.9489362110753241, ucb: 1.0156393175178406,num_of_obs(calculated after picking at this round): 38, privacy reward: 0.21871188695221422, g: 0.006606818775933253, curr_delay = 0.7331743940578848, data_size = 1754
user 21, emp_avg: 0.06392617344851818, h: 0.9620256047286906, ucb: 1.0259039301894617,num_of_obs(calculated after picking at this round): 37, privacy reward: 0.22763768838381226, g: 0.0026094555620572533, curr_delay = 0.7616296930894743, data_size = 1488
user 24, emp_avg: 0.060097557303054744, h: 0.9756720395930725, ucb: 1.03566760291009,num_of_obs(calculated after picking at this round): 36, privacy reward: 0.23692775868212124, g: 0.0012232285352743375, curr_delay = 0.7853319244759817, data_size = 1332
user 26, emp_avg: 0.05796178401077502, h: 0.9756720395930725, ucb: 1.033446689227048,num_of_obs(calculated after picking at this round): 36, privacy reward: 0.23692775868212124, g: 0.0016182050611587165, curr_delay = 0.7750557640370292, data_size = 1373
user 27, emp_avg: 0.05721090803551317, h: 0.9620256047286906, ucb: 1.0191025056247662,num_of_obs(calculated after picking at this round): 37, privacy reward: 0.22763768838381226, g: 0.003840480584375534, curr_delay = 0.8059944703210814, data_size = 1573
num of fast users chosen: 0, num of slow users chosen: 5
max_delay = 0.81 seconds
after cleansing the weights updates who were almost zeros (meaning with absolute value of less than 10**-7, 0.00% of the weights upadtes) we get:
user No.17 has been picked 38, his deltas theta's mean
 is -0.0008034714264795184,
the empirical var of deltas thetas is 0.005919307470321655
the minimum of the deltas theta is -0.43040531873703003 and the maximum is 0.5210185050964355
the added laplace noise var is 0.01344417091502745
global epoch 258 has been done artifficialy in 0.81 secs, the total time by now is 149.40 
 with avg train loss 1.049, val loss 1.013, avg val acc 65.25%
iteration: 259
user 13, emp_avg: 0.30004480899296204, h: 0.8007324576021875, ucb: 1.1005559083851844,num_of_obs(calculated after picking at this round): 53, privacy reward: 0.12003162851145621, g: 0.012073242524532292, curr_delay = 0.16048508302791434, data_size = 2425
user 15, emp_avg: 0.07030803560012959, h: 0.9902609336788494, ucb: 1.06076497842556,num_of_obs(calculated after picking at this round): 35, privacy reward: 0.2465969639416059, g: -0.0007014885873097733, curr_delay = 0.7856234106565215, data_size = 818
user 18, emp_avg: 0.06650895742341906, h: 0.9902609336788494, ucb: 1.0568529818389998,num_of_obs(calculated after picking at this round): 35, privacy reward: 0.2465969639416059, g: -0.0007082907910652025, curr_delay = 0.7851281358320474, data_size = 817
user 19, emp_avg: 0.06625378925567235, h: 0.9902609336788494, ucb: 1.0565642249514235,num_of_obs(calculated after picking at this round): 35, privacy reward: 0.2465969639416059, g: -0.00140643854445694, curr_delay = 0.7743447722537848, data_size = 732
user 23, emp_avg: 0.06099375855568351, h: 1.005152911180414, ucb: 1.0662916853595301,num_of_obs(calculated after picking at this round): 34, privacy reward: 0.25666077695355527, g: -0.0013480638659382758, curr_delay = 0.8895492430824845, data_size = 708
num of fast users chosen: 1, num of slow users chosen: 4
max_delay = 0.89 seconds
after cleansing the weights updates who were almost zeros (meaning with absolute value of less than 10**-7, 0.01% of the weights upadtes) we get:
user No.13 has been picked 53, his deltas theta's mean
 is -0.0016883898060768843,
the empirical var of deltas thetas is 0.007214867509901524
the minimum of the deltas theta is -0.5379302501678467 and the maximum is 0.4758050739765167
the added laplace noise var is 0.02449687657993479
global epoch 259 has been done artifficialy in 0.89 secs, the total time by now is 150.29 
 with avg train loss 0.986, val loss 0.999, avg val acc 65.21%
iteration: 260
user 4, emp_avg: 0.5322570035321587, h: 0.6760490557917322, ucb: 1.2018986210161122,num_of_obs(calculated after picking at this round): 74, privacy reward: 0.05181891717272524, g: 0.01758809792857927, curr_delay = 0.05, data_size = 3227
user 6, emp_avg: 0.467674892953569, h: 0.7220207080878677, ucb: 1.181378021243836,num_of_obs(calculated after picking at this round): 65, privacy reward: 0.07427357821433322, g: 0.013603654768515406, curr_delay = 0.05, data_size = 2832
user 8, emp_avg: 0.4108297557321874, h: 0.7650718322667162, ucb: 1.178845267731992,num_of_obs(calculated after picking at this round): 58, privacy reward: 0.09827358560436095, g: 0.008078863753993045, curr_delay = 0.20572744300559412, data_size = 2413
user 9, emp_avg: 0.3806356761811184, h: 0.9249267439612159, ucb: 1.306007157654014,num_of_obs(calculated after picking at this round): 40, privacy reward: 0.2018965179946548, g: -0.005349169749830887, curr_delay = 0.1376307476453444, data_size = 600
user 12, emp_avg: 0.33483646964148595, h: 0.9249267439612159, ucb: 1.2585689037540662,num_of_obs(calculated after picking at this round): 40, privacy reward: 0.2018965179946548, g: -0.005349169749830887, curr_delay = 0.13109095998027703, data_size = 600
num of fast users chosen: 5, num of slow users chosen: 0
max_delay = 0.21 seconds
after cleansing the weights updates who were almost zeros (meaning with absolute value of less than 10**-7, 0.00% of the weights upadtes) we get:
user No.4 has been picked 74, his deltas theta's mean
 is -0.001623735879547894,
the empirical var of deltas thetas is 0.006564266048371792
the minimum of the deltas theta is -0.48161303997039795 and the maximum is 0.441016286611557
the added laplace noise var is 0.05674375594404307
global epoch 260 has been done artifficialy in 0.21 secs, the total time by now is 150.50 
 with avg train loss 0.992, val loss 1.075, avg val acc 61.79%
iteration: 261
user 0, emp_avg: 0.7768991729608903, h: 0.6672043409524667, ucb: 1.449667715618239,num_of_obs(calculated after picking at this round): 76, privacy reward: 0.047834889494197785, g: 0.010656566581821743, curr_delay = 0.13904955095219831, data_size = 3049
user 1, emp_avg: 0.7173505159321064, h: 0.8171550947517389, ucb: 1.5413683391195845,num_of_obs(calculated after picking at this round): 51, privacy reward: 0.13002871087842538, g: -0.0065431318958699474, curr_delay = 0.13361335337788377, data_size = 864
user 2, emp_avg: 0.7296046787153844, h: 0.8091041092993058, ucb: 1.5334069189698938,num_of_obs(calculated after picking at this round): 52, privacy reward: 0.12493021219858191, g: -0.0061534585732676145, curr_delay = 0.05, data_size = 913
user 5, emp_avg: 0.4793661219942166, h: 0.8811610000439848, ucb: 1.3484193574334156,num_of_obs(calculated after picking at this round): 44, privacy reward: 0.17204486382304973, g: -0.004219604800058207, curr_delay = 0.05, data_size = 779
user 7, emp_avg: 0.46257926352413514, h: 0.8915893038615845, ucb: 1.360561700168931,num_of_obs(calculated after picking at this round): 43, privacy reward: 0.17906614791149256, g: -0.011092872597911215, curr_delay = 0.2576420674067113, data_size = 434
num of fast users chosen: 5, num of slow users chosen: 0
max_delay = 0.26 seconds
after cleansing the weights updates who were almost zeros (meaning with absolute value of less than 10**-7, 0.00% of the weights upadtes) we get:
user No.0 has been picked 76, his deltas theta's mean
 is -0.001375857973471284,
the empirical var of deltas thetas is 0.006715990137308836
the minimum of the deltas theta is -0.4415441155433655 and the maximum is 0.48098069429397583
the added laplace noise var is 0.061469776985485926
global epoch 261 has been done artifficialy in 0.26 secs, the total time by now is 150.75 
 with avg train loss 0.914, val loss 1.013, avg val acc 64.70%
iteration: 262
user 14, emp_avg: 0.2608076937432086, h: 0.8431206852176277, ucb: 1.1042158336368444,num_of_obs(calculated after picking at this round): 48, privacy reward: 0.14660696213034952, g: 0.009148631247520744, curr_delay = 0.20218577054193118, data_size = 2147
user 16, emp_avg: 0.06875887604718453, h: 0.9770226934426356, ucb: 1.045776882903252,num_of_obs(calculated after picking at this round): 36, privacy reward: 0.23692775868212124, g: 3.9702853971505225e-05, curr_delay = 0.7254482215443735, data_size = 1092
user 20, emp_avg: 0.0635969561269566, h: 1.0061939541714153, ucb: 1.06984328883521,num_of_obs(calculated after picking at this round): 34, privacy reward: 0.25666077695355527, g: -0.002550386685023735, curr_delay = 0.8081661711789434, data_size = 589
user 25, emp_avg: 0.05885953467101939, h: 0.9912865529580676, ucb: 1.0502463509307645,num_of_obs(calculated after picking at this round): 35, privacy reward: 0.2465969639416059, g: -0.0004254722475566913, curr_delay = 0.9017037842219936, data_size = 852
user 29, emp_avg: 0.056218927101084476, h: 0.9912865529580676, ucb: 1.0474785149697978,num_of_obs(calculated after picking at this round): 35, privacy reward: 0.2465969639416059, g: -0.0010422811378450311, curr_delay = 0.8751089926943884, data_size = 761
num of fast users chosen: 1, num of slow users chosen: 4
max_delay = 0.90 seconds
after cleansing the weights updates who were almost zeros (meaning with absolute value of less than 10**-7, 0.00% of the weights upadtes) we get:
user No.14 has been picked 48, his deltas theta's mean
 is -0.001351622981019318,
the empirical var of deltas thetas is 0.00748452777042985
the minimum of the deltas theta is -0.5934563875198364 and the maximum is 0.5260969400405884
the added laplace noise var is 0.02005634621034838
global epoch 262 has been done artifficialy in 0.90 secs, the total time by now is 151.66 
 with avg train loss 0.985, val loss 0.999, avg val acc 65.55%
iteration: 263
user 0, emp_avg: 0.7797965862990606, h: 0.6632547755404343, ucb: 1.4401539485013246,num_of_obs(calculated after picking at this round): 77, privacy reward: 0.045959256649043545, g: 0.010325320717855935, curr_delay = 0.05, data_size = 3049
user 4, emp_avg: 0.5354743113364416, h: 0.6721579225742105, ucb: 1.2044149261063692,num_of_obs(calculated after picking at this round): 75, privacy reward: 0.049787068367863285, g: 0.017429421895323587, curr_delay = 0.06463663767517028, data_size = 3227
user 6, emp_avg: 0.4651418763703481, h: 0.7171838536200686, ucb: 1.1848587465736378,num_of_obs(calculated after picking at this round): 66, privacy reward: 0.07136126955638533, g: 0.013372670592191377, curr_delay = 0.1663916775411785, data_size = 2832
user 10, emp_avg: 0.38302507674991765, h: 0.8525272428780641, ucb: 1.2361425400263628,num_of_obs(calculated after picking at this round): 47, privacy reward: 0.15259010575688325, g: -0.0007329869577562189, curr_delay = 0.14049879494569345, data_size = 1154
user 11, emp_avg: 0.33487850568603367, h: 0.9030156008844191, ucb: 1.2387529089188647,num_of_obs(calculated after picking at this round): 42, privacy reward: 0.1863739760394093, g: -0.0042338829682620135, curr_delay = 0.16685153293651053, data_size = 709
num of fast users chosen: 5, num of slow users chosen: 0
max_delay = 0.17 seconds
after cleansing the weights updates who were almost zeros (meaning with absolute value of less than 10**-7, 0.00% of the weights upadtes) we get:
user No.0 has been picked 77, his deltas theta's mean
 is -0.0022730242926627398,
the empirical var of deltas thetas is 0.007654755841940641
the minimum of the deltas theta is -0.5679924488067627 and the maximum is 0.4726096987724304
the added laplace noise var is 0.06397840617369704
global epoch 263 has been done artifficialy in 0.17 secs, the total time by now is 151.82 
 with avg train loss 1.025, val loss 1.044, avg val acc 64.15%
iteration: 264
user 0, emp_avg: 0.7760182425117865, h: 0.6591582059755516, ucb: 1.4389547922746122,num_of_obs(calculated after picking at this round): 78, privacy reward: 0.044157168419692305, g: 0.009785226279414876, curr_delay = 0.1030745550587682, data_size = 3049
user 1, emp_avg: 0.7227860829334121, h: 0.8099345727494665, ucb: 1.5272850886815728,num_of_obs(calculated after picking at this round): 52, privacy reward: 0.12493021219858191, g: -0.0068063431954715915, curr_delay = 0.05, data_size = 864
user 2, emp_avg: 0.7240002515458455, h: 0.8021089344164724, ucb: 1.5317136131318567,num_of_obs(calculated after picking at this round): 53, privacy reward: 0.12003162851145621, g: -0.006401821215038052, curr_delay = 0.11558821814570894, data_size = 913
user 3, emp_avg: 0.5660092386957136, h: 0.8528175121947492, ucb: 1.4215411073716346,num_of_obs(calculated after picking at this round): 47, privacy reward: 0.15259010575688325, g: -0.009161380331255464, curr_delay = 0.11334043162467493, data_size = 613
user 5, emp_avg: 0.4780806007485555, h: 0.8719843438293996, ucb: 1.3513504658236162,num_of_obs(calculated after picking at this round): 45, privacy reward: 0.16529888822158578, g: -0.004472157825386142, curr_delay = 0.11861899047234783, data_size = 779
num of fast users chosen: 5, num of slow users chosen: 0
max_delay = 0.12 seconds
after cleansing the weights updates who were almost zeros (meaning with absolute value of less than 10**-7, 0.00% of the weights upadtes) we get:
user No.0 has been picked 78, his deltas theta's mean
 is -0.0021800226531922817,
the empirical var of deltas thetas is 0.006624741945415735
the minimum of the deltas theta is -0.4557870924472809 and the maximum is 0.3980051279067993
the added laplace noise var is 0.0665894144612407
global epoch 264 has been done artifficialy in 0.12 secs, the total time by now is 151.94 
 with avg train loss 0.936, val loss 1.040, avg val acc 63.63%
iteration: 265
user 17, emp_avg: 0.06669900102755963, h: 0.9386213147612515, ucb: 1.0053637236341564,num_of_obs(calculated after picking at this round): 39, privacy reward: 0.21013607120076416, g: 0.006609196709325864, curr_delay = 0.7686453818632973, data_size = 1754
user 21, emp_avg: 0.0639046873016099, h: 0.9512208223449646, ucb: 1.0151469957934829,num_of_obs(calculated after picking at this round): 38, privacy reward: 0.21871188695221422, g: 0.00260049743103321, curr_delay = 0.7922712373242374, data_size = 1488
user 26, emp_avg: 0.05801772611572029, h: 0.9643417293665684, ucb: 1.0223035133773435,num_of_obs(calculated after picking at this round): 37, privacy reward: 0.22763768838381226, g: 0.0016029435712444976, curr_delay = 0.8328940942260902, data_size = 1373
user 27, emp_avg: 0.057293820278705936, h: 0.9512208223449646, ucb: 1.0084317303804777,num_of_obs(calculated after picking at this round): 38, privacy reward: 0.21871188695221422, g: 0.0038296113027217814, curr_delay = 0.8283415637740803, data_size = 1573
user 28, emp_avg: 0.05650799763236003, h: 0.9780210187036931, ucb: 1.0346867994875513,num_of_obs(calculated after picking at this round): 36, privacy reward: 0.23692775868212124, g: 0.0007305576517519037, curr_delay = 0.9806692953531098, data_size = 1242
num of fast users chosen: 0, num of slow users chosen: 5
max_delay = 0.98 seconds
after cleansing the weights updates who were almost zeros (meaning with absolute value of less than 10**-7, 0.00% of the weights upadtes) we get:
user No.17 has been picked 39, his deltas theta's mean
 is 0.00037930277176201344,
the empirical var of deltas thetas is 0.006846320349723101
the minimum of the deltas theta is -0.42637449502944946 and the maximum is 0.5136755704879761
the added laplace noise var is 0.013992837938444509
global epoch 265 has been done artifficialy in 0.98 secs, the total time by now is 152.92 
 with avg train loss 1.091, val loss 1.058, avg val acc 63.92%
iteration: 266
user 4, emp_avg: 0.5350090954835235, h: 0.668341009292813, ucb: 1.2038153206292548,num_of_obs(calculated after picking at this round): 76, privacy reward: 0.047834889494197785, g: 0.017275019893556502, curr_delay = 0.09997642425653477, data_size = 3227
user 6, emp_avg: 0.46324114204859124, h: 0.7124539097552971, ucb: 1.1775957861256452,num_of_obs(calculated after picking at this round): 67, privacy reward: 0.06856315415427716, g: 0.013148808002289285, curr_delay = 0.14801978678694974, data_size = 2832
user 8, emp_avg: 0.4125418080984869, h: 0.7600020173826468, ucb: 1.170831773114834,num_of_obs(calculated after picking at this round): 59, privacy reward: 0.09442022319630183, g: 0.008293409066039441, curr_delay = 0.0976866157807505, data_size = 2413
user 9, emp_avg: 0.3763094947181802, h: 0.9151636172386088, ucb: 1.2957992934197273,num_of_obs(calculated after picking at this round): 41, privacy reward: 0.19398004229089127, g: -0.005404302071953389, curr_delay = 0.24598765090157781, data_size = 600
user 12, emp_avg: 0.3356085868185812, h: 0.9151636172386088, ucb: 1.2500000868800947,num_of_obs(calculated after picking at this round): 41, privacy reward: 0.19398004229089127, g: -0.005404302071953389, curr_delay = 0.1364281517846261, data_size = 600
num of fast users chosen: 5, num of slow users chosen: 0
max_delay = 0.25 seconds
after cleansing the weights updates who were almost zeros (meaning with absolute value of less than 10**-7, 0.00% of the weights upadtes) we get:
user No.4 has been picked 76, his deltas theta's mean
 is -0.000937259872443974,
the empirical var of deltas thetas is 0.0058792103081941605
the minimum of the deltas theta is -0.49103161692619324 and the maximum is 0.43164873123168945
the added laplace noise var is 0.061469776985485926
global epoch 266 has been done artifficialy in 0.25 secs, the total time by now is 153.17 
 with avg train loss 0.998, val loss 1.148, avg val acc 60.55%
iteration: 267
user 13, emp_avg: 0.3002041401074801, h: 0.7953104526191714, ucb: 1.0953552616121334,num_of_obs(calculated after picking at this round): 54, privacy reward: 0.11532512103806203, g: 0.012577316536683439, curr_delay = 0.16199647610146545, data_size = 2425
user 14, emp_avg: 0.2607333057134828, h: 0.8357069356538996, ucb: 1.0965146293971082,num_of_obs(calculated after picking at this round): 49, privacy reward: 0.1408584209210444, g: 0.009074945730595942, curr_delay = 0.19442945587698815, data_size = 2147
user 15, emp_avg: 0.0704184675172381, h: 0.978679751361883, ucb: 1.0489877869620126,num_of_obs(calculated after picking at this round): 36, privacy reward: 0.23692775868212124, g: -0.0006915659155657532, curr_delay = 0.6730962198235948, data_size = 818
user 18, emp_avg: 0.06657477561896458, h: 0.978679751361883, ucb: 1.045188708785302,num_of_obs(calculated after picking at this round): 36, privacy reward: 0.23692775868212124, g: -0.0006983199553100031, curr_delay = 0.7259168469775186, data_size = 817
user 23, emp_avg: 0.06101379417197407, h: 0.9929678027835293, ucb: 1.0539615613392128,num_of_obs(calculated after picking at this round): 35, privacy reward: 0.2465969639416059, g: -0.0013427597088490164, curr_delay = 0.8104383798656553, data_size = 708
num of fast users chosen: 2, num of slow users chosen: 3
max_delay = 0.81 seconds
after cleansing the weights updates who were almost zeros (meaning with absolute value of less than 10**-7, 0.00% of the weights upadtes) we get:
user No.13 has been picked 54, his deltas theta's mean
 is -0.0009042824385687709,
the empirical var of deltas thetas is 0.007027768529951572
the minimum of the deltas theta is -0.461434006690979 and the maximum is 0.6065081357955933
the added laplace noise var is 0.025496613078457308
global epoch 267 has been done artifficialy in 0.81 secs, the total time by now is 153.98 
 with avg train loss 0.996, val loss 1.084, avg val acc 63.25%
iteration: 268
user 0, emp_avg: 0.7772327005143335, h: 0.6558017395354775, ucb: 1.431819982047264,num_of_obs(calculated after picking at this round): 79, privacy reward: 0.04242574108051078, g: 0.009908648229587806, curr_delay = 0.057342051981840066, data_size = 3049
user 1, emp_avg: 0.7280165341988193, h: 0.8031898171457588, ucb: 1.5259759000791708,num_of_obs(calculated after picking at this round): 53, privacy reward: 0.12003162851145621, g: -0.00694698868580628, curr_delay = 0.05, data_size = 864
user 3, emp_avg: 0.5611116975165774, h: 0.8448331307356619, ucb: 1.4108423694313754,num_of_obs(calculated after picking at this round): 48, privacy reward: 0.14660696213034952, g: -0.009379110894012062, curr_delay = 0.1510906042709716, data_size = 613
user 5, emp_avg: 0.4789394755588393, h: 0.8634031102183851, ucb: 1.3414837109669406,num_of_obs(calculated after picking at this round): 46, privacy reward: 0.15881742610691996, g: -0.004640058533256756, curr_delay = 0.09660177333945016, data_size = 779
user 7, emp_avg: 0.4586430927812455, h: 0.88325405077521, ucb: 1.345833314299345,num_of_obs(calculated after picking at this round): 44, privacy reward: 0.17204486382304973, g: -0.010993717083098936, curr_delay = 0.17277856390046192, data_size = 434
num of fast users chosen: 5, num of slow users chosen: 0
max_delay = 0.17 seconds
after cleansing the weights updates who were almost zeros (meaning with absolute value of less than 10**-7, 0.00% of the weights upadtes) we get:
user No.0 has been picked 79, his deltas theta's mean
 is -0.0032243160530924797,
the empirical var of deltas thetas is 0.007566859945654869
the minimum of the deltas theta is -0.4495925307273865 and the maximum is 0.45392748713493347
the added laplace noise var is 0.06930698001842174
global epoch 268 has been done artifficialy in 0.17 secs, the total time by now is 154.15 
 with avg train loss 0.910, val loss 0.996, avg val acc 65.46%
iteration: 269
user 4, emp_avg: 0.5365209896296962, h: 0.6645959227191226, ucb: 1.199605018202646,num_of_obs(calculated after picking at this round): 77, privacy reward: 0.045959256649043545, g: 0.01712472593668548, curr_delay = 0.07675481328097886, data_size = 3227
user 6, emp_avg: 0.4621930750022183, h: 0.7078269064655444, ucb: 1.1710680485141356,num_of_obs(calculated after picking at this round): 68, privacy reward: 0.06587475442640223, g: 0.012931765492568187, curr_delay = 0.12755994215382213, data_size = 2832
user 8, emp_avg: 0.4118473768443314, h: 0.7542901958931496, ucb: 1.1668320039916364,num_of_obs(calculated after picking at this round): 60, privacy reward: 0.0907179532894119, g: 0.008060881849569029, curr_delay = 0.13481597367585385, data_size = 2413
user 10, emp_avg: 0.38355583001577137, h: 0.8451144738978998, ucb: 1.2281395506478174,num_of_obs(calculated after picking at this round): 48, privacy reward: 0.14660696213034952, g: -0.0007230709438625564, curr_delay = 0.12239865121157845, data_size = 1154
user 11, emp_avg: 0.33526179382336996, h: 0.8940047442828605, ucb: 1.2288832499688942,num_of_obs(calculated after picking at this round): 43, privacy reward: 0.17906614791149256, g: -0.004265211604060911, curr_delay = 0.14230423172180115, data_size = 709
num of fast users chosen: 5, num of slow users chosen: 0
max_delay = 0.14 seconds
after cleansing the weights updates who were almost zeros (meaning with absolute value of less than 10**-7, 0.00% of the weights upadtes) we get:
user No.4 has been picked 77, his deltas theta's mean
 is -0.00024967765784822404,
the empirical var of deltas thetas is 0.006233037915080786
the minimum of the deltas theta is -0.48297587037086487 and the maximum is 0.44933027029037476
the added laplace noise var is 0.06397840617369704
global epoch 269 has been done artifficialy in 0.14 secs, the total time by now is 154.29 
 with avg train loss 1.049, val loss 1.047, avg val acc 63.63%
iteration: 270
user 13, emp_avg: 0.29908413118241217, h: 0.7886994892436235, ucb: 1.0889036293511036,num_of_obs(calculated after picking at this round): 55, privacy reward: 0.11080315836233334, g: 0.012243535046824194, curr_delay = 0.20955253686026337, data_size = 2425
user 19, emp_avg: 0.06637255938936476, h: 0.9796578375562743, ucb: 1.0459116268119466,num_of_obs(calculated after picking at this round): 36, privacy reward: 0.23692775868212124, g: -0.001285797038744026, curr_delay = 0.7089230751167342, data_size = 732
user 22, emp_avg: 0.061531203647213935, h: 0.9796578375562743, ucb: 1.0412754542387683,num_of_obs(calculated after picking at this round): 36, privacy reward: 0.23692775868212124, g: 0.0002734471846036971, curr_delay = 0.8546022845459309, data_size = 1141
user 23, emp_avg: 0.061031555431135094, h: 0.9796578375562743, ucb: 1.0406716317282485,num_of_obs(calculated after picking at this round): 36, privacy reward: 0.23692775868212124, g: -0.0015157388910811112, curr_delay = 0.8109879195898625, data_size = 708
user 25, emp_avg: 0.05877167571890055, h: 0.9796578375562743, ucb: 1.0385173722272938,num_of_obs(calculated after picking at this round): 36, privacy reward: 0.23692775868212124, g: -0.0004196604586775997, curr_delay = 0.8977206664856475, data_size = 852
num of fast users chosen: 1, num of slow users chosen: 4
max_delay = 0.90 seconds
after cleansing the weights updates who were almost zeros (meaning with absolute value of less than 10**-7, 0.01% of the weights upadtes) we get:
user No.13 has been picked 55, his deltas theta's mean
 is -0.0015987259102985263,
the empirical var of deltas thetas is 0.007213822100311518
the minimum of the deltas theta is -0.48425987362861633 and the maximum is 0.4693535566329956
the added laplace noise var is 0.026537149597472925
global epoch 270 has been done artifficialy in 0.90 secs, the total time by now is 155.19 
 with avg train loss 0.980, val loss 1.011, avg val acc 63.87%
iteration: 271
user 16, emp_avg: 0.0687558274193442, h: 0.9662745314591588, ucb: 1.0350334075063432,num_of_obs(calculated after picking at this round): 37, privacy reward: 0.22763768838381226, g: 4.9666945034904866e-05, curr_delay = 0.7283737442596346, data_size = 1092
user 22, emp_avg: 0.06145113134116882, h: 0.9662745314591588, ucb: 1.0278057351063727,num_of_obs(calculated after picking at this round): 37, privacy reward: 0.22763768838381226, g: 0.00017754335935737492, curr_delay = 0.853700808799389, data_size = 1141
user 24, emp_avg: 0.060044009053180476, h: 0.9662745314591588, ucb: 1.0263720887622134,num_of_obs(calculated after picking at this round): 37, privacy reward: 0.22763768838381226, g: 0.001428255711124615, curr_delay = 0.8603442414605051, data_size = 1332
user 28, emp_avg: 0.056433334937594774, h: 0.9662745314591588, ucb: 1.022782529091519,num_of_obs(calculated after picking at this round): 37, privacy reward: 0.22763768838381226, g: 0.0006897437663261298, curr_delay = 0.9303108266857475, data_size = 1242
user 29, emp_avg: 0.056221555624604035, h: 0.9799812377982142, ucb: 1.0362001648992987,num_of_obs(calculated after picking at this round): 36, privacy reward: 0.23692775868212124, g: -0.001002651852350817, curr_delay = 0.8878857130267019, data_size = 761
num of fast users chosen: 0, num of slow users chosen: 5
max_delay = 0.93 seconds
after cleansing the weights updates who were almost zeros (meaning with absolute value of less than 10**-7, 0.01% of the weights upadtes) we get:
user No.16 has been picked 37, his deltas theta's mean
 is -0.0005944965523667634,
the empirical var of deltas thetas is 0.0030416958034038544
the minimum of the deltas theta is -0.3119381070137024 and the maximum is 0.31645748019218445
the added laplace noise var is 0.012917017433317197
global epoch 271 has been done artifficialy in 0.93 secs, the total time by now is 156.12 
 with avg train loss 1.060, val loss 0.968, avg val acc 66.49%
iteration: 272
user 0, emp_avg: 0.777188173019994, h: 0.6525006658687711, ucb: 1.4297333663831044,num_of_obs(calculated after picking at this round): 80, privacy reward: 0.0407622039783655, g: 0.010029179827854683, curr_delay = 0.06462699552004925, data_size = 3049
user 4, emp_avg: 0.5424630282241872, h: 0.6609203775233914, ucb: 1.1974413671530875,num_of_obs(calculated after picking at this round): 78, privacy reward: 0.044157168419692305, g: 0.016978382364101433, curr_delay = 0.05, data_size = 3227
user 9, emp_avg: 0.37293627595931766, h: 0.9057379742478154, ucb: 1.2820474689659958,num_of_obs(calculated after picking at this round): 42, privacy reward: 0.1863739760394093, g: -0.005457266316826387, curr_delay = 0.21309756732559676, data_size = 600
user 10, emp_avg: 0.38311677191917604, h: 0.837093339053059, ucb: 1.2206491690688304,num_of_obs(calculated after picking at this round): 49, privacy reward: 0.1408584209210444, g: -0.0008202139233493328, curr_delay = 0.13810553004558979, data_size = 1154
user 12, emp_avg: 0.3342367745256018, h: 0.9057379742478154, ucb: 1.2413465610663965,num_of_obs(calculated after picking at this round): 42, privacy reward: 0.1863739760394093, g: -0.005457266316826387, curr_delay = 0.1798609865499267, data_size = 600
num of fast users chosen: 5, num of slow users chosen: 0
max_delay = 0.21 seconds
after cleansing the weights updates who were almost zeros (meaning with absolute value of less than 10**-7, 0.00% of the weights upadtes) we get:
user No.0 has been picked 80, his deltas theta's mean
 is -0.0024891593493521214,
the empirical var of deltas thetas is 0.0070460340939462185
the minimum of the deltas theta is -0.5016276240348816 and the maximum is 0.7958371043205261
the added laplace noise var is 0.07213545152990992
global epoch 272 has been done artifficialy in 0.21 secs, the total time by now is 156.33 
 with avg train loss 0.977, val loss 1.085, avg val acc 62.31%
iteration: 273
user 0, emp_avg: 0.7759958913659338, h: 0.6486219119324231, ucb: 1.4258100849524171,num_of_obs(calculated after picking at this round): 81, privacy reward: 0.03916389509898632, g: 0.009515354055572597, curr_delay = 0.07346314810870411, data_size = 3049
user 2, emp_avg: 0.7199725620103428, h: 0.7968905463431772, ucb: 1.5208907978890227,num_of_obs(calculated after picking at this round): 54, privacy reward: 0.11532512103806203, g: -0.005956888076085552, curr_delay = 0.09871570538985017, data_size = 913
user 3, emp_avg: 0.560044629252551, h: 0.8373672876331628, ucb: 1.3984789851497403,num_of_obs(calculated after picking at this round): 49, privacy reward: 0.1408584209210444, g: -0.009466677290359469, curr_delay = 0.09826554385811359, data_size = 613
user 5, emp_avg: 0.4746414092183105, h: 0.8553772466897632, ucb: 1.3343167222486025,num_of_obs(calculated after picking at this round): 47, privacy reward: 0.15259010575688325, g: -0.00472047264198861, curr_delay = 0.1805508086640611, data_size = 779
user 7, emp_avg: 0.455742983010967, h: 0.8746016076309695, ucb: 1.333244700412215,num_of_obs(calculated after picking at this round): 45, privacy reward: 0.16529888822158578, g: -0.011146149858193982, curr_delay = 0.1523748443293989, data_size = 434
num of fast users chosen: 5, num of slow users chosen: 0
max_delay = 0.18 seconds
after cleansing the weights updates who were almost zeros (meaning with absolute value of less than 10**-7, 0.00% of the weights upadtes) we get:
user No.0 has been picked 81, his deltas theta's mean
 is -0.0019247903255745769,
the empirical var of deltas thetas is 0.0073747276328504086
the minimum of the deltas theta is -0.45089995861053467 and the maximum is 0.5659626722335815
the added laplace noise var is 0.07507935515356305
global epoch 273 has been done artifficialy in 0.18 secs, the total time by now is 156.52 
 with avg train loss 0.929, val loss 1.134, avg val acc 59.02%
iteration: 274
user 17, emp_avg: 0.06670945492281222, h: 0.929278306113701, ucb: 0.9959773071412606,num_of_obs(calculated after picking at this round): 40, privacy reward: 0.2018965179946548, g: 0.0067827456448771245, curr_delay = 0.7449660020750829, data_size = 1754
user 21, emp_avg: 0.06377560241341715, h: 0.9414262505470988, ucb: 1.0053309378487087,num_of_obs(calculated after picking at this round): 39, privacy reward: 0.21013607120076416, g: 0.002696889285653883, curr_delay = 0.8493235959231759, data_size = 1488
user 24, emp_avg: 0.06008560184727029, h: 0.9540634099603089, ucb: 1.0141074190134893,num_of_obs(calculated after picking at this round): 38, privacy reward: 0.21871188695221422, g: 0.0012671537123626893, curr_delay = 0.8113651456279076, data_size = 1332
user 26, emp_avg: 0.05807428674631789, h: 0.9540634099603089, ucb: 1.0120811360760291,num_of_obs(calculated after picking at this round): 38, privacy reward: 0.21871188695221422, g: 0.0016686684139307567, curr_delay = 0.8310199113172756, data_size = 1373
user 27, emp_avg: 0.057264129794418785, h: 0.9414262505470988, ucb: 0.9987200708258047,num_of_obs(calculated after picking at this round): 39, privacy reward: 0.21013607120076416, g: 0.003946398064062414, curr_delay = 0.8906957520507935, data_size = 1573
num of fast users chosen: 0, num of slow users chosen: 5
max_delay = 0.89 seconds
after cleansing the weights updates who were almost zeros (meaning with absolute value of less than 10**-7, 0.00% of the weights upadtes) we get:
user No.17 has been picked 40, his deltas theta's mean
 is -0.00125866977032274,
the empirical var of deltas thetas is 0.006665502209216356
the minimum of the deltas theta is -0.43255770206451416 and the maximum is 0.5273993015289307
the added laplace noise var is 0.014563896487861052
global epoch 274 has been done artifficialy in 0.89 secs, the total time by now is 157.41 
 with avg train loss 1.105, val loss 1.125, avg val acc 61.15%
iteration: 275
user 4, emp_avg: 0.5404385087453794, h: 0.6573121900627744, ucb: 1.1997752182869617,num_of_obs(calculated after picking at this round): 79, privacy reward: 0.04242574108051078, g: 0.016835839332919402, curr_delay = 0.13071007300350782, data_size = 3227
user 6, emp_avg: 0.4643320308369076, h: 0.7039868250145802, ucb: 1.1661799000167985,num_of_obs(calculated after picking at this round): 69, privacy reward: 0.06329176835964001, g: 0.013343905921576997, curr_delay = 0.0819966475459856, data_size = 2832
user 13, emp_avg: 0.2979235807308437, h: 0.7827762548774647, ucb: 1.0818603860598768,num_of_obs(calculated after picking at this round): 56, privacy reward: 0.1064585043792523, g: 0.012243535046824194, curr_delay = 0.21359004610972343, data_size = 2425
user 14, emp_avg: 0.2591206453388886, h: 0.8293177253080947, ucb: 1.0900510310215774,num_of_obs(calculated after picking at this round): 50, privacy reward: 0.13533528323661215, g: 0.009381079368710077, curr_delay = 0.27762310009258684, data_size = 2147
user 20, emp_avg: 0.06356850303965654, h: 0.9955877156675943, ucb: 1.0591846717945508,num_of_obs(calculated after picking at this round): 35, privacy reward: 0.2465969639416059, g: -0.0023216514513793446, curr_delay = 0.7987080345288633, data_size = 589
num of fast users chosen: 4, num of slow users chosen: 1
max_delay = 0.80 seconds
after cleansing the weights updates who were almost zeros (meaning with absolute value of less than 10**-7, 0.00% of the weights upadtes) we get:
user No.4 has been picked 79, his deltas theta's mean
 is -0.0021471723448485136,
the empirical var of deltas thetas is 0.006502526346594095
the minimum of the deltas theta is -0.5408272743225098 and the maximum is 0.47741883993148804
the added laplace noise var is 0.06930698001842174
global epoch 275 has been done artifficialy in 0.80 secs, the total time by now is 158.20 
 with avg train loss 1.001, val loss 1.063, avg val acc 64.00%
iteration: 276
user 0, emp_avg: 0.7787276487883005, h: 0.6452332834356286, ucb: 1.4212291748015624,num_of_obs(calculated after picking at this round): 82, privacy reward: 0.03762825680717552, g: 0.009430101259255622, curr_delay = 0.05, data_size = 3049
user 4, emp_avg: 0.5387116079960697, h: 0.6533497444213778, ucb: 1.1937882531667572,num_of_obs(calculated after picking at this round): 80, privacy reward: 0.0407622039783655, g: 0.0161690229701763, curr_delay = 0.12428954579273649, data_size = 3227
user 6, emp_avg: 0.46559973780482133, h: 0.6990926333915705, ucb: 1.163424664228478,num_of_obs(calculated after picking at this round): 70, privacy reward: 0.060810062625217265, g: 0.012721257617654138, curr_delay = 0.09040422136976357, data_size = 2832
user 8, emp_avg: 0.4104314671916118, h: 0.7496933283494758, ucb: 1.1615407051938071,num_of_obs(calculated after picking at this round): 61, privacy reward: 0.08716085146198072, g: 0.008412918788661452, curr_delay = 0.15362073879615062, data_size = 2413
user 11, emp_avg: 0.3347728666905296, h: 0.8855743792945108, ucb: 1.2208361731178807,num_of_obs(calculated after picking at this round): 44, privacy reward: 0.17204486382304973, g: -0.004221342588552551, curr_delay = 0.15936305774183604, data_size = 709
num of fast users chosen: 5, num of slow users chosen: 0
max_delay = 0.16 seconds
after cleansing the weights updates who were almost zeros (meaning with absolute value of less than 10**-7, 0.00% of the weights upadtes) we get:
user No.0 has been picked 82, his deltas theta's mean
 is -0.0008494385983794928,
the empirical var of deltas thetas is 0.0062041194178164005
the minimum of the deltas theta is -0.4152543544769287 and the maximum is 0.405454158782959
the added laplace noise var is 0.07814340176324523
global epoch 276 has been done artifficialy in 0.16 secs, the total time by now is 158.36 
 with avg train loss 1.001, val loss 1.046, avg val acc 64.27%
iteration: 277
user 13, emp_avg: 0.299384634463059, h: 0.7762559527851349, ucb: 1.0741795335159785,num_of_obs(calculated after picking at this round): 57, privacy reward: 0.10228420671553695, g: 0.011768874500632995, curr_delay = 0.1311634892710905, data_size = 2425
user 14, emp_avg: 0.25866625841398494, h: 0.8215120819211855, ucb: 1.0806327272600742,num_of_obs(calculated after picking at this round): 51, privacy reward: 0.13002871087842538, g: 0.008936369982087904, curr_delay = 0.21191207607001528, data_size = 2147
user 15, emp_avg: 0.07036628121751043, h: 0.968161273255248, ucb: 1.0385797407724862,num_of_obs(calculated after picking at this round): 37, privacy reward: 0.22763768838381226, g: -0.0006338006377422807, curr_delay = 0.7300594365926178, data_size = 818
user 18, emp_avg: 0.06656794469407126, h: 0.968161273255248, ucb: 1.0347360488742126,num_of_obs(calculated after picking at this round): 37, privacy reward: 0.22763768838381226, g: -0.0006402671513137115, curr_delay = 0.7538972939476926, data_size = 817
user 19, emp_avg: 0.06629078553777175, h: 0.968161273255248, ucb: 1.0345338326446127,num_of_obs(calculated after picking at this round): 37, privacy reward: 0.22763768838381226, g: -0.0013098812390655932, curr_delay = 0.789304271924387, data_size = 732
num of fast users chosen: 2, num of slow users chosen: 3
max_delay = 0.79 seconds
after cleansing the weights updates who were almost zeros (meaning with absolute value of less than 10**-7, 0.01% of the weights upadtes) we get:
user No.13 has been picked 57, his deltas theta's mean
 is -0.0001805588253773749,
the empirical var of deltas thetas is 0.006447759456932545
the minimum of the deltas theta is -0.41074252128601074 and the maximum is 0.4519576132297516
the added laplace noise var is 0.028747350971898154
global epoch 277 has been done artifficialy in 0.79 secs, the total time by now is 159.15 
 with avg train loss 1.033, val loss 1.056, avg val acc 63.95%
iteration: 278
user 0, emp_avg: 0.7813935807306102, h: 0.641698647856056, ucb: 1.4204262966443566,num_of_obs(calculated after picking at this round): 83, privacy reward: 0.03615283175404571, g: 0.00914374676040246, curr_delay = 0.05, data_size = 3049
user 1, emp_avg: 0.7330532650469893, h: 0.7981786658900117, ucb: 1.526195200088831,num_of_obs(calculated after picking at this round): 54, privacy reward: 0.11532512103806203, g: -0.006394597724772257, curr_delay = 0.05, data_size = 864
user 2, emp_avg: 0.7176886281958246, h: 0.7907535866845722, ucb: 1.510726148694915,num_of_obs(calculated after picking at this round): 55, privacy reward: 0.11080315836233334, g: -0.005973170487668552, curr_delay = 0.08412463740418559, data_size = 913
user 5, emp_avg: 0.4697895190267842, h: 0.8475964350098212, ucb: 1.3222378442281317,num_of_obs(calculated after picking at this round): 48, privacy reward: 0.14660696213034952, g: -0.0047986481600821055, curr_delay = 0.20682465089579133, data_size = 779
user 7, emp_avg: 0.4520061073475456, h: 0.866227153710514, ucb: 1.321970136721481,num_of_obs(calculated after picking at this round): 46, privacy reward: 0.15881742610691996, g: -0.01129409300132015, curr_delay = 0.1761514210337882, data_size = 434
num of fast users chosen: 5, num of slow users chosen: 0
max_delay = 0.21 seconds
after cleansing the weights updates who were almost zeros (meaning with absolute value of less than 10**-7, 0.00% of the weights upadtes) we get:
user No.0 has been picked 83, his deltas theta's mean
 is -0.0022105455864220858,
the empirical var of deltas thetas is 0.006407204084098339
the minimum of the deltas theta is -0.5122484564781189 and the maximum is 0.4182194769382477
the added laplace noise var is 0.08133249448723011
global epoch 278 has been done artifficialy in 0.21 secs, the total time by now is 159.36 
 with avg train loss 0.924, val loss 1.017, avg val acc 64.42%
iteration: 279
user 4, emp_avg: 0.5444065264158713, h: 0.649877591271312, ucb: 1.1885891992673816,num_of_obs(calculated after picking at this round): 81, privacy reward: 0.03916389509898632, g: 0.01604047730134521, curr_delay = 0.05, data_size = 3227
user 6, emp_avg: 0.4695633594278521, h: 0.6947483685369031, ucb: 1.1603481063417245,num_of_obs(calculated after picking at this round): 71, privacy reward: 0.05842566596450016, g: 0.012519930513684512, curr_delay = 0.0669328924211894, data_size = 2832
user 8, emp_avg: 0.4094239858484983, h: 0.7442376525397242, ucb: 1.154669119731336,num_of_obs(calculated after picking at this round): 62, privacy reward: 0.08374322559219538, g: 0.008185775586915113, curr_delay = 0.1436915292202584, data_size = 2413
user 9, emp_avg: 0.37532226354773157, h: 0.8969162870493995, ucb: 1.2698525630087172,num_of_obs(calculated after picking at this round): 43, privacy reward: 0.17906614791149256, g: -0.0054281018312313375, curr_delay = 0.10514500982044878, data_size = 600
user 10, emp_avg: 0.3801993205193488, h: 0.8303831263637015, ucb: 1.2134998982828775,num_of_obs(calculated after picking at this round): 50, privacy reward: 0.13533528323661215, g: -0.0007726192312123555, curr_delay = 0.21075330648212626, data_size = 1154
num of fast users chosen: 5, num of slow users chosen: 0
max_delay = 0.21 seconds
after cleansing the weights updates who were almost zeros (meaning with absolute value of less than 10**-7, 0.00% of the weights upadtes) we get:
user No.4 has been picked 81, his deltas theta's mean
 is -0.002474792068824172,
the empirical var of deltas thetas is 0.006653762422502041
the minimum of the deltas theta is -0.39854657649993896 and the maximum is 0.407846063375473
the added laplace noise var is 0.07507935515356305
global epoch 279 has been done artifficialy in 0.21 secs, the total time by now is 159.57 
 with avg train loss 1.070, val loss 1.047, avg val acc 63.50%
iteration: 280
user 16, emp_avg: 0.06860570771108301, h: 0.9559025396863412, ucb: 1.0246583671056855,num_of_obs(calculated after picking at this round): 38, privacy reward: 0.21871188695221422, g: 5.9999728862893853e-05, curr_delay = 0.7930053312987586, data_size = 1092
user 20, emp_avg: 0.06364822507259925, h: 0.9828346412148237, ucb: 1.04640314425448,num_of_obs(calculated after picking at this round): 36, privacy reward: 0.23692775868212124, g: -0.002454920551317071, curr_delay = 0.7525757330542734, data_size = 589
user 23, emp_avg: 0.06105485050362837, h: 0.9690880251701639, ucb: 1.030119580601299,num_of_obs(calculated after picking at this round): 37, privacy reward: 0.22763768838381226, g: -0.0014344618732434241, curr_delay = 0.8078396232249255, data_size = 708
user 25, emp_avg: 0.058657376232998173, h: 0.9690880251701639, ucb: 1.0278597008890644,num_of_obs(calculated after picking at this round): 37, privacy reward: 0.22763768838381226, g: -0.00037742444731705965, curr_delay = 0.9167147297974396, data_size = 852
user 29, emp_avg: 0.056087472630597796, h: 0.9690880251701639, ucb: 1.0253095807947679,num_of_obs(calculated after picking at this round): 37, privacy reward: 0.22763768838381226, g: -0.0009662657463718896, curr_delay = 0.9754102043679287, data_size = 761
num of fast users chosen: 0, num of slow users chosen: 5
max_delay = 0.98 seconds
after cleansing the weights updates who were almost zeros (meaning with absolute value of less than 10**-7, 0.01% of the weights upadtes) we get:
user No.16 has been picked 38, his deltas theta's mean
 is -0.00045912439236417413,
the empirical var of deltas thetas is 0.0033607895020395517
the minimum of the deltas theta is -0.3285525441169739 and the maximum is 0.3459981679916382
the added laplace noise var is 0.01344417091502745
global epoch 280 has been done artifficialy in 0.98 secs, the total time by now is 160.55 
 with avg train loss 0.994, val loss 0.985, avg val acc 65.42%
iteration: 281
user 17, emp_avg: 0.06661544809189858, h: 0.9196484112964377, ucb: 0.9863578662192499,num_of_obs(calculated after picking at this round): 41, privacy reward: 0.19398004229089127, g: 0.0067806064929391875, curr_delay = 0.7954794512156482, data_size = 1754
user 21, emp_avg: 0.06380232551023828, h: 0.9313641499958539, ucb: 0.9951397524092711,num_of_obs(calculated after picking at this round): 40, privacy reward: 0.2018965179946548, g: 0.0026861082625845227, curr_delay = 0.7710751063130609, data_size = 1488
user 26, emp_avg: 0.05799921774538767, h: 0.9435393615196492, ucb: 1.0016136482659672,num_of_obs(calculated after picking at this round): 39, privacy reward: 0.21013607120076416, g: 0.0016527898021693316, curr_delay = 0.9066742807280398, data_size = 1373
user 27, emp_avg: 0.05736192594409999, h: 0.9313641499958539, ucb: 0.9886282797902727,num_of_obs(calculated after picking at this round): 40, privacy reward: 0.2018965179946548, g: 0.003933354260888055, curr_delay = 0.8173143028963972, data_size = 1573
user 28, emp_avg: 0.056415715193764815, h: 0.9562048861077228, ucb: 1.0126382210453175,num_of_obs(calculated after picking at this round): 38, privacy reward: 0.21871188695221422, g: 0.0007524983757920226, curr_delay = 0.8966392846907164, data_size = 1242
num of fast users chosen: 0, num of slow users chosen: 5
max_delay = 0.91 seconds
after cleansing the weights updates who were almost zeros (meaning with absolute value of less than 10**-7, 0.00% of the weights upadtes) we get:
user No.17 has been picked 41, his deltas theta's mean
 is 0.0002579369756858796,
the empirical var of deltas thetas is 0.006425788626074791
the minimum of the deltas theta is -0.4276807904243469 and the maximum is 0.3933027982711792
the added laplace noise var is 0.015158260378788464
global epoch 281 has been done artifficialy in 0.91 secs, the total time by now is 161.45 
 with avg train loss 1.064, val loss 1.028, avg val acc 64.75%
iteration: 282
user 0, emp_avg: 0.7839960381028648, h: 0.6386303343274865, ucb: 1.4200239150580967,num_of_obs(calculated after picking at this round): 84, privacy reward: 0.034735258944737835, g: 0.009266127793077861, curr_delay = 0.05, data_size = 3049
user 4, emp_avg: 0.5429397852678244, h: 0.6464665825019202, ucb: 1.1908731089177915,num_of_obs(calculated after picking at this round): 82, privacy reward: 0.03762825680717552, g: 0.015915163407990568, curr_delay = 0.11788734032998979, data_size = 3227
user 10, emp_avg: 0.3777827516556746, h: 0.8228176277356809, ucb: 1.2030169482550297,num_of_obs(calculated after picking at this round): 51, privacy reward: 0.13002871087842538, g: -0.0008687021424540947, curr_delay = 0.19458712444767373, data_size = 1154
user 11, emp_avg: 0.3315480141842854, h: 0.8771265383163559, ucb: 1.2118994050068854,num_of_obs(calculated after picking at this round): 45, privacy reward: 0.16529888822158578, g: -0.004251447812256102, curr_delay = 0.2636372929157987, data_size = 709
user 12, emp_avg: 0.33184122705770513, h: 0.8977676338673223, ucb: 1.232004408392924,num_of_obs(calculated after picking at this round): 43, privacy reward: 0.17906614791149256, g: -0.005194688678331951, curr_delay = 0.21623656965885446, data_size = 600
num of fast users chosen: 5, num of slow users chosen: 0
max_delay = 0.26 seconds
after cleansing the weights updates who were almost zeros (meaning with absolute value of less than 10**-7, 0.00% of the weights upadtes) we get:
user No.0 has been picked 84, his deltas theta's mean
 is -0.001698173931799829,
the empirical var of deltas thetas is 0.00628322921693325
the minimum of the deltas theta is -0.4251159727573395 and the maximum is 0.447370707988739
the added laplace noise var is 0.08465173655425208
global epoch 282 has been done artifficialy in 0.26 secs, the total time by now is 161.72 
 with avg train loss 0.985, val loss 1.113, avg val acc 59.76%
iteration: 283
user 13, emp_avg: 0.29915973940686896, h: 0.7708810337354087, ucb: 1.0702656681984677,num_of_obs(calculated after picking at this round): 58, privacy reward: 0.09827358560436095, g: 0.011932739867208109, curr_delay = 0.17461714767551773, data_size = 2425
user 14, emp_avg: 0.25882587597583345, h: 0.8149663939403549, ucb: 1.0736326523543398,num_of_obs(calculated after picking at this round): 52, privacy reward: 0.12493021219858191, g: 0.008991927858476651, curr_delay = 0.18728950651985768, data_size = 2147
user 15, emp_avg: 0.07029494776345974, h: 0.9568060802970986, ucb: 1.0271723615146091,num_of_obs(calculated after picking at this round): 38, privacy reward: 0.21871188695221422, g: -0.0006735866549508856, curr_delay = 0.7390370144754121, data_size = 818
user 18, emp_avg: 0.0666236324283793, h: 0.9568060802970986, ucb: 1.0233740249911698,num_of_obs(calculated after picking at this round): 38, privacy reward: 0.21871188695221422, g: -0.0006802525358336836, curr_delay = 0.72797074694423, data_size = 817
user 22, emp_avg: 0.061445090183188854, h: 0.9568060802970986, ucb: 1.0182572116382673,num_of_obs(calculated after picking at this round): 38, privacy reward: 0.21871188695221422, g: 0.00023789418286219318, curr_delay = 0.8167056508699079, data_size = 1141
num of fast users chosen: 2, num of slow users chosen: 3
max_delay = 0.82 seconds
after cleansing the weights updates who were almost zeros (meaning with absolute value of less than 10**-7, 0.00% of the weights upadtes) we get:
user No.13 has been picked 58, his deltas theta's mean
 is 5.611703818431124e-05,
the empirical var of deltas thetas is 0.006334491074085236
the minimum of the deltas theta is -0.4267464876174927 and the maximum is 0.5090517401695251
the added laplace noise var is 0.02992055262104161
global epoch 283 has been done artifficialy in 0.82 secs, the total time by now is 162.53 
 with avg train loss 1.029, val loss 1.031, avg val acc 64.22%
iteration: 284
user 0, emp_avg: 0.7802575663415462, h: 0.6352150500961525, ucb: 1.4192110881990172,num_of_obs(calculated after picking at this round): 85, privacy reward: 0.0333732699603253, g: 0.008989376297741736, curr_delay = 0.10724414041092953, data_size = 3049
user 4, emp_avg: 0.5484465348429108, h: 0.642914907590452, ucb: 1.1858546928582765,num_of_obs(calculated after picking at this round): 83, privacy reward: 0.03615283175404571, g: 0.015539358377370454, curr_delay = 0.05, data_size = 3227
user 6, emp_avg: 0.4712397027749331, h: 0.6909255420328166, ucb: 1.1604889014606687,num_of_obs(calculated after picking at this round): 72, privacy reward: 0.0561347628341331, g: 0.012721257617654138, curr_delay = 0.08470842203087588, data_size = 2832
user 8, emp_avg: 0.40841200324627736, h: 0.7393746859838151, ucb: 1.1487986718323133,num_of_obs(calculated after picking at this round): 63, privacy reward: 0.08045960674953179, g: 0.008245259228608736, curr_delay = 0.14464701246617037, data_size = 2413
user 12, emp_avg: 0.33108067135403346, h: 0.8878225968426093, ucb: 1.2196638239003144,num_of_obs(calculated after picking at this round): 44, privacy reward: 0.17204486382304973, g: -0.005557176070535758, curr_delay = 0.16757336363165085, data_size = 600
num of fast users chosen: 5, num of slow users chosen: 0
max_delay = 0.17 seconds
after cleansing the weights updates who were almost zeros (meaning with absolute value of less than 10**-7, 0.00% of the weights upadtes) we get:
user No.0 has been picked 85, his deltas theta's mean
 is -0.003337226575240493,
the empirical var of deltas thetas is 0.007145971525460482
the minimum of the deltas theta is -0.44243016839027405 and the maximum is 0.4485296607017517
the added laplace noise var is 0.0881064394597612
global epoch 284 has been done artifficialy in 0.17 secs, the total time by now is 162.70 
 with avg train loss 1.015, val loss 1.081, avg val acc 63.06%
iteration: 285
user 0, emp_avg: 0.7828127109189701, h: 0.6316638633436755, ucb: 1.4119214296852216,num_of_obs(calculated after picking at this round): 86, privacy reward: 0.03206468532786, g: 0.008526925898083406, curr_delay = 0.05, data_size = 3049
user 1, emp_avg: 0.7272487606005024, h: 0.7924988033828085, ucb: 1.5255520684297978,num_of_obs(calculated after picking at this round): 55, privacy reward: 0.11080315836233334, g: -0.006208247158907651, curr_delay = 0.12082970749343315, data_size = 864
user 2, emp_avg: 0.7227299026923276, h: 0.785261219787425, ucb: 1.5029498479832495,num_of_obs(calculated after picking at this round): 56, privacy reward: 0.1064585043792523, g: -0.005779670007943486, curr_delay = 0.05, data_size = 913
user 3, emp_avg: 0.5611937580986788, h: 0.8319504385946279, ucb: 1.391995067847179,num_of_obs(calculated after picking at this round): 50, privacy reward: 0.13533528323661215, g: -0.008724027029970422, curr_delay = 0.08097151940768373, data_size = 613
user 5, emp_avg: 0.47960375312059744, h: 0.8405719169313125, ucb: 1.3103614359580966,num_of_obs(calculated after picking at this round): 49, privacy reward: 0.1408584209210444, g: -0.004709881990295539, curr_delay = 0.052593546083758304, data_size = 779
num of fast users chosen: 5, num of slow users chosen: 0
max_delay = 0.12 seconds
after cleansing the weights updates who were almost zeros (meaning with absolute value of less than 10**-7, 0.00% of the weights upadtes) we get:
user No.0 has been picked 86, his deltas theta's mean
 is -0.0007061766809783876,
the empirical var of deltas thetas is 0.006852945778518915
the minimum of the deltas theta is -0.45805972814559937 and the maximum is 0.488023042678833
the added laplace noise var is 0.09170213146544885
global epoch 285 has been done artifficialy in 0.12 secs, the total time by now is 162.82 
 with avg train loss 0.948, val loss 1.203, avg val acc 58.22%
iteration: 286
user 0, emp_avg: 0.7771714859193947, h: 0.6281751983520528, ucb: 1.410987909271023,num_of_obs(calculated after picking at this round): 87, privacy reward: 0.03080741103275031, g: 0.00807979297223443, curr_delay = 0.17121755159458885, data_size = 3049
user 4, emp_avg: 0.548570305961313, h: 0.6394269918376857, ucb: 1.1878735266805966,num_of_obs(calculated after picking at this round): 84, privacy reward: 0.034735258944737835, g: 0.015173205718384044, curr_delay = 0.08947051743068454, data_size = 3227
user 9, emp_avg: 0.3748540944551084, h: 0.8883738850558821, ucb: 1.2636961486036138,num_of_obs(calculated after picking at this round): 44, privacy reward: 0.17204486382304973, g: -0.005400437472679097, curr_delay = 0.14095512521737347, data_size = 600
user 10, emp_avg: 0.3774002263083475, h: 0.8157271610489158, ucb: 1.1935099127045905,num_of_obs(calculated after picking at this round): 52, privacy reward: 0.12493021219858191, g: -0.0009296685920900894, curr_delay = 0.13970717180291103, data_size = 1154
user 11, emp_avg: 0.32869049714948434, h: 0.8684078773494901, ucb: 1.1999558915337756,num_of_obs(calculated after picking at this round): 46, privacy reward: 0.15881742610691996, g: -0.004424566613747428, curr_delay = 0.24987227705666182, data_size = 709
num of fast users chosen: 5, num of slow users chosen: 0
max_delay = 0.25 seconds
after cleansing the weights updates who were almost zeros (meaning with absolute value of less than 10**-7, 0.00% of the weights upadtes) we get:
user No.0 has been picked 87, his deltas theta's mean
 is -0.0014640053268522024,
the empirical var of deltas thetas is 0.007348688319325447
the minimum of the deltas theta is -0.5363737344741821 and the maximum is 0.6883119940757751
the added laplace noise var is 0.09544456644564597
global epoch 286 has been done artifficialy in 0.25 secs, the total time by now is 163.07 
 with avg train loss 1.089, val loss 1.108, avg val acc 62.50%
iteration: 287
user 17, emp_avg: 0.06653402099852547, h: 0.910064233789769, ucb: 0.9766796818816675,num_of_obs(calculated after picking at this round): 42, privacy reward: 0.1863739760394093, g: 0.006697139035961322, curr_delay = 0.7911954483050536, data_size = 1754
user 21, emp_avg: 0.06384565324054323, h: 0.921369813030546, ucb: 0.9851721385407842,num_of_obs(calculated after picking at this round): 41, privacy reward: 0.19398004229089127, g: 0.002626038938157855, curr_delay = 0.7624419572728581, data_size = 1488
user 24, emp_avg: 0.060143961162488074, h: 0.9453054824340861, ucb: 1.0053910842813563,num_of_obs(calculated after picking at this round): 39, privacy reward: 0.21013607120076416, g: 0.001461488381466669, curr_delay = 0.8017752568970347, data_size = 1332
user 26, emp_avg: 0.058061136557516414, h: 0.9331074812985514, ucb: 0.991106699043939,num_of_obs(calculated after picking at this round): 40, privacy reward: 0.2018965179946548, g: 0.0015997866146869664, curr_delay = 0.8267746645386134, data_size = 1373
user 27, emp_avg: 0.05723514489967638, h: 0.921369813030546, ucb: 0.9787317389746459,num_of_obs(calculated after picking at this round): 41, privacy reward: 0.19398004229089127, g: 0.003860593263032741, curr_delay = 0.9585172313958028, data_size = 1573
num of fast users chosen: 0, num of slow users chosen: 5
max_delay = 0.96 seconds
after cleansing the weights updates who were almost zeros (meaning with absolute value of less than 10**-7, 0.00% of the weights upadtes) we get:
user No.17 has been picked 42, his deltas theta's mean
 is -0.0006620092899538577,
the empirical var of deltas thetas is 0.0062468331307172775
the minimum of the deltas theta is -0.519743800163269 and the maximum is 0.4442383050918579
the added laplace noise var is 0.015776880720256625
global epoch 287 has been done artifficialy in 0.96 secs, the total time by now is 164.03 
 with avg train loss 1.092, val loss 1.053, avg val acc 63.96%
iteration: 288
user 13, emp_avg: 0.29865659771800124, h: 0.7653910751668703, ucb: 1.0645508145737392,num_of_obs(calculated after picking at this round): 59, privacy reward: 0.09442022319630183, g: 0.011938101535364011, curr_delay = 0.18554639607613022, data_size = 2425
user 16, emp_avg: 0.06884392485195372, h: 0.9455959257305984, ucb: 1.0142016334416815,num_of_obs(calculated after picking at this round): 39, privacy reward: 0.21013607120076416, g: 6.31128858231226e-05, curr_delay = 0.6418800310350113, data_size = 1092
user 19, emp_avg: 0.06621761854524844, h: 0.9582890564426377, ucb: 1.0245798419804095,num_of_obs(calculated after picking at this round): 38, privacy reward: 0.21871188695221422, g: -0.001204131972786552, curr_delay = 0.7872721420324669, data_size = 732
user 25, emp_avg: 0.058847640465280994, h: 0.9582890564426377, ucb: 1.016946432675636,num_of_obs(calculated after picking at this round): 38, privacy reward: 0.21871188695221422, g: -0.0003735796434154423, curr_delay = 0.7588702400438758, data_size = 852
user 29, emp_avg: 0.05600614647897446, h: 0.9582890564426377, ucb: 1.0143765290732356,num_of_obs(calculated after picking at this round): 38, privacy reward: 0.21871188695221422, g: -0.0009601079661750768, curr_delay = 0.9434482252064473, data_size = 761
num of fast users chosen: 1, num of slow users chosen: 4
max_delay = 0.94 seconds
after cleansing the weights updates who were almost zeros (meaning with absolute value of less than 10**-7, 0.00% of the weights upadtes) we get:
user No.13 has been picked 59, his deltas theta's mean
 is -0.0006793328793719411,
the empirical var of deltas thetas is 0.006978379562497139
the minimum of the deltas theta is -0.5248171091079712 and the maximum is 0.4347150921821594
the added laplace noise var is 0.031141633537770413
global epoch 288 has been done artifficialy in 0.94 secs, the total time by now is 164.97 
 with avg train loss 1.036, val loss 1.040, avg val acc 64.01%
iteration: 289
user 0, emp_avg: 0.7797036281248562, h: 0.6251304243564136, ucb: 1.4023019102758083,num_of_obs(calculated after picking at this round): 88, privacy reward: 0.029599435167891208, g: 0.008019006753550866, curr_delay = 0.05, data_size = 3049
user 1, emp_avg: 0.7214418983236037, h: 0.7862287445159802, ucb: 1.5134775051164826,num_of_obs(calculated after picking at this round): 56, privacy reward: 0.1064585043792523, g: -0.006340963229274256, curr_delay = 0.12435816478688924, data_size = 864
user 2, emp_avg: 0.7211745916535923, h: 0.7791772232007963, ucb: 1.501907125893124,num_of_obs(calculated after picking at this round): 57, privacy reward: 0.10228420671553695, g: -0.005900284764021529, curr_delay = 0.07885475473787759, data_size = 913
user 5, emp_avg: 0.47728383463091645, h: 0.8329754893700765, ucb: 1.312579242490674,num_of_obs(calculated after picking at this round): 50, privacy reward: 0.13533528323661215, g: -0.004866136759576331, curr_delay = 0.13751079064356003, data_size = 779
user 7, emp_avg: 0.4486097538977987, h: 0.8597087490726475, ucb: 1.311714856420193,num_of_obs(calculated after picking at this round): 47, privacy reward: 0.15259010575688325, g: -0.010727307683281794, curr_delay = 0.17101179406500658, data_size = 434
num of fast users chosen: 5, num of slow users chosen: 0
max_delay = 0.17 seconds
after cleansing the weights updates who were almost zeros (meaning with absolute value of less than 10**-7, 0.00% of the weights upadtes) we get:
user No.0 has been picked 88, his deltas theta's mean
 is -0.0016097713960334659,
the empirical var of deltas thetas is 0.006133233197033405
the minimum of the deltas theta is -0.3678927421569824 and the maximum is 0.43572062253952026
the added laplace noise var is 0.09933973309474964
global epoch 289 has been done artifficialy in 0.17 secs, the total time by now is 165.14 
 with avg train loss 0.959, val loss 1.156, avg val acc 58.41%
iteration: 290
user 4, emp_avg: 0.5538812435382386, h: 0.6363894204797944, ucb: 1.1849597264411074,num_of_obs(calculated after picking at this round): 85, privacy reward: 0.0333732699603253, g: 0.015310148479170836, curr_delay = 0.05, data_size = 3227
user 6, emp_avg: 0.4702810248757149, h: 0.6873791362232661, ucb: 1.158618838998199,num_of_obs(calculated after picking at this round): 73, privacy reward: 0.053933687300355304, g: 0.013113156313014157, curr_delay = 0.1246086614731744, data_size = 2832
user 8, emp_avg: 0.4159850244285602, h: 0.7348392064468785, ucb: 1.143251209693156,num_of_obs(calculated after picking at this round): 64, privacy reward: 0.07730474044329905, g: 0.00844044410413701, curr_delay = 0.05598568994669363, data_size = 2413
user 9, emp_avg: 0.37518781328153566, h: 0.8792983455042063, ucb: 1.2541524399593147,num_of_obs(calculated after picking at this round): 45, privacy reward: 0.16529888822158578, g: -0.005604342465222729, curr_delay = 0.12824740326995582, data_size = 600
user 12, emp_avg: 0.3278239433404106, h: 0.8792983455042063, ucb: 1.2103790168582398,num_of_obs(calculated after picking at this round): 45, privacy reward: 0.16529888822158578, g: -0.005604342465222729, curr_delay = 0.2709617195535121, data_size = 600
num of fast users chosen: 5, num of slow users chosen: 0
max_delay = 0.27 seconds
after cleansing the weights updates who were almost zeros (meaning with absolute value of less than 10**-7, 0.00% of the weights upadtes) we get:
user No.4 has been picked 85, his deltas theta's mean
 is -0.0006507396465167403,
the empirical var of deltas thetas is 0.006521626375615597
the minimum of the deltas theta is -0.4614756107330322 and the maximum is 0.4778634309768677
the added laplace noise var is 0.0881064394597612
global epoch 290 has been done artifficialy in 0.27 secs, the total time by now is 165.42 
 with avg train loss 1.067, val loss 1.075, avg val acc 62.97%
iteration: 291
user 13, emp_avg: 0.3040480345517219, h: 0.7595710163407353, ucb: 1.0582276140587366,num_of_obs(calculated after picking at this round): 60, privacy reward: 0.0907179532894119, g: 0.011642705146489485, curr_delay = 0.08036740018185007, data_size = 2425
user 14, emp_avg: 0.2579084788177447, h: 0.8090823339655688, ucb: 1.0679082099414023,num_of_obs(calculated after picking at this round): 53, privacy reward: 0.12003162851145621, g: 0.009282095503763707, curr_delay = 0.23786436626497967, data_size = 2147
user 15, emp_avg: 0.07028354926569892, h: 0.9464607146048037, ucb: 1.0167556623682634,num_of_obs(calculated after picking at this round): 39, privacy reward: 0.21013607120076416, g: -0.0006654176737699812, curr_delay = 0.7158154492172919, data_size = 818
user 20, emp_avg: 0.06376298145994619, h: 0.972395947061646, ucb: 1.0360441721342453,num_of_obs(calculated after picking at this round): 37, privacy reward: 0.22763768838381226, g: -0.002328882342737834, curr_delay = 0.7364398078380693, data_size = 589
user 23, emp_avg: 0.06100292206950501, h: 0.9591654537406105, ucb: 1.0202203042442388,num_of_obs(calculated after picking at this round): 38, privacy reward: 0.21871188695221422, g: -0.001328648292588037, curr_delay = 0.8462875985544398, data_size = 708
num of fast users chosen: 2, num of slow users chosen: 3
max_delay = 0.85 seconds
after cleansing the weights updates who were almost zeros (meaning with absolute value of less than 10**-7, 0.00% of the weights upadtes) we get:
user No.13 has been picked 60, his deltas theta's mean
 is -0.00011702341726049781,
the empirical var of deltas thetas is 0.006974837742745876
the minimum of the deltas theta is -0.4475318193435669 and the maximum is 0.4636869430541992
the added laplace noise var is 0.032412547712062464
global epoch 291 has been done artifficialy in 0.85 secs, the total time by now is 166.26 
 with avg train loss 0.996, val loss 1.056, avg val acc 63.46%
iteration: 292
user 4, emp_avg: 0.5532353132272506, h: 0.6330181933414635, ucb: 1.1868994368797021,num_of_obs(calculated after picking at this round): 86, privacy reward: 0.03206468532786, g: 0.014955692013810407, curr_delay = 0.10033487027975191, data_size = 3227
user 6, emp_avg: 0.46762082994476534, h: 0.683068447738602, ucb: 1.153349472614317,num_of_obs(calculated after picking at this round): 74, privacy reward: 0.05181891717272524, g: 0.012721257617654138, curr_delay = 0.182864432365617, data_size = 2832
user 8, emp_avg: 0.4184785050365895, h: 0.7295174219733559, ucb: 1.1455024464019161,num_of_obs(calculated after picking at this round): 65, privacy reward: 0.07427357821433322, g: 0.008088337815450245, curr_delay = 0.0864960223390521, data_size = 2413
user 10, emp_avg: 0.37625779520132346, h: 0.8093269142366876, ucb: 1.186727140545035,num_of_obs(calculated after picking at this round): 53, privacy reward: 0.12003162851145621, g: -0.000915121832839859, curr_delay = 0.15780269087997673, data_size = 1154
user 11, emp_avg: 0.33062455231084403, h: 0.8604918059586331, ucb: 1.1891823031081175,num_of_obs(calculated after picking at this round): 47, privacy reward: 0.15259010575688325, g: -0.004450091361514177, curr_delay = 0.11916363627209117, data_size = 709
num of fast users chosen: 5, num of slow users chosen: 0
max_delay = 0.18 seconds
after cleansing the weights updates who were almost zeros (meaning with absolute value of less than 10**-7, 0.00% of the weights upadtes) we get:
user No.4 has been picked 86, his deltas theta's mean
 is -0.0021077583078294992,
the empirical var of deltas thetas is 0.006898844614624977
the minimum of the deltas theta is -0.5491741895675659 and the maximum is 0.4959850311279297
the added laplace noise var is 0.09170213146544885
global epoch 292 has been done artifficialy in 0.18 secs, the total time by now is 166.44 
 with avg train loss 1.062, val loss 1.115, avg val acc 60.42%
iteration: 293
user 16, emp_avg: 0.06878442210883887, h: 0.9348115901504158, ucb: 1.0036555150023696,num_of_obs(calculated after picking at this round): 40, privacy reward: 0.2018965179946548, g: 4.6009147139087704e-05, curr_delay = 0.7522890448613122, data_size = 1092
user 18, emp_avg: 0.06656912805411601, h: 0.9470318681641523, ucb: 1.0136555005925316,num_of_obs(calculated after picking at this round): 39, privacy reward: 0.21013607120076416, g: -0.0006266227829765844, curr_delay = 0.7752182949618007, data_size = 817
user 22, emp_avg: 0.06136446073180181, h: 0.9470318681641523, ucb: 1.0084769583473412,num_of_obs(calculated after picking at this round): 39, privacy reward: 0.21013607120076416, g: 0.00027136089501211423, curr_delay = 0.8576249661792099, data_size = 1141
user 25, emp_avg: 0.059004255508814725, h: 0.9470318681641523, ucb: 1.0058795086294332,num_of_obs(calculated after picking at this round): 39, privacy reward: 0.21013607120076416, g: -0.00042225396360294303, curr_delay = 0.7697562502853775, data_size = 852
user 28, emp_avg: 0.05637329817161641, h: 0.9470318681641523, ucb: 1.003447583357917,num_of_obs(calculated after picking at this round): 39, privacy reward: 0.21013607120076416, g: 0.0008650345054669908, curr_delay = 0.9130510383794285, data_size = 1242
num of fast users chosen: 0, num of slow users chosen: 5
max_delay = 0.91 seconds
after cleansing the weights updates who were almost zeros (meaning with absolute value of less than 10**-7, 0.01% of the weights upadtes) we get:
user No.16 has been picked 40, his deltas theta's mean
 is 7.943149103084579e-05,
the empirical var of deltas thetas is 0.003423041896894574
the minimum of the deltas theta is -0.4083693325519562 and the maximum is 0.3665109872817993
the added laplace noise var is 0.014563896487861052
global epoch 293 has been done artifficialy in 0.91 secs, the total time by now is 167.36 
 with avg train loss 1.089, val loss 1.020, avg val acc 64.74%
iteration: 294
user 0, emp_avg: 0.7772667848782453, h: 0.6225084757001679, ucb: 1.4022121038250241,num_of_obs(calculated after picking at this round): 89, privacy reward: 0.028438824714183686, g: 0.008329709360233892, curr_delay = 0.08883762694436373, data_size = 3049
user 1, emp_avg: 0.7179985948126046, h: 0.7803556721598182, ucb: 1.5017975704834219,num_of_obs(calculated after picking at this round): 57, privacy reward: 0.10228420671553695, g: -0.006367231988944033, curr_delay = 0.09520661391145865, data_size = 864
user 2, emp_avg: 0.7207515195542183, h: 0.7734801577653452, ucb: 1.4946547494189375,num_of_obs(calculated after picking at this round): 58, privacy reward: 0.09827358560436095, g: -0.0059165688414469135, curr_delay = 0.07177345210524165, data_size = 913
user 3, emp_avg: 0.5697978020575282, h: 0.8258508170854114, ucb: 1.38704457518409,num_of_obs(calculated after picking at this round): 51, privacy reward: 0.13002871087842538, g: -0.00837970026480827, curr_delay = 0.05, data_size = 613
user 5, emp_avg: 0.47492961338169154, h: 0.8258508170854114, ucb: 1.3031346517163278,num_of_obs(calculated after picking at this round): 51, privacy reward: 0.13002871087842538, g: -0.004938653568847576, curr_delay = 0.13997033432660458, data_size = 779
num of fast users chosen: 5, num of slow users chosen: 0
max_delay = 0.14 seconds
after cleansing the weights updates who were almost zeros (meaning with absolute value of less than 10**-7, 0.00% of the weights upadtes) we get:
user No.0 has been picked 89, his deltas theta's mean
 is -0.002033226191997528,
the empirical var of deltas thetas is 0.007070728112012148
the minimum of the deltas theta is -0.4420534372329712 and the maximum is 0.42388299107551575
the added laplace noise var is 0.10339386451041159
global epoch 294 has been done artifficialy in 0.14 secs, the total time by now is 167.50 
 with avg train loss 0.971, val loss 1.051, avg val acc 63.03%
iteration: 295
user 4, emp_avg: 0.5521166444992406, h: 0.629893421568551, ucb: 1.1831287347958015,num_of_obs(calculated after picking at this round): 87, privacy reward: 0.03080741103275031, g: 0.014850818275617081, curr_delay = 0.10967049559272629, data_size = 3227
user 6, emp_avg: 0.47471921887883517, h: 0.6790479437959436, ucb: 1.1466687737407089,num_of_obs(calculated after picking at this round): 75, privacy reward: 0.049787068367863285, g: 0.012530808763628158, curr_delay = 0.05, data_size = 2832
user 8, emp_avg: 0.4184659563250923, h: 0.7245354175983704, ucb: 1.1430139226349598,num_of_obs(calculated after picking at this round): 66, privacy reward: 0.07136126955638533, g: 0.007880873835142002, curr_delay = 0.11971738362899048, data_size = 2413
user 10, emp_avg: 0.3815982032849461, h: 0.8023768010768972, ucb: 1.1786345962782208,num_of_obs(calculated after picking at this round): 54, privacy reward: 0.11532512103806203, g: -0.001013136541119072, curr_delay = 0.07522871428099127, data_size = 1154
user 12, emp_avg: 0.33100871225628997, h: 0.8707831996802128, ucb: 1.1986071430206233,num_of_obs(calculated after picking at this round): 46, privacy reward: 0.15881742610691996, g: -0.005727521639350185, curr_delay = 0.10541333006409662, data_size = 600
num of fast users chosen: 5, num of slow users chosen: 0
max_delay = 0.12 seconds
after cleansing the weights updates who were almost zeros (meaning with absolute value of less than 10**-7, 0.00% of the weights upadtes) we get:
user No.4 has been picked 87, his deltas theta's mean
 is -0.0008543430012650788,
the empirical var of deltas thetas is 0.011999715119600296
the minimum of the deltas theta is -0.5406051874160767 and the maximum is 0.5265002250671387
the added laplace noise var is 0.09544456644564597
global epoch 295 has been done artifficialy in 0.12 secs, the total time by now is 167.62 
 with avg train loss 1.074, val loss 1.205, avg val acc 57.62%
iteration: 296
user 17, emp_avg: 0.06649241230834858, h: 0.9016143818034769, ucb: 0.9681484028020023,num_of_obs(calculated after picking at this round): 43, privacy reward: 0.17906614791149256, g: 0.006856055397382147, curr_delay = 0.7722622273270046, data_size = 1754
user 21, emp_avg: 0.06370295055230184, h: 0.9125434400076974, ucb: 0.9763890932482406,num_of_obs(calculated after picking at this round): 42, privacy reward: 0.1863739760394093, g: 0.0027148477213276533, curr_delay = 0.864272258744163, data_size = 1488
user 24, emp_avg: 0.06004911561904277, h: 0.9356494621651077, ucb: 0.9957934233275958,num_of_obs(calculated after picking at this round): 40, privacy reward: 0.2018965179946548, g: 0.0015114088576883176, curr_delay = 0.8873092508819049, data_size = 1332
user 26, emp_avg: 0.05817457634718325, h: 0.9238798180221327, ucb: 0.9819409545796491,num_of_obs(calculated after picking at this round): 41, privacy reward: 0.19398004229089127, g: 0.0016606194854253194, curr_delay = 0.7972934383760325, data_size = 1373
user 27, emp_avg: 0.05711814013753312, h: 0.9125434400076974, ucb: 0.9697785849073738,num_of_obs(calculated after picking at this round): 42, privacy reward: 0.1863739760394093, g: 0.0039681156960761615, curr_delay = 0.955640233666375, data_size = 1573
num of fast users chosen: 0, num of slow users chosen: 5
max_delay = 0.96 seconds
after cleansing the weights updates who were almost zeros (meaning with absolute value of less than 10**-7, 0.00% of the weights upadtes) we get:
user No.17 has been picked 43, his deltas theta's mean
 is 0.0014556433307006955,
the empirical var of deltas thetas is 0.005887877661734819
the minimum of the deltas theta is -0.39378705620765686 and the maximum is 0.5066162943840027
the added laplace noise var is 0.016420747436791262
global epoch 296 has been done artifficialy in 0.96 secs, the total time by now is 168.57 
 with avg train loss 1.105, val loss 1.134, avg val acc 61.22%
iteration: 297
user 4, emp_avg: 0.5550391223611152, h: 0.6266348075126318, ucb: 1.1787514520118725,num_of_obs(calculated after picking at this round): 88, privacy reward: 0.029599435167891208, g: 0.014510627078713022, curr_delay = 0.0617821916118603, data_size = 3227
user 6, emp_avg: 0.47403218160434585, h: 0.6749063424685057, ucb: 1.149625561347341,num_of_obs(calculated after picking at this round): 76, privacy reward: 0.047834889494197785, g: 0.012157995362976043, curr_delay = 0.11834196674566916, data_size = 2832
user 8, emp_avg: 0.4199327911824864, h: 0.7194525784361518, ucb: 1.1379185347612442,num_of_obs(calculated after picking at this round): 67, privacy reward: 0.06856315415427716, g: 0.00755005399972378, curr_delay = 0.0967597310704299, data_size = 2413
user 13, emp_avg: 0.3051198589038932, h: 0.754568230102666, ucb: 1.058616264654388,num_of_obs(calculated after picking at this round): 61, privacy reward: 0.08716085146198072, g: 0.011800543501127189, curr_delay = 0.1353438866069842, data_size = 2425
user 14, emp_avg: 0.2597200876518867, h: 0.802853317658822, ucb: 1.0607617964765668,num_of_obs(calculated after picking at this round): 54, privacy reward: 0.11532512103806203, g: 0.009328973622093116, curr_delay = 0.14055392351689394, data_size = 2147
num of fast users chosen: 5, num of slow users chosen: 0
max_delay = 0.14 seconds
after cleansing the weights updates who were almost zeros (meaning with absolute value of less than 10**-7, 0.00% of the weights upadtes) we get:
user No.4 has been picked 88, his deltas theta's mean
 is -0.0018266330007463694,
the empirical var of deltas thetas is 0.006385360844433308
the minimum of the deltas theta is -0.5297819972038269 and the maximum is 0.5528041124343872
the added laplace noise var is 0.09933973309474964
global epoch 297 has been done artifficialy in 0.14 secs, the total time by now is 168.71 
 with avg train loss 1.041, val loss 1.126, avg val acc 60.92%
iteration: 298
user 0, emp_avg: 0.7739713575393067, h: 0.6197368136486452, ucb: 1.3970035985268905,num_of_obs(calculated after picking at this round): 90, privacy reward: 0.027323722447291754, g: 0.008450987228263682, curr_delay = 0.10401966859050751, data_size = 3049
user 2, emp_avg: 0.7254845446465197, h: 0.7676942741769065, ucb: 1.4884457937311248,num_of_obs(calculated after picking at this round): 59, privacy reward: 0.09442022319630183, g: -0.0060330261571887225, curr_delay = 0.05, data_size = 913
user 3, emp_avg: 0.5663286557575005, h: 0.8186857104713918, ucb: 1.38848351252892,num_of_obs(calculated after picking at this round): 52, privacy reward: 0.12493021219858191, g: -0.008577281713540169, curr_delay = 0.1284019471688882, data_size = 613
user 5, emp_avg: 0.48502712081665905, h: 0.8186857104713918, ucb: 1.2936153238530834,num_of_obs(calculated after picking at this round): 52, privacy reward: 0.12493021219858191, g: -0.005090603735740024, curr_delay = 0.05, data_size = 779
user 7, emp_avg: 0.4470569327475002, h: 0.852812130654917, ucb: 1.3014218845527157,num_of_obs(calculated after picking at this round): 48, privacy reward: 0.14660696213034952, g: -0.010428757364539697, curr_delay = 0.1336632717870246, data_size = 434
num of fast users chosen: 5, num of slow users chosen: 0
max_delay = 0.13 seconds
after cleansing the weights updates who were almost zeros (meaning with absolute value of less than 10**-7, 0.00% of the weights upadtes) we get:
user No.0 has been picked 90, his deltas theta's mean
 is -0.00044410632108338177,
the empirical var of deltas thetas is 0.0061841849237680435
the minimum of the deltas theta is -0.419123113155365 and the maximum is 0.46110332012176514
the added laplace noise var is 0.10761344816782437
global epoch 298 has been done artifficialy in 0.13 secs, the total time by now is 168.85 
 with avg train loss 0.958, val loss 1.172, avg val acc 58.85%
iteration: 299
user 13, emp_avg: 0.30397707072283153, h: 0.7487986163679082, ucb: 1.0539184752718014,num_of_obs(calculated after picking at this round): 62, privacy reward: 0.08374322559219538, g: 0.011371477631919312, curr_delay = 0.2134316902344927, data_size = 2425
user 14, emp_avg: 0.2599042634423019, h: 0.7958533905598643, ucb: 1.055573478211751,num_of_obs(calculated after picking at this round): 55, privacy reward: 0.11080315836233334, g: 0.008918117259139251, curr_delay = 0.18528829048446696, data_size = 2147
user 19, emp_avg: 0.0662269421708779, h: 0.9487202105488175, ucb: 1.014937829094066,num_of_obs(calculated after picking at this round): 39, privacy reward: 0.21013607120076416, g: -0.0011101346749075622, curr_delay = 0.7509622836921453, data_size = 732
user 20, emp_avg: 0.06369001048394239, h: 0.9614552798463566, ucb: 1.0252182613063028,num_of_obs(calculated after picking at this round): 38, privacy reward: 0.21871188695221422, g: -0.002332211359365613, curr_delay = 0.8198053915648787, data_size = 589
user 23, emp_avg: 0.0611242844593508, h: 0.9487202105488175, ucb: 1.0097231326183225,num_of_obs(calculated after picking at this round): 39, privacy reward: 0.21013607120076416, g: -0.001324462300852589, curr_delay = 0.7606175909396755, data_size = 708
num of fast users chosen: 2, num of slow users chosen: 3
max_delay = 0.82 seconds
after cleansing the weights updates who were almost zeros (meaning with absolute value of less than 10**-7, 0.00% of the weights upadtes) we get:
user No.13 has been picked 62, his deltas theta's mean
 is -0.0012398535618558526,
the empirical var of deltas thetas is 0.007183118723332882
the minimum of the deltas theta is -0.48717379570007324 and the maximum is 0.465059757232666
the added laplace noise var is 0.03511209376687483
global epoch 299 has been done artifficialy in 0.82 secs, the total time by now is 169.67 
 with avg train loss 1.000, val loss 1.116, avg val acc 61.22%
iteration: 300
user 0, emp_avg: 0.7699835795127702, h: 0.6166458991812725, ucb: 1.3906172567205792,num_of_obs(calculated after picking at this round): 91, privacy reward: 0.026252343965687097, g: 0.00820599901276928, curr_delay = 0.12162977363956999, data_size = 3049
user 4, emp_avg: 0.5519780519374627, h: 0.6236138706248042, ucb: 1.1786529929859193,num_of_obs(calculated after picking at this round): 89, privacy reward: 0.028438824714183686, g: 0.014413448861301859, curr_delay = 0.17692610761043587, data_size = 3227
user 9, emp_avg: 0.37341813999636075, h: 0.8720689938039078, ucb: 1.2472568070854435,num_of_obs(calculated after picking at this round): 46, privacy reward: 0.15881742610691996, g: -0.005349169749830887, curr_delay = 0.17019373776830313, data_size = 600
user 10, emp_avg: 0.3780636388602309, h: 0.796086432678722, ucb: 1.1776846359636681,num_of_obs(calculated after picking at this round): 55, privacy reward: 0.11080315836233334, g: -0.0010348309800248035, curr_delay = 0.2670980693289807, data_size = 1154
user 11, emp_avg: 0.330934774720925, h: 0.8533126294466361, ucb: 1.1839371817574802,num_of_obs(calculated after picking at this round): 48, privacy reward: 0.14660696213034952, g: -0.004335093271306024, curr_delay = 0.14471142209906473, data_size = 709
num of fast users chosen: 5, num of slow users chosen: 0
max_delay = 0.27 seconds
after cleansing the weights updates who were almost zeros (meaning with absolute value of less than 10**-7, 0.00% of the weights upadtes) we get:
user No.0 has been picked 91, his deltas theta's mean
 is -0.001227076048962772,
the empirical var of deltas thetas is 0.0061793155036866665
the minimum of the deltas theta is -0.4735742211341858 and the maximum is 0.4318632483482361
the added laplace noise var is 0.11200523630106572
global epoch 300 has been done artifficialy in 0.27 secs, the total time by now is 169.93 
 with avg train loss 1.065, val loss 1.218, avg val acc 55.00%
