Namespace(full_exp=True, data='cifar10', i_i_d=True, wandb=True, method_choosing_users='pause brute', model='cnn3', num_users=30, num_users_per_round=5, global_epochs=300, max_seconds=600, epsilon_bar=40.0, epsilon_sum_deascent_coeff=0.04, delta_f=0.012, alpha=100.0, beta=2.0, gamma=5.0, alternative_privacy_reward=False, choosing_users_verbose=True, sa_pause_verbose=False, snr_verbose=False, dirichlet_coeff=1.0, label_dominance=0.25, bar_plot_interval=30, max_iterations_sa_pause=1000, sa_pause_simulation=False, max_time_sa_pause=600, pre_sa_pause_rounds=1, beta_max_reduction=70, accel_ucb_coeff=1.0, data_truncation=None, tau_min=0.05, production=False, privacy_noise='laplace', privacy=True, save_best_model=False, seed=1.0, norm_mean=0.5, norm_std=0.5, train_batch_size=20, test_batch_size=1000, local_epochs=1, local_iterations=100, lr=0.01, momentum=0.5, lr_scheduler=False, optimizer='adam', device=device(type='cuda'), exp_path=PosixPath('/sise/home/oripele/PAUSE/checkpoints/sa_pause/cnn3/26-02-2025_19-50-22'))
=================================================================
Layer (type:depth-idx)                   Param #
=================================================================
CNN3LayerCifar                           --
├─Conv2d: 1-1                            896
├─BatchNorm2d: 1-2                       64
├─Conv2d: 1-3                            18,496
├─BatchNorm2d: 1-4                       128
├─Conv2d: 1-5                            73,856
├─BatchNorm2d: 1-6                       256
├─MaxPool2d: 1-7                         --
├─Linear: 1-8                            65,664
├─BatchNorm1d: 1-9                       256
├─Linear: 1-10                           8,256
├─BatchNorm1d: 1-11                      128
├─Linear: 1-12                           2,080
├─BatchNorm1d: 1-13                      64
├─Linear: 1-14                           330
├─Dropout: 1-15                          --
├─Dropout: 1-16                          --
├─Dropout: 1-17                          --
=================================================================
Total params: 170,474
Trainable params: 170,474
Non-trainable params: 0
=================================================================
iteration: 1
user 4, emp_avg: 0.5325680397510266, h: 0, ucb: inf,num_of_obs: 0, privacy reward: 0.9607894391523232, g: 0.027777777777777776, curr_delay = 0.09388471757219002, data_size = 1666
user 12, emp_avg: 0.2963777609975796, h: 0, ucb: inf,num_of_obs: 0, privacy reward: 0.9607894391523232, g: 0.027777777777777776, curr_delay = 0.16870361605980394, data_size = 1666
user 16, emp_avg: 0.08073605896820474, h: 0, ucb: inf,num_of_obs: 0, privacy reward: 0.9607894391523232, g: 0.027777777777777776, curr_delay = 0.6193019654289896, data_size = 1666
user 23, emp_avg: 0.05385849585711024, h: 0, ucb: inf,num_of_obs: 0, privacy reward: 0.9607894391523232, g: 0.027777777777777776, curr_delay = 0.928358640624739, data_size = 1666
user 26, emp_avg: 0.05677913300342221, h: 0, ucb: inf,num_of_obs: 0, privacy reward: 0.9607894391523232, g: 0.027777777777777776, curr_delay = 0.8806052039749601, data_size = 1666
num of fast users chosen: 2, num of slow users chosen: 3
max_delay = 0.93 seconds
global epoch 1 has been done artifficialy in 0.93 secs, the total time by now is 0.93 
 with avg train loss 2.052, val loss 2.333, avg val acc 10.00%
iteration: 2
user 2, emp_avg: 0.24858071774152718, h: 0, ucb: inf,num_of_obs: 0, privacy reward: 0.9607894391523232, g: 0.027777777777777776, curr_delay = 0.20114190856906977, data_size = 1666
user 10, emp_avg: 0.4950262294591451, h: 0, ucb: inf,num_of_obs: 0, privacy reward: 0.9607894391523232, g: 0.027777777777777776, curr_delay = 0.10100474888902133, data_size = 1666
user 22, emp_avg: 0.05952143067530256, h: 0, ucb: inf,num_of_obs: 0, privacy reward: 0.9607894391523232, g: 0.027777777777777776, curr_delay = 0.8400335716518098, data_size = 1666
user 24, emp_avg: 0.05539146045994413, h: 0, ucb: inf,num_of_obs: 0, privacy reward: 0.9607894391523232, g: 0.027777777777777776, curr_delay = 0.9026662157817104, data_size = 1666
user 29, emp_avg: 0.05514380331227576, h: 0, ucb: inf,num_of_obs: 0, privacy reward: 0.9607894391523232, g: 0.027777777777777776, curr_delay = 0.9067201933253183, data_size = 1666
num of fast users chosen: 2, num of slow users chosen: 3
max_delay = 0.91 seconds
global epoch 2 has been done artifficialy in 0.91 secs, the total time by now is 1.84 
 with avg train loss 2.040, val loss 2.325, avg val acc 10.00%
iteration: 3
user 1, emp_avg: 0.46749951814334423, h: 0, ucb: inf,num_of_obs: 0, privacy reward: 0.9607894391523232, g: 0.027777777777777776, curr_delay = 0.10695198189416968, data_size = 1666
user 8, emp_avg: 0.2286377148684188, h: 0, ucb: inf,num_of_obs: 0, privacy reward: 0.9607894391523232, g: 0.027777777777777776, curr_delay = 0.21868658033419835, data_size = 1666
user 14, emp_avg: 0.5941744566449195, h: 0, ucb: inf,num_of_obs: 0, privacy reward: 0.9607894391523232, g: 0.027777777777777776, curr_delay = 0.08415036937523579, data_size = 1666
user 18, emp_avg: 0.06568289282082591, h: 0, ucb: inf,num_of_obs: 0, privacy reward: 0.9607894391523232, g: 0.027777777777777776, curr_delay = 0.7612332199861122, data_size = 1666
user 25, emp_avg: 0.06200481993541017, h: 0, ucb: inf,num_of_obs: 0, privacy reward: 0.9607894391523232, g: 0.027777777777777776, curr_delay = 0.8063889235076326, data_size = 1666
num of fast users chosen: 3, num of slow users chosen: 2
max_delay = 0.81 seconds
global epoch 3 has been done artifficialy in 0.81 secs, the total time by now is 2.64 
 with avg train loss 2.015, val loss 2.319, avg val acc 10.00%
iteration: 4
user 3, emp_avg: 0.43252279373216523, h: 0, ucb: inf,num_of_obs: 0, privacy reward: 0.9607894391523232, g: 0.027777777777777776, curr_delay = 0.11560084398918853, data_size = 1666
user 15, emp_avg: 0.07212350134813697, h: 0, ucb: inf,num_of_obs: 0, privacy reward: 0.9607894391523232, g: 0.027777777777777776, curr_delay = 0.6932553060430635, data_size = 1666
user 19, emp_avg: 0.06603019588866459, h: 0, ucb: inf,num_of_obs: 0, privacy reward: 0.9607894391523232, g: 0.027777777777777776, curr_delay = 0.7572293149683584, data_size = 1666
user 21, emp_avg: 0.06785971831639095, h: 0, ucb: inf,num_of_obs: 0, privacy reward: 0.9607894391523232, g: 0.027777777777777776, curr_delay = 0.7368141401188651, data_size = 1666
user 28, emp_avg: 0.054749911366611184, h: 0, ucb: inf,num_of_obs: 0, privacy reward: 0.9607894391523232, g: 0.027777777777777776, curr_delay = 0.9132434875591803, data_size = 1666
num of fast users chosen: 1, num of slow users chosen: 4
max_delay = 0.91 seconds
global epoch 4 has been done artifficialy in 0.91 secs, the total time by now is 3.55 
 with avg train loss 1.983, val loss 2.319, avg val acc 10.00%
iteration: 5
user 0, emp_avg: 0.6269461460323321, h: 0, ucb: inf,num_of_obs: 0, privacy reward: 0.9607894391523232, g: 0.027777777777777776, curr_delay = 0.0797516665768314, data_size = 1666
user 7, emp_avg: 0.30188251513469166, h: 0, ucb: inf,num_of_obs: 0, privacy reward: 0.9607894391523232, g: 0.027777777777777776, curr_delay = 0.16562734671032994, data_size = 1666
user 9, emp_avg: 0.21728329995685028, h: 0, ucb: inf,num_of_obs: 0, privacy reward: 0.9607894391523232, g: 0.027777777777777776, curr_delay = 0.23011432544484262, data_size = 1666
user 17, emp_avg: 0.062418527626568215, h: 0, ucb: inf,num_of_obs: 0, privacy reward: 0.9607894391523232, g: 0.027777777777777776, curr_delay = 0.8010442075650257, data_size = 1666
user 27, emp_avg: 0.05493556022351494, h: 0, ucb: inf,num_of_obs: 0, privacy reward: 0.9607894391523232, g: 0.027777777777777776, curr_delay = 0.9101572787565332, data_size = 1666
num of fast users chosen: 3, num of slow users chosen: 2
max_delay = 0.91 seconds
global epoch 5 has been done artifficialy in 0.91 secs, the total time by now is 4.46 
 with avg train loss 1.988, val loss 2.319, avg val acc 10.00%
iteration: 6
user 5, emp_avg: 0.4487094540033813, h: 0, ucb: inf,num_of_obs: 0, privacy reward: 0.9607894391523232, g: 0.027777777777777776, curr_delay = 0.11143068093150367, data_size = 1666
user 6, emp_avg: 0.2957487619715243, h: 0, ucb: inf,num_of_obs: 0, privacy reward: 0.9607894391523232, g: 0.027777777777777776, curr_delay = 0.1690624152293634, data_size = 1666
user 11, emp_avg: 0.2866947500898654, h: 0, ucb: inf,num_of_obs: 0, privacy reward: 0.9607894391523232, g: 0.027777777777777776, curr_delay = 0.1744015193313702, data_size = 1666
user 13, emp_avg: 0.1925788155761069, h: 0, ucb: inf,num_of_obs: 0, privacy reward: 0.9607894391523232, g: 0.027777777777777776, curr_delay = 0.25963395740296297, data_size = 1666
user 20, emp_avg: 0.06725656728595718, h: 0, ucb: inf,num_of_obs: 0, privacy reward: 0.9607894391523232, g: 0.027777777777777776, curr_delay = 0.7434218250749135, data_size = 1666
num of fast users chosen: 4, num of slow users chosen: 1
max_delay = 0.74 seconds
global epoch 6 has been done artifficialy in 0.74 secs, the total time by now is 5.21 
 with avg train loss 1.979, val loss 2.320, avg val acc 10.00%
iteration: 7
user 0, emp_avg: 0.8134730730161661, h: 3.416937355927363, ucb: 4.043883501959695,num_of_obs: 1, privacy reward: 0.9231163463866358, g: 0.0005668934240362811, curr_delay = 0.05, data_size = 1666
user 1, emp_avg: 0.4651810272619248, h: 3.416937355927363, ucb: 3.8844368740707074,num_of_obs: 1, privacy reward: 0.9231163463866358, g: 0.0005668934240362811, curr_delay = 0.1080234325961877, data_size = 1666
user 4, emp_avg: 0.5135703843101052, h: 3.416937355927363, ucb: 3.94950539567839,num_of_obs: 1, privacy reward: 0.9231163463866358, g: 0.0005668934240362811, curr_delay = 0.1010973656277461, data_size = 1666
user 10, emp_avg: 0.36694076743503967, h: 3.416937355927363, ucb: 3.9119635853865082,num_of_obs: 1, privacy reward: 0.9231163463866358, g: 0.0005668934240362811, curr_delay = 0.20933175385817118, data_size = 1666
user 14, emp_avg: 0.42482177707199253, h: 3.416937355927363, ucb: 4.011111812572283,num_of_obs: 1, privacy reward: 0.9231163463866358, g: 0.0005668934240362811, curr_delay = 0.19571838821007656, data_size = 1666
num of fast users chosen: 5, num of slow users chosen: 0
max_delay = 0.21 seconds
global epoch 7 has been done artifficialy in 0.21 secs, the total time by now is 5.42 
 with avg train loss 1.970, val loss 2.324, avg val acc 10.00%
iteration: 8
user 3, emp_avg: 0.4743489170055939, h: 3.5322300675464238, ucb: 3.964752861278589,num_of_obs: 1, privacy reward: 0.9231163463866358, g: 0.0017361111111111104, curr_delay = 0.0968663652798324, data_size = 1666
user 5, emp_avg: 0.47576104405379294, h: 3.5322300675464238, ucb: 3.980939521549805,num_of_obs: 1, privacy reward: 0.9231163463866358, g: 0.0017361111111111104, curr_delay = 0.09944061984257507, data_size = 1666
user 6, emp_avg: 0.3287764542331338, h: 3.5322300675464238, ucb: 3.827978829517948,num_of_obs: 1, privacy reward: 0.9231163463866358, g: 0.0017361111111111104, curr_delay = 0.13819631556026532, data_size = 1666
user 7, emp_avg: 0.39085172663517265, h: 3.5322300675464238, ucb: 3.8341125826811155,num_of_obs: 1, privacy reward: 0.9231163463866358, g: 0.0017361111111111104, curr_delay = 0.10420554007975395, data_size = 1666
user 12, emp_avg: 0.2917849728559333, h: 3.5322300675464238, ucb: 3.8286078285440035,num_of_obs: 1, privacy reward: 0.9231163463866358, g: 0.0017361111111111104, curr_delay = 0.17409944511457534, data_size = 1666
num of fast users chosen: 5, num of slow users chosen: 0
max_delay = 0.17 seconds
global epoch 8 has been done artifficialy in 0.17 secs, the total time by now is 5.59 
 with avg train loss 1.950, val loss 2.316, avg val acc 10.00%
iteration: 9
user 2, emp_avg: 0.6242903588707636, h: 3.63088797183517, ucb: 3.879468689576697,num_of_obs: 1, privacy reward: 0.9231163463866358, g: 0.0030864197530864196, curr_delay = 0.05, data_size = 1666
user 8, emp_avg: 0.2818613081618989, h: 3.63088797183517, ucb: 3.8595256867035888,num_of_obs: 1, privacy reward: 0.9231163463866358, g: 0.0030864197530864196, curr_delay = 0.1492159144826708, data_size = 1666
user 9, emp_avg: 0.25388436864576636, h: 3.63088797183517, ucb: 3.8481712717920202,num_of_obs: 1, privacy reward: 0.9231163463866358, g: 0.0030864197530864196, curr_delay = 0.17212566818760197, data_size = 1666
user 11, emp_avg: 0.2621004076452718, h: 3.63088797183517, ucb: 3.9175827219250356,num_of_obs: 1, privacy reward: 0.9231163463866358, g: 0.0030864197530864196, curr_delay = 0.21052093957159804, data_size = 1666
user 13, emp_avg: 0.23374903957893914, h: 3.63088797183517, ucb: 3.823466787411277,num_of_obs: 1, privacy reward: 0.9231163463866358, g: 0.0030864197530864196, curr_delay = 0.18187157694436393, data_size = 1666
num of fast users chosen: 5, num of slow users chosen: 0
max_delay = 0.21 seconds
global epoch 9 has been done artifficialy in 0.21 secs, the total time by now is 5.80 
 with avg train loss 1.941, val loss 2.320, avg val acc 10.00%
iteration: 10
user 15, emp_avg: 0.06998775536431302, h: 3.7169221888498387, ucb: 3.789045690197976,num_of_obs: 1, privacy reward: 0.9231163463866358, g: 0.004444444444444443, curr_delay = 0.7368978524956928, data_size = 1666
user 16, emp_avg: 0.07200163225371758, h: 3.7169221888498387, ucb: 3.7976582478180436,num_of_obs: 1, privacy reward: 0.9231163463866358, g: 0.004444444444444443, curr_delay = 0.7902988534715072, data_size = 1666
user 19, emp_avg: 0.06285546230119765, h: 3.7169221888498387, ucb: 3.782952384738503,num_of_obs: 1, privacy reward: 0.9231163463866358, g: 0.004444444444444443, curr_delay = 0.8377913788525263, data_size = 1666
user 20, emp_avg: 0.06625414353985207, h: 3.7169221888498387, ucb: 3.784178756135796,num_of_obs: 1, privacy reward: 0.9231163463866358, g: 0.004444444444444443, curr_delay = 0.7662633285075727, data_size = 1666
user 21, emp_avg: 0.06709368540844453, h: 3.7169221888498387, ucb: 3.78478190716623,num_of_obs: 1, privacy reward: 0.9231163463866358, g: 0.004444444444444443, curr_delay = 0.7538334030384162, data_size = 1666
num of fast users chosen: 0, num of slow users chosen: 5
max_delay = 0.84 seconds
global epoch 10 has been done artifficialy in 0.84 secs, the total time by now is 6.64 
 with avg train loss 1.911, val loss 2.321, avg val acc 10.00%
iteration: 11
user 17, emp_avg: 0.06295831578195027, h: 3.793068894284709, ucb: 3.855487421911277,num_of_obs: 1, privacy reward: 0.9231163463866358, g: 0.005739210284664828, curr_delay = 0.7874250867292997, data_size = 1666
user 18, emp_avg: 0.06303998895588281, h: 3.793068894284709, ucb: 3.858751787105535,num_of_obs: 1, privacy reward: 0.9231163463866358, g: 0.005739210284664828, curr_delay = 0.8278545218650064, data_size = 1666
user 22, emp_avg: 0.05973783531058331, h: 3.793068894284709, ucb: 3.8525903249600115,num_of_obs: 1, privacy reward: 0.9231163463866358, g: 0.005739210284664828, curr_delay = 0.8339693747289219, data_size = 1666
user 25, emp_avg: 0.06042503041376206, h: 3.793068894284709, ucb: 3.855073714220119,num_of_obs: 1, privacy reward: 0.9231163463866358, g: 0.005739210284664828, curr_delay = 0.8496863848627846, data_size = 1666
user 26, emp_avg: 0.0563879747794251, h: 3.793068894284709, ucb: 3.849848027288131,num_of_obs: 1, privacy reward: 0.9231163463866358, g: 0.005739210284664828, curr_delay = 0.8929079021931167, data_size = 1666
num of fast users chosen: 0, num of slow users chosen: 5
max_delay = 0.89 seconds
global epoch 11 has been done artifficialy in 0.89 secs, the total time by now is 7.53 
 with avg train loss 1.896, val loss 2.321, avg val acc 10.00%
iteration: 12
user 23, emp_avg: 0.055341942621937305, h: 3.8612743879097744, ucb: 3.915132883766885,num_of_obs: 1, privacy reward: 0.9231163463866358, g: 0.006944444444444444, curr_delay = 0.8798883833367253, data_size = 1666
user 24, emp_avg: 0.056053969214339174, h: 3.8612743879097744, ucb: 3.9166658483697185,num_of_obs: 1, privacy reward: 0.9231163463866358, g: 0.006944444444444444, curr_delay = 0.881578013845698, data_size = 1666
user 27, emp_avg: 0.05661512135054349, h: 3.8612743879097744, ucb: 3.9162099481332895,num_of_obs: 1, privacy reward: 0.9231163463866358, g: 0.006944444444444444, curr_delay = 0.8577111646373016, data_size = 1666
user 28, emp_avg: 0.059036266606007456, h: 3.8612743879097744, ucb: 3.9160242992763856,num_of_obs: 1, privacy reward: 0.9231163463866358, g: 0.006944444444444444, curr_delay = 0.7896072294995987, data_size = 1666
user 29, emp_avg: 0.05457934005310386, h: 3.8612743879097744, ucb: 3.9164181912220504,num_of_obs: 1, privacy reward: 0.9231163463866358, g: 0.006944444444444444, curr_delay = 0.9256709071234428, data_size = 1666
num of fast users chosen: 0, num of slow users chosen: 5
max_delay = 0.93 seconds
global epoch 12 has been done artifficialy in 0.93 secs, the total time by now is 8.46 
 with avg train loss 1.899, val loss 2.293, avg val acc 10.00%
iteration: 13
user 0, emp_avg: 0.6801384406657353, h: 2.7739589168523406, ucb: 3.5874319898685068,num_of_obs: 2, privacy reward: 0.8869204367171575, g: 0.00016436554898093314, curr_delay = 0.12092799876392185, data_size = 1666
user 2, emp_avg: 0.7495269059138424, h: 2.7739589168523406, ucb: 3.398249275723104,num_of_obs: 2, privacy reward: 0.8869204367171575, g: 0.00016436554898093314, curr_delay = 0.05, data_size = 1666
user 3, emp_avg: 0.649565944670396, h: 2.7739589168523406, ucb: 3.2483078338579343,num_of_obs: 2, privacy reward: 0.8869204367171575, g: 0.00016436554898093314, curr_delay = 0.05, data_size = 1666
user 4, emp_avg: 0.4651263716345509, h: 2.7739589168523406, ucb: 3.287529301162446,num_of_obs: 2, privacy reward: 0.8869204367171575, g: 0.00016436554898093314, curr_delay = 0.1357816221603215, data_size = 1666
user 5, emp_avg: 0.6505073627025286, h: 2.7739589168523406, ucb: 3.2497199609061336,num_of_obs: 2, privacy reward: 0.8869204367171575, g: 0.00016436554898093314, curr_delay = 0.05, data_size = 1666
num of fast users chosen: 5, num of slow users chosen: 0
max_delay = 0.14 seconds
global epoch 13 has been done artifficialy in 0.14 secs, the total time by now is 8.59 
 with avg train loss 1.899, val loss 2.296, avg val acc 10.00%
iteration: 14
user 1, emp_avg: 0.5631759245028873, h: 2.8137469660304877, ucb: 3.2789279932924122,num_of_obs: 2, privacy reward: 0.8869204367171575, g: 0.0005668934240362811, curr_delay = 0.06586177266652933, data_size = 1666
user 6, emp_avg: 0.31149766628175607, h: 2.8137469660304877, ucb: 3.1425234202636214,num_of_obs: 2, privacy reward: 0.8869204367171575, g: 0.0005668934240362811, curr_delay = 0.18054446335874863, data_size = 1666
user 7, emp_avg: 0.37848774243766764, h: 2.8137469660304877, ucb: 3.20459869266566,num_of_obs: 2, privacy reward: 0.8869204367171575, g: 0.0005668934240362811, curr_delay = 0.14133885101919702, data_size = 1666
user 10, emp_avg: 0.4182742092711928, h: 2.8137469660304877, ucb: 3.1806877334655272,num_of_obs: 2, privacy reward: 0.8869204367171575, g: 0.0005668934240362811, curr_delay = 0.09598014185727327, data_size = 1666
user 14, emp_avg: 0.36735961348832097, h: 2.8137469660304877, ucb: 3.2385687431024803,num_of_obs: 2, privacy reward: 0.8869204367171575, g: 0.0005668934240362811, curr_delay = 0.19807056584166985, data_size = 1666
num of fast users chosen: 5, num of slow users chosen: 0
max_delay = 0.20 seconds
global epoch 14 has been done artifficialy in 0.20 secs, the total time by now is 8.79 
 with avg train loss 1.881, val loss 2.325, avg val acc 10.00%
iteration: 15
user 8, emp_avg: 0.29374871375131145, h: 2.8502895648173414, ucb: 3.13215087297924,num_of_obs: 2, privacy reward: 0.8869204367171575, g: 0.0011111111111111107, curr_delay = 0.15746864743644215, data_size = 1666
user 9, emp_avg: 0.2707372011424583, h: 2.8502895648173414, ucb: 3.104173933463108,num_of_obs: 2, privacy reward: 0.8869204367171575, g: 0.0011111111111111107, curr_delay = 0.16423442807061875, data_size = 1666
user 11, emp_avg: 0.24747256031836784, h: 2.8502895648173414, ucb: 3.1123899724626134,num_of_obs: 2, privacy reward: 0.8869204367171575, g: 0.0011111111111111107, curr_delay = 0.22912986055284718, data_size = 1666
user 12, emp_avg: 0.30560618792763855, h: 2.8502895648173414, ucb: 3.142074537673275,num_of_obs: 2, privacy reward: 0.8869204367171575, g: 0.0011111111111111107, curr_delay = 0.15003813155900303, data_size = 1666
user 13, emp_avg: 0.2224221467728906, h: 2.8502895648173414, ucb: 3.0840386043962806,num_of_obs: 2, privacy reward: 0.8869204367171575, g: 0.0011111111111111107, curr_delay = 0.2502898842913119, data_size = 1666
num of fast users chosen: 5, num of slow users chosen: 0
max_delay = 0.25 seconds
global epoch 15 has been done artifficialy in 0.25 secs, the total time by now is 9.04 
 with avg train loss 1.893, val loss 2.303, avg val acc 10.00%
iteration: 16
user 15, emp_avg: 0.07021033399708594, h: 2.884053773201766, ucb: 2.954041528566079,num_of_obs: 2, privacy reward: 0.8869204367171575, g: 0.0017361111111111104, curr_delay = 0.7076590807945309, data_size = 1666
user 16, emp_avg: 0.07148874818399235, h: 2.884053773201766, ucb: 2.9560554054554835,num_of_obs: 2, privacy reward: 0.8869204367171575, g: 0.0017361111111111104, curr_delay = 0.7095924692426212, data_size = 1666
user 18, emp_avg: 0.06406912253302116, h: 2.884053773201766, ucb: 2.9470937621576487,num_of_obs: 2, privacy reward: 0.8869204367171575, g: 0.0017361111111111104, curr_delay = 0.7561163420549217, data_size = 1666
user 20, emp_avg: 0.06446594889904415, h: 2.884053773201766, ucb: 2.950307916741618,num_of_obs: 2, privacy reward: 0.8869204367171575, g: 0.0017361111111111104, curr_delay = 0.8211588376423171, data_size = 1666
user 21, emp_avg: 0.06732906160554523, h: 2.884053773201766, ucb: 2.9511474586102104,num_of_obs: 2, privacy reward: 0.8869204367171575, g: 0.0017361111111111104, curr_delay = 0.7374651499808959, data_size = 1666
num of fast users chosen: 0, num of slow users chosen: 5
max_delay = 0.82 seconds
global epoch 16 has been done artifficialy in 0.82 secs, the total time by now is 9.86 
 with avg train loss 1.856, val loss 2.286, avg val acc 10.00%
iteration: 17
user 17, emp_avg: 0.06292626247149286, h: 2.9154142127952674, ucb: 2.978372528577218,num_of_obs: 2, privacy reward: 0.8869204367171575, g: 0.002402921953094963, curr_delay = 0.7953911112887841, data_size = 1666
user 19, emp_avg: 0.06257461902260356, h: 2.9154142127952674, ucb: 2.978269675096465,num_of_obs: 2, privacy reward: 0.8869204367171575, g: 0.002402921953094963, curr_delay = 0.8062834317323248, data_size = 1666
user 22, emp_avg: 0.06058180755384987, h: 2.9154142127952674, ucb: 2.975152048105851,num_of_obs: 2, privacy reward: 0.8869204367171575, g: 0.002402921953094963, curr_delay = 0.8029580713212757, data_size = 1666
user 25, emp_avg: 0.058808639271386944, h: 2.9154142127952674, ucb: 2.9758392432090295,num_of_obs: 2, privacy reward: 0.8869204367171575, g: 0.002402921953094963, curr_delay = 0.8996712369549706, data_size = 1666
user 28, emp_avg: 0.05582465003466003, h: 2.9154142127952674, ucb: 2.9744504794012747,num_of_obs: 2, privacy reward: 0.8869204367171575, g: 0.002402921953094963, curr_delay = 1.0121167194322351, data_size = 1666
num of fast users chosen: 0, num of slow users chosen: 5
max_delay = 1.01 seconds
global epoch 17 has been done artifficialy in 1.01 secs, the total time by now is 10.88 
 with avg train loss 1.863, val loss 2.290, avg val acc 10.00%
iteration: 18
user 23, emp_avg: 0.05922523615724423, h: 2.944675750178361, ucb: 3.000017692800298,num_of_obs: 2, privacy reward: 0.8869204367171575, g: 0.0030864197530864196, curr_delay = 0.746359743485946, data_size = 1666
user 24, emp_avg: 0.05861141568671666, h: 2.944675750178361, ucb: 3.0007297193927003,num_of_obs: 2, privacy reward: 0.8869204367171575, g: 0.0030864197530864196, curr_delay = 0.7846053078195583, data_size = 1666
user 26, emp_avg: 0.05721115238584768, h: 2.944675750178361, ucb: 3.001063724957786,num_of_obs: 2, privacy reward: 0.8869204367171575, g: 0.0030864197530864196, curr_delay = 0.8495092986423102, data_size = 1666
user 27, emp_avg: 0.05909991876387183, h: 2.944675750178361, ucb: 3.0012908715289046,num_of_obs: 2, privacy reward: 0.8869204367171575, g: 0.0030864197530864196, curr_delay = 0.7804023660855695, data_size = 1666
user 29, emp_avg: 0.05510018382029779, h: 2.944675750178361, ucb: 2.9992550902314647,num_of_obs: 2, privacy reward: 0.8869204367171575, g: 0.0030864197530864196, curr_delay = 0.8906008794063286, data_size = 1666
num of fast users chosen: 0, num of slow users chosen: 5
max_delay = 0.89 seconds
global epoch 18 has been done artifficialy in 0.89 secs, the total time by now is 11.77 
 with avg train loss 1.826, val loss 2.180, avg val acc 13.86%
iteration: 19
user 0, emp_avg: 0.626488201639268, h: 2.426701044284788, ucb: 3.106839484950523,num_of_obs: 3, privacy reward: 0.8521437889662112, g: 7.694675284702985e-05, curr_delay = 0.10740273696171115, data_size = 1666
user 1, emp_avg: 0.5216712445816984, h: 2.426701044284788, ucb: 2.989876968787675,num_of_obs: 3, privacy reward: 0.8521437889662112, g: 7.694675284702985e-05, curr_delay = 0.12589473234634194, data_size = 1666
user 2, emp_avg: 0.8121451794353818, h: 2.426701044284788, ucb: 3.1762279501986304,num_of_obs: 3, privacy reward: 0.8521437889662112, g: 7.694675284702985e-05, curr_delay = 0.05, data_size = 1666
user 3, emp_avg: 0.608673378805564, h: 2.426701044284788, ucb: 3.076266988955184,num_of_obs: 3, privacy reward: 0.8521437889662112, g: 7.694675284702985e-05, curr_delay = 0.10288157268271059, data_size = 1666
user 5, emp_avg: 0.6043914081535213, h: 2.426701044284788, ucb: 3.0772084069873165,num_of_obs: 3, privacy reward: 0.8521437889662112, g: 7.694675284702985e-05, curr_delay = 0.10728611218710428, data_size = 1666
num of fast users chosen: 5, num of slow users chosen: 0
max_delay = 0.13 seconds
global epoch 19 has been done artifficialy in 0.13 secs, the total time by now is 11.89 
 with avg train loss 1.858, val loss 2.252, avg val acc 10.09%
iteration: 20
user 4, emp_avg: 0.4722290140898772, h: 2.4477468306808166, ucb: 2.9128732023153674,num_of_obs: 3, privacy reward: 0.8521437889662112, g: 0.00027777777777777767, curr_delay = 0.10130953896279352, data_size = 1666
user 6, emp_avg: 0.33614098382515334, h: 2.4477468306808166, ucb: 2.7592444969625727,num_of_obs: 3, privacy reward: 0.8521437889662112, g: 0.00027777777777777767, curr_delay = 0.12193012368103964, data_size = 1666
user 7, emp_avg: 0.35370896695234416, h: 2.4477468306808166, ucb: 2.826234573118484,num_of_obs: 3, privacy reward: 0.8521437889662112, g: 0.00027777777777777767, curr_delay = 0.17897242876454478, data_size = 1666
user 10, emp_avg: 0.376298348047578, h: 2.4477468306808166, ucb: 2.866021039952009,num_of_obs: 3, privacy reward: 0.8521437889662112, g: 0.00027777777777777767, curr_delay = 0.19970382773910794, data_size = 1666
user 14, emp_avg: 0.33771929452905014, h: 2.4477468306808166, ucb: 2.8151064441691376,num_of_obs: 3, privacy reward: 0.8521437889662112, g: 0.00027777777777777767, curr_delay = 0.2009659729724133, data_size = 1666
num of fast users chosen: 5, num of slow users chosen: 0
max_delay = 0.20 seconds
global epoch 20 has been done artifficialy in 0.20 secs, the total time by now is 12.09 
 with avg train loss 1.836, val loss 2.210, avg val acc 11.55%
iteration: 21
user 8, emp_avg: 0.31142100286104824, h: 2.467599010262171, ucb: 2.7613477240134823,num_of_obs: 3, privacy reward: 0.8521437889662112, g: 0.0005668934240362811, curr_delay = 0.13719759687404873, data_size = 1666
user 9, emp_avg: 0.3546665630242851, h: 2.467599010262171, ucb: 2.7383362114046292,num_of_obs: 3, privacy reward: 0.8521437889662112, g: 0.0005668934240362811, curr_delay = 0.08244639580168615, data_size = 1666
user 11, emp_avg: 0.2633876924007062, h: 2.467599010262171, ucb: 2.715071570580539,num_of_obs: 3, privacy reward: 0.8521437889662112, g: 0.0005668934240362811, curr_delay = 0.16070293332449842, data_size = 1666
user 12, emp_avg: 0.28226202798661565, h: 2.467599010262171, ucb: 2.7732051981898094,num_of_obs: 3, privacy reward: 0.8521437889662112, g: 0.0005668934240362811, curr_delay = 0.23559396150374565, data_size = 1666
user 13, emp_avg: 0.21921808257431946, h: 2.467599010262171, ucb: 2.6900211570350616,num_of_obs: 3, privacy reward: 0.8521437889662112, g: 0.0005668934240362811, curr_delay = 0.23854291501590613, data_size = 1666
num of fast users chosen: 5, num of slow users chosen: 0
max_delay = 0.24 seconds
global epoch 21 has been done artifficialy in 0.24 secs, the total time by now is 12.33 
 with avg train loss 1.829, val loss 2.207, avg val acc 13.37%
iteration: 22
user 15, emp_avg: 0.07002659727797046, h: 2.48637987980852, ucb: 2.556590213805606,num_of_obs: 3, privacy reward: 0.8521437889662112, g: 0.0009182736455463729, curr_delay = 0.7196793292161063, data_size = 1666
user 16, emp_avg: 0.07522553941760743, h: 2.48637987980852, ucb: 2.5578686279925127,num_of_obs: 3, privacy reward: 0.8521437889662112, g: 0.0009182736455463729, curr_delay = 0.5784632590330767, data_size = 1666
user 18, emp_avg: 0.0656714911636065, h: 2.48637987980852, ucb: 2.550449002341541,num_of_obs: 3, privacy reward: 0.8521437889662112, g: 0.0009182736455463729, curr_delay = 0.7094352340856598, data_size = 1666
user 20, emp_avg: 0.06644328777118624, h: 2.48637987980852, ucb: 2.550845828707564,num_of_obs: 3, privacy reward: 0.8521437889662112, g: 0.0009182736455463729, curr_delay = 0.6908433812204843, data_size = 1666
user 21, emp_avg: 0.06585054566593332, h: 2.48637987980852, ucb: 2.5537089414140652,num_of_obs: 3, privacy reward: 0.8521437889662112, g: 0.0009182736455463729, curr_delay = 0.8141333835829965, data_size = 1666
num of fast users chosen: 0, num of slow users chosen: 5
max_delay = 0.81 seconds
global epoch 22 has been done artifficialy in 0.81 secs, the total time by now is 13.15 
 with avg train loss 1.777, val loss 2.114, avg val acc 17.35%
iteration: 23
user 17, emp_avg: 0.06296421239793654, h: 2.504194168162345, ucb: 2.567120430633838,num_of_obs: 3, privacy reward: 0.8521437889662112, g: 0.0013127494223902538, curr_delay = 0.7926686120998065, data_size = 1666
user 19, emp_avg: 0.06244464212782888, h: 2.504194168162345, ucb: 2.5667687871849485,num_of_obs: 3, privacy reward: 0.8521437889662112, g: 0.0013127494223902538, curr_delay = 0.8057405930494163, data_size = 1666
user 22, emp_avg: 0.06252672553156635, h: 2.504194168162345, ucb: 2.564775975716195,num_of_obs: 3, privacy reward: 0.8521437889662112, g: 0.0013127494223902538, curr_delay = 0.7314060548646708, data_size = 1666
user 23, emp_avg: 0.059388370777950526, h: 2.504194168162345, ucb: 2.563419404319589,num_of_obs: 3, privacy reward: 0.8521437889662112, g: 0.0013127494223902538, curr_delay = 0.8350343729464632, data_size = 1666
user 27, emp_avg: 0.05848914100637763, h: 2.504194168162345, ucb: 2.563294086926217,num_of_obs: 3, privacy reward: 0.8521437889662112, g: 0.0013127494223902538, curr_delay = 0.8825064806834754, data_size = 1666
num of fast users chosen: 0, num of slow users chosen: 5
max_delay = 0.88 seconds
global epoch 23 has been done artifficialy in 0.88 secs, the total time by now is 14.03 
 with avg train loss 1.770, val loss 2.081, avg val acc 22.38%
iteration: 24
user 24, emp_avg: 0.05852795480756426, h: 2.5211322180115605, ucb: 2.579743633698277,num_of_obs: 3, privacy reward: 0.8521437889662112, g: 0.0017361111111111104, curr_delay = 0.857962988815911, data_size = 1666
user 25, emp_avg: 0.059168706548616, h: 2.5211322180115605, ucb: 2.5799408572829474,num_of_obs: 3, privacy reward: 0.8521437889662112, g: 0.0017361111111111104, curr_delay = 0.829890554769723, data_size = 1666
user 26, emp_avg: 0.057327230564299954, h: 2.5211322180115605, ucb: 2.578343370397408,num_of_obs: 3, privacy reward: 0.8521437889662112, g: 0.0017361111111111104, curr_delay = 0.8669197537220651, data_size = 1666
user 28, emp_avg: 0.055423765948906425, h: 2.5211322180115605, ucb: 2.5769568680462207,num_of_obs: 3, privacy reward: 0.8521437889662112, g: 0.0017361111111111104, curr_delay = 0.9221500001705791, data_size = 1666
user 29, emp_avg: 0.05488637058389905, h: 2.5211322180115605, ucb: 2.576232401831858,num_of_obs: 3, privacy reward: 0.8521437889662112, g: 0.0017361111111111104, curr_delay = 0.9217451141285818, data_size = 1666
num of fast users chosen: 0, num of slow users chosen: 5
max_delay = 0.92 seconds
global epoch 24 has been done artifficialy in 0.92 secs, the total time by now is 14.95 
 with avg train loss 1.776, val loss 2.081, avg val acc 26.15%
iteration: 25
user 0, emp_avg: 0.7011905613114144, h: 2.197342426046132, ucb: 2.8238306276854,num_of_obs: 4, privacy reward: 0.8187307530779817, g: 4.444444444444428e-05, curr_delay = 0.05, data_size = 1666
user 1, emp_avg: 0.47463332022141014, h: 2.197342426046132, ucb: 2.7190136706278305,num_of_obs: 4, privacy reward: 0.8187307530779817, g: 4.444444444444428e-05, curr_delay = 0.1745312649193977, data_size = 1666
user 2, emp_avg: 0.8497161435483054, h: 2.197342426046132, ucb: 3.009487605481514,num_of_obs: 4, privacy reward: 0.8187307530779817, g: 4.444444444444428e-05, curr_delay = 0.05, data_size = 1666
user 3, emp_avg: 0.5606956419829328, h: 2.197342426046132, ucb: 2.806015804851696,num_of_obs: 4, privacy reward: 0.8187307530779817, g: 4.444444444444428e-05, curr_delay = 0.1355804639390024, data_size = 1666
user 5, emp_avg: 0.5389387634141279, h: 2.197342426046132, ucb: 2.8017338341996534,num_of_obs: 4, privacy reward: 0.8187307530779817, g: 4.444444444444428e-05, curr_delay = 0.18042192315462074, data_size = 1666
num of fast users chosen: 5, num of slow users chosen: 0
max_delay = 0.18 seconds
global epoch 25 has been done artifficialy in 0.18 secs, the total time by now is 15.13 
 with avg train loss 1.783, val loss 2.104, avg val acc 21.19%
iteration: 26
user 4, emp_avg: 0.5444767430002001, h: 2.2106887630402032, ucb: 2.6829177771300805,num_of_obs: 4, privacy reward: 0.8187307530779817, g: 0.00016436554898093314, curr_delay = 0.059990330136501485, data_size = 1666
user 7, emp_avg: 0.4452770349476659, h: 2.2106887630402032, ucb: 2.5643977299925473,num_of_obs: 4, privacy reward: 0.8187307530779817, g: 0.00016436554898093314, curr_delay = 0.06161055104490065, data_size = 1666
user 9, emp_avg: 0.35572688467981045, h: 2.2106887630402032, ucb: 2.5653553260644886,num_of_obs: 4, privacy reward: 0.8187307530779817, g: 0.00016436554898093314, curr_delay = 0.13890116956497273, data_size = 1666
user 10, emp_avg: 0.36744703533492, h: 2.2106887630402032, ucb: 2.5869871110877813,num_of_obs: 4, privacy reward: 0.8187307530779817, g: 0.00016436554898093314, curr_delay = 0.15058345767433365, data_size = 1666
user 14, emp_avg: 0.32556985712471265, h: 2.2106887630402032, ucb: 2.5484080575692536,num_of_obs: 4, privacy reward: 0.8187307530779817, g: 0.00016436554898093314, curr_delay = 0.1805235929710752, data_size = 1666
num of fast users chosen: 5, num of slow users chosen: 0
max_delay = 0.18 seconds
global epoch 26 has been done artifficialy in 0.18 secs, the total time by now is 15.31 
 with avg train loss 1.777, val loss 2.058, avg val acc 26.12%
iteration: 27
user 6, emp_avg: 0.4689127870601227, h: 2.2234557110512667, ucb: 2.55959669487642,num_of_obs: 4, privacy reward: 0.8187307530779817, g: 0.0003429355281207133, curr_delay = 0.05, data_size = 1666
user 8, emp_avg: 0.3906748699596035, h: 2.2234557110512667, ucb: 2.5348767139123147,num_of_obs: 4, privacy reward: 0.8187307530779817, g: 0.0003429355281207133, curr_delay = 0.07065237052169766, data_size = 1666
user 11, emp_avg: 0.2502563004765525, h: 2.2234557110512667, ucb: 2.486843403451973,num_of_obs: 4, privacy reward: 0.8187307530779817, g: 0.0003429355281207133, curr_delay = 0.25286913823177376, data_size = 1666
user 12, emp_avg: 0.2806556186393398, h: 2.2234557110512667, ucb: 2.505717739037882,num_of_obs: 4, privacy reward: 0.8187307530779817, g: 0.0003429355281207133, curr_delay = 0.18232871465054995, data_size = 1666
user 13, emp_avg: 0.21932234917836313, h: 2.2234557110512667, ucb: 2.4426737936255862,num_of_obs: 4, privacy reward: 0.8187307530779817, g: 0.0003429355281207133, curr_delay = 0.22754224527592165, data_size = 1666
num of fast users chosen: 5, num of slow users chosen: 0
max_delay = 0.25 seconds
global epoch 27 has been done artifficialy in 0.25 secs, the total time by now is 15.56 
 with avg train loss 1.776, val loss 2.026, avg val acc 27.15%
iteration: 28
user 15, emp_avg: 0.06941832850714423, h: 2.235689326642413, ucb: 2.3057159239203835,num_of_obs: 4, privacy reward: 0.8187307530779817, g: 0.0005668934240362811, curr_delay = 0.7464329452279947, data_size = 1666
user 16, emp_avg: 0.07453250543022683, h: 2.235689326642413, ucb: 2.3109148660600205,num_of_obs: 4, privacy reward: 0.8187307530779817, g: 0.0005668934240362811, curr_delay = 0.6967634135920172, data_size = 1666
user 18, emp_avg: 0.06465573531609368, h: 2.235689326642413, ucb: 2.3013608178060196,num_of_obs: 4, privacy reward: 0.8187307530779817, g: 0.0005668934240362811, curr_delay = 0.8251817489375362, data_size = 1666
user 20, emp_avg: 0.06689121190143639, h: 2.235689326642413, ucb: 2.3021326144135994,num_of_obs: 4, privacy reward: 0.8187307530779817, g: 0.0005668934240362811, curr_delay = 0.7279831496428923, data_size = 1666
user 21, emp_avg: 0.0647715014702252, h: 2.235689326642413, ucb: 2.3015398723083464,num_of_obs: 4, privacy reward: 0.8187307530779817, g: 0.0005668934240362811, curr_delay = 0.8270570087671189, data_size = 1666
num of fast users chosen: 0, num of slow users chosen: 5
max_delay = 0.83 seconds
global epoch 28 has been done artifficialy in 0.83 secs, the total time by now is 16.39 
 with avg train loss 1.720, val loss 2.047, avg val acc 26.33%
iteration: 29
user 17, emp_avg: 0.06317244013391451, h: 2.2474304761170503, ucb: 2.310394688514987,num_of_obs: 4, privacy reward: 0.8187307530779817, g: 0.0008257365570088515, curr_delay = 0.7811846846868038, data_size = 1666
user 19, emp_avg: 0.06227107061073004, h: 2.2474304761170503, ucb: 2.309875118244879,num_of_obs: 4, privacy reward: 0.8187307530779817, g: 0.0008257365570088515, curr_delay = 0.8119943314939496, data_size = 1666
user 22, emp_avg: 0.06221424347607916, h: 2.2474304761170503, ucb: 2.3099572016486167,num_of_obs: 4, privacy reward: 0.8187307530779817, g: 0.0008257365570088515, curr_delay = 0.8201519166019414, data_size = 1666
user 23, emp_avg: 0.0587448564464488, h: 2.2474304761170503, ucb: 2.3068188468950006,num_of_obs: 4, privacy reward: 0.8187307530779817, g: 0.0008257365570088515, curr_delay = 0.8901422230577418, data_size = 1666
user 25, emp_avg: 0.05986515775645771, h: 2.2474304761170503, ucb: 2.3065991826656664,num_of_obs: 4, privacy reward: 0.8187307530779817, g: 0.0008257365570088515, curr_delay = 0.7980723349606905, data_size = 1666
num of fast users chosen: 0, num of slow users chosen: 5
max_delay = 0.89 seconds
global epoch 29 has been done artifficialy in 0.89 secs, the total time by now is 17.28 
 with avg train loss 1.723, val loss 1.941, avg val acc 29.91%
iteration: 30
user 24, emp_avg: 0.05869917743996089, h: 2.2587155802564505, ucb: 2.317243535064015,num_of_obs: 4, privacy reward: 0.8187307530779817, g: 0.0011111111111111107, curr_delay = 0.8419766733670109, data_size = 1666
user 26, emp_avg: 0.05655512759780414, h: 2.2587155802564505, ucb: 2.3160428108207505,num_of_obs: 4, privacy reward: 0.8187307530779817, g: 0.0011111111111111107, curr_delay = 0.935161236586715, data_size = 1666
user 27, emp_avg: 0.057824172419230845, h: 2.2587155802564505, ucb: 2.317204721262828,num_of_obs: 4, privacy reward: 0.8187307530779817, g: 0.0011111111111111107, curr_delay = 0.906383326693829, data_size = 1666
user 28, emp_avg: 0.05505018928724007, h: 2.2587155802564505, ucb: 2.3141393462053568,num_of_obs: 4, privacy reward: 0.8187307530779817, g: 0.0011111111111111107, curr_delay = 0.9336042566147413, data_size = 1666
user 29, emp_avg: 0.05517100388580683, h: 2.2587155802564505, ucb: 2.3136019508403494,num_of_obs: 4, privacy reward: 0.8187307530779817, g: 0.0011111111111111107, curr_delay = 0.8879490505672577, data_size = 1666
num of fast users chosen: 0, num of slow users chosen: 5
max_delay = 0.94 seconds
global epoch 30 has been done artifficialy in 0.94 secs, the total time by now is 18.22 
 with avg train loss 1.720, val loss 1.929, avg val acc 29.56%
iteration: 31
user 0, emp_avg: 0.7164436904112795, h: 2.0299715873337183, ucb: 2.731162148645133,num_of_obs: 5, privacy reward: 0.7866278610665532, g: 2.8905075731298364e-05, curr_delay = 0.06307482167163297, data_size = 1666
user 2, emp_avg: 0.7943378791849464, h: 2.0299715873337183, ucb: 2.879687730882024,num_of_obs: 5, privacy reward: 0.7866278610665532, g: 2.8905075731298364e-05, curr_delay = 0.09662833637218729, data_size = 1666
user 3, emp_avg: 0.5157125387329695, h: 2.0299715873337183, ucb: 2.590667229316651,num_of_obs: 5, privacy reward: 0.7866278610665532, g: 2.8905075731298364e-05, curr_delay = 0.17194123781957432, data_size = 1666
user 4, emp_avg: 0.5259236080545716, h: 2.0299715873337183, ucb: 2.5744483303339183,num_of_obs: 5, privacy reward: 0.7866278610665532, g: 2.8905075731298364e-05, curr_delay = 0.11543133844052175, data_size = 1666
user 5, emp_avg: 0.5122822752260611, h: 2.0299715873337183, ucb: 2.568910350747846,num_of_obs: 5, privacy reward: 0.7866278610665532, g: 2.8905075731298364e-05, curr_delay = 0.13192617905554319, data_size = 1666
num of fast users chosen: 5, num of slow users chosen: 0
max_delay = 0.17 seconds
global epoch 31 has been done artifficialy in 0.17 secs, the total time by now is 18.39 
 with avg train loss 1.712, val loss 1.967, avg val acc 28.98%
iteration: 32
user 1, emp_avg: 0.4945854121270142, h: 2.039333980337618, ucb: 2.513967300559028,num_of_obs: 5, privacy reward: 0.7866278610665532, g: 0.00010850694444444425, curr_delay = 0.08412609960723445, data_size = 1666
user 6, emp_avg: 0.5088701903276492, h: 2.039333980337618, ucb: 2.5082467673977407,num_of_obs: 5, privacy reward: 0.7866278610665532, g: 0.00010850694444444425, curr_delay = 0.07055597477839007, data_size = 1666
user 7, emp_avg: 0.4348303485008098, h: 2.039333980337618, ucb: 2.484611015285284,num_of_obs: 5, privacy reward: 0.7866278610665532, g: 0.00010850694444444425, curr_delay = 0.130685841610831, data_size = 1666
user 8, emp_avg: 0.3725448816323271, h: 2.039333980337618, ucb: 2.4300088502972215,num_of_obs: 5, privacy reward: 0.7866278610665532, g: 0.00010850694444444425, curr_delay = 0.17737104469033493, data_size = 1666
user 10, emp_avg: 0.3635792870391405, h: 2.039333980337618, ucb: 2.406781015672538,num_of_obs: 5, privacy reward: 0.7866278610665532, g: 0.00010850694444444425, curr_delay = 0.14524727155142705, data_size = 1666
num of fast users chosen: 5, num of slow users chosen: 0
max_delay = 0.18 seconds
global epoch 32 has been done artifficialy in 0.18 secs, the total time by now is 18.57 
 with avg train loss 1.711, val loss 1.975, avg val acc 28.62%
iteration: 33
user 9, emp_avg: 0.33785194158893445, h: 2.0483674166906134, ucb: 2.404094301370424,num_of_obs: 5, privacy reward: 0.7866278610665532, g: 0.0002295684113865928, curr_delay = 0.20122568485581935, data_size = 1666
user 11, emp_avg: 0.2665139251394438, h: 2.0483674166906134, ucb: 2.2986237171671657,num_of_obs: 5, privacy reward: 0.7866278610665532, g: 0.0002295684113865928, curr_delay = 0.1437599353490504, data_size = 1666
user 12, emp_avg: 0.2824311869288625, h: 2.0483674166906134, ucb: 2.329023035329953,num_of_obs: 5, privacy reward: 0.7866278610665532, g: 0.0002295684113865928, curr_delay = 0.1716390332241336, data_size = 1666
user 13, emp_avg: 0.22163742344053108, h: 2.0483674166906134, ucb: 2.2676897658689765,num_of_obs: 5, privacy reward: 0.7866278610665532, g: 0.0002295684113865928, curr_delay = 0.21439647019926683, data_size = 1666
user 14, emp_avg: 0.31838537703009673, h: 2.0483674166906134, ucb: 2.373937273815326,num_of_obs: 5, privacy reward: 0.7866278610665532, g: 0.0002295684113865928, curr_delay = 0.17701434931210241, data_size = 1666
num of fast users chosen: 5, num of slow users chosen: 0
max_delay = 0.21 seconds
global epoch 33 has been done artifficialy in 0.21 secs, the total time by now is 18.78 
 with avg train loss 1.697, val loss 1.946, avg val acc 30.78%
iteration: 34
user 0, emp_avg: 0.70798084728795, h: 1.8778606243851435, ucb: 2.594304314796423,num_of_obs: 6, privacy reward: 0.7557837414557254, g: -9.611687812379895e-05, curr_delay = 0.07607990226360391, data_size = 1666
user 2, emp_avg: 0.8237181821585254, h: 1.8778606243851435, ucb: 2.67219850357009,num_of_obs: 6, privacy reward: 0.7557837414557254, g: -9.611687812379895e-05, curr_delay = 0.05, data_size = 1666
user 3, emp_avg: 0.527678886345679, h: 1.8778606243851435, ucb: 2.3935731631181127,num_of_obs: 6, privacy reward: 0.7557837414557254, g: -9.611687812379895e-05, curr_delay = 0.08340603948698533, data_size = 1666
user 4, emp_avg: 0.4908814209241985, h: 1.8778606243851435, ucb: 2.403784232439715,num_of_obs: 6, privacy reward: 0.7557837414557254, g: -9.611687812379895e-05, curr_delay = 0.17817162535300238, data_size = 1666
user 5, emp_avg: 0.5145172734623695, h: 1.8778606243851435, ucb: 2.3901428996112046,num_of_obs: 6, privacy reward: 0.7557837414557254, g: -9.611687812379895e-05, curr_delay = 0.0947100169201611, data_size = 1666
num of fast users chosen: 5, num of slow users chosen: 0
max_delay = 0.18 seconds
global epoch 34 has been done artifficialy in 0.18 secs, the total time by now is 18.96 
 with avg train loss 1.695, val loss 1.923, avg val acc 27.39%
iteration: 35
user 15, emp_avg: 0.06939331140838573, h: 2.06553084551824, ucb: 2.1349491740253845,num_of_obs: 5, privacy reward: 0.7866278610665532, g: 0.0005668934240362811, curr_delay = 0.7218316816955774, data_size = 1666
user 16, emp_avg: 0.07499191923366856, h: 2.06553084551824, ucb: 2.1400633509484672,num_of_obs: 5, privacy reward: 0.7866278610665532, g: 0.0005668934240362811, curr_delay = 0.64692268758522, data_size = 1666
user 18, emp_avg: 0.06392298890147362, h: 2.06553084551824, ucb: 2.1301865808343337,num_of_obs: 5, privacy reward: 0.7866278610665532, g: 0.0005668934240362811, curr_delay = 0.8297480359309264, data_size = 1666
user 20, emp_avg: 0.06616401431254526, h: 2.06553084551824, ucb: 2.1324220574196766,num_of_obs: 5, privacy reward: 0.7866278610665532, g: 0.0005668934240362811, curr_delay = 0.7996414232821021, data_size = 1666
user 21, emp_avg: 0.06385831111485857, h: 2.06553084551824, ucb: 2.1303023469884654,num_of_obs: 5, privacy reward: 0.7866278610665532, g: 0.0005668934240362811, curr_delay = 0.8432789748667324, data_size = 1666
num of fast users chosen: 0, num of slow users chosen: 5
max_delay = 0.84 seconds
global epoch 35 has been done artifficialy in 0.84 secs, the total time by now is 19.80 
 with avg train loss 1.657, val loss 1.899, avg val acc 30.54%
iteration: 36
user 17, emp_avg: 0.06349403496853853, h: 2.0736978386802964, ucb: 2.136870278814211,num_of_obs: 5, privacy reward: 0.7866278610665532, g: 0.000771604938271604, curr_delay = 0.7680254520440777, data_size = 1666
user 19, emp_avg: 0.06260832175212731, h: 2.0736978386802964, ucb: 2.1359689092910266,num_of_obs: 5, privacy reward: 0.7866278610665532, g: 0.000771604938271604, curr_delay = 0.7776705591042434, data_size = 1666
user 22, emp_avg: 0.061445241454602735, h: 2.0736978386802964, ucb: 2.1359120821563757,num_of_obs: 5, privacy reward: 0.7866278610665532, g: 0.000771604938271604, curr_delay = 0.8680520690723341, data_size = 1666
user 23, emp_avg: 0.05916838812166514, h: 2.0736978386802964, ucb: 2.1324426951267452,num_of_obs: 5, privacy reward: 0.7866278610665532, g: 0.000771604938271604, curr_delay = 0.8158463933848012, data_size = 1666
user 25, emp_avg: 0.05883550697630626, h: 2.0736978386802964, ucb: 2.133562996436754,num_of_obs: 5, privacy reward: 0.7866278610665532, g: 0.000771604938271604, curr_delay = 0.9313197665307951, data_size = 1666
num of fast users chosen: 0, num of slow users chosen: 5
max_delay = 0.93 seconds
global epoch 36 has been done artifficialy in 0.93 secs, the total time by now is 20.73 
 with avg train loss 1.659, val loss 1.841, avg val acc 33.96%
iteration: 37
user 24, emp_avg: 0.059437747053560974, h: 2.081610312996424, ucb: 2.1403094904363846,num_of_obs: 5, privacy reward: 0.7866278610665532, g: 0.000994237480723966, curr_delay = 0.7920090077358259, data_size = 1666
user 26, emp_avg: 0.05729568507029684, h: 2.081610312996424, ucb: 2.138165440594228,num_of_obs: 5, privacy reward: 0.7866278610665532, g: 0.000994237480723966, curr_delay = 0.8196926579614909, data_size = 1666
user 27, emp_avg: 0.05716260551154315, h: 2.081610312996424, ucb: 2.139434485415655,num_of_obs: 5, privacy reward: 0.7866278610665532, g: 0.000994237480723966, curr_delay = 0.9284228508736986, data_size = 1666
user 28, emp_avg: 0.054741610526323675, h: 2.081610312996424, ucb: 2.136660502283664,num_of_obs: 5, privacy reward: 0.7866278610665532, g: 0.000994237480723966, curr_delay = 0.9398722954451566, data_size = 1666
user 29, emp_avg: 0.05533330896092176, h: 2.081610312996424, ucb: 2.1367813168822307,num_of_obs: 5, privacy reward: 0.7866278610665532, g: 0.000994237480723966, curr_delay = 0.8905538789255624, data_size = 1666
num of fast users chosen: 0, num of slow users chosen: 5
max_delay = 0.94 seconds
global epoch 37 has been done artifficialy in 0.94 secs, the total time by now is 21.67 
 with avg train loss 1.658, val loss 1.730, avg val acc 34.83%
iteration: 38
user 1, emp_avg: 0.4731973747970863, h: 1.9072456998840988, ucb: 2.401831112011113,num_of_obs: 6, privacy reward: 0.7557837414557254, g: 7.694675284702985e-05, curr_delay = 0.14498252418772176, data_size = 1666
user 6, emp_avg: 0.5132430723176952, h: 1.9072456998840988, ucb: 2.416115890211748,num_of_obs: 6, privacy reward: 0.7557837414557254, g: 7.694675284702985e-05, curr_delay = 0.09268177919463785, data_size = 1666
user 7, emp_avg: 0.45613945217573443, h: 1.9072456998840988, ucb: 2.3420760483849086,num_of_obs: 6, privacy reward: 0.7557837414557254, g: 7.694675284702985e-05, curr_delay = 0.08561730710423607, data_size = 1666
user 8, emp_avg: 0.4621813271134232, h: 1.9072456998840988, ucb: 2.279790581516426,num_of_obs: 6, privacy reward: 0.7557837414557254, g: 7.694675284702985e-05, curr_delay = 0.05, data_size = 1666
user 10, emp_avg: 0.3495176556057666, h: 1.9072456998840988, ucb: 2.2708249869232393,num_of_obs: 6, privacy reward: 0.7557837414557254, g: 7.694675284702985e-05, curr_delay = 0.1885740231089939, data_size = 1666
num of fast users chosen: 5, num of slow users chosen: 0
max_delay = 0.19 seconds
global epoch 38 has been done artifficialy in 0.19 secs, the total time by now is 21.86 
 with avg train loss 1.669, val loss 1.873, avg val acc 30.99%
iteration: 39
user 2, emp_avg: 0.8457534093887098, h: 1.7720597328201309, ucb: 2.5957779149786564,num_of_obs: 7, privacy reward: 0.7261490370736907, g: -0.00016436554898093385, curr_delay = 0.05, data_size = 1666
user 9, emp_avg: 0.3305681669073074, h: 1.9140432717495302, ucb: 2.2518952133384644,num_of_obs: 6, privacy reward: 0.7557837414557254, g: 0.00016436554898093314, curr_delay = 0.17429769951473834, data_size = 1666
user 11, emp_avg: 0.2603390499616638, h: 1.9140432717495302, ucb: 2.180557196888974,num_of_obs: 6, privacy reward: 0.7557837414557254, g: 0.00016436554898093314, curr_delay = 0.22392424664019556, data_size = 1666
user 12, emp_avg: 0.2787823051113794, h: 1.9140432717495302, ucb: 2.1964744586783924,num_of_obs: 6, privacy reward: 0.7557837414557254, g: 0.00016436554898093314, curr_delay = 0.19463658325151756, data_size = 1666
user 14, emp_avg: 0.29739257288057985, h: 1.9140432717495302, ucb: 2.232428648779627,num_of_obs: 6, privacy reward: 0.7557837414557254, g: 0.00016436554898093314, curr_delay = 0.2916544570670199, data_size = 1666
num of fast users chosen: 5, num of slow users chosen: 0
max_delay = 0.29 seconds
global epoch 39 has been done artifficialy in 0.29 secs, the total time by now is 22.15 
 with avg train loss 1.661, val loss 1.833, avg val acc 29.18%
iteration: 40
user 0, emp_avg: 0.7444832413769562, h: 1.7781722849473283, ucb: 2.486153132235278,num_of_obs: 7, privacy reward: 0.7261490370736907, g: -6.944444444444442e-05, curr_delay = 0.05, data_size = 1666
user 3, emp_avg: 0.5604418358017251, h: 1.7781722849473283, ucb: 2.3058511712930074,num_of_obs: 7, privacy reward: 0.7261490370736907, g: -6.944444444444442e-05, curr_delay = 0.06330857057472296, data_size = 1666
user 4, emp_avg: 0.5235672154524226, h: 1.7781722849473283, ucb: 2.269053705871527,num_of_obs: 7, privacy reward: 0.7261490370736907, g: -6.944444444444442e-05, curr_delay = 0.0664568599540542, data_size = 1666
user 5, emp_avg: 0.506496617265809, h: 1.7781722849473283, ucb: 2.292689558409698,num_of_obs: 7, privacy reward: 0.7261490370736907, g: -6.944444444444442e-05, curr_delay = 0.11102425957394045, data_size = 1666
user 6, emp_avg: 0.5276015418126666, h: 1.7781722849473283, ucb: 2.2914153572650235,num_of_obs: 7, privacy reward: 0.7261490370736907, g: -6.944444444444442e-05, curr_delay = 0.07960378606609947, data_size = 1666
num of fast users chosen: 5, num of slow users chosen: 0
max_delay = 0.11 seconds
global epoch 40 has been done artifficialy in 0.11 secs, the total time by now is 22.26 
 with avg train loss 1.639, val loss 1.837, avg val acc 33.27%
iteration: 41
user 13, emp_avg: 0.22792217637609927, h: 1.9270630676509546, ucb: 2.1487004910914855,num_of_obs: 6, privacy reward: 0.7557837414557254, g: 0.0004131138872364333, curr_delay = 0.1882312591555209, data_size = 1666
user 15, emp_avg: 0.06896799824648209, h: 1.9270630676509546, ucb: 1.9964563790593404,num_of_obs: 6, privacy reward: 0.7557837414557254, g: 0.0004131138872364333, curr_delay = 0.7528292912286336, data_size = 1666
user 16, emp_avg: 0.07495268196278441, h: 1.9270630676509546, ucb: 2.002054986884623,num_of_obs: 6, privacy reward: 0.7557837414557254, g: 0.0004131138872364333, curr_delay = 0.6691894364507097, data_size = 1666
user 18, emp_avg: 0.06364469029728156, h: 1.9270630676509546, ucb: 1.9909860565524282,num_of_obs: 6, privacy reward: 0.7557837414557254, g: 0.0004131138872364333, curr_delay = 0.8067782452460139, data_size = 1666
user 20, emp_avg: 0.06756584703567639, h: 1.9270630676509546, ucb: 1.9932270819634998,num_of_obs: 6, privacy reward: 0.7557837414557254, g: 0.0004131138872364333, curr_delay = 0.6580952534914826, data_size = 1666
num of fast users chosen: 1, num of slow users chosen: 4
max_delay = 0.81 seconds
global epoch 41 has been done artifficialy in 0.81 secs, the total time by now is 23.07 
 with avg train loss 1.627, val loss 1.841, avg val acc 34.57%
iteration: 42
user 17, emp_avg: 0.0636666210415837, h: 1.933305360847936, ucb: 1.9967993958164745,num_of_obs: 6, privacy reward: 0.7557837414557254, g: 0.0005668934240362811, curr_delay = 0.7727719971471989, data_size = 1666
user 19, emp_avg: 0.062191078190639536, h: 1.933305360847936, ucb: 1.9959136826000634,num_of_obs: 6, privacy reward: 0.7557837414557254, g: 0.0005668934240362811, curr_delay = 0.837694695523699, data_size = 1666
user 21, emp_avg: 0.06460417816088727, h: 1.933305360847936, ucb: 1.9971636719627945,num_of_obs: 6, privacy reward: 0.7557837414557254, g: 0.0005668934240362811, curr_delay = 0.723804986142814, data_size = 1666
user 22, emp_avg: 0.061489483682262355, h: 1.933305360847936, ucb: 1.9947506023025388,num_of_obs: 6, privacy reward: 0.7557837414557254, g: 0.0005668934240362811, curr_delay = 0.8096518657440873, data_size = 1666
user 24, emp_avg: 0.05951817844568004, h: 1.933305360847936, ucb: 1.992743107901497,num_of_obs: 6, privacy reward: 0.7557837414557254, g: 0.0005668934240362811, curr_delay = 0.8333226834917378, data_size = 1666
num of fast users chosen: 0, num of slow users chosen: 5
max_delay = 0.84 seconds
global epoch 42 has been done artifficialy in 0.84 secs, the total time by now is 23.91 
 with avg train loss 1.610, val loss 1.787, avg val acc 36.76%
iteration: 43
user 23, emp_avg: 0.060628610551101796, h: 1.9393813744835136, ucb: 1.9985497626051787,num_of_obs: 6, privacy reward: 0.7557837414557254, g: 0.000736133645814554, curr_delay = 0.7205654927088951, data_size = 1666
user 25, emp_avg: 0.05890540008575419, h: 1.9393813744835136, ucb: 1.9982168814598198,num_of_obs: 6, privacy reward: 0.7557837414557254, g: 0.000736133645814554, curr_delay = 0.8428184296049949, data_size = 1666
user 26, emp_avg: 0.05687447667600528, h: 1.9393813744835136, ucb: 1.9966770595538104,num_of_obs: 6, privacy reward: 0.7557837414557254, g: 0.000736133645814554, curr_delay = 0.9200101531320358, data_size = 1666
user 27, emp_avg: 0.05615117629777045, h: 1.9393813744835136, ucb: 1.9965439799950566,num_of_obs: 6, privacy reward: 0.7557837414557254, g: 0.000736133645814554, curr_delay = 0.9983507043671858, data_size = 1666
user 29, emp_avg: 0.05519390010819366, h: 1.9393813744835136, ucb: 1.9947146834444354,num_of_obs: 6, privacy reward: 0.7557837414557254, g: 0.000736133645814554, curr_delay = 0.91983716614799, data_size = 1666
num of fast users chosen: 0, num of slow users chosen: 5
max_delay = 1.00 seconds
global epoch 43 has been done artifficialy in 1.00 secs, the total time by now is 24.91 
 with avg train loss 1.600, val loss 1.670, avg val acc 38.99%
iteration: 44
user 0, emp_avg: 0.7474681825975189, h: 1.6846786712719715, ucb: 2.4291619126489277,num_of_obs: 8, privacy reward: 0.6976763260710308, g: -0.00022956841138659364, curr_delay = 0.06482160924142762, data_size = 1666
user 1, emp_avg: 0.48359589267392, h: 1.8009972556300802, ucb: 2.2741946304271665,num_of_obs: 7, privacy reward: 0.7261490370736907, g: 5.73921028466482e-05, curr_delay = 0.08986574667983491, data_size = 1666
user 2, emp_avg: 0.8222161348016865, h: 1.6846786712719715, ucb: 2.530432080660681,num_of_obs: 8, privacy reward: 0.6976763260710308, g: -0.00022956841138659364, curr_delay = 0.07887456245429471, data_size = 1666
user 7, emp_avg: 0.46116667689635243, h: 1.8009972556300802, ucb: 2.2571367078058144,num_of_obs: 7, privacy reward: 0.7261490370736907, g: 5.73921028466482e-05, curr_delay = 0.10073389681721318, data_size = 1666
user 8, emp_avg: 0.43213154554600336, h: 1.8009972556300802, ucb: 2.263178582743503,num_of_obs: 7, privacy reward: 0.7261490370736907, g: 5.73921028466482e-05, curr_delay = 0.2254455174094111, data_size = 1666
num of fast users chosen: 5, num of slow users chosen: 0
max_delay = 0.23 seconds
global epoch 44 has been done artifficialy in 0.23 secs, the total time by now is 25.13 
 with avg train loss 1.621, val loss 1.724, avg val acc 37.80%
iteration: 45
user 9, emp_avg: 0.34015111816632315, h: 1.8063370567699357, ucb: 2.136905223677243,num_of_obs: 7, privacy reward: 0.7261490370736907, g: 0.00012345679012345652, curr_delay = 0.12278020239693907, data_size = 1666
user 10, emp_avg: 0.3467460088756165, h: 1.8063370567699357, ucb: 2.155854712375702,num_of_obs: 7, privacy reward: 0.7261490370736907, g: 0.00012345679012345652, curr_delay = 0.1527442886175219, data_size = 1666
user 11, emp_avg: 0.27421045257761956, h: 1.8063370567699357, ucb: 2.0666761067315997,num_of_obs: 7, privacy reward: 0.7261490370736907, g: 0.00012345679012345652, curr_delay = 0.1346582734709898, data_size = 1666
user 12, emp_avg: 0.2782616396011212, h: 1.8063370567699357, ucb: 2.0851193618813153,num_of_obs: 7, privacy reward: 0.7261490370736907, g: 0.00012345679012345652, curr_delay = 0.18207177069892413, data_size = 1666
user 14, emp_avg: 0.28876690817649237, h: 1.8063370567699357, ucb: 2.1037296296505157,num_of_obs: 7, privacy reward: 0.7261490370736907, g: 0.00012345679012345652, curr_delay = 0.21892640176323552, data_size = 1666
num of fast users chosen: 5, num of slow users chosen: 0
max_delay = 0.22 seconds
global epoch 45 has been done artifficialy in 0.22 secs, the total time by now is 25.35 
 with avg train loss 1.611, val loss 1.614, avg val acc 42.82%
iteration: 46
user 1, emp_avg: 0.45749849451460595, h: 1.694544495540563, ucb: 2.178140388214483,num_of_obs: 8, privacy reward: 0.6976763260710308, g: -5.250997689561023e-05, curr_delay = 0.20102982817363002, data_size = 1666
user 3, emp_avg: 0.5333669187540312, h: 1.694544495540563, ucb: 2.2549863313422884,num_of_obs: 8, privacy reward: 0.6976763260710308, g: -5.250997689561023e-05, curr_delay = 0.15784443479196114, data_size = 1666
user 4, emp_avg: 0.5003109604355611, h: 1.694544495540563, ucb: 2.2181117109929858,num_of_obs: 8, privacy reward: 0.6976763260710308, g: -5.250997689561023e-05, curr_delay = 0.15910346075535717, data_size = 1666
user 5, emp_avg: 0.5126406047637657, h: 1.694544495540563, ucb: 2.2010411128063723,num_of_obs: 8, privacy reward: 0.6976763260710308, g: -5.250997689561023e-05, curr_delay = 0.08900083140568049, data_size = 1666
user 6, emp_avg: 0.49129632072318075, h: 1.694544495540563, ucb: 2.22214603735323,num_of_obs: 8, privacy reward: 0.6976763260710308, g: -5.250997689561023e-05, curr_delay = 0.24893635469204795, data_size = 1666
num of fast users chosen: 5, num of slow users chosen: 0
max_delay = 0.25 seconds
global epoch 46 has been done artifficialy in 0.25 secs, the total time by now is 25.60 
 with avg train loss 1.599, val loss 1.687, avg val acc 38.19%
iteration: 47
user 7, emp_avg: 0.45154546974568294, h: 1.69929711977704, ucb: 2.160463796673392,num_of_obs: 8, privacy reward: 0.6976763260710308, g: -1.2574820180071461e-05, curr_delay = 0.13348432633945614, data_size = 1666
user 8, emp_avg: 0.4153710122127735, h: 1.69929711977704, ucb: 2.1314286653230434,num_of_obs: 8, privacy reward: 0.6976763260710308, g: -1.2574820180071461e-05, curr_delay = 0.1777545539971316, data_size = 1666
user 10, emp_avg: 0.3461533083625071, h: 1.69929711977704, ucb: 2.0460431286526566,num_of_obs: 8, privacy reward: 0.6976763260710308, g: -1.2574820180071461e-05, curr_delay = 0.14645074956853157, data_size = 1666
user 13, emp_avg: 0.23329062713505472, h: 1.8166250344392698, ucb: 2.0445472108153693,num_of_obs: 7, privacy reward: 0.7261490370736907, g: 0.0003143705045017855, curr_delay = 0.1845905421718503, data_size = 1666
user 28, emp_avg: 0.05442343740511452, h: 1.9621792990728595, ucb: 2.0169209095991834,num_of_obs: 6, privacy reward: 0.7557837414557254, g: 0.0015215532417886424, curr_delay = 0.9521198234929095, data_size = 1666
num of fast users chosen: 4, num of slow users chosen: 1
max_delay = 0.95 seconds
global epoch 47 has been done artifficialy in 0.95 secs, the total time by now is 26.55 
 with avg train loss 1.598, val loss 1.706, avg val acc 39.38%
iteration: 48
user 15, emp_avg: 0.06963356234425958, h: 1.8215851050840053, ucb: 1.8905531033304874,num_of_obs: 7, privacy reward: 0.7261490370736907, g: 0.000434027777777777, curr_delay = 0.6730153457955286, data_size = 1666
user 16, emp_avg: 0.07329160047082994, h: 1.8215851050840053, ucb: 1.8965377870467897,num_of_obs: 7, privacy reward: 0.7261490370736907, g: 0.000434027777777777, curr_delay = 0.8108454795767759, data_size = 1666
user 17, emp_avg: 0.06387537400951859, h: 1.8215851050840053, ucb: 1.885251726125589,num_of_obs: 7, privacy reward: 0.7261490370736907, g: 0.000434027777777777, curr_delay = 0.7652673345024739, data_size = 1666
user 20, emp_avg: 0.06761779882455665, h: 1.8215851050840053, ucb: 1.8891509521196816,num_of_obs: 7, privacy reward: 0.7261490370736907, g: 0.000434027777777777, curr_delay = 0.7354946335294323, data_size = 1666
user 21, emp_avg: 0.06420966901313596, h: 1.8215851050840053, ucb: 1.8861892832448925,num_of_obs: 7, privacy reward: 0.7261490370736907, g: 0.000434027777777777, curr_delay = 0.8136947431851291, data_size = 1666
num of fast users chosen: 0, num of slow users chosen: 5
max_delay = 0.81 seconds
global epoch 48 has been done artifficialy in 0.81 secs, the total time by now is 27.37 
 with avg train loss 1.577, val loss 1.620, avg val acc 41.64%
iteration: 49
user 18, emp_avg: 0.06372518230719847, h: 1.8264298425642054, ucb: 1.890074532861487,num_of_obs: 7, privacy reward: 0.7261490370736907, g: 0.0005668934240362811, curr_delay = 0.7777425466689721, data_size = 1666
user 19, emp_avg: 0.06223577251636223, h: 1.8264298425642054, ucb: 1.888620920754845,num_of_obs: 7, privacy reward: 0.7261490370736907, g: 0.0005668934240362811, curr_delay = 0.7993779842116853, data_size = 1666
user 22, emp_avg: 0.061780790166872344, h: 1.8264298425642054, ucb: 1.8879193262464677,num_of_obs: 7, privacy reward: 0.7261490370736907, g: 0.0005668934240362811, curr_delay = 0.7834542539402087, data_size = 1666
user 23, emp_avg: 0.05990943185520706, h: 1.8264298425642054, ucb: 1.8870584531153072,num_of_obs: 7, privacy reward: 0.7261490370736907, g: 0.0005668934240362811, curr_delay = 0.9111587261029658, data_size = 1666
user 24, emp_avg: 0.060445479696012605, h: 1.8264298425642054, ucb: 1.8859480210098853,num_of_obs: 7, privacy reward: 0.7261490370736907, g: 0.0005668934240362811, curr_delay = 0.7469756251259855, data_size = 1666
num of fast users chosen: 0, num of slow users chosen: 5
max_delay = 0.91 seconds
global epoch 49 has been done artifficialy in 0.91 secs, the total time by now is 28.28 
 with avg train loss 1.538, val loss 1.525, avg val acc 46.56%
iteration: 50
user 25, emp_avg: 0.059561707177498806, h: 1.8311642679129767, ucb: 1.890069667998731,num_of_obs: 7, privacy reward: 0.7261490370736907, g: 0.00071111111111111, curr_delay = 0.7793520728825825, data_size = 1666
user 26, emp_avg: 0.05684898391677406, h: 1.8311642679129767, ucb: 1.888038744588982,num_of_obs: 7, privacy reward: 0.7261490370736907, g: 0.00071111111111111, curr_delay = 0.8822927179179676, data_size = 1666
user 27, emp_avg: 0.055837453458887014, h: 1.8311642679129767, ucb: 1.8873154442107472,num_of_obs: 7, privacy reward: 0.7261490370736907, g: 0.00071111111111111, curr_delay = 0.932115977173166, data_size = 1666
user 28, emp_avg: 0.05461509965570797, h: 1.8311642679129767, ucb: 1.8855877053180912,num_of_obs: 7, privacy reward: 0.7261490370736907, g: 0.00071111111111111, curr_delay = 0.8935474815278048, data_size = 1666
user 29, emp_avg: 0.05487517843177602, h: 1.8311642679129767, ucb: 1.8863581680211703,num_of_obs: 7, privacy reward: 0.7261490370736907, g: 0.00071111111111111, curr_delay = 0.9497735671050538, data_size = 1666
num of fast users chosen: 0, num of slow users chosen: 5
max_delay = 0.95 seconds
global epoch 50 has been done artifficialy in 0.95 secs, the total time by now is 29.23 
 with avg train loss 1.587, val loss 1.611, avg val acc 43.06%
iteration: 51
user 8, emp_avg: 0.4298939480164906, h: 1.6190173218600485, ucb: 2.034388334072822,num_of_obs: 9, privacy reward: 0.6703200460356391, g: -9.611687812379895e-05, curr_delay = 0.08919009450119958, data_size = 1666
user 9, emp_avg: 0.37186495943875086, h: 1.7172271907185852, ucb: 2.0573783088849082,num_of_obs: 8, privacy reward: 0.6976763260710308, g: 9.61168781237984e-05, curr_delay = 0.07992637954092828, data_size = 1666
user 11, emp_avg: 0.26863224264140223, h: 1.7172271907185852, ucb: 1.9914376432962047,num_of_obs: 8, privacy reward: 0.6976763260710308, g: 9.61168781237984e-05, curr_delay = 0.22320774577550007, data_size = 1666
user 12, emp_avg: 0.2762609042812852, h: 1.7172271907185852, ucb: 1.9954888303197065,num_of_obs: 8, privacy reward: 0.6976763260710308, g: 9.61168781237984e-05, curr_delay = 0.19211925160581322, data_size = 1666
user 14, emp_avg: 0.315351988227424, h: 1.7172271907185852, ucb: 2.0059940988950777,num_of_obs: 8, privacy reward: 0.6976763260710308, g: 9.61168781237984e-05, curr_delay = 0.0946911181024268, data_size = 1666
num of fast users chosen: 5, num of slow users chosen: 0
max_delay = 0.22 seconds
global epoch 51 has been done artifficialy in 0.22 secs, the total time by now is 29.45 
 with avg train loss 1.566, val loss 1.657, avg val acc 43.50%
iteration: 52
user 0, emp_avg: 0.7362261672877686, h: 1.6230103139087826, ucb: 2.3704784965063013,num_of_obs: 9, privacy reward: 0.6703200460356391, g: -4.109138724523346e-05, curr_delay = 0.07873420226083674, data_size = 1666
user 2, emp_avg: 0.7908991623336797, h: 1.6230103139087826, ucb: 2.445226448710469,num_of_obs: 9, privacy reward: 0.6703200460356391, g: -4.109138724523346e-05, curr_delay = 0.09822287124675769, data_size = 1666
user 3, emp_avg: 0.5736154410344636, h: 1.6230103139087826, ucb: 2.156377232662814,num_of_obs: 9, privacy reward: 0.6703200460356391, g: -4.109138724523346e-05, curr_delay = 0.053427243236032276, data_size = 1666
user 4, emp_avg: 0.4907340508864917, h: 1.6230103139087826, ucb: 2.1233212743443435,num_of_obs: 9, privacy reward: 0.6703200460356391, g: -4.109138724523346e-05, curr_delay = 0.1235966023116403, data_size = 1666
user 5, emp_avg: 0.49270962785796285, h: 1.6230103139087826, ucb: 2.1356509186725483,num_of_obs: 9, privacy reward: 0.6703200460356391, g: -4.109138724523346e-05, curr_delay = 0.15957574008757056, data_size = 1666
num of fast users chosen: 5, num of slow users chosen: 0
max_delay = 0.16 seconds
global epoch 52 has been done artifficialy in 0.16 secs, the total time by now is 29.61 
 with avg train loss 1.570, val loss 1.600, avg val acc 43.76%
iteration: 53
user 0, emp_avg: 0.7602056066252442, h: 1.543429670613881, ucb: 2.2796558379016494,num_of_obs: 10, privacy reward: 0.6440364210831411, g: -0.0004845536173410872, curr_delay = 0.05, data_size = 1666
user 1, emp_avg: 0.45357781710981737, h: 1.6269177224744387, ucb: 2.0844162169890446,num_of_obs: 9, privacy reward: 0.6703200460356391, g: -9.88884933349155e-06, curr_delay = 0.11953380273511313, data_size = 1666
user 3, emp_avg: 0.5664242027084542, h: 1.543429670613881, ucb: 2.117045111648345,num_of_obs: 10, privacy reward: 0.6440364210831411, g: -0.0004845536173410872, curr_delay = 0.10110981787205037, data_size = 1666
user 6, emp_avg: 0.4782456680167667, h: 1.6269177224744387, ucb: 2.1182140431976193,num_of_obs: 9, privacy reward: 0.6703200460356391, g: -9.88884933349155e-06, curr_delay = 0.1385848515638774, data_size = 1666
user 7, emp_avg: 0.5063909227711146, h: 1.6269177224744387, ucb: 2.0784631922201218,num_of_obs: 9, privacy reward: 0.6703200460356391, g: -9.88884933349155e-06, curr_delay = 0.05, data_size = 1666
num of fast users chosen: 5, num of slow users chosen: 0
max_delay = 0.14 seconds
global epoch 53 has been done artifficialy in 0.14 secs, the total time by now is 29.75 
 with avg train loss 1.550, val loss 1.642, avg val acc 42.40%
iteration: 54
user 13, emp_avg: 0.22869084203789716, h: 1.7296641393412786, ucb: 1.9629547664763334,num_of_obs: 8, privacy reward: 0.6976763260710308, g: 0.0003429355281207133, curr_delay = 0.2605624713721333, data_size = 1666
user 15, emp_avg: 0.06957936502077894, h: 1.7296641393412786, ucb: 1.7992977016855383,num_of_obs: 8, privacy reward: 0.6976763260710308, g: 0.0003429355281207133, curr_delay = 0.7231098607649257, data_size = 1666
user 16, emp_avg: 0.07286686925731937, h: 1.7296641393412786, ucb: 1.8029557398121085,num_of_obs: 8, privacy reward: 0.6976763260710308, g: 0.0003429355281207133, curr_delay = 0.7197452954487648, data_size = 1666
user 20, emp_avg: 0.06676987926806885, h: 1.7296641393412786, ucb: 1.7972819381658351,num_of_obs: 8, privacy reward: 0.6976763260710308, g: 0.0003429355281207133, curr_delay = 0.8335205584965976, data_size = 1666
user 21, emp_avg: 0.06477658720929944, h: 1.7296641393412786, ucb: 1.7938738083544146,num_of_obs: 8, privacy reward: 0.6976763260710308, g: 0.0003429355281207133, curr_delay = 0.7213765075590595, data_size = 1666
num of fast users chosen: 1, num of slow users chosen: 4
max_delay = 0.83 seconds
global epoch 54 has been done artifficialy in 0.83 secs, the total time by now is 30.58 
 with avg train loss 1.551, val loss 1.559, avg val acc 45.89%
iteration: 55
user 17, emp_avg: 0.06438754348769629, h: 1.7336377617381185, ucb: 1.797513135747637,num_of_obs: 8, privacy reward: 0.6976763260710308, g: 0.0004499540863177226, curr_delay = 0.7300879537165766, data_size = 1666
user 18, emp_avg: 0.06381522458229431, h: 1.7336377617381185, ucb: 1.797362944045317,num_of_obs: 8, privacy reward: 0.6976763260710308, g: 0.0004499540863177226, curr_delay = 0.7747666223672219, data_size = 1666
user 19, emp_avg: 0.06256150780373856, h: 1.7336377617381185, ucb: 1.7958735342544807,num_of_obs: 8, privacy reward: 0.6976763260710308, g: 0.0004499540863177226, curr_delay = 0.7672549095669651, data_size = 1666
user 22, emp_avg: 0.06216503826082087, h: 1.7336377617381185, ucb: 1.7954185519049908,num_of_obs: 8, privacy reward: 0.6976763260710308, g: 0.0004499540863177226, curr_delay = 0.7664124582382157, data_size = 1666
user 24, emp_avg: 0.06038386236268768, h: 1.7336377617381185, ucb: 1.794083241434131,num_of_obs: 8, privacy reward: 0.6976763260710308, g: 0.0004499540863177226, curr_delay = 0.8348510410979967, data_size = 1666
num of fast users chosen: 0, num of slow users chosen: 5
max_delay = 0.83 seconds
global epoch 55 has been done artifficialy in 0.83 secs, the total time by now is 31.42 
 with avg train loss 1.527, val loss 1.468, avg val acc 48.77%
iteration: 56
user 23, emp_avg: 0.06055357385659002, h: 1.7375309401709549, ucb: 1.797440372026162,num_of_obs: 8, privacy reward: 0.6976763260710308, g: 0.0005668934240362811, curr_delay = 0.7609572918916483, data_size = 1666
user 25, emp_avg: 0.0592985850972291, h: 1.7375309401709549, ucb: 1.7970926473484536,num_of_obs: 8, privacy reward: 0.6976763260710308, g: 0.0005668934240362811, curr_delay = 0.8742235601252124, data_size = 1666
user 26, emp_avg: 0.057322874095746164, h: 1.7375309401709549, ucb: 1.794379924087729,num_of_obs: 8, privacy reward: 0.6976763260710308, g: 0.0005668934240362811, curr_delay = 0.8181432021979693, data_size = 1666
user 27, emp_avg: 0.0560030326097508, h: 1.7375309401709549, ucb: 1.793368393629842,num_of_obs: 8, privacy reward: 0.6976763260710308, g: 0.0005668934240362811, curr_delay = 0.8721792399485507, data_size = 1666
user 29, emp_avg: 0.054829916997900234, h: 1.7375309401709549, ucb: 1.792406118602731,num_of_obs: 8, privacy reward: 0.6976763260710308, g: 0.0005668934240362811, curr_delay = 0.9179731248002929, data_size = 1666
num of fast users chosen: 0, num of slow users chosen: 5
max_delay = 0.92 seconds
global epoch 56 has been done artifficialy in 0.92 secs, the total time by now is 32.34 
 with avg train loss 1.505, val loss 1.454, avg val acc 48.70%
iteration: 57
user 9, emp_avg: 0.36903466475915375, h: 1.6417574461197673, ucb: 2.013622405558518,num_of_obs: 9, privacy reward: 0.6703200460356391, g: 7.694675284702985e-05, curr_delay = 0.14553413404289184, data_size = 1666
user 10, emp_avg: 0.34196283337691696, h: 1.6417574461197673, ucb: 1.9879107544822743,num_of_obs: 9, privacy reward: 0.6703200460356391, g: 7.694675284702985e-05, curr_delay = 0.16433931600341306, data_size = 1666
user 11, emp_avg: 0.29757113654582923, h: 1.6417574461197673, ucb: 1.9103896887611695,num_of_obs: 9, privacy reward: 0.6703200460356391, g: 7.694675284702985e-05, curr_delay = 0.08960233346153608, data_size = 1666
user 12, emp_avg: 0.2728053369105567, h: 1.6417574461197673, ucb: 1.9180183504010524,num_of_obs: 9, privacy reward: 0.6703200460356391, g: 7.694675284702985e-05, curr_delay = 0.20686354151815514, data_size = 1666
user 14, emp_avg: 0.3370332889487673, h: 1.6417574461197673, ucb: 1.9571094343471913,num_of_obs: 9, privacy reward: 0.6703200460356391, g: 7.694675284702985e-05, curr_delay = 0.09395582277744322, data_size = 1666
num of fast users chosen: 5, num of slow users chosen: 0
max_delay = 0.21 seconds
global epoch 57 has been done artifficialy in 0.21 secs, the total time by now is 32.54 
 with avg train loss 1.534, val loss 1.494, avg val acc 48.71%
iteration: 58
user 2, emp_avg: 0.7432400036651081, h: 1.5608541912452463, ucb: 2.351753353578926,num_of_obs: 10, privacy reward: 0.6440364210831411, g: -3.3029462280354315e-05, curr_delay = 0.18751283268958757, data_size = 1666
user 4, emp_avg: 0.49782341786139434, h: 1.5608541912452463, ucb: 2.051588242131738,num_of_obs: 10, privacy reward: 0.6440364210831411, g: -3.3029462280354315e-05, curr_delay = 0.08791717549772424, data_size = 1666
user 5, emp_avg: 0.5130644709763067, h: 1.5608541912452463, ucb: 2.0535638191032093,num_of_obs: 10, privacy reward: 0.6440364210831411, g: -3.3029462280354315e-05, curr_delay = 0.0697726762235355, data_size = 1666
user 6, emp_avg: 0.4601365835021344, h: 1.5608541912452463, ucb: 2.039099859262013,num_of_obs: 10, privacy reward: 0.6440364210831411, g: -3.3029462280354315e-05, curr_delay = 0.17918209500209226, data_size = 1666
user 7, emp_avg: 0.4930507995322894, h: 1.5608541912452463, ucb: 2.067245114016361,num_of_obs: 10, privacy reward: 0.6440364210831411, g: -3.3029462280354315e-05, curr_delay = 0.13902421848314203, data_size = 1666
num of fast users chosen: 5, num of slow users chosen: 0
max_delay = 0.19 seconds
global epoch 58 has been done artifficialy in 0.19 secs, the total time by now is 32.73 
 with avg train loss 1.518, val loss 1.506, avg val acc 47.16%
iteration: 59
user 13, emp_avg: 0.22995835985709584, h: 1.6487444604720123, ucb: 1.8774353025099095,num_of_obs: 9, privacy reward: 0.6703200460356391, g: 0.0001994956749337669, curr_delay = 0.2071542628592814, data_size = 1666
user 15, emp_avg: 0.06969364510629952, h: 1.6487444604720123, ucb: 1.7183238254927913,num_of_obs: 9, privacy reward: 0.6703200460356391, g: 0.0001994956749337669, curr_delay = 0.7069919222733912, data_size = 1666
user 16, emp_avg: 0.07374414801736555, h: 1.6487444604720123, ucb: 1.7216113297293316,num_of_obs: 9, privacy reward: 0.6703200460356391, g: 0.0001994956749337669, curr_delay = 0.6124474541472114, data_size = 1666
user 20, emp_avg: 0.06721710462802814, h: 1.6487444604720123, ucb: 1.7155143397400812,num_of_obs: 9, privacy reward: 0.6703200460356391, g: 0.0001994956749337669, curr_delay = 0.7018318793582333, data_size = 1666
user 28, emp_avg: 0.055017559396061747, h: 1.7487575826652733, ucb: 1.8033726823209812,num_of_obs: 8, privacy reward: 0.6976763260710308, g: 0.0009655590666794338, curr_delay = 0.8585572101611378, data_size = 1666
num of fast users chosen: 1, num of slow users chosen: 4
max_delay = 0.86 seconds
global epoch 59 has been done artifficialy in 0.86 secs, the total time by now is 33.59 
 with avg train loss 1.519, val loss 1.524, avg val acc 44.96%
iteration: 60
user 1, emp_avg: 0.5032525610089249, h: 1.567356608220752, ucb: 2.0209344253305694,num_of_obs: 10, privacy reward: 0.6440364210831411, g: 0.0, curr_delay = 0.05, data_size = 1666
user 8, emp_avg: 0.41502061698383036, h: 1.567356608220752, ucb: 1.9972505562372427,num_of_obs: 10, privacy reward: 0.6440364210831411, g: 0.0, curr_delay = 0.18776711750801311, data_size = 1666
user 9, emp_avg: 0.3703560400544102, h: 1.567356608220752, ucb: 1.9363912729799058,num_of_obs: 10, privacy reward: 0.6440364210831411, g: 0.0, curr_delay = 0.13035437334110123, data_size = 1666
user 10, emp_avg: 0.3551724076771677, h: 1.567356608220752, ucb: 1.9093194415976689,num_of_obs: 10, privacy reward: 0.6440364210831411, g: 0.0, curr_delay = 0.10261290406577281, data_size = 1666
user 14, emp_avg: 0.3308328152873504, h: 1.567356608220752, ucb: 1.9043898971695192,num_of_obs: 10, privacy reward: 0.6440364210831411, g: 0.0, curr_delay = 0.18599247610881336, data_size = 1666
num of fast users chosen: 5, num of slow users chosen: 0
max_delay = 0.19 seconds
global epoch 60 has been done artifficialy in 0.19 secs, the total time by now is 33.78 
 with avg train loss 1.528, val loss 1.466, avg val acc 49.92%
iteration: 61
user 17, emp_avg: 0.06462823340798672, h: 1.6554704999230705, ucb: 1.7198580434107669,num_of_obs: 9, privacy reward: 0.6703200460356391, g: 0.0003657917525157512, curr_delay = 0.7485652695929458, data_size = 1666
user 18, emp_avg: 0.06444700564477832, h: 1.6554704999230705, ucb: 1.7192857245053648,num_of_obs: 9, privacy reward: 0.6703200460356391, g: 0.0003657917525157512, curr_delay = 0.7129307872150042, data_size = 1666
user 19, emp_avg: 0.06308387886342723, h: 1.6554704999230705, ucb: 1.718032007726809,num_of_obs: 9, privacy reward: 0.6703200460356391, g: 0.0003657917525157512, curr_delay = 0.7376239419114842, data_size = 1666
user 21, emp_avg: 0.06433208257125286, h: 1.6554704999230705, ucb: 1.7202470871323698,num_of_obs: 9, privacy reward: 0.6703200460356391, g: 0.0003657917525157512, curr_delay = 0.8287539040624672, data_size = 1666
user 22, emp_avg: 0.06121334183507069, h: 1.6554704999230705, ucb: 1.7176355381838913,num_of_obs: 9, privacy reward: 0.6703200460356391, g: 0.0003657917525157512, curr_delay = 0.9497023575230474, data_size = 1666
num of fast users chosen: 0, num of slow users chosen: 5
max_delay = 0.95 seconds
global epoch 61 has been done artifficialy in 0.95 secs, the total time by now is 34.73 
 with avg train loss 1.501, val loss 1.516, avg val acc 47.01%
iteration: 62
user 23, emp_avg: 0.0605831272042869, h: 1.6587413672310083, ucb: 1.7192949410875984,num_of_obs: 9, privacy reward: 0.6703200460356391, g: 0.0004624812117007738, curr_delay = 0.8217047413023351, data_size = 1666
user 24, emp_avg: 0.060047473968611334, h: 1.6587413672310083, ucb: 1.719125229593696,num_of_obs: 9, privacy reward: 0.6703200460356391, g: 0.0004624812117007738, curr_delay = 0.8768856352421036, data_size = 1666
user 25, emp_avg: 0.05898544154306671, h: 1.6587413672310083, ucb: 1.7180399523282375,num_of_obs: 9, privacy reward: 0.6703200460356391, g: 0.0004624812117007738, curr_delay = 0.8902000617015511, data_size = 1666
user 26, emp_avg: 0.057349407452517674, h: 1.6587413672310083, ucb: 1.7160642413267544,num_of_obs: 9, privacy reward: 0.6703200460356391, g: 0.0004624812117007738, curr_delay = 0.8682333072804438, data_size = 1666
user 27, emp_avg: 0.05606712816588312, h: 1.6587413672310083, ucb: 1.714744399840759,num_of_obs: 9, privacy reward: 0.6703200460356391, g: 0.0004624812117007738, curr_delay = 0.8827062079208111, data_size = 1666
num of fast users chosen: 0, num of slow users chosen: 5
max_delay = 0.89 seconds
global epoch 62 has been done artifficialy in 0.89 secs, the total time by now is 35.62 
 with avg train loss 1.480, val loss 1.398, avg val acc 50.86%
iteration: 63
user 0, emp_avg: 0.7801884727398072, h: 1.5032936070311866, ucb: 2.2634992136564307,num_of_obs: 11, privacy reward: 0.6187833918061405, g: -6.298815822625346e-05, curr_delay = 0.05, data_size = 1666
user 1, emp_avg: 0.4810532935439913, h: 1.5032936070311866, ucb: 2.0065461680401118,num_of_obs: 11, privacy reward: 0.6187833918061405, g: -6.298815822625346e-05, curr_delay = 0.2110939572800479, data_size = 1666
user 2, emp_avg: 0.7413853475861992, h: 1.5032936070311866, ucb: 2.2465336106962948,num_of_obs: 11, privacy reward: 0.6187833918061405, g: -6.298815822625346e-05, curr_delay = 0.06934965399334514, data_size = 1666
user 3, emp_avg: 0.5559599155550147, h: 1.5032936070311866, ucb: 2.069717809739641,num_of_obs: 11, privacy reward: 0.6187833918061405, g: -6.298815822625346e-05, curr_delay = 0.11341655285386805, data_size = 1666
user 5, emp_avg: 0.5536424317282812, h: 1.5032936070311866, ucb: 2.0163580780074932,num_of_obs: 11, privacy reward: 0.6187833918061405, g: -6.298815822625346e-05, curr_delay = 0.05, data_size = 1666
num of fast users chosen: 5, num of slow users chosen: 0
max_delay = 0.21 seconds
global epoch 63 has been done artifficialy in 0.21 secs, the total time by now is 35.83 
 with avg train loss 1.511, val loss 1.548, avg val acc 46.74%
iteration: 64
user 11, emp_avg: 0.3023200425722702, h: 1.5796613086404954, ucb: 1.8772324451863245,num_of_obs: 10, privacy reward: 0.6440364210831411, g: 0.00010850694444444425, curr_delay = 0.14293510258749392, data_size = 1666
user 12, emp_avg: 0.33891394264596064, h: 1.5796613086404954, ucb: 1.8524666455510521,num_of_obs: 10, privacy reward: 0.6440364210831411, g: 0.00010850694444444425, curr_delay = 0.05, data_size = 1666
user 13, emp_avg: 0.22927406757175037, h: 1.5796613086404954, ucb: 1.8096196684975911,num_of_obs: 10, privacy reward: 0.6440364210831411, g: 0.00010850694444444425, curr_delay = 0.2247886646599061, data_size = 1666
user 28, emp_avg: 0.05542590452935563, h: 1.6651092223153954, ucb: 1.7201267817114572,num_of_obs: 9, privacy reward: 0.6703200460356391, g: 0.0006781684027777773, curr_delay = 0.8460092202021378, data_size = 1666
user 29, emp_avg: 0.055200972064199064, h: 1.6651092223153954, ucb: 1.7199391393132957,num_of_obs: 9, privacy reward: 0.6703200460356391, g: 0.0006781684027777773, curr_delay = 0.8541100199205538, data_size = 1666
num of fast users chosen: 3, num of slow users chosen: 2
max_delay = 0.85 seconds
global epoch 64 has been done artifficialy in 0.85 secs, the total time by now is 36.68 
 with avg train loss 1.504, val loss 1.469, avg val acc 47.08%
iteration: 65
user 0, emp_avg: 0.7670007603170697, h: 1.444712301791543, ucb: 2.22490077453135,num_of_obs: 12, privacy reward: 0.594520547970194, g: -0.0003221564760026305, curr_delay = 0.08213576496233992, data_size = 1666
user 2, emp_avg: 0.732463403222086, h: 1.444712301791543, ucb: 2.1860976493777424,num_of_obs: 12, privacy reward: 0.594520547970194, g: -0.0003221564760026305, curr_delay = 0.07994882368949115, data_size = 1666
user 3, emp_avg: 0.5901168451277059, h: 1.444712301791543, ucb: 2.000672217346558,num_of_obs: 12, privacy reward: 0.594520547970194, g: -0.0003221564760026305, curr_delay = 0.05, data_size = 1666
user 4, emp_avg: 0.4802687367528757, h: 1.5089527861573953, ucb: 2.0067762040187898,num_of_obs: 11, privacy reward: 0.6187833918061405, g: -6.57462195923744e-06, curr_delay = 0.17411456545733406, data_size = 1666
user 7, emp_avg: 0.5087654906391842, h: 1.5089527861573953, ucb: 2.0020035856896845,num_of_obs: 11, privacy reward: 0.6187833918061405, g: -6.57462195923744e-06, curr_delay = 0.07335389177901777, data_size = 1666
num of fast users chosen: 5, num of slow users chosen: 0
max_delay = 0.17 seconds
global epoch 65 has been done artifficialy in 0.17 secs, the total time by now is 36.86 
 with avg train loss 1.485, val loss 1.453, avg val acc 47.51%
iteration: 66
user 6, emp_avg: 0.45164785492061915, h: 1.5117097019347017, ucb: 1.9718462854368362,num_of_obs: 11, privacy reward: 0.6187833918061405, g: 0.0, curr_delay = 0.13955883311085185, data_size = 1666
user 8, emp_avg: 0.41173007171776527, h: 1.5117097019347017, ucb: 1.926730318918532,num_of_obs: 11, privacy reward: 0.6187833918061405, g: 0.0, curr_delay = 0.13314371049009094, data_size = 1666
user 9, emp_avg: 0.366176398383615, h: 1.5117097019347017, ucb: 1.8820657419891118,num_of_obs: 11, privacy reward: 0.6187833918061405, g: 0.0, curr_delay = 0.15615223893653535, data_size = 1666
user 10, emp_avg: 0.34094696630772287, h: 1.5117097019347017, ucb: 1.8668821096118693,num_of_obs: 11, privacy reward: 0.6187833918061405, g: 0.0, curr_delay = 0.27105102726908187, data_size = 1666
user 12, emp_avg: 0.33256871235826785, h: 1.5117097019347017, ucb: 1.8506236445806623,num_of_obs: 11, privacy reward: 0.6187833918061405, g: 0.0, curr_delay = 0.19027961952841466, data_size = 1666
num of fast users chosen: 5, num of slow users chosen: 0
max_delay = 0.27 seconds
global epoch 66 has been done artifficialy in 0.27 secs, the total time by now is 37.13 
 with avg train loss 1.491, val loss 1.415, avg val acc 51.83%
iteration: 67
user 15, emp_avg: 0.07054251889768924, h: 1.5883373607752793, ucb: 1.6580310058815788,num_of_obs: 10, privacy reward: 0.6440364210831411, g: 0.0003032103165763225, curr_delay = 0.6326610763536489, data_size = 1666
user 16, emp_avg: 0.07345348098240104, h: 1.5883373607752793, ucb: 1.6620815087926448,num_of_obs: 10, privacy reward: 0.6440364210831411, g: 0.0003032103165763225, curr_delay = 0.7087492623909528, data_size = 1666
user 17, emp_avg: 0.06502536522715836, h: 1.5883373607752793, ucb: 1.652965594183266,num_of_obs: 10, privacy reward: 0.6440364210831411, g: 0.0003032103165763225, curr_delay = 0.7246725135533392, data_size = 1666
user 18, emp_avg: 0.06471139774712718, h: 1.5883373607752793, ucb: 1.6527843664200577,num_of_obs: 10, privacy reward: 0.6440364210831411, g: 0.0003032103165763225, curr_delay = 0.7423318738981739, data_size = 1666
user 20, emp_avg: 0.06746821607141652, h: 1.5883373607752793, ucb: 1.6555544654033074,num_of_obs: 10, privacy reward: 0.6440364210831411, g: 0.0003032103165763225, curr_delay = 0.7144966897934658, data_size = 1666
num of fast users chosen: 0, num of slow users chosen: 5
max_delay = 0.74 seconds
global epoch 67 has been done artifficialy in 0.74 secs, the total time by now is 37.87 
 with avg train loss 1.464, val loss 1.484, avg val acc 47.02%
iteration: 68
user 19, emp_avg: 0.0636752221538704, h: 1.5911331255132817, ucb: 1.6542170043767088,num_of_obs: 10, privacy reward: 0.6440364210831411, g: 0.0003844675124951936, curr_delay = 0.7185079228519284, data_size = 1666
user 21, emp_avg: 0.06431406859730887, h: 1.5911331255132817, ucb: 1.6554652080845345,num_of_obs: 10, privacy reward: 0.6440364210831411, g: 0.0003844675124951936, curr_delay = 0.7796185403019361, data_size = 1666
user 22, emp_avg: 0.06123152647236847, h: 1.5911331255132817, ucb: 1.6523464673483523,num_of_obs: 10, privacy reward: 0.6440364210831411, g: 0.0003844675124951936, curr_delay = 0.8141549256041031, data_size = 1666
user 23, emp_avg: 0.06082956129689052, h: 1.5911331255132817, ucb: 1.6517162527175686,num_of_obs: 10, privacy reward: 0.6440364210831411, g: 0.0003844675124951936, curr_delay = 0.7899655139589212, data_size = 1666
user 24, emp_avg: 0.05967856332786223, h: 1.5911331255132817, ucb: 1.651180599481893,num_of_obs: 10, privacy reward: 0.6440364210831411, g: 0.0003844675124951936, curr_delay = 0.8930252720813233, data_size = 1666
num of fast users chosen: 0, num of slow users chosen: 5
max_delay = 0.89 seconds
global epoch 68 has been done artifficialy in 0.89 secs, the total time by now is 38.76 
 with avg train loss 1.467, val loss 1.401, avg val acc 51.42%
iteration: 69
user 25, emp_avg: 0.05832923274296313, h: 1.5938832776456235, ucb: 1.6528687191886902,num_of_obs: 10, privacy reward: 0.6440364210831411, g: 0.00047258979206049086, curr_delay = 0.9658635848908224, data_size = 1666
user 26, emp_avg: 0.057332261053935525, h: 1.5938832776456235, ucb: 1.6512326850981411,num_of_obs: 10, privacy reward: 0.6440364210831411, g: 0.00047258979206049086, curr_delay = 0.874725381110745, data_size = 1666
user 27, emp_avg: 0.055745741512552495, h: 1.5938832776456235, ucb: 1.6499504058115066,num_of_obs: 10, privacy reward: 0.6440364210831411, g: 0.00047258979206049086, curr_delay = 0.9518030723204425, data_size = 1666
user 28, emp_avg: 0.055583637954456984, h: 1.5938832776456235, ucb: 1.6493091821749792,num_of_obs: 10, privacy reward: 0.6440364210831411, g: 0.00047258979206049086, curr_delay = 0.8747227010112814, data_size = 1666
user 29, emp_avg: 0.05546262655128829, h: 1.5938832776456235, ucb: 1.6490842497098226,num_of_obs: 10, privacy reward: 0.6440364210831411, g: 0.00047258979206049086, curr_delay = 0.8608938243375985, data_size = 1666
num of fast users chosen: 0, num of slow users chosen: 5
max_delay = 0.97 seconds
global epoch 69 has been done artifficialy in 0.97 secs, the total time by now is 39.73 
 with avg train loss 1.480, val loss 1.401, avg val acc 49.35%
iteration: 70
user 1, emp_avg: 0.49077795551242454, h: 1.4574798870051964, ucb: 1.9385331805491877,num_of_obs: 12, privacy reward: 0.594520547970194, g: -2.267573696145135e-05, curr_delay = 0.08230806306461858, data_size = 1666
user 4, emp_avg: 0.47469887495063257, h: 1.4574798870051964, ucb: 1.937748623758072,num_of_obs: 12, privacy reward: 0.594520547970194, g: -2.267573696145135e-05, curr_delay = 0.12259092487459534, data_size = 1666
user 5, emp_avg: 0.5879776292876442, h: 1.4574798870051964, ucb: 2.0111223187334777,num_of_obs: 12, privacy reward: 0.594520547970194, g: -2.267573696145135e-05, curr_delay = 0.05, data_size = 1666
user 6, emp_avg: 0.4938287891574946, h: 1.4574798870051964, ucb: 1.9091277419258155,num_of_obs: 12, privacy reward: 0.594520547970194, g: -2.267573696145135e-05, curr_delay = 0.05, data_size = 1666
user 7, emp_avg: 0.5187263686262756, h: 1.4574798870051964, ucb: 1.9662453776443805,num_of_obs: 12, privacy reward: 0.594520547970194, g: -2.267573696145135e-05, curr_delay = 0.07833836132397459, data_size = 1666
num of fast users chosen: 5, num of slow users chosen: 0
max_delay = 0.12 seconds
global epoch 70 has been done artifficialy in 0.12 secs, the total time by now is 39.85 
 with avg train loss 1.445, val loss 1.423, avg val acc 50.73%
iteration: 71
user 8, emp_avg: 0.42033637237069105, h: 1.4599109351329134, ucb: 1.8716410068506786,num_of_obs: 12, privacy reward: 0.594520547970194, g: -5.5103705173136126e-06, curr_delay = 0.09549055768423789, data_size = 1666
user 9, emp_avg: 0.3821742351745876, h: 1.4599109351329134, ucb: 1.8260873335165284,num_of_obs: 12, privacy reward: 0.594520547970194, g: -5.5103705173136126e-06, curr_delay = 0.08708551785667734, data_size = 1666
user 10, emp_avg: 0.33457549395721453, h: 1.4599109351329134, ucb: 1.8008579014406363,num_of_obs: 12, privacy reward: 0.594520547970194, g: -5.5103705173136126e-06, curr_delay = 0.1937099844015095, data_size = 1666
user 11, emp_avg: 0.2953424236391053, h: 1.5248272409521704, ucb: 1.8271472835244404,num_of_obs: 11, privacy reward: 0.6187833918061405, g: 0.00013775926293283967, curr_delay = 0.22874018353785094, data_size = 1666
user 14, emp_avg: 0.32328501297102635, h: 1.5248272409521704, ucb: 1.855660056239521,num_of_obs: 11, privacy reward: 0.6187833918061405, g: 0.00013775926293283967, curr_delay = 0.20810858690586737, data_size = 1666
num of fast users chosen: 5, num of slow users chosen: 0
max_delay = 0.23 seconds
global epoch 71 has been done artifficialy in 0.23 secs, the total time by now is 40.08 
 with avg train loss 1.468, val loss 1.410, avg val acc 50.51%
iteration: 72
user 0, emp_avg: 0.7396090400072267, h: 1.4049362622853512, ucb: 2.171937022602421,num_of_obs: 13, privacy reward: 0.5712090638488145, g: -0.00019290123456790141, curr_delay = 0.1303724274109601, data_size = 1666
user 2, emp_avg: 0.7515731601347941, h: 1.4049362622853512, ucb: 2.137399665507437,num_of_obs: 13, privacy reward: 0.5712090638488145, g: -0.00019290123456790141, curr_delay = 0.05, data_size = 1666
user 3, emp_avg: 0.6193942133328697, h: 1.4049362622853512, ucb: 1.995053107413057,num_of_obs: 13, privacy reward: 0.5712090638488145, g: -0.00019290123456790141, curr_delay = 0.05, data_size = 1666
user 5, emp_avg: 0.597475632037907, h: 1.4049362622853512, ucb: 1.9929138915729954,num_of_obs: 13, privacy reward: 0.5712090638488145, g: -0.00019290123456790141, curr_delay = 0.06935296905424515, data_size = 1666
user 7, emp_avg: 0.5102716438536153, h: 1.4049362622853512, ucb: 1.9236626309116267,num_of_obs: 13, privacy reward: 0.5712090638488145, g: -0.00019290123456790141, curr_delay = 0.12488753196827211, data_size = 1666
num of fast users chosen: 5, num of slow users chosen: 0
max_delay = 0.13 seconds
global epoch 72 has been done artifficialy in 0.13 secs, the total time by now is 40.21 
 with avg train loss 1.451, val loss 1.402, avg val acc 52.05%
iteration: 73
user 8, emp_avg: 0.43250435773618073, h: 1.4072000745312643, ucb: 1.8275364469019553,num_of_obs: 13, privacy reward: 0.5712090638488145, g: -0.00013031421363190925, curr_delay = 0.08464703163544265, data_size = 1666
user 11, emp_avg: 0.2917845221007817, h: 1.4646602747989703, ucb: 1.7600026984380757,num_of_obs: 12, privacy reward: 0.594520547970194, g: 5.2125685452763695e-06, curr_delay = 0.20073089842397776, data_size = 1666
user 12, emp_avg: 0.3446669026417649, h: 1.4646602747989703, ucb: 1.7972289871572382,num_of_obs: 12, privacy reward: 0.594520547970194, g: 5.2125685452763695e-06, curr_delay = 0.10207306599015227, data_size = 1666
user 13, emp_avg: 0.2311615792189913, h: 1.5297877644505982, ucb: 1.7590618320223486,num_of_obs: 11, privacy reward: 0.6187833918061405, g: 0.0002554158587185421, curr_delay = 0.19847239186819782, data_size = 1666
user 14, emp_avg: 0.32400294129285206, h: 1.4646602747989703, ucb: 1.7879452877699966,num_of_obs: 12, privacy reward: 0.594520547970194, g: 5.2125685452763695e-06, curr_delay = 0.15032255560615793, data_size = 1666
num of fast users chosen: 5, num of slow users chosen: 0
max_delay = 0.20 seconds
global epoch 73 has been done artifficialy in 0.20 secs, the total time by now is 40.41 
 with avg train loss 1.467, val loss 1.362, avg val acc 52.76%
iteration: 74
user 15, emp_avg: 0.0701000770472837, h: 1.532211430912998, ucb: 1.602753949810687,num_of_obs: 11, privacy reward: 0.6187833918061405, g: 0.0003246489732976213, curr_delay = 0.7664806755651097, data_size = 1666
user 16, emp_avg: 0.0729023945519213, h: 1.532211430912998, ucb: 1.605664911895399,num_of_obs: 11, privacy reward: 0.6187833918061405, g: 0.0003246489732976213, curr_delay = 0.7480500898102856, data_size = 1666
user 17, emp_avg: 0.06581569709268072, h: 1.532211430912998, ucb: 1.5972367961401563,num_of_obs: 11, privacy reward: 0.6187833918061405, g: 0.0003246489732976213, curr_delay = 0.6710567412214186, data_size = 1666
user 18, emp_avg: 0.06465126992516658, h: 1.532211430912998, ucb: 1.5969228286601251,num_of_obs: 11, privacy reward: 0.6187833918061405, g: 0.0003246489732976213, curr_delay = 0.7813737514890176, data_size = 1666
user 20, emp_avg: 0.06656705216968808, h: 1.532211430912998, ucb: 1.5996796469844146,num_of_obs: 11, privacy reward: 0.6187833918061405, g: 0.0003246489732976213, curr_delay = 0.8825463343229102, data_size = 1666
num of fast users chosen: 0, num of slow users chosen: 5
max_delay = 0.88 seconds
global epoch 74 has been done artifficialy in 0.88 secs, the total time by now is 41.29 
 with avg train loss 1.433, val loss 1.370, avg val acc 52.30%
iteration: 75
user 19, emp_avg: 0.06304000833777547, h: 1.53459881287402, ucb: 1.5982740350278903,num_of_obs: 11, privacy reward: 0.6187833918061405, g: 0.0003999999999999996, curr_delay = 0.8920183849668284, data_size = 1666
user 21, emp_avg: 0.06501786166481809, h: 1.53459881287402, ucb: 1.598912881471329,num_of_obs: 11, privacy reward: 0.6187833918061405, g: 0.0003999999999999996, curr_delay = 0.6871946798490318, data_size = 1666
user 22, emp_avg: 0.061055478450249896, h: 1.53459881287402, ucb: 1.5958303393463884,num_of_obs: 11, privacy reward: 0.6187833918061405, g: 0.0003999999999999996, curr_delay = 0.8457525011011744, data_size = 1666
user 23, emp_avg: 0.06104830105968939, h: 1.53459881287402, ucb: 1.5954283741709105,num_of_obs: 11, privacy reward: 0.6187833918061405, g: 0.0003999999999999996, curr_delay = 0.7879669448028056, data_size = 1666
user 24, emp_avg: 0.05978385447361579, h: 1.53459881287402, ucb: 1.5942773762018823,num_of_obs: 11, privacy reward: 0.6187833918061405, g: 0.0003999999999999996, curr_delay = 0.8204514648546101, data_size = 1666
num of fast users chosen: 0, num of slow users chosen: 5
max_delay = 0.89 seconds
global epoch 75 has been done artifficialy in 0.89 secs, the total time by now is 42.18 
 with avg train loss 1.415, val loss 1.369, avg val acc 50.89%
iteration: 76
user 25, emp_avg: 0.058559783854951454, h: 1.5369509379322184, ucb: 1.5952801706751816,num_of_obs: 11, privacy reward: 0.6187833918061405, g: 0.0004809172052939359, curr_delay = 0.8183862439509424, data_size = 1666
user 26, emp_avg: 0.0571681208701901, h: 1.5369509379322184, ucb: 1.594283198986154,num_of_obs: 11, privacy reward: 0.6187833918061405, g: 0.0004809172052939359, curr_delay = 0.9031371196848029, data_size = 1666
user 27, emp_avg: 0.055713019247560586, h: 1.5369509379322184, ucb: 1.5926966794447708,num_of_obs: 11, privacy reward: 0.6187833918061405, g: 0.0004809172052939359, curr_delay = 0.9032921947482123, data_size = 1666
user 28, emp_avg: 0.05562648270967251, h: 1.5369509379322184, ucb: 1.5925345758866754,num_of_obs: 11, privacy reward: 0.6187833918061405, g: 0.0004809172052939359, curr_delay = 0.8913009470484218, data_size = 1666
user 29, emp_avg: 0.05534443617095336, h: 1.5369509379322184, ucb: 1.5924135644835067,num_of_obs: 11, privacy reward: 0.6187833918061405, g: 0.0004809172052939359, curr_delay = 0.9251662276095092, data_size = 1666
num of fast users chosen: 0, num of slow users chosen: 5
max_delay = 0.93 seconds
global epoch 76 has been done artifficialy in 0.93 secs, the total time by now is 43.11 
 with avg train loss 1.434, val loss 1.297, avg val acc 54.24%
iteration: 77
user 0, emp_avg: 0.7569684373400782, h: 1.3644159538352483, ucb: 2.104024993842475,num_of_obs: 14, privacy reward: 0.5488116360940261, g: -0.00022956841138659364, curr_delay = 0.05, data_size = 1666
user 1, emp_avg: 0.5271509586901085, h: 1.4159213507906354, ucb: 1.90669930630306,num_of_obs: 13, privacy reward: 0.5712090638488145, g: -4.685069620134598e-06, curr_delay = 0.05, data_size = 1666
user 3, emp_avg: 0.6412815795626112, h: 1.3644159538352483, ucb: 1.983810167168118,num_of_obs: 14, privacy reward: 0.5488116360940261, g: -0.00022956841138659364, curr_delay = 0.05275904998924958, data_size = 1666
user 4, emp_avg: 0.46588160349461616, h: 1.4159213507906354, ucb: 1.890620225741268,num_of_obs: 13, privacy reward: 0.5712090638488145, g: -4.685069620134598e-06, curr_delay = 0.14234588744360743, data_size = 1666
user 6, emp_avg: 0.4922927036602038, h: 1.4159213507906354, ucb: 1.90975013994813,num_of_obs: 13, privacy reward: 0.5712090638488145, g: -4.685069620134598e-06, curr_delay = 0.10585962849662744, data_size = 1666
num of fast users chosen: 5, num of slow users chosen: 0
max_delay = 0.14 seconds
global epoch 77 has been done artifficialy in 0.14 secs, the total time by now is 43.25 
 with avg train loss 1.451, val loss 1.326, avg val acc 54.71%
iteration: 78
user 9, emp_avg: 0.3689704649007814, h: 1.418022809845226, ucb: 1.8001970450198137,num_of_obs: 13, privacy reward: 0.5712090638488145, g: 0.0, curr_delay = 0.2533936359180555, data_size = 1666
user 11, emp_avg: 0.29041207441468153, h: 1.418022809845226, ucb: 1.7098073319460079,num_of_obs: 13, privacy reward: 0.5712090638488145, g: 0.0, curr_delay = 0.18343894528244495, data_size = 1666
user 12, emp_avg: 0.3408540394959195, h: 1.418022809845226, ucb: 1.7626897124869911,num_of_obs: 13, privacy reward: 0.5712090638488145, g: 0.0, curr_delay = 0.17165212020346513, data_size = 1666
user 13, emp_avg: 0.2310915694492239, h: 1.475924934861118, ucb: 1.7070865140801095,num_of_obs: 12, privacy reward: 0.594520547970194, g: 0.00016436554898093314, curr_delay = 0.21715389640174843, data_size = 1666
user 14, emp_avg: 0.32012108180846827, h: 1.418022809845226, ucb: 1.7420257511380781,num_of_obs: 13, privacy reward: 0.5712090638488145, g: 0.0, curr_delay = 0.1854208011061268, data_size = 1666
num of fast users chosen: 5, num of slow users chosen: 0
max_delay = 0.25 seconds
global epoch 78 has been done artifficialy in 0.25 secs, the total time by now is 43.51 
 with avg train loss 1.432, val loss 1.351, avg val acc 53.26%
iteration: 79
user 1, emp_avg: 0.558674228110768, h: 1.3684372503699802, ucb: 1.8955882090600888,num_of_obs: 14, privacy reward: 0.5488116360940261, g: -0.00011127134184336577, curr_delay = 0.05, data_size = 1666
user 2, emp_avg: 0.7681349494591412, h: 1.3684372503699802, ucb: 2.1200104105047743,num_of_obs: 14, privacy reward: 0.5488116360940261, g: -0.00011127134184336577, curr_delay = 0.05, data_size = 1666
user 5, emp_avg: 0.5761790951007119, h: 1.3684372503699802, ucb: 1.965912882407887,num_of_obs: 14, privacy reward: 0.5488116360940261, g: -0.00011127134184336577, curr_delay = 0.17983827490523419, data_size = 1666
user 6, emp_avg: 0.48040812502142577, h: 1.3684372503699802, ucb: 1.860729954030184,num_of_obs: 14, privacy reward: 0.5488116360940261, g: -0.00011127134184336577, curr_delay = 0.1592234866320153, data_size = 1666
user 7, emp_avg: 0.49942650368984876, h: 1.3684372503699802, ucb: 1.8787088942235957,num_of_obs: 14, privacy reward: 0.5488116360940261, g: -0.00011127134184336577, curr_delay = 0.14384575718315573, data_size = 1666
num of fast users chosen: 5, num of slow users chosen: 0
max_delay = 0.18 seconds
global epoch 79 has been done artifficialy in 0.18 secs, the total time by now is 43.69 
 with avg train loss 1.417, val loss 1.342, avg val acc 52.87%
iteration: 80
user 15, emp_avg: 0.06992011564553598, h: 1.4802071873007983, ucb: 1.550307264348082,num_of_obs: 12, privacy reward: 0.594520547970194, g: 0.00027777777777777767, curr_delay = 0.7378921618933234, data_size = 1666
user 16, emp_avg: 0.07279148512502154, h: 1.4802071873007983, ucb: 1.5531095818527196,num_of_obs: 12, privacy reward: 0.594520547970194, g: 0.00027777777777777767, curr_delay = 0.699686534813122, data_size = 1666
user 17, emp_avg: 0.06610670044252019, h: 1.4802071873007983, ucb: 1.546022884393479,num_of_obs: 12, privacy reward: 0.594520547970194, g: 0.00027777777777777767, curr_delay = 0.7184038035716585, data_size = 1666
user 20, emp_avg: 0.06587812792805171, h: 1.4802071873007983, ucb: 1.5467742394704864,num_of_obs: 12, privacy reward: 0.594520547970194, g: 0.00027777777777777767, curr_delay = 0.8678892548894536, data_size = 1666
user 21, emp_avg: 0.06525787967135616, h: 1.4802071873007983, ucb: 1.5452250489656163,num_of_obs: 12, privacy reward: 0.594520547970194, g: 0.00027777777777777767, curr_delay = 0.7338038941327054, data_size = 1666
num of fast users chosen: 0, num of slow users chosen: 5
max_delay = 0.87 seconds
global epoch 80 has been done artifficialy in 0.87 secs, the total time by now is 44.55 
 with avg train loss 1.426, val loss 1.318, avg val acc 54.25%
iteration: 81
user 18, emp_avg: 0.06498096932562993, h: 1.4823038073675112, ucb: 1.546955077292678,num_of_obs: 12, privacy reward: 0.594520547970194, g: 0.0003429355281207133, curr_delay = 0.725296101479027, data_size = 1666
user 19, emp_avg: 0.06325882592748168, h: 1.4823038073675112, ucb: 1.5453438157052868,num_of_obs: 12, privacy reward: 0.594520547970194, g: 0.0003429355281207133, curr_delay = 0.7589022611902317, data_size = 1666
user 22, emp_avg: 0.06060908734631721, h: 1.4823038073675112, ucb: 1.5433592858177612,num_of_obs: 12, privacy reward: 0.594520547970194, g: 0.0003429355281207133, curr_delay = 0.904938162684825, data_size = 1666
user 23, emp_avg: 0.06060742664474567, h: 1.4823038073675112, ucb: 1.5433521084272006,num_of_obs: 12, privacy reward: 0.594520547970194, g: 0.0003429355281207133, curr_delay = 0.9038823500669806, data_size = 1666
user 24, emp_avg: 0.05951407260649312, h: 1.4823038073675112, ucb: 1.542087661841127,num_of_obs: 12, privacy reward: 0.594520547970194, g: 0.0003429355281207133, curr_delay = 0.8884673178433073, data_size = 1666
num of fast users chosen: 0, num of slow users chosen: 5
max_delay = 0.90 seconds
global epoch 81 has been done artifficialy in 0.90 secs, the total time by now is 45.46 
 with avg train loss 1.403, val loss 1.273, avg val acc 54.50%
iteration: 82
user 25, emp_avg: 0.05910081775151006, h: 1.4843717942726231, ucb: 1.5429315781275745,num_of_obs: 12, privacy reward: 0.594520547970194, g: 0.0004131138872364333, curr_delay = 0.7622738533339624, data_size = 1666
user 26, emp_avg: 0.05715582528502276, h: 1.4843717942726231, ucb: 1.5415399151428133,num_of_obs: 12, privacy reward: 0.594520547970194, g: 0.0004131138872364333, curr_delay = 0.8770656038640373, data_size = 1666
user 27, emp_avg: 0.05539206406444548, h: 1.4843717942726231, ucb: 1.5400848135201837,num_of_obs: 12, privacy reward: 0.594520547970194, g: 0.0004131138872364333, curr_delay = 0.9701089663050925, data_size = 1666
user 28, emp_avg: 0.05568984974322481, h: 1.4843717942726231, ucb: 1.5399982769822955,num_of_obs: 12, privacy reward: 0.594520547970194, g: 0.0004131138872364333, curr_delay = 0.8857356048533177, data_size = 1666
user 29, emp_avg: 0.055186080740669545, h: 1.4843717942726231, ucb: 1.5397162304435765,num_of_obs: 12, privacy reward: 0.594520547970194, g: 0.0004131138872364333, curr_delay = 0.938336017912696, data_size = 1666
num of fast users chosen: 0, num of slow users chosen: 5
max_delay = 0.97 seconds
global epoch 82 has been done artifficialy in 0.97 secs, the total time by now is 46.43 
 with avg train loss 1.403, val loss 1.262, avg val acc 56.04%
iteration: 83
user 0, emp_avg: 0.7351192795190276, h: 1.3294872105885935, ucb: 2.0864556479286716,num_of_obs: 15, privacy reward: 0.5272924240430481, g: -0.0001975774584280901, curr_delay = 0.12273495337478804, data_size = 1666
user 1, emp_avg: 0.586257088853845, h: 1.3294872105885935, ucb: 1.8881614386993615,num_of_obs: 15, privacy reward: 0.5272924240430481, g: -0.0001975774584280901, curr_delay = 0.05, data_size = 1666
user 2, emp_avg: 0.776958512708063, h: 1.3294872105885935, ucb: 2.0976221600477345,num_of_obs: 15, privacy reward: 0.5272924240430481, g: -0.0001975774584280901, curr_delay = 0.054986629583883784, data_size = 1666
user 3, emp_avg: 0.6524104789916225, h: 1.3294872105885935, ucb: 1.9707687901512048,num_of_obs: 15, privacy reward: 0.5272924240430481, g: -0.0001975774584280901, curr_delay = 0.06102443150213857, data_size = 1666
user 5, emp_avg: 0.6026679016569174, h: 1.3294872105885935, ucb: 1.9056663056893055,num_of_obs: 15, privacy reward: 0.5272924240430481, g: -0.0001975774584280901, curr_delay = 0.05, data_size = 1666
num of fast users chosen: 5, num of slow users chosen: 0
max_delay = 0.12 seconds
global epoch 83 has been done artifficialy in 0.12 secs, the total time by now is 46.55 
 with avg train loss 1.417, val loss 1.393, avg val acc 50.83%
iteration: 84
user 4, emp_avg: 0.4545837562960881, h: 1.3780136012458524, ucb: 1.8438952047404684,num_of_obs: 14, privacy reward: 0.5488116360940261, g: 0.0, curr_delay = 0.16868305014123025, data_size = 1666
user 6, emp_avg: 0.5128826172075867, h: 1.3312876171351273, ucb: 1.8116957421565532,num_of_obs: 15, privacy reward: 0.5272924240430481, g: -0.0001417233560090706, curr_delay = 0.05, data_size = 1666
user 8, emp_avg: 0.43232566936142985, h: 1.3780136012458524, ucb: 1.810517958982033,num_of_obs: 14, privacy reward: 0.5488116360940261, g: 0.0, curr_delay = 0.1163266738576217, data_size = 1666
user 9, emp_avg: 0.3724413988333141, h: 1.3780136012458524, ucb: 1.7469840661466338,num_of_obs: 14, privacy reward: 0.5488116360940261, g: 0.0, curr_delay = 0.11875512125690879, data_size = 1666
user 10, emp_avg: 0.3373233055489754, h: 1.4300322963824676, ucb: 1.7646077903396822,num_of_obs: 13, privacy reward: 0.5712090638488145, g: 0.00014172335600906995, curr_delay = 0.13403213893286386, data_size = 1666
num of fast users chosen: 5, num of slow users chosen: 0
max_delay = 0.17 seconds
global epoch 84 has been done artifficialy in 0.17 secs, the total time by now is 46.72 
 with avg train loss 1.421, val loss 1.304, avg val acc 54.34%
iteration: 85
user 10, emp_avg: 0.33820887548089645, h: 1.3798526717148853, ucb: 1.7171759772638606,num_of_obs: 14, privacy reward: 0.5488116360940261, g: 3.844675124951914e-06, curr_delay = 0.14260987586036092, data_size = 1666
user 11, emp_avg: 0.28761010845131824, h: 1.3798526717148853, ucb: 1.670264746129567,num_of_obs: 14, privacy reward: 0.5488116360940261, g: 3.844675124951914e-06, curr_delay = 0.2013023578412315, data_size = 1666
user 12, emp_avg: 0.32929404182700905, h: 1.3798526717148853, ucb: 1.7207067112108048,num_of_obs: 14, privacy reward: 0.5488116360940261, g: 3.844675124951914e-06, curr_delay = 0.2985893306004216, data_size = 1666
user 13, emp_avg: 0.22821540270306556, h: 1.431940790002315, ucb: 1.6630323594515388,num_of_obs: 13, privacy reward: 0.5712090638488145, g: 0.00018838908112264456, curr_delay = 0.2620198528732956, data_size = 1666
user 14, emp_avg: 0.3191499530069782, h: 1.3798526717148853, ucb: 1.6999737535233537,num_of_obs: 14, privacy reward: 0.5488116360940261, g: 3.844675124951914e-06, curr_delay = 0.1636371164816422, data_size = 1666
num of fast users chosen: 5, num of slow users chosen: 0
max_delay = 0.30 seconds
global epoch 85 has been done artifficialy in 0.30 secs, the total time by now is 47.02 
 with avg train loss 1.414, val loss 1.278, avg val acc 54.42%
iteration: 86
user 15, emp_avg: 0.06980580571663926, h: 1.4338244656410524, ucb: 1.5037445812865884,num_of_obs: 13, privacy reward: 0.5712090638488145, g: 0.00024037017006189532, curr_delay = 0.7318525097461653, data_size = 1666
user 16, emp_avg: 0.07251168668127948, h: 1.4338244656410524, ucb: 1.506615950766074,num_of_obs: 13, privacy reward: 0.5712090638488145, g: 0.00024037017006189532, curr_delay = 0.7259601183852941, data_size = 1666
user 17, emp_avg: 0.06597370299451129, h: 1.4338244656410524, ucb: 1.4999311660835726,num_of_obs: 13, privacy reward: 0.5712090638488145, g: 0.00024037017006189532, curr_delay = 0.7782738786160713, data_size = 1666
user 20, emp_avg: 0.06594113095566721, h: 1.4338244656410524, ucb: 1.4997025935691042,num_of_obs: 13, privacy reward: 0.5712090638488145, g: 0.00024037017006189532, curr_delay = 0.7489495572633957, data_size = 1666
user 21, emp_avg: 0.06603142179156753, h: 1.4338244656410524, ucb: 1.4990823453124085,num_of_obs: 13, privacy reward: 0.5712090638488145, g: 0.00024037017006189532, curr_delay = 0.6571384279738064, data_size = 1666
num of fast users chosen: 0, num of slow users chosen: 5
max_delay = 0.78 seconds
global epoch 86 has been done artifficialy in 0.78 secs, the total time by now is 47.80 
 with avg train loss 1.396, val loss 1.284, avg val acc 55.44%
iteration: 87
user 18, emp_avg: 0.06557811191680755, h: 1.435683935431459, ucb: 1.500664904757089,num_of_obs: 13, privacy reward: 0.5712090638488145, g: 0.00029726516052318595, curr_delay = 0.681747228026091, data_size = 1666
user 19, emp_avg: 0.06325630470872405, h: 1.435683935431459, ucb: 1.4989427613589408,num_of_obs: 13, privacy reward: 0.5712090638488145, g: 0.00029726516052318595, curr_delay = 0.7908448151773211, data_size = 1666
user 22, emp_avg: 0.060820949336987215, h: 1.435683935431459, ucb: 1.4962930227777762,num_of_obs: 13, privacy reward: 0.5712090638488145, g: 0.00029726516052318595, curr_delay = 0.7864707499393511, data_size = 1666
user 23, emp_avg: 0.061085178078417283, h: 1.435683935431459, ucb: 1.4962913620762046,num_of_obs: 13, privacy reward: 0.5712090638488145, g: 0.00029726516052318595, curr_delay = 0.7429867984605091, data_size = 1666
user 24, emp_avg: 0.05955625752593858, h: 1.435683935431459, ucb: 1.495198008037952,num_of_obs: 13, privacy reward: 0.5712090638488145, g: 0.00029726516052318595, curr_delay = 0.8318822329228921, data_size = 1666
num of fast users chosen: 0, num of slow users chosen: 5
max_delay = 0.83 seconds
global epoch 87 has been done artifficialy in 0.83 secs, the total time by now is 48.63 
 with avg train loss 1.385, val loss 1.293, avg val acc 54.45%
iteration: 88
user 25, emp_avg: 0.05873374284331782, h: 1.4375197894790137, ucb: 1.4966206072305237,num_of_obs: 13, privacy reward: 0.5712090638488145, g: 0.00035870064279155126, curr_delay = 0.9265819281403569, data_size = 1666
user 26, emp_avg: 0.0574052395317853, h: 1.4375197894790137, ucb: 1.4946756147640365,num_of_obs: 13, privacy reward: 0.5712090638488145, g: 0.00035870064279155126, curr_delay = 0.8244345959895668, data_size = 1666
user 27, emp_avg: 0.05529225675792299, h: 1.4375197894790137, ucb: 1.4929118535434591,num_of_obs: 13, privacy reward: 0.5712090638488145, g: 0.00035870064279155126, curr_delay = 0.9260157533444562, data_size = 1666
user 28, emp_avg: 0.05559454801642527, h: 1.4375197894790137, ucb: 1.4932096392222385,num_of_obs: 13, privacy reward: 0.5712090638488145, g: 0.00035870064279155126, curr_delay = 0.919867989329277, data_size = 1666
user 29, emp_avg: 0.055186302436486326, h: 1.4375197894790137, ucb: 1.4927058702196832,num_of_obs: 13, privacy reward: 0.5712090638488145, g: 0.00035870064279155126, curr_delay = 0.9059746120403863, data_size = 1666
num of fast users chosen: 0, num of slow users chosen: 5
max_delay = 0.93 seconds
global epoch 88 has been done artifficialy in 0.93 secs, the total time by now is 49.55 
 with avg train loss 1.393, val loss 1.234, avg val acc 55.75%
iteration: 89
user 0, emp_avg: 0.7507004983708495, h: 1.2973968701401866, ucb: 2.032516149659214,num_of_obs: 16, privacy reward: 0.5066169923655892, g: -0.0001718357670888918, curr_delay = 0.05, data_size = 1666
user 1, emp_avg: 0.5877579235881508, h: 1.2973968701401866, ucb: 1.8836539589940315,num_of_obs: 16, privacy reward: 0.5066169923655892, g: -0.0001718357670888918, curr_delay = 0.0817298910373551, data_size = 1666
user 2, emp_avg: 0.7520548785576996, h: 1.2973968701401866, ucb: 2.0743553828482497,num_of_obs: 16, privacy reward: 0.5066169923655892, g: -0.0001718357670888918, curr_delay = 0.14140402173887479, data_size = 1666
user 3, emp_avg: 0.6357912405735784, h: 1.2973968701401866, ucb: 1.949807349131809,num_of_obs: 16, privacy reward: 0.5066169923655892, g: -0.0001718357670888918, curr_delay = 0.1351777249288342, data_size = 1666
user 5, emp_avg: 0.5965908724432365, h: 1.2973968701401866, ucb: 1.900064771797104,num_of_obs: 16, privacy reward: 0.5066169923655892, g: -0.0001718357670888918, curr_delay = 0.10012848386433514, data_size = 1666
num of fast users chosen: 5, num of slow users chosen: 0
max_delay = 0.14 seconds
global epoch 89 has been done artifficialy in 0.14 secs, the total time by now is 49.70 
 with avg train loss 1.394, val loss 1.318, avg val acc 53.91%
iteration: 90
user 4, emp_avg: 0.4886722715275826, h: 1.341612413527881, ucb: 1.7961961698239692,num_of_obs: 15, privacy reward: 0.5272924240430481, g: 0.0, curr_delay = 0.05, data_size = 1666
user 5, emp_avg: 0.5812993197353511, h: 1.2602254238588007, ucb: 1.8568162963020372,num_of_obs: 17, privacy reward: 0.4867522559599712, g: -0.0004938271604938274, curr_delay = 0.15559701587353802, data_size = 1666
user 6, emp_avg: 0.5000791795359147, h: 1.2990106336646554, ucb: 1.811893250872242,num_of_obs: 16, privacy reward: 0.5066169923655892, g: -0.00012345679012345715, curr_delay = 0.16936282300384875, data_size = 1666
user 7, emp_avg: 0.5062177951693, h: 1.341612413527881, ucb: 1.84103891721773,num_of_obs: 15, privacy reward: 0.5272924240430481, g: 0.0, curr_delay = 0.08222505371554917, data_size = 1666
user 8, emp_avg: 0.4402996402622174, h: 1.341612413527881, ucb: 1.773938082889311,num_of_obs: 15, privacy reward: 0.5272924240430481, g: 0.0, curr_delay = 0.089300193072338, data_size = 1666
num of fast users chosen: 5, num of slow users chosen: 0
max_delay = 0.17 seconds
global epoch 90 has been done artifficialy in 0.17 secs, the total time by now is 49.87 
 with avg train loss 1.395, val loss 1.251, avg val acc 56.40%
iteration: 91
user 9, emp_avg: 0.39008633779887986, h: 1.3432586506725874, ucb: 1.7157000495059016,num_of_obs: 15, privacy reward: 0.5272924240430481, g: 3.354398958794539e-06, curr_delay = 0.07636380926279852, data_size = 1666
user 10, emp_avg: 0.34061950887383885, h: 1.3432586506725874, ucb: 1.681467526153484,num_of_obs: 15, privacy reward: 0.5272924240430481, g: 3.354398958794539e-06, curr_delay = 0.13270378312950756, data_size = 1666
user 12, emp_avg: 0.324276473139018, h: 1.3432586506725874, ucb: 1.6725526924995964,num_of_obs: 15, privacy reward: 0.5272924240430481, g: 3.354398958794539e-06, curr_delay = 0.20079277580488264, data_size = 1666
user 13, emp_avg: 0.22572272043477157, h: 1.3904047981767524, ucb: 1.618620200879818,num_of_obs: 14, privacy reward: 0.5488116360940261, g: 0.00016436554898093314, curr_delay = 0.2620199439425026, data_size = 1666
user 14, emp_avg: 0.3177843656288926, h: 1.3432586506725874, ucb: 1.6624086036795656,num_of_obs: 15, privacy reward: 0.5272924240430481, g: 3.354398958794539e-06, curr_delay = 0.16817997533549603, data_size = 1666
num of fast users chosen: 5, num of slow users chosen: 0
max_delay = 0.26 seconds
global epoch 91 has been done artifficialy in 0.26 secs, the total time by now is 50.13 
 with avg train loss 1.385, val loss 1.281, avg val acc 54.79%
iteration: 92
user 0, emp_avg: 0.7645504706835801, h: 1.2632994024121738, ucb: 2.0139999007830234,num_of_obs: 17, privacy reward: 0.4867522559599712, g: -0.00032818735559756346, curr_delay = 0.05, data_size = 1666
user 2, emp_avg: 0.7454437228400552, h: 1.2632994024121738, ucb: 2.0153542809698735,num_of_obs: 17, privacy reward: 0.4867522559599712, g: -0.00032818735559756346, curr_delay = 0.07898219429271237, data_size = 1666
user 3, emp_avg: 0.6381735728910923, h: 1.2632994024121738, ucb: 1.8990906429857521,num_of_obs: 17, privacy reward: 0.4867522559599712, g: -0.00032818735559756346, curr_delay = 0.07367315868360728, data_size = 1666
user 4, emp_avg: 0.49101357766202475, h: 1.3021792182312657, ucb: 1.7908514897588483,num_of_obs: 16, privacy reward: 0.5066169923655892, g: -5.250997689561023e-05, curr_delay = 0.09461194870967264, data_size = 1666
user 7, emp_avg: 0.4959595515654517, h: 1.3021792182312657, ucb: 1.8083970134005658,num_of_obs: 16, privacy reward: 0.5066169923655892, g: -5.250997689561023e-05, curr_delay = 0.15068063017581906, data_size = 1666
num of fast users chosen: 5, num of slow users chosen: 0
max_delay = 0.15 seconds
global epoch 92 has been done artifficialy in 0.15 secs, the total time by now is 50.28 
 with avg train loss 1.380, val loss 1.289, avg val acc 53.97%
iteration: 93
user 15, emp_avg: 0.06977928648408456, h: 1.3937512833797945, ucb: 1.4635570890964338,num_of_obs: 14, privacy reward: 0.5488116360940261, g: 0.0002601456815816853, curr_delay = 0.7203778755921549, data_size = 1666
user 16, emp_avg: 0.07235068073703148, h: 1.3937512833797945, ucb: 1.4662629700610739,num_of_obs: 14, privacy reward: 0.5488116360940261, g: 0.0002601456815816853, curr_delay = 0.7133013836723657, data_size = 1666
user 17, emp_avg: 0.06624281897180817, h: 1.3937512833797945, ucb: 1.4597249863743058,num_of_obs: 14, privacy reward: 0.5488116360940261, g: 0.0002601456815816853, curr_delay = 0.714179172486187, data_size = 1666
user 20, emp_avg: 0.06555305399801221, h: 1.3937512833797945, ucb: 1.4596924143354617,num_of_obs: 14, privacy reward: 0.5488116360940261, g: 0.0002601456815816853, curr_delay = 0.8316703171773405, data_size = 1666
user 21, emp_avg: 0.06604284691871266, h: 1.3937512833797945, ucb: 1.459782705171362,num_of_obs: 14, privacy reward: 0.5488116360940261, g: 0.0002601456815816853, curr_delay = 0.7552550795854539, data_size = 1666
num of fast users chosen: 0, num of slow users chosen: 5
max_delay = 0.83 seconds
global epoch 93 has been done artifficialy in 0.83 secs, the total time by now is 51.11 
 with avg train loss 1.364, val loss 1.236, avg val acc 56.98%
iteration: 94
user 18, emp_avg: 0.06574541549637723, h: 1.3953946879856514, ucb: 1.4609727999024589,num_of_obs: 14, privacy reward: 0.5488116360940261, g: 0.0003143705045017855, curr_delay = 0.7343473968712093, data_size = 1666
user 19, emp_avg: 0.06343420833354746, h: 1.3953946879856514, ucb: 1.4586509926943754,num_of_obs: 14, privacy reward: 0.5488116360940261, g: 0.0003143705045017855, curr_delay = 0.7584392397185001, data_size = 1666
user 22, emp_avg: 0.06073645459503534, h: 1.3953946879856514, ucb: 1.4562156373226385,num_of_obs: 14, privacy reward: 0.5488116360940261, g: 0.0003143705045017855, curr_delay = 0.8395808192188264, data_size = 1666
user 23, emp_avg: 0.06078492072166583, h: 1.3953946879856514, ucb: 1.4564798660640685,num_of_obs: 14, privacy reward: 0.5488116360940261, g: 0.0003143705045017855, curr_delay = 0.8836839085494107, data_size = 1666
user 24, emp_avg: 0.05949001255422628, h: 1.3953946879856514, ucb: 1.4549509455115899,num_of_obs: 14, privacy reward: 0.5488116360940261, g: 0.0003143705045017855, curr_delay = 0.8537874779613545, data_size = 1666
num of fast users chosen: 0, num of slow users chosen: 5
max_delay = 0.88 seconds
global epoch 94 has been done artifficialy in 0.88 secs, the total time by now is 51.99 
 with avg train loss 1.347, val loss 1.214, avg val acc 56.92%
iteration: 95
user 25, emp_avg: 0.05863261175159853, h: 1.3970187990759682, ucb: 1.455752541919286,num_of_obs: 14, privacy reward: 0.5488116360940261, g: 0.00037242228377962466, curr_delay = 0.8738695726484323, data_size = 1666
user 26, emp_avg: 0.057084048146934865, h: 1.3970187990759682, ucb: 1.4544240386077534,num_of_obs: 14, privacy reward: 0.5488116360940261, g: 0.00037242228377962466, curr_delay = 0.9507986647728135, data_size = 1666
user 27, emp_avg: 0.05518606755288962, h: 1.3970187990759682, ucb: 1.4523110558338912,num_of_obs: 14, privacy reward: 0.5488116360940261, g: 0.00037242228377962466, curr_delay = 0.9311087759757568, data_size = 1666
user 28, emp_avg: 0.05537463480424219, h: 1.3970187990759682, ucb: 1.4526133470923934,num_of_obs: 14, privacy reward: 0.5488116360940261, g: 0.00037242228377962466, curr_delay = 0.956098813940672, data_size = 1666
user 29, emp_avg: 0.05551064336008724, h: 1.3970187990759682, ucb: 1.4522051015124544,num_of_obs: 14, privacy reward: 0.5488116360940261, g: 0.00037242228377962466, curr_delay = 0.8326198296160721, data_size = 1666
num of fast users chosen: 0, num of slow users chosen: 5
max_delay = 0.96 seconds
global epoch 95 has been done artifficialy in 0.96 secs, the total time by now is 52.95 
 with avg train loss 1.372, val loss 1.221, avg val acc 57.18%
iteration: 96
user 1, emp_avg: 0.5845910233619901, h: 1.2692306411830987, ucb: 1.8569885647712496,num_of_obs: 17, privacy reward: 0.4867522559599712, g: -0.00010850694444444483, curr_delay = 0.0942056516259126, data_size = 1666
user 4, emp_avg: 0.5164605459390255, h: 1.2692306411830987, ucb: 1.7602442188451235,num_of_obs: 17, privacy reward: 0.4867522559599712, g: -0.00010850694444444483, curr_delay = 0.05268376323258755, data_size = 1666
user 6, emp_avg: 0.4950872486045211, h: 1.2692306411830987, ucb: 1.7693098207190134,num_of_obs: 17, privacy reward: 0.4867522559599712, g: -0.00010850694444444483, curr_delay = 0.12188450327330277, data_size = 1666
user 7, emp_avg: 0.48832209110460023, h: 1.2692306411830987, ucb: 1.7651901927485505,num_of_obs: 17, privacy reward: 0.4867522559599712, g: -0.00010850694444444483, curr_delay = 0.13947574732611528, data_size = 1666
user 8, emp_avg: 0.4335369627524877, h: 1.3082929992170862, ucb: 1.7485926394793037,num_of_obs: 16, privacy reward: 0.5066169923655892, g: 0.0, curr_delay = 0.1536881517404342, data_size = 1666
num of fast users chosen: 5, num of slow users chosen: 0
max_delay = 0.15 seconds
global epoch 96 has been done artifficialy in 0.15 secs, the total time by now is 53.10 
 with avg train loss 1.363, val loss 1.214, avg val acc 57.82%
iteration: 97
user 9, emp_avg: 0.3964733477742807, h: 1.3097773157826367, ucb: 1.6998636535815166,num_of_obs: 16, privacy reward: 0.5066169923655892, g: 2.9522561141223915e-06, curr_delay = 0.10026761277841637, data_size = 1666
user 10, emp_avg: 0.3351843809808931, h: 1.3097773157826367, ucb: 1.6503968246564755,num_of_obs: 16, privacy reward: 0.5066169923655892, g: 2.9522561141223915e-06, curr_delay = 0.20143231696570085, data_size = 1666
user 11, emp_avg: 0.2986501118902265, h: 1.3527321950043745, ucb: 1.6403423034556928,num_of_obs: 15, privacy reward: 0.5272924240430481, g: 0.00014466054959199785, curr_delay = 0.10770055442924212, data_size = 1666
user 12, emp_avg: 0.32804553759770216, h: 1.3097773157826367, ucb: 1.6340537889216546,num_of_obs: 16, privacy reward: 0.5066169923655892, g: 2.9522561141223915e-06, curr_delay = 0.1287496504431707, data_size = 1666
user 14, emp_avg: 0.31405718297563456, h: 1.3097773157826367, ucb: 1.6275616814115292,num_of_obs: 16, privacy reward: 0.5066169923655892, g: 2.9522561141223915e-06, curr_delay = 0.19652368427636271, data_size = 1666
num of fast users chosen: 5, num of slow users chosen: 0
max_delay = 0.20 seconds
global epoch 97 has been done artifficialy in 0.20 secs, the total time by now is 53.30 
 with avg train loss 1.355, val loss 1.227, avg val acc 57.15%
iteration: 98
user 0, emp_avg: 0.7752470648689506, h: 1.2362534096576603, ucb: 2.0008038803412402,num_of_obs: 18, privacy reward: 0.4676664270099088, g: -0.00028923133879402163, curr_delay = 0.051664327019418775, data_size = 1666
user 1, emp_avg: 0.5847758372632788, h: 1.2362534096576603, ucb: 1.8208444330196505,num_of_obs: 18, privacy reward: 0.4676664270099088, g: -0.00028923133879402163, curr_delay = 0.08501919489185947, data_size = 1666
user 2, emp_avg: 0.7588414216379471, h: 1.2362534096576603, ucb: 1.9816971324977155,num_of_obs: 18, privacy reward: 0.4676664270099088, g: -0.00028923133879402163, curr_delay = 0.05, data_size = 1666
user 3, emp_avg: 0.6293870517515172, h: 1.2362534096576603, ucb: 1.8744269825487527,num_of_obs: 18, privacy reward: 0.4676664270099088, g: -0.00028923133879402163, curr_delay = 0.10610537292466689, data_size = 1666
user 5, emp_avg: 0.5650376337877048, h: 1.2362534096576603, ucb: 1.8175527293930114,num_of_obs: 18, privacy reward: 0.4676664270099088, g: -0.00028923133879402163, curr_delay = 0.18360260773118808, data_size = 1666
num of fast users chosen: 5, num of slow users chosen: 0
max_delay = 0.18 seconds
global epoch 98 has been done artifficialy in 0.18 secs, the total time by now is 53.49 
 with avg train loss 1.347, val loss 1.249, avg val acc 56.38%
iteration: 99
user 13, emp_avg: 0.22396375643049093, h: 1.3557462668411946, ucb: 1.5814689872759662,num_of_obs: 15, privacy reward: 0.5272924240430481, g: 0.0002295684113865928, curr_delay = 0.25306295203778706, data_size = 1666
user 15, emp_avg: 0.06940333884299746, h: 1.3557462668411946, ucb: 1.425525553325279,num_of_obs: 15, privacy reward: 0.5272924240430481, g: 0.0002295684113865928, curr_delay = 0.7841399941798401, data_size = 1666
user 16, emp_avg: 0.07211358340076182, h: 1.3557462668411946, ucb: 1.4280969475782261,num_of_obs: 15, privacy reward: 0.5272924240430481, g: 0.0002295684113865928, curr_delay = 0.7293188154911275, data_size = 1666
user 17, emp_avg: 0.0662417206100472, h: 1.3557462668411946, ucb: 1.4219890858130029,num_of_obs: 15, privacy reward: 0.5272924240430481, g: 0.0002295684113865928, curr_delay = 0.7549990922850885, data_size = 1666
user 21, emp_avg: 0.06587107200236525, h: 1.3557462668411946, ucb: 1.4217891137599072,num_of_obs: 15, privacy reward: 0.5272924240430481, g: 0.0002295684113865928, curr_delay = 0.7899586990135222, data_size = 1666
num of fast users chosen: 1, num of slow users chosen: 4
max_delay = 0.79 seconds
global epoch 99 has been done artifficialy in 0.79 secs, the total time by now is 54.28 
 with avg train loss 1.355, val loss 1.211, avg val acc 58.75%
iteration: 100
user 18, emp_avg: 0.06606908927756348, h: 1.3572280848830225, ucb: 1.4229735003793997,num_of_obs: 15, privacy reward: 0.5272924240430481, g: 0.00027777777777777767, curr_delay = 0.7049780303928025, data_size = 1666
user 19, emp_avg: 0.06321323771571402, h: 1.3572280848830225, ucb: 1.42066229321657,num_of_obs: 15, privacy reward: 0.5272924240430481, g: 0.00027777777777777767, curr_delay = 0.8347429575300097, data_size = 1666
user 20, emp_avg: 0.0651201439796034, h: 1.3572280848830225, ucb: 1.4227811388810347,num_of_obs: 15, privacy reward: 0.5272924240430481, g: 0.00027777777777777767, curr_delay = 0.8528567349242567, data_size = 1666
user 22, emp_avg: 0.06132458466281571, h: 1.3572280848830225, ucb: 1.4179645394780578,num_of_obs: 15, privacy reward: 0.5272924240430481, g: 0.00027777777777777767, curr_delay = 0.7127935758429358, data_size = 1666
user 23, emp_avg: 0.0609891294147752, h: 1.3572280848830225, ucb: 1.4180130056046882,num_of_obs: 15, privacy reward: 0.5272924240430481, g: 0.00027777777777777767, curr_delay = 0.7806125833375933, data_size = 1666
num of fast users chosen: 0, num of slow users chosen: 5
max_delay = 0.85 seconds
global epoch 100 has been done artifficialy in 0.85 secs, the total time by now is 55.13 
 with avg train loss 1.327, val loss 1.221, avg val acc 57.33%
iteration: 101
user 24, emp_avg: 0.05984953608542415, h: 1.3586935661643886, ucb: 1.418183578718615,num_of_obs: 15, privacy reward: 0.5272924240430481, g: 0.00032948839438399276, curr_delay = 0.7663729168329758, data_size = 1666
user 25, emp_avg: 0.05892911843803526, h: 1.3586935661643886, ucb: 1.4173261779159871,num_of_obs: 15, privacy reward: 0.5272924240430481, g: 0.00032948839438399276, curr_delay = 0.7889332391819414, data_size = 1666
user 26, emp_avg: 0.05710317100105514, h: 1.3586935661643886, ucb: 1.4157776143113234,num_of_obs: 15, privacy reward: 0.5272924240430481, g: 0.00032948839438399276, curr_delay = 0.8712317122460171, data_size = 1666
user 28, emp_avg: 0.0550606132953221, h: 1.3586935661643886, ucb: 1.4140682009686307,num_of_obs: 15, privacy reward: 0.5272924240430481, g: 0.00032948839438399276, curr_delay = 0.9930429267255754, data_size = 1666
user 29, emp_avg: 0.05536024018831589, h: 1.3586935661643886, ucb: 1.4142042095244758,num_of_obs: 15, privacy reward: 0.5272924240430481, g: 0.00032948839438399276, curr_delay = 0.9415452441873863, data_size = 1666
num of fast users chosen: 0, num of slow users chosen: 5
max_delay = 0.99 seconds
global epoch 101 has been done artifficialy in 0.99 secs, the total time by now is 56.12 
 with avg train loss 1.340, val loss 1.187, avg val acc 58.40%
iteration: 102
user 8, emp_avg: 0.42712628318131984, h: 1.27763192894708, ucb: 1.7111688916995678,num_of_obs: 17, privacy reward: 0.4867522559599712, g: 0.0, curr_delay = 0.15716117606569774, data_size = 1666
user 9, emp_avg: 0.39833435167482845, h: 1.27763192894708, ucb: 1.674105276721361,num_of_obs: 17, privacy reward: 0.4867522559599712, g: 0.0, curr_delay = 0.11628679932823882, data_size = 1666
user 10, emp_avg: 0.35429404641960616, h: 1.27763192894708, ucb: 1.612816309927973,num_of_obs: 17, privacy reward: 0.4867522559599712, g: 0.0, curr_delay = 0.07362053245228725, data_size = 1666
user 11, emp_avg: 0.2985946093299182, h: 1.3169528484276123, ucb: 1.6156029603178388,num_of_obs: 16, privacy reward: 0.5066169923655892, g: 9.61168781237984e-05, curr_delay = 0.1679506108131963, data_size = 1666
user 12, emp_avg: 0.32811836199555194, h: 1.27763192894708, ucb: 1.6056774665447824,num_of_obs: 17, privacy reward: 0.4867522559599712, g: 0.0, curr_delay = 0.1518112401284603, data_size = 1666
num of fast users chosen: 5, num of slow users chosen: 0
max_delay = 0.17 seconds
global epoch 102 has been done artifficialy in 0.17 secs, the total time by now is 56.29 
 with avg train loss 1.342, val loss 1.211, avg val acc 57.03%
iteration: 103
user 3, emp_avg: 0.6479176991639413, h: 1.2097928036907768, ucb: 1.839179855442294,num_of_obs: 19, privacy reward: 0.4493289641172211, g: -0.0003168169583477345, curr_delay = 0.05, data_size = 1666
user 4, emp_avg: 0.5419099908896031, h: 1.2429439499604205, ucb: 1.759404495899446,num_of_obs: 18, privacy reward: 0.4676664270099088, g: -6.545804924539985e-05, curr_delay = 0.05, data_size = 1666
user 5, emp_avg: 0.5493634730895024, h: 1.2097928036907768, ucb: 1.7748304374784816,num_of_obs: 19, privacy reward: 0.4493289641172211, g: -0.0003168169583477345, curr_delay = 0.1987641482707827, data_size = 1666
user 6, emp_avg: 0.486465799800436, h: 1.2429439499604205, ucb: 1.7380311985649415,num_of_obs: 18, privacy reward: 0.4676664270099088, g: -6.545804924539985e-05, curr_delay = 0.1509298540814109, data_size = 1666
user 7, emp_avg: 0.48560948845908275, h: 1.2429439499604205, ucb: 1.7312660410650207,num_of_obs: 18, privacy reward: 0.4676664270099088, g: -6.545804924539985e-05, curr_delay = 0.11447341383317985, data_size = 1666
num of fast users chosen: 5, num of slow users chosen: 0
max_delay = 0.20 seconds
global epoch 103 has been done artifficialy in 0.20 secs, the total time by now is 56.49 
 with avg train loss 1.358, val loss 1.227, avg val acc 57.86%
iteration: 104
user 13, emp_avg: 0.22415620619738083, h: 1.3197145854987034, ucb: 1.5436783419291942,num_of_obs: 16, privacy reward: 0.5066169923655892, g: 0.00016436554898093314, curr_delay = 0.22003613634598584, data_size = 1666
user 15, emp_avg: 0.07001280621290767, h: 1.3197145854987034, ucb: 1.389117924341701,num_of_obs: 16, privacy reward: 0.5066169923655892, g: 0.00016436554898093314, curr_delay = 0.6268469722311764, data_size = 1666
user 16, emp_avg: 0.07177578408849734, h: 1.3197145854987034, ucb: 1.3918281688994651,num_of_obs: 16, privacy reward: 0.5066169923655892, g: 0.00016436554898093314, curr_delay = 0.753341123339983, data_size = 1666
user 17, emp_avg: 0.06657170135365963, h: 1.3197145854987034, ucb: 1.3859563061087505,num_of_obs: 16, privacy reward: 0.5066169923655892, g: 0.00016436554898093314, curr_delay = 0.69588073017617, data_size = 1666
user 27, emp_avg: 0.055718215723692406, h: 1.3629953630356006, ucb: 1.4181814305884903,num_of_obs: 15, privacy reward: 0.5272924240430481, g: 0.0005033694937541093, curr_delay = 0.7849239557147228, data_size = 1666
num of fast users chosen: 1, num of slow users chosen: 4
max_delay = 0.78 seconds
global epoch 104 has been done artifficialy in 0.78 secs, the total time by now is 57.28 
 with avg train loss 1.348, val loss 1.204, avg val acc 58.07%
iteration: 105
user 8, emp_avg: 0.42947476644728444, h: 1.2455200185943116, ucb: 1.6726463017756314,num_of_obs: 18, privacy reward: 0.4676664270099088, g: -2.267573696145135e-05, curr_delay = 0.10598891077269464, data_size = 1666
user 9, emp_avg: 0.40897838448125384, h: 1.2455200185943116, ucb: 1.64385437026914,num_of_obs: 18, privacy reward: 0.4676664270099088, g: -2.267573696145135e-05, curr_delay = 0.0832541066445264, data_size = 1666
user 10, emp_avg: 0.34794142377128406, h: 1.2455200185943116, ucb: 1.5998140650139177,num_of_obs: 18, privacy reward: 0.4676664270099088, g: -2.267573696145135e-05, curr_delay = 0.21404639564481864, data_size = 1666
user 11, emp_avg: 0.29423198533714284, h: 1.2816295257335744, ucb: 1.5802241350634927,num_of_obs: 17, privacy reward: 0.4867522559599712, g: 2.2675736961451085e-05, curr_delay = 0.22720314376944398, data_size = 1666
user 14, emp_avg: 0.3139328476822951, h: 1.2816295257335744, ucb: 1.5956867087092088,num_of_obs: 17, privacy reward: 0.4867522559599712, g: 2.2675736961451085e-05, curr_delay = 0.1603493575347156, data_size = 1666
num of fast users chosen: 5, num of slow users chosen: 0
max_delay = 0.23 seconds
global epoch 105 has been done artifficialy in 0.23 secs, the total time by now is 57.50 
 with avg train loss 1.355, val loss 1.191, avg val acc 58.64%
iteration: 106
user 0, emp_avg: 0.786484711625503, h: 1.2135340856721006, ucb: 1.988781150541051,num_of_obs: 19, privacy reward: 0.4493289641172211, g: -0.0001582215893358648, curr_delay = 0.05, data_size = 1666
user 1, emp_avg: 0.6055370454001148, h: 1.2135340856721006, ucb: 1.7983099229353794,num_of_obs: 19, privacy reward: 0.4493289641172211, g: -0.0001582215893358648, curr_delay = 0.05, data_size = 1666
user 2, emp_avg: 0.7699150506943071, h: 1.2135340856721006, ucb: 1.9723755073100477,num_of_obs: 19, privacy reward: 0.4493289641172211, g: -0.0001582215893358648, curr_delay = 0.051004065900279186, data_size = 1666
user 3, emp_avg: 0.640368667868738, h: 1.1828067163461746, ucb: 1.8307244155101159,num_of_obs: 20, privacy reward: 0.43171052342907923, g: -0.0004845536173410872, curr_delay = 0.10216841384042101, data_size = 1666
user 4, emp_avg: 0.5540282989548604, h: 1.2135340856721006, ucb: 1.7554440765617039,num_of_obs: 19, privacy reward: 0.4493289641172211, g: -0.0001582215893358648, curr_delay = 0.06375305415073251, data_size = 1666
num of fast users chosen: 5, num of slow users chosen: 0
max_delay = 0.10 seconds
global epoch 106 has been done artifficialy in 0.10 secs, the total time by now is 57.61 
 with avg train loss 1.324, val loss 1.181, avg val acc 58.18%
iteration: 107
user 18, emp_avg: 0.06644921271506281, h: 1.323748772586103, ucb: 1.3898178618636665,num_of_obs: 16, privacy reward: 0.5066169923655892, g: 0.0002935724614473851, curr_delay = 0.6893586273043173, data_size = 1666
user 19, emp_avg: 0.06330819420693518, h: 1.323748772586103, ucb: 1.386962010301817,num_of_obs: 16, privacy reward: 0.5066169923655892, g: 0.0002935724614473851, curr_delay = 0.7712776443837212, data_size = 1666
user 20, emp_avg: 0.06474129743477307, h: 1.323748772586103, ucb: 1.3888689165657064,num_of_obs: 16, privacy reward: 0.5066169923655892, g: 0.0002935724614473851, curr_delay = 0.8520826636868074, data_size = 1666
user 21, emp_avg: 0.06554785980256547, h: 1.323748772586103, ucb: 1.3896198445884682,num_of_obs: 16, privacy reward: 0.5066169923655892, g: 0.0002935724614473851, curr_delay = 0.8281372605447732, data_size = 1666
user 22, emp_avg: 0.061638935390679515, h: 1.323748772586103, ucb: 1.3850733572489187,num_of_obs: 16, privacy reward: 0.5066169923655892, g: 0.0002935724614473851, curr_delay = 0.7499788464360188, data_size = 1666
num of fast users chosen: 0, num of slow users chosen: 5
max_delay = 0.85 seconds
global epoch 107 has been done artifficialy in 0.85 secs, the total time by now is 58.46 
 with avg train loss 1.322, val loss 1.182, avg val acc 58.58%
iteration: 108
user 23, emp_avg: 0.060927509644969985, h: 1.325065738056638, ucb: 1.3860548674714133,num_of_obs: 16, privacy reward: 0.5066169923655892, g: 0.0003429355281207133, curr_delay = 0.8341453275412325, data_size = 1666
user 24, emp_avg: 0.059933651400394604, h: 1.325065738056638, ucb: 1.384915274142062,num_of_obs: 16, privacy reward: 0.5066169923655892, g: 0.0003429355281207133, curr_delay = 0.815933597773927, data_size = 1666
user 25, emp_avg: 0.058608163924060416, h: 1.325065738056638, ucb: 1.3839948564946731,num_of_obs: 16, privacy reward: 0.5066169923655892, g: 0.0003429355281207133, curr_delay = 0.9350532280932775, data_size = 1666
user 26, emp_avg: 0.05758613732370847, h: 1.325065738056638, ucb: 1.3821689090576932,num_of_obs: 16, privacy reward: 0.5066169923655892, g: 0.0003429355281207133, curr_delay = 0.7655373637175076, data_size = 1666
user 27, emp_avg: 0.05584635466117135, h: 1.325065738056638, ucb: 1.3807839537803304,num_of_obs: 16, privacy reward: 0.5066169923655892, g: 0.0003429355281207133, curr_delay = 0.8636089043622996, data_size = 1666
num of fast users chosen: 0, num of slow users chosen: 5
max_delay = 0.94 seconds
global epoch 108 has been done artifficialy in 0.94 secs, the total time by now is 59.39 
 with avg train loss 1.333, val loss 1.150, avg val acc 59.61%
iteration: 109
user 0, emp_avg: 0.796652106310003, h: 1.1863407455991484, ucb: 1.9728254572246513,num_of_obs: 20, privacy reward: 0.43171052342907923, g: -0.00028289799773681667, curr_delay = 0.05, data_size = 1666
user 2, emp_avg: 0.7508299552125104, h: 1.1863407455991484, ucb: 1.9562557962934555,num_of_obs: 20, privacy reward: 0.43171052342907923, g: -0.00028289799773681667, curr_delay = 0.1354543514077888, data_size = 1666
user 5, emp_avg: 0.5406230213854892, h: 1.1863407455991484, ucb: 1.7357042186886509,num_of_obs: 20, privacy reward: 0.43171052342907923, g: -0.00028289799773681667, curr_delay = 0.13668148768264965, data_size = 1666
user 6, emp_avg: 0.4784956249600712, h: 1.217159923181287, ucb: 1.703625722981723,num_of_obs: 19, privacy reward: 0.4493289641172211, g: -5.844999953240029e-05, curr_delay = 0.1528760714470015, data_size = 1666
user 7, emp_avg: 0.4752775692086881, h: 1.217159923181287, ucb: 1.7027694116403698,num_of_obs: 19, privacy reward: 0.4493289641172211, g: -5.844999953240029e-05, curr_delay = 0.17923003272182456, data_size = 1666
num of fast users chosen: 5, num of slow users chosen: 0
max_delay = 0.18 seconds
global epoch 109 has been done artifficialy in 0.18 secs, the total time by now is 59.57 
 with avg train loss 1.336, val loss 1.228, avg val acc 56.35%
iteration: 110
user 13, emp_avg: 0.22607922486653992, h: 1.2880190488807517, ucb: 1.5121752550781324,num_of_obs: 17, privacy reward: 0.4867522559599712, g: 0.00014692378328741952, curr_delay = 0.19322137507132903, data_size = 1666
user 15, emp_avg: 0.06972612088554227, h: 1.2880190488807517, ucb: 1.3580318550936594,num_of_obs: 17, privacy reward: 0.4867522559599712, g: 0.00014692378328741952, curr_delay = 0.7709806542916788, data_size = 1666
user 16, emp_avg: 0.07218131399673397, h: 1.2880190488807517, ucb: 1.359794832969249,num_of_obs: 17, privacy reward: 0.4867522559599712, g: 0.00014692378328741952, curr_delay = 0.6323085187542471, data_size = 1666
user 28, emp_avg: 0.055191399719246186, h: 1.327659646585734, ucb: 1.3827202598810562,num_of_obs: 16, privacy reward: 0.5066169923655892, g: 0.0004499540863177226, curr_delay = 0.8728443417534187, data_size = 1666
user 29, emp_avg: 0.05546242065018507, h: 1.327659646585734, ucb: 1.38301988677405,num_of_obs: 16, privacy reward: 0.5066169923655892, g: 0.0004499540863177226, curr_delay = 0.8756980270399367, data_size = 1666
num of fast users chosen: 1, num of slow users chosen: 4
max_delay = 0.88 seconds
global epoch 110 has been done artifficialy in 0.88 secs, the total time by now is 60.45 
 with avg train loss 1.322, val loss 1.199, avg val acc 57.61%
iteration: 111
user 9, emp_avg: 0.4018337005634929, h: 1.219516323618637, ucb: 1.6284947080998908,num_of_obs: 19, privacy reward: 0.4493289641172211, g: -2.0290560831101456e-05, curr_delay = 0.18791008595705228, data_size = 1666
user 10, emp_avg: 0.3470430784396209, h: 1.219516323618637, ucb: 1.5674577473899212,num_of_obs: 19, privacy reward: 0.4493289641172211, g: -2.0290560831101456e-05, curr_delay = 0.15152685253899797, data_size = 1666
user 11, emp_avg: 0.29374828728874647, h: 1.2529339170273286, ucb: 1.5471659023644715,num_of_obs: 18, privacy reward: 0.4676664270099088, g: 2.029056083110121e-05, curr_delay = 0.175412917014112, data_size = 1666
user 12, emp_avg: 0.33026571721748904, h: 1.2529339170273286, ucb: 1.5810522790228805,num_of_obs: 18, privacy reward: 0.4676664270099088, g: 2.029056083110121e-05, curr_delay = 0.13553143226199343, data_size = 1666
user 14, emp_avg: 0.30882294943460115, h: 1.2529339170273286, ucb: 1.5668667647096237,num_of_obs: 18, privacy reward: 0.4676664270099088, g: 2.029056083110121e-05, curr_delay = 0.23057967904474905, data_size = 1666
num of fast users chosen: 5, num of slow users chosen: 0
max_delay = 0.23 seconds
global epoch 111 has been done artifficialy in 0.23 secs, the total time by now is 60.68 
 with avg train loss 1.311, val loss 1.168, avg val acc 58.63%
iteration: 112
user 17, emp_avg: 0.06642081406345918, h: 1.290485390390001, ucb: 1.3570570917436606,num_of_obs: 17, privacy reward: 0.4867522559599712, g: 0.0002214427437641724, curr_delay = 0.7830150856965801, data_size = 1666
user 18, emp_avg: 0.06628136997453365, h: 1.290485390390001, ucb: 1.356934603105064,num_of_obs: 17, privacy reward: 0.4867522559599712, g: 0.0002214427437641724, curr_delay = 0.7882948508451113, data_size = 1666
user 19, emp_avg: 0.06332085287106354, h: 1.290485390390001, ucb: 1.3537935845969362,num_of_obs: 17, privacy reward: 0.4867522559599712, g: 0.0002214427437641724, curr_delay = 0.7869548055490817, data_size = 1666
user 20, emp_avg: 0.06445309118219113, h: 1.290485390390001, ucb: 1.355226687824774,num_of_obs: 17, privacy reward: 0.4867522559599712, g: 0.0002214427437641724, curr_delay = 0.8395800201412322, data_size = 1666
user 21, emp_avg: 0.0655888122127345, h: 1.290485390390001, ucb: 1.3560332501925665,num_of_obs: 17, privacy reward: 0.4867522559599712, g: 0.0002214427437641724, curr_delay = 0.7543184370074241, data_size = 1666
num of fast users chosen: 0, num of slow users chosen: 5
max_delay = 0.84 seconds
global epoch 112 has been done artifficialy in 0.84 secs, the total time by now is 61.52 
 with avg train loss 1.311, val loss 1.186, avg val acc 57.79%
iteration: 113
user 0, emp_avg: 0.7930077145359454, h: 1.1621885535135044, ucb: 1.9588406598235073,num_of_obs: 21, privacy reward: 0.4147829116815809, g: -0.00036764385969492166, curr_delay = 0.06978605812428662, data_size = 1666
user 1, emp_avg: 0.599499977105977, h: 1.1908888888614682, ucb: 1.796425934261583,num_of_obs: 20, privacy reward: 0.43171052342907923, g: -0.00010659496523698903, curr_delay = 0.10443676380514724, data_size = 1666
user 2, emp_avg: 0.7369642803124692, h: 1.1621885535135044, ucb: 1.9130185087260148,num_of_obs: 21, privacy reward: 0.4147829116815809, g: -0.00036764385969492166, curr_delay = 0.1121616652703327, data_size = 1666
user 3, emp_avg: 0.6358796590732443, h: 1.1621885535135044, ucb: 1.8025572213822425,num_of_obs: 21, privacy reward: 0.4147829116815809, g: -0.00036764385969492166, curr_delay = 0.09231726926691351, data_size = 1666
user 4, emp_avg: 0.5533157696792025, h: 1.1908888888614682, ucb: 1.7449171878163285,num_of_obs: 20, privacy reward: 0.43171052342907923, g: -0.00010659496523698903, curr_delay = 0.09275316134050121, data_size = 1666
num of fast users chosen: 5, num of slow users chosen: 0
max_delay = 0.11 seconds
global epoch 113 has been done artifficialy in 0.11 secs, the total time by now is 61.63 
 with avg train loss 1.350, val loss 1.204, avg val acc 58.04%
iteration: 114
user 22, emp_avg: 0.06167149945776667, h: 1.2929034969302726, ucb: 1.354542432320952,num_of_obs: 17, privacy reward: 0.4867522559599712, g: 0.0003077870113881194, curr_delay = 0.8035344123464614, data_size = 1666
user 23, emp_avg: 0.06071343497055819, h: 1.2929034969302726, ucb: 1.3538310065752426,num_of_obs: 17, privacy reward: 0.4867522559599712, g: 0.0003077870113881194, curr_delay = 0.8760531066394854, data_size = 1666
user 24, emp_avg: 0.06011757666854584, h: 1.2929034969302726, ucb: 1.3528371483306671,num_of_obs: 17, privacy reward: 0.4867522559599712, g: 0.0003077870113881194, curr_delay = 0.7905850025525601, data_size = 1666
user 25, emp_avg: 0.05886805268765242, h: 1.2929034969302726, ucb: 1.351511660854333,num_of_obs: 17, privacy reward: 0.4867522559599712, g: 0.0003077870113881194, curr_delay = 0.7900621349377231, data_size = 1666
user 26, emp_avg: 0.05767349504830989, h: 1.2929034969302726, ucb: 1.3504896342539812,num_of_obs: 17, privacy reward: 0.4867522559599712, g: 0.0003077870113881194, curr_delay = 0.8451859911268083, data_size = 1666
num of fast users chosen: 0, num of slow users chosen: 5
max_delay = 0.88 seconds
global epoch 114 has been done artifficialy in 0.88 secs, the total time by now is 62.51 
 with avg train loss 1.318, val loss 1.161, avg val acc 58.14%
iteration: 115
user 1, emp_avg: 0.586623523297101, h: 1.164343116876667, ucb: 1.763843093982644,num_of_obs: 21, privacy reward: 0.4147829116815809, g: -0.00025414828817475353, curr_delay = 0.15811876951249834, data_size = 1666
user 4, emp_avg: 0.5432621639576718, h: 1.164343116876667, ucb: 1.7176588865558693,num_of_obs: 21, privacy reward: 0.4147829116815809, g: -0.00025414828817475353, curr_delay = 0.15054054119178764, data_size = 1666
user 6, emp_avg: 0.47188048904332647, h: 1.1930966593319148, ucb: 1.671592284291986,num_of_obs: 20, privacy reward: 0.43171052342907923, g: -5.250997689561023e-05, curr_delay = 0.14724167573068517, data_size = 1666
user 7, emp_avg: 0.4712974403833452, h: 1.1930966593319148, ucb: 1.668374228540603,num_of_obs: 20, privacy reward: 0.43171052342907923, g: -5.250997689561023e-05, curr_delay = 0.12765038454976085, data_size = 1666
user 8, emp_avg: 0.4316450478300771, h: 1.2240913444196604, ucb: 1.6535661108669448,num_of_obs: 19, privacy reward: 0.4493289641172211, g: 2.100399075824409e-06, curr_delay = 0.10573498208744674, data_size = 1666
num of fast users chosen: 5, num of slow users chosen: 0
max_delay = 0.16 seconds
global epoch 115 has been done artifficialy in 0.16 secs, the total time by now is 62.66 
 with avg train loss 1.295, val loss 1.146, avg val acc 59.27%
iteration: 116
user 13, emp_avg: 0.23019883746049072, h: 1.2587811818191919, ucb: 1.4848604066857318,num_of_obs: 18, privacy reward: 0.4676664270099088, g: 0.00013211784912141598, curr_delay = 0.16428353458381906, data_size = 1666
user 16, emp_avg: 0.07194889105259981, h: 1.2587811818191919, ucb: 1.3309624958159259,num_of_obs: 18, privacy reward: 0.4676664270099088, g: 0.00013211784912141598, curr_delay = 0.7378409922123939, data_size = 1666
user 27, emp_avg: 0.05601333619031117, h: 1.2952751501160393, ucb: 1.3511215047772107,num_of_obs: 17, privacy reward: 0.4867522559599712, g: 0.0004046109129343376, curr_delay = 0.8495884787482988, data_size = 1666
user 28, emp_avg: 0.05504577610483908, h: 1.2952751501160393, ucb: 1.3504665498352855,num_of_obs: 17, privacy reward: 0.4867522559599712, g: 0.0004046109129343376, curr_delay = 0.9511096419872107, data_size = 1666
user 29, emp_avg: 0.05537464298251426, h: 1.2952751501160393, ucb: 1.3507375707662244,num_of_obs: 17, privacy reward: 0.4867522559599712, g: 0.0004046109129343376, curr_delay = 0.9279463980560356, data_size = 1666
num of fast users chosen: 1, num of slow users chosen: 4
max_delay = 0.95 seconds
global epoch 116 has been done artifficialy in 0.95 secs, the total time by now is 63.61 
 with avg train loss 1.297, val loss 1.149, avg val acc 59.77%
iteration: 117
user 8, emp_avg: 0.4278950407639798, h: 1.1952623897869985, ucb: 1.6269074376170756,num_of_obs: 20, privacy reward: 0.43171052342907923, g: -1.8262838775659394e-05, curr_delay = 0.1416852441875915, data_size = 1666
user 10, emp_avg: 0.3781362651805913, h: 1.1952623897869985, ucb: 1.5423054682266195,num_of_obs: 20, privacy reward: 0.43171052342907923, g: -1.8262838775659394e-05, curr_delay = 0.05, data_size = 1666
user 11, emp_avg: 0.28878507599993686, h: 1.226313336983028, ucb: 1.5200616242717744,num_of_obs: 19, privacy reward: 0.4493289641172211, g: 1.8262838775659157e-05, curr_delay = 0.25709047626389947, data_size = 1666
user 12, emp_avg: 0.3261864294879919, h: 1.226313336983028, ucb: 1.556579054200517,num_of_obs: 19, privacy reward: 0.4493289641172211, g: 1.8262838775659157e-05, curr_delay = 0.20106163549206432, data_size = 1666
user 14, emp_avg: 0.31133668712970186, h: 1.226313336983028, ucb: 1.535136286417629,num_of_obs: 19, privacy reward: 0.4493289641172211, g: 1.8262838775659157e-05, curr_delay = 0.1392378718533054, data_size = 1666
num of fast users chosen: 5, num of slow users chosen: 0
max_delay = 0.26 seconds
global epoch 117 has been done artifficialy in 0.26 secs, the total time by now is 63.87 
 with avg train loss 1.307, val loss 1.135, avg val acc 60.13%
iteration: 118
user 15, emp_avg: 0.07022749582479366, h: 1.2610425084648105, ucb: 1.3307686293503527,num_of_obs: 18, privacy reward: 0.4676664270099088, g: 0.0001994956749337669, curr_delay = 0.6308969565406016, data_size = 1666
user 17, emp_avg: 0.06674477078286904, h: 1.2610425084648105, ucb: 1.3274633225282697,num_of_obs: 18, privacy reward: 0.4676664270099088, g: 0.0001994956749337669, curr_delay = 0.6889330590819095, data_size = 1666
user 18, emp_avg: 0.0665222623871129, h: 1.2610425084648105, ucb: 1.3273238784393442,num_of_obs: 18, privacy reward: 0.4676664270099088, g: 0.0001994956749337669, curr_delay = 0.7056333807769194, data_size = 1666
user 20, emp_avg: 0.06444289449436116, h: 1.2610425084648105, ucb: 1.3254955996470017,num_of_obs: 18, privacy reward: 0.4676664270099088, g: 0.0001994956749337669, curr_delay = 0.7780968341472422, data_size = 1666
user 21, emp_avg: 0.06561518207678581, h: 1.2610425084648105, ucb: 1.326631320677545,num_of_obs: 18, privacy reward: 0.4676664270099088, g: 0.0001994956749337669, curr_delay = 0.7565459423134019, data_size = 1666
num of fast users chosen: 0, num of slow users chosen: 5
max_delay = 0.78 seconds
global epoch 118 has been done artifficialy in 0.78 secs, the total time by now is 64.65 
 with avg train loss 1.275, val loss 1.178, avg val acc 59.04%
iteration: 119
user 19, emp_avg: 0.06376643169941695, h: 1.2621573453300146, ucb: 1.3254781982010782,num_of_obs: 18, privacy reward: 0.4676664270099088, g: 0.00023734984189754336, curr_delay = 0.696506387664112, data_size = 1666
user 22, emp_avg: 0.061552036537255855, h: 1.2621573453300146, ucb: 1.3238288447877813,num_of_obs: 18, privacy reward: 0.4676664270099088, g: 0.00023734984189754336, curr_delay = 0.8417266957002402, data_size = 1666
user 23, emp_avg: 0.060862776160317544, h: 1.2621573453300146, ucb: 1.3228707803005728,num_of_obs: 18, privacy reward: 0.4676664270099088, g: 0.00023734984189754336, curr_delay = 0.7867707014649555, data_size = 1666
user 24, emp_avg: 0.06023615347550974, h: 1.2621573453300146, ucb: 1.3222749219985603,num_of_obs: 18, privacy reward: 0.4676664270099088, g: 0.00023734984189754336, curr_delay = 0.801660578952064, data_size = 1666
user 25, emp_avg: 0.05889387347524256, h: 1.2621573453300146, ucb: 1.321025398017667,num_of_obs: 18, privacy reward: 0.4676664270099088, g: 0.00023734984189754336, curr_delay = 0.8423372495486606, data_size = 1666
num of fast users chosen: 0, num of slow users chosen: 5
max_delay = 0.84 seconds
global epoch 119 has been done artifficialy in 0.84 secs, the total time by now is 65.49 
 with avg train loss 1.277, val loss 1.117, avg val acc 61.06%
iteration: 120
user 0, emp_avg: 0.7949317270024256, h: 1.142663365218858, ucb: 1.9356710797548033,num_of_obs: 22, privacy reward: 0.39851904108451364, g: -0.00027777777777777767, curr_delay = 0.05971860583863628, data_size = 1666
user 1, emp_avg: 0.6002624208448261, h: 1.142663365218858, ucb: 1.7292868885159591,num_of_obs: 22, privacy reward: 0.39851904108451364, g: -0.00027777777777777767, curr_delay = 0.05553592256441013, data_size = 1666
user 2, emp_avg: 0.7484006159510576, h: 1.142663365218858, ucb: 1.8796276455313272,num_of_obs: 22, privacy reward: 0.39851904108451364, g: -0.00027777777777777767, curr_delay = 0.05, data_size = 1666
user 3, emp_avg: 0.6240955751933154, h: 1.142663365218858, ucb: 1.7785430242921023,num_of_obs: 22, privacy reward: 0.39851904108451364, g: -0.00027777777777777767, curr_delay = 0.13704422420574597, data_size = 1666
user 5, emp_avg: 0.5615037931406943, h: 1.1695532410506215, ucb: 1.7101762624361108,num_of_obs: 21, privacy reward: 0.4147829116815809, g: -6.944444444444442e-05, curr_delay = 0.05, data_size = 1666
num of fast users chosen: 5, num of slow users chosen: 0
max_delay = 0.14 seconds
global epoch 120 has been done artifficialy in 0.14 secs, the total time by now is 65.63 
 with avg train loss 1.298, val loss 1.139, avg val acc 60.20%
iteration: 121
user 13, emp_avg: 0.2362853642150272, h: 1.230634052955511, ucb: 1.4608328904160017,num_of_obs: 19, privacy reward: 0.4493289641172211, g: 9.29657203135788e-05, curr_delay = 0.14207396114037876, data_size = 1666
user 26, emp_avg: 0.05756285476142066, h: 1.264356298094903, ucb: 1.322029793143213,num_of_obs: 18, privacy reward: 0.4676664270099088, g: 0.0003206368721019355, curr_delay = 0.8997445330573189, data_size = 1666
user 27, emp_avg: 0.056103463895732085, h: 1.264356298094903, ucb: 1.3203696342852143,num_of_obs: 18, privacy reward: 0.4676664270099088, g: 0.0003206368721019355, curr_delay = 0.866164390971525, data_size = 1666
user 28, emp_avg: 0.05557343755318417, h: 1.264356298094903, ucb: 1.319402074199742,num_of_obs: 18, privacy reward: 0.4676664270099088, g: 0.0003206368721019355, curr_delay = 0.7683873916816293, data_size = 1666
user 29, emp_avg: 0.05541659016367881, h: 1.264356298094903, ucb: 1.3197309410774172,num_of_obs: 18, privacy reward: 0.4676664270099088, g: 0.0003206368721019355, curr_delay = 0.8901289069029146, data_size = 1666
num of fast users chosen: 1, num of slow users chosen: 4
max_delay = 0.90 seconds
global epoch 121 has been done artifficialy in 0.90 secs, the total time by now is 66.53 
 with avg train loss 1.304, val loss 1.120, avg val acc 60.39%
iteration: 122
user 4, emp_avg: 0.5629338053304263, h: 1.1446342462352437, ucb: 1.6878964101929155,num_of_obs: 22, privacy reward: 0.39851904108451364, g: -0.00018662844516109808, curr_delay = 0.05021542842960888, data_size = 1666
user 6, emp_avg: 0.47059489961463075, h: 1.1715705020835745, ucb: 1.643450991126901,num_of_obs: 21, privacy reward: 0.4147829116815809, g: -2.9860551225775693e-05, curr_delay = 0.1127147866342928, data_size = 1666
user 7, emp_avg: 0.4606383188685822, h: 1.1715705020835745, ucb: 1.6428679424669197,num_of_obs: 21, privacy reward: 0.4147829116815809, g: -2.9860551225775693e-05, curr_delay = 0.2111515314211837, data_size = 1666
user 8, emp_avg: 0.4381071809194367, h: 1.1715705020835745, ucb: 1.5994655428475544,num_of_obs: 21, privacy reward: 0.4147829116815809, g: -2.9860551225775693e-05, curr_delay = 0.07662105743958142, data_size = 1666
user 9, emp_avg: 0.3983346019163371, h: 1.2005025253700956, ucb: 1.6023362259335885,num_of_obs: 20, privacy reward: 0.43171052342907923, g: 7.465137806443923e-06, curr_delay = 0.15227531497571056, data_size = 1666
num of fast users chosen: 5, num of slow users chosen: 0
max_delay = 0.21 seconds
global epoch 122 has been done artifficialy in 0.21 secs, the total time by now is 66.74 
 with avg train loss 1.283, val loss 1.138, avg val acc 60.20%
iteration: 123
user 9, emp_avg: 0.39641900342451736, h: 1.1725654846620255, ucb: 1.5709000865783627,num_of_obs: 21, privacy reward: 0.4147829116815809, g: -1.6524555489457512e-05, curr_delay = 0.14037395364793587, data_size = 1666
user 10, emp_avg: 0.37660040253554516, h: 1.1725654846620255, ucb: 1.5507017498426168,num_of_obs: 21, privacy reward: 0.4147829116815809, g: -1.6524555489457512e-05, curr_delay = 0.14520224752493455, data_size = 1666
user 11, emp_avg: 0.2934843252717058, h: 1.201522079119533, ucb: 1.4903071551194698,num_of_obs: 20, privacy reward: 0.43171052342907923, g: 1.652455548945729e-05, curr_delay = 0.12904247799330465, data_size = 1666
user 12, emp_avg: 0.32210364233716104, h: 1.201522079119533, ucb: 1.5277085086075248,num_of_obs: 20, privacy reward: 0.43171052342907923, g: 1.652455548945729e-05, curr_delay = 0.20794525608786604, data_size = 1666
user 14, emp_avg: 0.3082900864243713, h: 1.201522079119533, ucb: 1.5128587662492348,num_of_obs: 20, privacy reward: 0.43171052342907923, g: 1.652455548945729e-05, curr_delay = 0.2021361160017832, data_size = 1666
num of fast users chosen: 5, num of slow users chosen: 0
max_delay = 0.21 seconds
global epoch 123 has been done artifficialy in 0.21 secs, the total time by now is 66.95 
 with avg train loss 1.273, val loss 1.144, avg val acc 59.57%
iteration: 124
user 0, emp_avg: 0.7796109514557957, h: 1.1213673600764347, ucb: 1.9162990870788603,num_of_obs: 23, privacy reward: 0.3828928859751114, g: -0.000354087177708406, curr_delay = 0.11703212690029677, data_size = 1666
user 1, emp_avg: 0.592157867255057, h: 1.1213673600764347, ucb: 1.7216297809212606,num_of_obs: 23, privacy reward: 0.3828928859751114, g: -0.000354087177708406, curr_delay = 0.12322763701666822, data_size = 1666
user 2, emp_avg: 0.7372151728199391, h: 1.1213673600764347, ucb: 1.8697679760274921,num_of_obs: 23, privacy reward: 0.3828928859751114, g: -0.000354087177708406, curr_delay = 0.10417752265812963, data_size = 1666
user 3, emp_avg: 0.6134560855006813, h: 1.1213673600764347, ucb: 1.74546293526975,num_of_obs: 23, privacy reward: 0.3828928859751114, g: -0.000354087177708406, curr_delay = 0.1355940210073924, data_size = 1666
user 5, emp_avg: 0.5723921348226713, h: 1.1465697733522413, ucb: 1.7080735664929356,num_of_obs: 22, privacy reward: 0.39851904108451364, g: -0.00011562030292519405, curr_delay = 0.06158123477832571, data_size = 1666
num of fast users chosen: 5, num of slow users chosen: 0
max_delay = 0.14 seconds
global epoch 124 has been done artifficialy in 0.14 secs, the total time by now is 67.08 
 with avg train loss 1.277, val loss 1.126, avg val acc 60.96%
iteration: 125
user 15, emp_avg: 0.07030746657148239, h: 1.234799843652783, ucb: 1.3050273394775767,num_of_obs: 19, privacy reward: 0.4493289641172211, g: 0.00021511111111111096, curr_delay = 0.6961179239361275, data_size = 1666
user 16, emp_avg: 0.07194407429892233, h: 1.234799843652783, ucb: 1.3067487347053828,num_of_obs: 19, privacy reward: 0.4493289641172211, g: 0.00021511111111111096, curr_delay = 0.695869469341892, data_size = 1666
user 17, emp_avg: 0.066906910026019, h: 1.234799843652783, ucb: 1.301544614435652,num_of_obs: 19, privacy reward: 0.4493289641172211, g: 0.00021511111111111096, curr_delay = 0.7144127200697825, data_size = 1666
user 18, emp_avg: 0.06656248213539122, h: 1.234799843652783, ucb: 1.3013221060398958,num_of_obs: 19, privacy reward: 0.4493289641172211, g: 0.00021511111111111096, curr_delay = 0.7426478896476828, data_size = 1666
user 21, emp_avg: 0.06561075816272885, h: 1.234799843652783, ucb: 1.3004150257295688,num_of_obs: 19, privacy reward: 0.4493289641172211, g: 0.00021511111111111096, curr_delay = 0.7630476905405036, data_size = 1666
num of fast users chosen: 0, num of slow users chosen: 5
max_delay = 0.76 seconds
global epoch 125 has been done artifficialy in 0.76 secs, the total time by now is 67.85 
 with avg train loss 1.271, val loss 1.118, avg val acc 61.64%
iteration: 126
user 19, emp_avg: 0.06399137170250298, h: 1.2358183191653527, ucb: 1.2995847508647695,num_of_obs: 19, privacy reward: 0.4493289641172211, g: 0.00025195263290501383, curr_delay = 0.7324372701897783, data_size = 1666
user 20, emp_avg: 0.06437624664903999, h: 1.2358183191653527, ucb: 1.3002612136597138,num_of_obs: 19, privacy reward: 0.4493289641172211, g: 0.00025195263290501383, curr_delay = 0.7922682530042079, data_size = 1666
user 22, emp_avg: 0.061683444747533366, h: 1.2358183191653527, ucb: 1.2973703557026086,num_of_obs: 19, privacy reward: 0.4493289641172211, g: 0.00025195263290501383, curr_delay = 0.7790564601124967, data_size = 1666
user 23, emp_avg: 0.06084736235775608, h: 1.2358183191653527, ucb: 1.2966810953256702,num_of_obs: 19, privacy reward: 0.4493289641172211, g: 0.00025195263290501383, curr_delay = 0.8257024648857759, data_size = 1666
user 24, emp_avg: 0.060420766581387966, h: 1.2358183191653527, ucb: 1.2960544726408625,num_of_obs: 19, privacy reward: 0.4493289641172211, g: 0.00025195263290501383, curr_delay = 0.7821248115746651, data_size = 1666
num of fast users chosen: 0, num of slow users chosen: 5
max_delay = 0.83 seconds
global epoch 126 has been done artifficialy in 0.83 secs, the total time by now is 68.67 
 with avg train loss 1.266, val loss 1.113, avg val acc 60.65%
iteration: 127
user 25, emp_avg: 0.059061978053522125, h: 1.2368279146512693, ucb: 1.295721788126512,num_of_obs: 19, privacy reward: 0.4493289641172211, g: 0.0002910561376678302, curr_delay = 0.8031358917527812, data_size = 1666
user 26, emp_avg: 0.057673914341231834, h: 1.2368279146512693, ucb: 1.29439076941269,num_of_obs: 19, privacy reward: 0.4493289641172211, g: 0.0002910561376678302, curr_delay = 0.8363435238372204, data_size = 1666
user 27, emp_avg: 0.056232153043812204, h: 1.2368279146512693, ucb: 1.2929313785470014,num_of_obs: 19, privacy reward: 0.4493289641172211, g: 0.0002910561376678302, curr_delay = 0.8521190525787293, data_size = 1666
user 28, emp_avg: 0.05550949082872033, h: 1.2368279146512693, ucb: 1.2924013522044535,num_of_obs: 19, privacy reward: 0.4493289641172211, g: 0.0002910561376678302, curr_delay = 0.9209035386353462, data_size = 1666
user 29, emp_avg: 0.055450221619072516, h: 1.2368279146512693, ucb: 1.292244504814948,num_of_obs: 19, privacy reward: 0.4493289641172211, g: 0.0002910561376678302, curr_delay = 0.8914369044419685, data_size = 1666
num of fast users chosen: 0, num of slow users chosen: 5
max_delay = 0.92 seconds
global epoch 127 has been done artifficialy in 0.92 secs, the total time by now is 69.59 
 with avg train loss 1.275, val loss 1.120, avg val acc 61.12%
iteration: 128
user 4, emp_avg: 0.5606847198295137, h: 1.1250542321907575, ucb: 1.6879880375211838,num_of_obs: 23, privacy reward: 0.3828928859751114, g: -0.00016954210069444468, curr_delay = 0.09824036701612926, data_size = 1666
user 5, emp_avg: 0.5629757699237514, h: 1.1250542321907575, ucb: 1.6974463670134288,num_of_obs: 23, privacy reward: 0.3828928859751114, g: -0.00016954210069444468, curr_delay = 0.14434206088112372, data_size = 1666
user 6, emp_avg: 0.4629945716379748, h: 1.1503395068713351, ucb: 1.6209344064859659,num_of_obs: 22, privacy reward: 0.39851904108451364, g: -2.7126736111111208e-05, curr_delay = 0.16904035605356565, data_size = 1666
user 7, emp_avg: 0.4536327801954142, h: 1.1503395068713351, ucb: 1.6109778257399174,num_of_obs: 22, privacy reward: 0.39851904108451364, g: -2.7126736111111208e-05, curr_delay = 0.16693881623133858, data_size = 1666
user 8, emp_avg: 0.4316343294609052, h: 1.1503395068713351, ucb: 1.5884466877907717,num_of_obs: 22, privacy reward: 0.39851904108451364, g: -2.7126736111111208e-05, curr_delay = 0.1728718454487594, data_size = 1666
num of fast users chosen: 5, num of slow users chosen: 0
max_delay = 0.17 seconds
global epoch 128 has been done artifficialy in 0.17 secs, the total time by now is 69.77 
 with avg train loss 1.268, val loss 1.133, avg val acc 60.36%
iteration: 129
user 9, emp_avg: 0.39998271058538015, h: 1.1512616483700517, ucb: 1.5476806517945692,num_of_obs: 22, privacy reward: 0.39851904108451364, g: -1.5023135628868511e-05, curr_delay = 0.10451848719030586, data_size = 1666
user 11, emp_avg: 0.29043007590980535, h: 1.1783538644302145, ucb: 1.4718381897019204,num_of_obs: 21, privacy reward: 0.4147829116815809, g: 1.5023135628868296e-05, curr_delay = 0.2209545916771602, data_size = 1666
user 12, emp_avg: 0.32077032518798715, h: 1.1783538644302145, ucb: 1.5004575067673755,num_of_obs: 21, privacy reward: 0.4147829116815809, g: 1.5023135628868296e-05, curr_delay = 0.17078213758386573, data_size = 1666
user 13, emp_avg: 0.23666476515919332, h: 1.207453403369464, ucb: 1.443738767584491,num_of_obs: 20, privacy reward: 0.43171052342907923, g: 0.00013520822065981596, curr_delay = 0.20470595737937164, data_size = 1666
user 14, emp_avg: 0.3090210473419236, h: 1.1783538644302145, ucb: 1.4866439508545857,num_of_obs: 21, privacy reward: 0.4147829116815809, g: 1.5023135628868296e-05, curr_delay = 0.1541443750189221, data_size = 1666
num of fast users chosen: 5, num of slow users chosen: 0
max_delay = 0.22 seconds
global epoch 129 has been done artifficialy in 0.22 secs, the total time by now is 69.99 
 with avg train loss 1.269, val loss 1.157, avg val acc 60.19%
iteration: 130
user 0, emp_avg: 0.78209072179716, h: 1.1031244773886106, ucb: 1.8827354288444065,num_of_obs: 24, privacy reward: 0.36787944117144167, g: -0.0003221564760026305, curr_delay = 0.059410278603907164, data_size = 1666
user 1, emp_avg: 0.5919001661909253, h: 1.1031244773886106, ucb: 1.6952823446436676,num_of_obs: 24, privacy reward: 0.36787944117144167, g: -0.0003221564760026305, curr_delay = 0.0853656999052845, data_size = 1666
user 2, emp_avg: 0.7247354729211485, h: 1.1031244773886106, ucb: 1.8403396502085498,num_of_obs: 24, privacy reward: 0.36787944117144167, g: -0.0003221564760026305, curr_delay = 0.11758545086718356, data_size = 1666
user 3, emp_avg: 0.6060260630448289, h: 1.1031244773886106, ucb: 1.716580562889292,num_of_obs: 24, privacy reward: 0.36787944117144167, g: -0.0003221564760026305, curr_delay = 0.11690286232496457, data_size = 1666
user 5, emp_avg: 0.555405194671765, h: 1.1031244773886106, ucb: 1.666100247312362,num_of_obs: 24, privacy reward: 0.36787944117144167, g: -0.0003221564760026305, curr_delay = 0.13379308611409194, data_size = 1666
num of fast users chosen: 5, num of slow users chosen: 0
max_delay = 0.13 seconds
global epoch 130 has been done artifficialy in 0.13 secs, the total time by now is 70.12 
 with avg train loss 1.259, val loss 1.137, avg val acc 60.70%
iteration: 131
user 15, emp_avg: 0.07022868098798697, h: 1.2093631369280053, ucb: 1.2796706034994878,num_of_obs: 20, privacy reward: 0.43171052342907923, g: 0.00019585753225983944, curr_delay = 0.7283006182637664, data_size = 1666
user 16, emp_avg: 0.07225674408757891, h: 1.2093631369280053, ucb: 1.2813072112269277,num_of_obs: 20, privacy reward: 0.43171052342907923, g: 0.00019585753225983944, curr_delay = 0.6368604117723888, data_size = 1666
user 17, emp_avg: 0.06679247883687081, h: 1.2093631369280053, ucb: 1.2762700469540245,num_of_obs: 20, privacy reward: 0.43171052342907923, g: 0.00019585753225983944, curr_delay = 0.7751474692204701, data_size = 1666
user 18, emp_avg: 0.06685250687766302, h: 1.2093631369280053, ucb: 1.2759256190633965,num_of_obs: 20, privacy reward: 0.43171052342907923, g: 0.00019585753225983944, curr_delay = 0.6882028108152229, data_size = 1666
user 21, emp_avg: 0.06539768462280339, h: 1.2093631369280053, ucb: 1.274973895090734,num_of_obs: 20, privacy reward: 0.43171052342907923, g: 0.00019585753225983944, curr_delay = 0.8178458702676684, data_size = 1666
num of fast users chosen: 0, num of slow users chosen: 5
max_delay = 0.82 seconds
global epoch 131 has been done artifficialy in 0.82 secs, the total time by now is 70.94 
 with avg train loss 1.240, val loss 1.126, avg val acc 60.68%
iteration: 132
user 19, emp_avg: 0.06395156928042896, h: 1.2103059847724091, ucb: 1.274297356474912,num_of_obs: 20, privacy reward: 0.43171052342907923, g: 0.0002295684113865928, curr_delay = 0.7916964239358214, data_size = 1666
user 20, emp_avg: 0.06429904684399884, h: 1.2103059847724091, ucb: 1.2746822314214492,num_of_obs: 20, privacy reward: 0.43171052342907923, g: 0.0002295684113865928, curr_delay = 0.7967486187625614, data_size = 1666
user 22, emp_avg: 0.0618394920154395, h: 1.2103059847724091, ucb: 1.2719894295199425,num_of_obs: 20, privacy reward: 0.43171052342907923, g: 0.0002295684113865928, curr_delay = 0.7696992511375733, data_size = 1666
user 23, emp_avg: 0.060750484722679694, h: 1.2103059847724091, ucb: 1.2711533471301653,num_of_obs: 20, privacy reward: 0.43171052342907923, g: 0.0002295684113865928, curr_delay = 0.8501531598869706, data_size = 1666
user 24, emp_avg: 0.0603206609943447, h: 1.2103059847724091, ucb: 1.2707267513537972,num_of_obs: 20, privacy reward: 0.43171052342907923, g: 0.0002295684113865928, curr_delay = 0.8573601476723435, data_size = 1666
num of fast users chosen: 0, num of slow users chosen: 5
max_delay = 0.86 seconds
global epoch 132 has been done artifficialy in 0.86 secs, the total time by now is 71.80 
 with avg train loss 1.242, val loss 1.090, avg val acc 61.38%
iteration: 133
user 25, emp_avg: 0.05936713606721119, h: 1.2112409910775501, ucb: 1.2703029691310723,num_of_obs: 20, privacy reward: 0.43171052342907923, g: 0.0002653877802275111, curr_delay = 0.7637051120035001, data_size = 1666
user 26, emp_avg: 0.05781106715251143, h: 1.2112409910775501, ucb: 1.268914905418782,num_of_obs: 20, privacy reward: 0.43171052342907923, g: 0.0002653877802275111, curr_delay = 0.8257076019051136, data_size = 1666
user 27, emp_avg: 0.056311565329001494, h: 1.2112409910775501, ucb: 1.2674731441213622,num_of_obs: 20, privacy reward: 0.43171052342907923, g: 0.0002653877802275111, curr_delay = 0.8635606767643182, data_size = 1666
user 28, emp_avg: 0.05579693014873304, h: 1.2112409910775501, ucb: 1.2667504819062705,num_of_obs: 20, privacy reward: 0.43171052342907923, g: 0.0002653877802275111, curr_delay = 0.8124042224807404, data_size = 1666
user 29, emp_avg: 0.05539028302550745, h: 1.2112409910775501, ucb: 1.2666912126966225,num_of_obs: 20, privacy reward: 0.43171052342907923, g: 0.0002653877802275111, curr_delay = 0.922653731831192, data_size = 1666
num of fast users chosen: 0, num of slow users chosen: 5
max_delay = 0.92 seconds
global epoch 133 has been done artifficialy in 0.92 secs, the total time by now is 72.72 
 with avg train loss 1.242, val loss 1.091, avg val acc 61.62%
iteration: 134
user 6, emp_avg: 0.4589389472646404, h: 1.1303527498606925, ucb: 1.5933473214986673,num_of_obs: 23, privacy reward: 0.3828928859751114, g: -2.475186257765902e-05, curr_delay = 0.13673920176482854, data_size = 1666
user 7, emp_avg: 0.4480873540053935, h: 1.1303527498606925, ucb: 1.5839855300561068,num_of_obs: 23, privacy reward: 0.3828928859751114, g: -2.475186257765902e-05, curr_delay = 0.15598553061044967, data_size = 1666
user 8, emp_avg: 0.4235515286480725, h: 1.1303527498606925, ucb: 1.5619870793215975,num_of_obs: 23, privacy reward: 0.3828928859751114, g: -2.475186257765902e-05, curr_delay = 0.21039599433759254, data_size = 1666
user 9, emp_avg: 0.3936995260941037, h: 1.1303527498606925, ucb: 1.5303354604460726,num_of_obs: 23, privacy reward: 0.3828928859751114, g: -2.475186257765902e-05, curr_delay = 0.20065309951745935, data_size = 1666
user 10, emp_avg: 0.37430988266807164, h: 1.1557571072226651, ucb: 1.5323575097582103,num_of_obs: 22, privacy reward: 0.39851904108451364, g: 6.1879656444146855e-06, curr_delay = 0.15435984174938636, data_size = 1666
num of fast users chosen: 5, num of slow users chosen: 0
max_delay = 0.21 seconds
global epoch 134 has been done artifficialy in 0.21 secs, the total time by now is 72.93 
 with avg train loss 1.250, val loss 1.112, avg val acc 61.83%
iteration: 135
user 10, emp_avg: 0.3776074882239914, h: 1.131210368907158, ucb: 1.5055202515752297,num_of_obs: 23, privacy reward: 0.3828928859751114, g: -1.3717421124828571e-05, curr_delay = 0.11026515293477056, data_size = 1666
user 11, emp_avg: 0.3047650123244959, h: 1.156634001013886, ucb: 1.4470640769236913,num_of_obs: 22, privacy reward: 0.39851904108451364, g: 1.3717421124828366e-05, curr_delay = 0.08062778555418182, data_size = 1666
user 12, emp_avg: 0.3237675468641056, h: 1.156634001013886, ucb: 1.4774043262018732,num_of_obs: 22, privacy reward: 0.39851904108451364, g: 1.3717421124828366e-05, curr_delay = 0.12830170855362624, data_size = 1666
user 13, emp_avg: 0.23982366267649463, h: 1.1838526426687728, ucb: 1.420517407827966,num_of_obs: 21, privacy reward: 0.4147829116815809, g: 0.00012345679012345652, curr_delay = 0.16331302790108343, data_size = 1666
user 14, emp_avg: 0.30618206390783614, h: 1.156634001013886, ucb: 1.4656550483558095,num_of_obs: 22, privacy reward: 0.39851904108451364, g: 1.3717421124828366e-05, curr_delay = 0.20514972724266406, data_size = 1666
num of fast users chosen: 5, num of slow users chosen: 0
max_delay = 0.21 seconds
global epoch 135 has been done artifficialy in 0.21 secs, the total time by now is 73.13 
 with avg train loss 1.267, val loss 1.103, avg val acc 61.56%
iteration: 136
user 0, emp_avg: 0.7820597771898452, h: 1.0858347814362241, ucb: 1.8679255032333841,num_of_obs: 25, privacy reward: 0.3534546819587796, g: -0.0002943579392541338, curr_delay = 0.06399703774550361, data_size = 1666
user 1, emp_avg: 0.6075963136451205, h: 1.0858347814362241, ucb: 1.6777349476271495,num_of_obs: 25, privacy reward: 0.3534546819587796, g: -0.0002943579392541338, curr_delay = 0.05, data_size = 1666
user 2, emp_avg: 0.7128670808703189, h: 1.0858347814362241, ucb: 1.8105702543573727,num_of_obs: 25, privacy reward: 0.3534546819587796, g: -0.0002943579392541338, curr_delay = 0.12014688304409649, data_size = 1666
user 3, emp_avg: 0.598398519115918, h: 1.0858347814362241, ucb: 1.691860844481053,num_of_obs: 25, privacy reward: 0.3534546819587796, g: -0.0002943579392541338, curr_delay = 0.12263621128097144, data_size = 1666
user 4, emp_avg: 0.570621000681966, h: 1.108225483118852, ucb: 1.6689102029483658,num_of_obs: 24, privacy reward: 0.36787944117144167, g: -9.611687812379895e-05, curr_delay = 0.061797689257710064, data_size = 1666
num of fast users chosen: 5, num of slow users chosen: 0
max_delay = 0.12 seconds
global epoch 136 has been done artifficialy in 0.12 secs, the total time by now is 73.26 
 with avg train loss 1.261, val loss 1.104, avg val acc 61.03%
iteration: 137
user 15, emp_avg: 0.0702534975582302, h: 1.1856259258091875, ucb: 1.2558546067971745,num_of_obs: 21, privacy reward: 0.4147829116815809, g: 0.00017907779376158042, curr_delay = 0.7064676851888717, data_size = 1666
user 16, emp_avg: 0.07192223113730438, h: 1.1856259258091875, ucb: 1.2578826698967664,num_of_obs: 21, privacy reward: 0.4147829116815809, g: 0.00017907779376158042, curr_delay = 0.7704461874252094, data_size = 1666
user 17, emp_avg: 0.06681015105115476, h: 1.1856259258091875, ucb: 1.2524184046460582,num_of_obs: 21, privacy reward: 0.4147829116815809, g: 0.00017907779376158042, curr_delay = 0.7442550851240698, data_size = 1666
user 18, emp_avg: 0.06673661209707057, h: 1.1856259258091875, ucb: 1.2524784326868506,num_of_obs: 21, privacy reward: 0.4147829116815809, g: 0.00017907779376158042, curr_delay = 0.777570854194729, data_size = 1666
user 21, emp_avg: 0.06505519009857406, h: 1.1856259258091875, ucb: 1.251023610431991,num_of_obs: 21, privacy reward: 0.4147829116815809, g: 0.00017907779376158042, curr_delay = 0.8641129638018539, data_size = 1666
num of fast users chosen: 0, num of slow users chosen: 5
max_delay = 0.86 seconds
global epoch 137 has been done artifficialy in 0.86 secs, the total time by now is 74.12 
 with avg train loss 1.220, val loss 1.091, avg val acc 61.82%
iteration: 138
user 19, emp_avg: 0.06400890506954338, h: 1.1865019035752842, ucb: 1.250453472855713,num_of_obs: 21, privacy reward: 0.4147829116815809, g: 0.0002100399075824401, curr_delay = 0.7667188021437743, data_size = 1666
user 20, emp_avg: 0.06461678001521733, h: 1.1865019035752842, ucb: 1.250800950419283,num_of_obs: 21, privacy reward: 0.4147829116815809, g: 0.0002100399075824401, curr_delay = 0.7013687403484646, data_size = 1666
user 22, emp_avg: 0.0617314914091165, h: 1.1865019035752842, ucb: 1.2483413955907237,num_of_obs: 21, privacy reward: 0.4147829116815809, g: 0.0002100399075824401, curr_delay = 0.8408522527273525, data_size = 1666
user 23, emp_avg: 0.060986243318174045, h: 1.1865019035752842, ucb: 1.2472523882979638,num_of_obs: 21, privacy reward: 0.4147829116815809, g: 0.0002100399075824401, curr_delay = 0.7582975899725014, data_size = 1666
user 24, emp_avg: 0.06025150776250244, h: 1.1865019035752842, ucb: 1.246822564569629,num_of_obs: 21, privacy reward: 0.4147829116815809, g: 0.0002100399075824401, curr_delay = 0.8503504054265716, data_size = 1666
num of fast users chosen: 0, num of slow users chosen: 5
max_delay = 0.85 seconds
global epoch 138 has been done artifficialy in 0.85 secs, the total time by now is 74.97 
 with avg train loss 1.234, val loss 1.086, avg val acc 61.73%
iteration: 139
user 25, emp_avg: 0.0592468707852853, h: 1.1873709172706721, ucb: 1.2467380533378833,num_of_obs: 21, privacy reward: 0.4147829116815809, g: 0.0002429710907532962, curr_delay = 0.8815030706126707, data_size = 1666
user 26, emp_avg: 0.057631708100910714, h: 1.1873709172706721, ucb: 1.2451819844231835,num_of_obs: 21, privacy reward: 0.4147829116815809, g: 0.0002429710907532962, curr_delay = 0.9282436468766866, data_size = 1666
user 27, emp_avg: 0.056379906912753956, h: 1.1873709172706721, ucb: 1.2436824825996735,num_of_obs: 21, privacy reward: 0.4147829116815809, g: 0.0002429710907532962, curr_delay = 0.8648262676733187, data_size = 1666
user 28, emp_avg: 0.055777599830097675, h: 1.1873709172706721, ucb: 1.2431678474194052,num_of_obs: 21, privacy reward: 0.4147829116815809, g: 0.0002429710907532962, curr_delay = 0.9029889507690188, data_size = 1666
user 29, emp_avg: 0.05546497823384954, h: 1.1873709172706721, ucb: 1.2427612002961796,num_of_obs: 21, privacy reward: 0.4147829116815809, g: 0.0002429710907532962, curr_delay = 0.8766765490804609, data_size = 1666
num of fast users chosen: 0, num of slow users chosen: 5
max_delay = 0.93 seconds
global epoch 139 has been done artifficialy in 0.93 secs, the total time by now is 75.90 
 with avg train loss 1.239, val loss 1.090, avg val acc 61.58%
iteration: 140
user 0, emp_avg: 0.790131637293925, h: 1.067885303111784, ucb: 1.8499450803016293,num_of_obs: 26, privacy reward: 0.33959552564493856, g: -0.00036281179138322056, curr_delay = 0.05, data_size = 1666
user 1, emp_avg: 0.607195925186076, h: 1.067885303111784, ucb: 1.6754816167569047,num_of_obs: 26, privacy reward: 0.33959552564493856, g: -0.00036281179138322056, curr_delay = 0.08378215078915029, data_size = 1666
user 3, emp_avg: 0.5985125034035124, h: 1.067885303111784, ucb: 1.666283822227702,num_of_obs: 26, privacy reward: 0.33959552564493856, g: -0.00036281179138322056, curr_delay = 0.08312882328248639, data_size = 1666
user 4, emp_avg: 0.5605993862294478, h: 1.0890335997691867, ucb: 1.6596546004511525,num_of_obs: 25, privacy reward: 0.3534546819587796, g: -0.0001417233560090706, curr_delay = 0.16125961827257373, data_size = 1666
user 5, emp_avg: 0.5459735660036411, h: 1.0890335997691867, ucb: 1.6444387944409518,num_of_obs: 25, privacy reward: 0.3534546819587796, g: -0.0001417233560090706, curr_delay = 0.16119524374977143, data_size = 1666
num of fast users chosen: 5, num of slow users chosen: 0
max_delay = 0.16 seconds
global epoch 140 has been done artifficialy in 0.16 secs, the total time by now is 76.06 
 with avg train loss 1.253, val loss 1.118, avg val acc 61.58%
iteration: 141
user 6, emp_avg: 0.4805813893740548, h: 1.1122904173796258, ucb: 1.571229364644266,num_of_obs: 24, privacy reward: 0.36787944117144167, g: -1.2574820180071461e-05, curr_delay = 0.05, data_size = 1666
user 7, emp_avg: 0.4701638598451778, h: 1.1122904173796258, ucb: 1.5603777713850193,num_of_obs: 24, privacy reward: 0.36787944117144167, g: -1.2574820180071461e-05, curr_delay = 0.05, data_size = 1666
user 8, emp_avg: 0.4317948016895933, h: 1.1122904173796258, ucb: 1.5358419460276982,num_of_obs: 24, privacy reward: 0.36787944117144167, g: -1.2574820180071461e-05, curr_delay = 0.07941129488752673, data_size = 1666
user 9, emp_avg: 0.39277935742966635, h: 1.1122904173796258, ucb: 1.5059899434737294,num_of_obs: 24, privacy reward: 0.36787944117144167, g: -1.2574820180071461e-05, curr_delay = 0.13488166351419706, data_size = 1666
user 10, emp_avg: 0.37404891345076857, h: 1.1122904173796258, ucb: 1.4898979056036172,num_of_obs: 24, privacy reward: 0.36787944117144167, g: -1.2574820180071461e-05, curr_delay = 0.17322429230839254, data_size = 1666
num of fast users chosen: 5, num of slow users chosen: 0
max_delay = 0.17 seconds
global epoch 141 has been done artifficialy in 0.17 secs, the total time by now is 76.23 
 with avg train loss 1.225, val loss 1.085, avg val acc 61.51%
iteration: 142
user 7, emp_avg: 0.4656432560109701, h: 1.0905954767118295, ucb: 1.5607593365570074,num_of_obs: 25, privacy reward: 0.3534546819587796, g: -8.816592827701729e-05, curr_delay = 0.14179241946505783, data_size = 1666
user 11, emp_avg: 0.3036603202914048, h: 1.1370243839993162, ucb: 1.441789396323812,num_of_obs: 23, privacy reward: 0.3828928859751114, g: 2.204148206925419e-05, curr_delay = 0.17969296712491306, data_size = 1666
user 12, emp_avg: 0.31980276893396087, h: 1.1370243839993162, ucb: 1.4607919308634219,num_of_obs: 23, privacy reward: 0.3828928859751114, g: 2.204148206925419e-05, curr_delay = 0.2187103401899299, data_size = 1666
user 13, emp_avg: 0.24303909591695277, h: 1.1625786844457524, ucb: 1.402402347122247,num_of_obs: 22, privacy reward: 0.39851904108451364, g: 0.00013775926293283967, curr_delay = 0.15934801055461878, data_size = 1666
user 14, emp_avg: 0.32260335744599344, h: 1.1370243839993162, ucb: 1.4432064479071522,num_of_obs: 23, privacy reward: 0.3828928859751114, g: 2.204148206925419e-05, curr_delay = 0.07139867488342502, data_size = 1666
num of fast users chosen: 5, num of slow users chosen: 0
max_delay = 0.22 seconds
global epoch 142 has been done artifficialy in 0.22 secs, the total time by now is 76.45 
 with avg train loss 1.243, val loss 1.104, avg val acc 61.10%
iteration: 143
user 1, emp_avg: 0.6212246421437161, h: 1.0501687303857317, ucb: 1.6573646555718078,num_of_obs: 27, privacy reward: 0.3262797946230388, g: -0.0004903798610092316, curr_delay = 0.05, data_size = 1666
user 2, emp_avg: 0.7109640590782603, h: 1.0701737418532966, ucb: 1.7830408227236156,num_of_obs: 26, privacy reward: 0.33959552564493856, g: -0.00022956841138659364, curr_delay = 0.07558744759795875, data_size = 1666
user 3, emp_avg: 0.5955253953666455, h: 1.0501687303857317, ucb: 1.648681233789244,num_of_obs: 27, privacy reward: 0.3262797946230388, g: -0.0004903798610092316, curr_delay = 0.09711123625588765, data_size = 1666
user 4, emp_avg: 0.5585324182191118, h: 1.0701737418532966, ucb: 1.6307731280827444,num_of_obs: 26, privacy reward: 0.33959552564493856, g: -0.00022956841138659364, curr_delay = 0.09905084528488847, data_size = 1666
user 5, emp_avg: 0.5514032440139498, h: 1.0701737418532966, ucb: 1.6161473078569377,num_of_obs: 26, privacy reward: 0.33959552564493856, g: -0.00022956841138659364, curr_delay = 0.07219436049600567, data_size = 1666
num of fast users chosen: 5, num of slow users chosen: 0
max_delay = 0.10 seconds
global epoch 143 has been done artifficialy in 0.10 secs, the total time by now is 76.55 
 with avg train loss 1.222, val loss 1.085, avg val acc 62.33%
iteration: 144
user 15, emp_avg: 0.0701735482395301, h: 1.1642180324823574, ucb: 1.2344715300405877,num_of_obs: 22, privacy reward: 0.39851904108451364, g: 0.00019290123456790063, curr_delay = 0.7308374789959197, data_size = 1666
user 16, emp_avg: 0.07201172126095336, h: 1.1642180324823574, ucb: 1.236140263619662,num_of_obs: 22, privacy reward: 0.39851904108451364, g: 0.00019290123456790063, curr_delay = 0.6758537359070318, data_size = 1666
user 17, emp_avg: 0.06694362984294978, h: 1.1642180324823574, ucb: 1.2310281835335122,num_of_obs: 22, privacy reward: 0.39851904108451364, g: 0.00019290123456790063, curr_delay = 0.7155106351457898, data_size = 1666
user 18, emp_avg: 0.06664883117058353, h: 1.1642180324823574, ucb: 1.230954644579428,num_of_obs: 22, privacy reward: 0.39851904108451364, g: 0.00019290123456790063, curr_delay = 0.7725867578829474, data_size = 1666
user 21, emp_avg: 0.06484669165427423, h: 1.1642180324823574, ucb: 1.2292732225809315,num_of_obs: 22, privacy reward: 0.39851904108451364, g: 0.00019290123456790063, curr_delay = 0.8297415773154436, data_size = 1666
num of fast users chosen: 0, num of slow users chosen: 5
max_delay = 0.83 seconds
global epoch 144 has been done artifficialy in 0.83 secs, the total time by now is 77.38 
 with avg train loss 1.204, val loss 1.071, avg val acc 62.60%
iteration: 145
user 19, emp_avg: 0.06393562296331896, h: 1.1650283347027044, ucb: 1.2290372397722478,num_of_obs: 22, privacy reward: 0.39851904108451364, g: 0.00022327916501519335, curr_delay = 0.8022666712857115, data_size = 1666
user 20, emp_avg: 0.06440355289804177, h: 1.1650283347027044, ucb: 1.2296451147179217,num_of_obs: 22, privacy reward: 0.39851904108451364, g: 0.00022327916501519335, curr_delay = 0.8373448246278297, data_size = 1666
user 22, emp_avg: 0.06188627177937856, h: 1.1650283347027044, ucb: 1.2267598261118209,num_of_obs: 22, privacy reward: 0.39851904108451364, g: 0.00022327916501519335, curr_delay = 0.7657971712268037, data_size = 1666
user 23, emp_avg: 0.06092193052519995, h: 1.1650283347027044, ucb: 1.2260145780208784,num_of_obs: 22, privacy reward: 0.39851904108451364, g: 0.00022327916501519335, curr_delay = 0.8402365900042275, data_size = 1666
user 24, emp_avg: 0.0603395839508224, h: 1.1650283347027044, ucb: 1.225279842465207,num_of_obs: 22, privacy reward: 0.39851904108451364, g: 0.00022327916501519335, curr_delay = 0.8028612678952508, data_size = 1666
num of fast users chosen: 0, num of slow users chosen: 5
max_delay = 0.84 seconds
global epoch 145 has been done artifficialy in 0.84 secs, the total time by now is 78.22 
 with avg train loss 1.217, val loss 1.094, avg val acc 61.06%
iteration: 146
user 25, emp_avg: 0.05904286898319399, h: 1.16583251039079, ucb: 1.2250793811760754,num_of_obs: 22, privacy reward: 0.39851904108451364, g: 0.0002554158587185421, curr_delay = 0.9165091451568236, data_size = 1666
user 26, emp_avg: 0.057707696675517776, h: 1.16583251039079, ucb: 1.2234642184917008,num_of_obs: 22, privacy reward: 0.39851904108451364, g: 0.0002554158587185421, curr_delay = 0.8420422207243506, data_size = 1666
user 27, emp_avg: 0.05625045073435841, h: 1.16583251039079, ucb: 1.222212417303544,num_of_obs: 22, privacy reward: 0.39851904108451364, g: 0.0002554158587185421, curr_delay = 0.9362872480245775, data_size = 1666
user 28, emp_avg: 0.05576276583016533, h: 1.16583251039079, ucb: 1.2216101102208878,num_of_obs: 22, privacy reward: 0.39851904108451364, g: 0.0002554158587185421, curr_delay = 0.9019341789333718, data_size = 1666
user 29, emp_avg: 0.05545700393792255, h: 1.16583251039079, ucb: 1.2212974886246395,num_of_obs: 22, privacy reward: 0.39851904108451364, g: 0.0002554158587185421, curr_delay = 0.9044605737097846, data_size = 1666
num of fast users chosen: 0, num of slow users chosen: 5
max_delay = 0.94 seconds
global epoch 146 has been done artifficialy in 0.94 secs, the total time by now is 79.16 
 with avg train loss 1.278, val loss 1.175, avg val acc 58.64%
iteration: 147
user 6, emp_avg: 0.4748796648672574, h: 1.0943965555624235, ucb: 1.5749779449364785,num_of_obs: 25, privacy reward: 0.3534546819587796, g: -1.1569253551760866e-05, curr_delay = 0.15044989685730625, data_size = 1666
user 9, emp_avg: 0.40035483506629765, h: 1.0943965555624235, ucb: 1.4871759129920898,num_of_obs: 25, privacy reward: 0.3534546819587796, g: -1.1569253551760866e-05, curr_delay = 0.08478286944610013, data_size = 1666
user 10, emp_avg: 0.37066301940527524, h: 1.0943965555624235, ucb: 1.468445469013192,num_of_obs: 25, privacy reward: 0.3534546819587796, g: -1.1569253551760866e-05, curr_delay = 0.17481559770061048, data_size = 1666
user 12, emp_avg: 0.32682574461141134, h: 1.1169638072447488, ucb: 1.4367665761787096,num_of_obs: 24, privacy reward: 0.36787944117144167, g: 1.1569253551760866e-05, curr_delay = 0.10093319585458009, data_size = 1666
user 14, emp_avg: 0.31800565995366176, h: 1.1169638072447488, ucb: 1.4395671646907422,num_of_obs: 24, privacy reward: 0.36787944117144167, g: 1.1569253551760866e-05, curr_delay = 0.24077712824755232, data_size = 1666
num of fast users chosen: 5, num of slow users chosen: 0
max_delay = 0.24 seconds
global epoch 147 has been done artifficialy in 0.24 secs, the total time by now is 79.40 
 with avg train loss 1.220, val loss 1.079, avg val acc 61.79%
iteration: 148
user 8, emp_avg: 0.4256060011977941, h: 1.0951396923239463, ucb: 1.5269344940135396,num_of_obs: 25, privacy reward: 0.3534546819587796, g: -5.072640207775364e-06, curr_delay = 0.18457949856512568, data_size = 1666
user 11, emp_avg: 0.3035392778031643, h: 1.11772226802593, ucb: 1.4213825883173348,num_of_obs: 24, privacy reward: 0.36787944117144167, g: 2.029056083110121e-05, curr_delay = 0.16631504446109385, data_size = 1666
user 12, emp_avg: 0.32232408330894824, h: 1.0951396923239463, ucb: 1.4219654369353576,num_of_obs: 25, privacy reward: 0.3534546819587796, g: -5.072640207775364e-06, curr_delay = 0.2383420347491742, data_size = 1666
user 13, emp_avg: 0.24235100588191397, h: 1.1417620562778639, ucb: 1.3848011521948167,num_of_obs: 23, privacy reward: 0.3828928859751114, g: 0.00012681600519438347, curr_delay = 0.22072625242435273, data_size = 1666
user 14, emp_avg: 0.3139989076363055, h: 1.0951396923239463, ucb: 1.413145352277608,num_of_obs: 25, privacy reward: 0.3534546819587796, g: -5.072640207775364e-06, curr_delay = 0.23383050407584313, data_size = 1666
num of fast users chosen: 5, num of slow users chosen: 0
max_delay = 0.24 seconds
global epoch 148 has been done artifficialy in 0.24 secs, the total time by now is 79.64 
 with avg train loss 1.224, val loss 1.061, avg val acc 62.50%
iteration: 149
user 0, emp_avg: 0.7853542101426971, h: 1.054508448514226, ucb: 1.8446400858081509,num_of_obs: 27, privacy reward: 0.3262797946230388, g: -0.0002114519365994524, curr_delay = 0.07617728059541001, data_size = 1666
user 1, emp_avg: 0.613400525309466, h: 1.035506739918618, ucb: 1.656731382062334,num_of_obs: 28, privacy reward: 0.3134861808826046, g: -0.0004516813556946891, curr_delay = 0.1267988785883885, data_size = 1666
user 2, emp_avg: 0.7212867712540367, h: 1.054508448514226, ucb: 1.7654725075924862,num_of_obs: 27, privacy reward: 0.3262797946230388, g: -0.0002114519365994524, curr_delay = 0.05, data_size = 1666
user 4, emp_avg: 0.5682921483940231, h: 1.054508448514226, ucb: 1.6130408667333378,num_of_obs: 27, privacy reward: 0.3262797946230388, g: -0.0002114519365994524, curr_delay = 0.06011025207602025, data_size = 1666
user 5, emp_avg: 0.5434837160031861, h: 1.054508448514226, ucb: 1.6059116925281758,num_of_obs: 27, privacy reward: 0.3262797946230388, g: -0.0002114519365994524, curr_delay = 0.15167304788626176, data_size = 1666
num of fast users chosen: 5, num of slow users chosen: 0
max_delay = 0.15 seconds
global epoch 149 has been done artifficialy in 0.15 secs, the total time by now is 79.79 
 with avg train loss 1.241, val loss 1.193, avg val acc 57.70%
iteration: 150
user 15, emp_avg: 0.06978423896963992, h: 1.1432944724058653, ucb: 1.2134680206453954,num_of_obs: 23, privacy reward: 0.3828928859751114, g: 0.00017777777777777784, curr_delay = 0.8219611479267792, data_size = 1666
user 16, emp_avg: 0.07198352837608786, h: 1.1432944724058653, ucb: 1.2153061936668188,num_of_obs: 23, privacy reward: 0.3828928859751114, g: 0.00017777777777777784, curr_delay = 0.7009172986424537, data_size = 1666
user 17, emp_avg: 0.06692534684251128, h: 1.1432944724058653, ucb: 1.2102381022488151,num_of_obs: 23, privacy reward: 0.3828928859751114, g: 0.00017777777777777784, curr_delay = 0.7518250044603751, data_size = 1666
user 18, emp_avg: 0.06687443499398875, h: 1.1432944724058653, ucb: 1.2099433035764489,num_of_obs: 23, privacy reward: 0.3828928859751114, g: 0.00017777777777777784, curr_delay = 0.6938342275302295, data_size = 1666
user 21, emp_avg: 0.06490000039298738, h: 1.1432944724058653, ucb: 1.2081411640601396,num_of_obs: 23, privacy reward: 0.3828928859751114, g: 0.00017777777777777784, curr_delay = 0.7561310731159998, data_size = 1666
num of fast users chosen: 0, num of slow users chosen: 5
max_delay = 0.82 seconds
global epoch 150 has been done artifficialy in 0.82 secs, the total time by now is 80.61 
 with avg train loss 1.188, val loss 1.045, avg val acc 63.90%
iteration: 151
user 19, emp_avg: 0.06400960655960679, h: 1.144052275730394, ucb: 1.207987898693713,num_of_obs: 23, privacy reward: 0.3828928859751114, g: 0.0002058876559994929, curr_delay = 0.7609049557015509, data_size = 1666
user 20, emp_avg: 0.06439496060679957, h: 1.144052275730394, ucb: 1.2084558286284357,num_of_obs: 23, privacy reward: 0.3828928859751114, g: 0.0002058876559994929, curr_delay = 0.7788484948001412, data_size = 1666
user 22, emp_avg: 0.06164742884277515, h: 1.144052275730394, ucb: 1.2059385475097726,num_of_obs: 23, privacy reward: 0.3828928859751114, g: 0.0002058876559994929, curr_delay = 0.8904078645395992, data_size = 1666
user 23, emp_avg: 0.06089947612874797, h: 1.144052275730394, ucb: 1.204974206255594,num_of_obs: 23, privacy reward: 0.3828928859751114, g: 0.0002058876559994929, curr_delay = 0.828047286326373, data_size = 1666
user 24, emp_avg: 0.06032148985232904, h: 1.144052275730394, ucb: 1.2043918596812164,num_of_obs: 23, privacy reward: 0.3828928859751114, g: 0.0002058876559994929, curr_delay = 0.8346503338405317, data_size = 1666
num of fast users chosen: 0, num of slow users chosen: 5
max_delay = 0.89 seconds
global epoch 151 has been done artifficialy in 0.89 secs, the total time by now is 81.50 
 with avg train loss 1.198, val loss 1.044, avg val acc 63.47%
iteration: 152
user 25, emp_avg: 0.059157032811001146, h: 1.1448045803443003, ucb: 1.2038474493274942,num_of_obs: 23, privacy reward: 0.3828928859751114, g: 0.0002356494305940287, curr_delay = 0.809286715908774, data_size = 1666
user 26, emp_avg: 0.05754315094979793, h: 1.1448045803443003, ucb: 1.202512277019818,num_of_obs: 23, privacy reward: 0.3828928859751114, g: 0.0002356494305940287, curr_delay = 0.9300837575736265, data_size = 1666
user 27, emp_avg: 0.05611483267132441, h: 1.1448045803443003, ucb: 1.2010550310786587,num_of_obs: 23, privacy reward: 0.3828928859751114, g: 0.0002356494305940287, curr_delay = 0.943474246011335, data_size = 1666
user 28, emp_avg: 0.05578318130284057, h: 1.1448045803443003, ucb: 1.2005673461744657,num_of_obs: 23, privacy reward: 0.3828928859751114, g: 0.0002356494305940287, curr_delay = 0.8888456368800517, data_size = 1666
user 29, emp_avg: 0.055491332437473916, h: 1.1448045803443003, ucb: 1.2002615842822228,num_of_obs: 23, privacy reward: 0.3828928859751114, g: 0.0002356494305940287, curr_delay = 0.8884010512541198, data_size = 1666
num of fast users chosen: 0, num of slow users chosen: 5
max_delay = 0.94 seconds
global epoch 152 has been done artifficialy in 0.94 secs, the total time by now is 82.45 
 with avg train loss 1.223, val loss 1.063, avg val acc 62.59%
iteration: 153
user 6, emp_avg: 0.4789943041113812, h: 1.0774369074577408, ucb: 1.5523165723249983,num_of_obs: 26, privacy reward: 0.33959552564493856, g: -1.067965312486661e-05, curr_delay = 0.0853278833496101, data_size = 1666
user 7, emp_avg: 0.4604320772759659, h: 1.0774369074577408, ucb: 1.5430801634687108,num_of_obs: 26, privacy reward: 0.33959552564493856, g: -1.067965312486661e-05, curr_delay = 0.1538738842088532, data_size = 1666
user 8, emp_avg: 0.4196924368360424, h: 1.0774369074577408, ucb: 1.503042908655535,num_of_obs: 26, privacy reward: 0.33959552564493856, g: -1.067965312486661e-05, curr_delay = 0.18801250085742638, data_size = 1666
user 9, emp_avg: 0.4023898838816199, h: 1.0774369074577408, ucb: 1.4777917425240386,num_of_obs: 26, privacy reward: 0.33959552564493856, g: -1.067965312486661e-05, curr_delay = 0.10981742449313477, data_size = 1666
user 10, emp_avg: 0.3678228571780439, h: 1.0774369074577408, ucb: 1.4480999268630161,num_of_obs: 26, privacy reward: 0.33959552564493856, g: -1.067965312486661e-05, curr_delay = 0.17008038449376378, data_size = 1666
num of fast users chosen: 5, num of slow users chosen: 0
max_delay = 0.19 seconds
global epoch 153 has been done artifficialy in 0.19 secs, the total time by now is 82.63 
 with avg train loss 1.186, val loss 1.070, avg val acc 62.96%
iteration: 154
user 0, emp_avg: 0.7927557891032938, h: 1.038916255639256, ucb: 1.824270465781953,num_of_obs: 28, privacy reward: 0.3134861808826046, g: -0.00022956841138659364, curr_delay = 0.05, data_size = 1666
user 1, emp_avg: 0.6108908629033085, h: 1.0208467684414262, ucb: 1.6342472937508923,num_of_obs: 29, privacy reward: 0.3011942119122014, g: -0.00046850696201345624, curr_delay = 0.09291769213201095, data_size = 1666
user 2, emp_avg: 0.711151398818546, h: 1.038916255639256, ucb: 1.7602030268932927,num_of_obs: 28, privacy reward: 0.3134861808826046, g: -0.00022956841138659364, curr_delay = 0.11699711353355288, data_size = 1666
user 3, emp_avg: 0.5907462498266122, h: 1.038916255639256, ucb: 1.6344416510059014,num_of_obs: 28, privacy reward: 0.3134861808826046, g: -0.00022956841138659364, curr_delay = 0.10942590962001247, data_size = 1666
user 4, emp_avg: 0.5808319514052577, h: 1.038916255639256, ucb: 1.607208404033279,num_of_obs: 28, privacy reward: 0.3134861808826046, g: -0.00022956841138659364, curr_delay = 0.05365115213019777, data_size = 1666
num of fast users chosen: 5, num of slow users chosen: 0
max_delay = 0.12 seconds
global epoch 154 has been done artifficialy in 0.12 secs, the total time by now is 82.75 
 with avg train loss 1.215, val loss 1.086, avg val acc 61.95%
iteration: 155
user 7, emp_avg: 0.4627515018686882, h: 1.0586600668265362, ucb: 1.519092144102502,num_of_obs: 27, privacy reward: 0.3262797946230388, g: -5.6653948433345045e-05, curr_delay = 0.09516994161884385, data_size = 1666
user 11, emp_avg: 0.30911725658717065, h: 1.100191814212694, ucb: 1.4037310920158583,num_of_obs: 25, privacy reward: 0.3534546819587796, g: 2.8905075731298364e-05, curr_delay = 0.11146613665481558, data_size = 1666
user 12, emp_avg: 0.32114409470842253, h: 1.078826832570303, ucb: 1.4011509158792512,num_of_obs: 26, privacy reward: 0.33959552564493856, g: -1.1562030292519823e-06, curr_delay = 0.17213813993361107, data_size = 1666
user 13, emp_avg: 0.24064316555148796, h: 1.1228785683366709, ucb: 1.365229574218585,num_of_obs: 24, privacy reward: 0.36787944117144167, g: 0.00013990056653948396, curr_delay = 0.2504319981754113, data_size = 1666
user 14, emp_avg: 0.31013912097299384, h: 1.078826832570303, ucb: 1.3928257402066084,num_of_obs: 26, privacy reward: 0.33959552564493856, g: -1.1562030292519823e-06, curr_delay = 0.23833962959148575, data_size = 1666
num of fast users chosen: 5, num of slow users chosen: 0
max_delay = 0.25 seconds
global epoch 155 has been done artifficialy in 0.25 secs, the total time by now is 83.00 
 with avg train loss 1.202, val loss 1.050, avg val acc 63.35%
iteration: 156
user 0, emp_avg: 0.7822881975337813, h: 1.0221535083358821, ucb: 1.814909297439176,num_of_obs: 29, privacy reward: 0.3011942119122014, g: -0.0003698224852071012, curr_delay = 0.10444343262041111, data_size = 1666
user 2, emp_avg: 0.7116723548569125, h: 1.0221535083358821, ucb: 1.7333049071544282,num_of_obs: 29, privacy reward: 0.3011942119122014, g: -0.0003698224852071012, curr_delay = 0.06879660213320041, data_size = 1666
user 3, emp_avg: 0.6043880414990584, h: 1.0221535083358821, ucb: 1.6128997581624942,num_of_obs: 29, privacy reward: 0.3011942119122014, g: -0.0003698224852071012, curr_delay = 0.05, data_size = 1666
user 4, emp_avg: 0.5748768458500144, h: 1.0221535083358821, ucb: 1.6029854597411397,num_of_obs: 29, privacy reward: 0.3011942119122014, g: -0.0003698224852071012, curr_delay = 0.12432281834889486, data_size = 1666
user 5, emp_avg: 0.5470465456056179, h: 1.040246125469099, ucb: 1.5837298414722851,num_of_obs: 28, privacy reward: 0.3134861808826046, g: -0.00016436554898093385, curr_delay = 0.07730295859013295, data_size = 1666
num of fast users chosen: 5, num of slow users chosen: 0
max_delay = 0.12 seconds
global epoch 156 has been done artifficialy in 0.12 secs, the total time by now is 83.12 
 with avg train loss 1.213, val loss 1.077, avg val acc 62.19%
iteration: 157
user 15, emp_avg: 0.06984385939522492, h: 1.1243048747279702, ucb: 1.1940891136976102,num_of_obs: 24, privacy reward: 0.36787944117144167, g: 0.00019045171992553218, curr_delay = 0.7015107071453066, data_size = 1666
user 16, emp_avg: 0.07196775462965457, h: 1.1243048747279702, ucb: 1.1962884031040582,num_of_obs: 24, privacy reward: 0.36787944117144167, g: 0.00019045171992553218, curr_delay = 0.6984295211472789, data_size = 1666
user 17, emp_avg: 0.06698573709521381, h: 1.1243048747279702, ucb: 1.1912302215704815,num_of_obs: 24, privacy reward: 0.36787944117144167, g: 0.00019045171992553218, curr_delay = 0.730619195284128, data_size = 1666
user 18, emp_avg: 0.06693299125012381, h: 1.1243048747279702, ucb: 1.191179309721959,num_of_obs: 24, privacy reward: 0.36787944117144167, g: 0.00019045171992553218, curr_delay = 0.731653695094327, data_size = 1666
user 21, emp_avg: 0.06491244469721762, h: 1.1243048747279702, ucb: 1.1892048751209576,num_of_obs: 24, privacy reward: 0.36787944117144167, g: 0.00019045171992553218, curr_delay = 0.7667405375317895, data_size = 1666
num of fast users chosen: 0, num of slow users chosen: 5
max_delay = 0.77 seconds
global epoch 157 has been done artifficialy in 0.77 secs, the total time by now is 83.89 
 with avg train loss 1.217, val loss 1.104, avg val acc 60.75%
iteration: 158
user 19, emp_avg: 0.06404872836587935, h: 1.1250105591756647, ucb: 1.1890201657352715,num_of_obs: 24, privacy reward: 0.36787944117144167, g: 0.0002180918300129961, curr_delay = 0.7693769305310368, data_size = 1666
user 20, emp_avg: 0.06438935739687816, h: 1.1250105591756647, ucb: 1.1894055197824642,num_of_obs: 24, privacy reward: 0.36787944117144167, g: 0.0002180918300129961, curr_delay = 0.7781510092436104, data_size = 1666
user 22, emp_avg: 0.06184169632615779, h: 1.1250105591756647, ucb: 1.1866579880184398,num_of_obs: 24, privacy reward: 0.36787944117144167, g: 0.0002180918300129961, curr_delay = 0.7518331655536523, data_size = 1666
user 23, emp_avg: 0.06098651043031825, h: 1.1250105591756647, ucb: 1.1859100353044127,num_of_obs: 24, privacy reward: 0.36787944117144167, g: 0.0002180918300129961, curr_delay = 0.79270290131438, data_size = 1666
user 24, emp_avg: 0.06020444382782442, h: 1.1250105591756647, ucb: 1.1853320490279937,num_of_obs: 24, privacy reward: 0.36787944117144167, g: 0.0002180918300129961, curr_delay = 0.8711508750069973, data_size = 1666
num of fast users chosen: 0, num of slow users chosen: 5
max_delay = 0.87 seconds
global epoch 158 has been done artifficialy in 0.87 secs, the total time by now is 84.76 
 with avg train loss 1.191, val loss 1.046, avg val acc 63.50%
iteration: 159
user 25, emp_avg: 0.05933141562226034, h: 1.1257113531252396, ucb: 1.1848683859362408,num_of_obs: 24, privacy reward: 0.36787944117144167, g: 0.0002472212333372888, curr_delay = 0.787195749860856, data_size = 1666
user 26, emp_avg: 0.05741311579258746, h: 1.1257113531252396, ucb: 1.1832545040750375,num_of_obs: 24, privacy reward: 0.36787944117144167, g: 0.0002472212333372888, curr_delay = 0.9209413815286334, data_size = 1666
user 27, emp_avg: 0.05617052043273157, h: 1.1257113531252396, ucb: 1.181826185796564,num_of_obs: 24, privacy reward: 0.36787944117144167, g: 0.0002472212333372888, curr_delay = 0.8694589663830693, data_size = 1666
user 28, emp_avg: 0.05560324918952309, h: 1.1257113531252396, ucb: 1.1814945344280803,num_of_obs: 24, privacy reward: 0.36787944117144167, g: 0.0002472212333372888, curr_delay = 0.9749462510541451, data_size = 1666
user 29, emp_avg: 0.05538974347445433, h: 1.1257113531252396, ucb: 1.1812026855627136,num_of_obs: 24, privacy reward: 0.36787944117144167, g: 0.0002472212333372888, curr_delay = 0.9442583813166416, data_size = 1666
num of fast users chosen: 0, num of slow users chosen: 5
max_delay = 0.97 seconds
global epoch 159 has been done artifficialy in 0.97 secs, the total time by now is 85.74 
 with avg train loss 1.194, val loss 1.034, avg val acc 63.75%
iteration: 160
user 5, emp_avg: 0.5409422454957818, h: 1.0247126239939255, ucb: 1.5717591695995434,num_of_obs: 29, privacy reward: 0.3011942119122014, g: -0.0002126736111111112, curr_delay = 0.13739376146185978, data_size = 1666
user 6, emp_avg: 0.4808790461147602, h: 1.0619870071640682, ucb: 1.5409813112754494,num_of_obs: 27, privacy reward: 0.3262797946230388, g: -4.3402777777778625e-06, curr_delay = 0.09402612884692195, data_size = 1666
user 7, emp_avg: 0.4571134339889998, h: 1.0428505387262041, ucb: 1.5056020405948924,num_of_obs: 28, privacy reward: 0.3134861808826046, g: -6.944444444444442e-05, curr_delay = 0.1670857548564289, data_size = 1666
user 8, emp_avg: 0.4153330313305226, h: 1.0619870071640682, ucb: 1.4816794440001106,num_of_obs: 27, privacy reward: 0.3262797946230388, g: -4.3402777777778625e-06, curr_delay = 0.1679943355989451, data_size = 1666
user 9, emp_avg: 0.39820576789412404, h: 1.0619870071640682, ucb: 1.464376891045688,num_of_obs: 27, privacy reward: 0.3262797946230388, g: -4.3402777777778625e-06, curr_delay = 0.17529427933632238, data_size = 1666
num of fast users chosen: 5, num of slow users chosen: 0
max_delay = 0.18 seconds
global epoch 160 has been done artifficialy in 0.18 secs, the total time by now is 85.91 
 with avg train loss 1.174, val loss 1.029, avg val acc 63.88%
iteration: 161
user 10, emp_avg: 0.362432048046582, h: 1.062638682712307, ucb: 1.430461539890351,num_of_obs: 27, privacy reward: 0.3262797946230388, g: -1.071632181543107e-06, curr_delay = 0.23054202114740277, data_size = 1666
user 11, emp_avg: 0.3172807856064785, h: 1.08288123842593, ucb: 1.3919984950131008,num_of_obs: 26, privacy reward: 0.33959552564493856, g: 2.6790804538576523e-05, curr_delay = 0.09442290362317829, data_size = 1666
user 12, emp_avg: 0.3200913141173719, h: 1.062638682712307, ucb: 1.3837827774207296,num_of_obs: 27, privacy reward: 0.3262797946230388, g: -1.071632181543107e-06, curr_delay = 0.171428823286506, data_size = 1666
user 13, emp_avg: 0.24096784876956262, h: 1.1043265131274678, ucb: 1.3449696786789558,num_of_obs: 25, privacy reward: 0.3534546819587796, g: 0.00012966749396671088, curr_delay = 0.20073474600123783, data_size = 1666
user 14, emp_avg: 0.3066962092195073, h: 1.062638682712307, ucb: 1.372777803685301,num_of_obs: 27, privacy reward: 0.3262797946230388, g: -1.071632181543107e-06, curr_delay = 0.23393170832183077, data_size = 1666
num of fast users chosen: 5, num of slow users chosen: 0
max_delay = 0.23 seconds
global epoch 161 has been done artifficialy in 0.23 secs, the total time by now is 86.15 
 with avg train loss 1.186, val loss 1.043, avg val acc 62.80%
iteration: 162
user 0, emp_avg: 0.7718858377307799, h: 1.0087216003667596, ucb: 1.791009797900541,num_of_obs: 30, privacy reward: 0.2893842179390499, g: -0.0003429355281207133, curr_delay = 0.10873937399722389, data_size = 1666
user 1, emp_avg: 0.6195802323667563, h: 1.0087216003667596, ucb: 1.6196124632700681,num_of_obs: 30, privacy reward: 0.2893842179390499, g: -0.0003429355281207133, curr_delay = 0.056801314650356455, data_size = 1666
user 2, emp_avg: 0.7209732466357218, h: 1.0087216003667596, ucb: 1.7203939552236722,num_of_obs: 30, privacy reward: 0.2893842179390499, g: -0.0003429355281207133, curr_delay = 0.05, data_size = 1666
user 3, emp_avg: 0.6025478485718302, h: 1.0087216003667596, ucb: 1.613109641865818,num_of_obs: 30, privacy reward: 0.2893842179390499, g: -0.0003429355281207133, curr_delay = 0.0913505531276584, data_size = 1666
user 4, emp_avg: 0.5837090794706858, h: 1.0087216003667596, ucb: 1.583598446216774,num_of_obs: 30, privacy reward: 0.2893842179390499, g: -0.0003429355281207133, curr_delay = 0.058915292538145425, data_size = 1666
num of fast users chosen: 5, num of slow users chosen: 0
max_delay = 0.11 seconds
global epoch 162 has been done artifficialy in 0.11 secs, the total time by now is 86.26 
 with avg train loss 1.188, val loss 1.071, avg val acc 61.76%
iteration: 163
user 15, emp_avg: 0.06986418774574818, h: 1.1056672411687083, ucb: 1.1755111005639332,num_of_obs: 25, privacy reward: 0.3534546819587796, g: 0.00017668878935768887, curr_delay = 0.710505858553878, data_size = 1666
user 16, emp_avg: 0.07169634999344553, h: 1.1056672411687083, ucb: 1.177634995798363,num_of_obs: 25, privacy reward: 0.3534546819587796, g: 0.00017668878935768887, curr_delay = 0.7702826899276956, data_size = 1666
user 17, emp_avg: 0.06693551859100366, h: 1.1056672411687083, ucb: 1.1726529782639221,num_of_obs: 25, privacy reward: 0.3534546819587796, g: 0.00017668878935768887, curr_delay = 0.7612660989638634, data_size = 1666
user 18, emp_avg: 0.0670330718335849, h: 1.1056672411687083, ucb: 1.172600232418832,num_of_obs: 25, privacy reward: 0.3534546819587796, g: 0.00017668878935768887, curr_delay = 0.7190614490347148, data_size = 1666
user 21, emp_avg: 0.06479080391119295, h: 1.1056672411687083, ucb: 1.1705796858659259,num_of_obs: 25, privacy reward: 0.3534546819587796, g: 0.00017668878935768887, curr_delay = 0.809719428152272, data_size = 1666
num of fast users chosen: 0, num of slow users chosen: 5
max_delay = 0.81 seconds
global epoch 163 has been done artifficialy in 0.81 secs, the total time by now is 87.07 
 with avg train loss 1.173, val loss 1.054, avg val acc 62.88%
iteration: 164
user 5, emp_avg: 0.541582792826191, h: 1.009937268133442, ucb: 1.5508795136292237,num_of_obs: 30, privacy reward: 0.2893842179390499, g: -0.0002643928878313175, curr_delay = 0.08915847038344182, data_size = 1666
user 6, emp_avg: 0.47744485764480177, h: 1.0453843887527892, ucb: 1.5262634348675492,num_of_obs: 28, privacy reward: 0.3134861808826046, g: -1.6524555489457512e-05, curr_delay = 0.13113461481297894, data_size = 1666
user 7, emp_avg: 0.4554910992792437, h: 1.0272024037016871, ucb: 1.4843158376906869,num_of_obs: 29, privacy reward: 0.3011942119122014, g: -0.00010327847180910833, curr_delay = 0.12241598442792205, data_size = 1666
user 8, emp_avg: 0.41786081327533287, h: 1.0453843887527892, ucb: 1.4607174200833117,num_of_obs: 28, privacy reward: 0.3134861808826046, g: -1.6524555489457512e-05, curr_delay = 0.10232509051989755, data_size = 1666
user 9, emp_avg: 0.3948658658739153, h: 1.0453843887527892, ucb: 1.4435901566469131,num_of_obs: 28, privacy reward: 0.3134861808826046, g: -1.6524555489457512e-05, curr_delay = 0.1659207922505612, data_size = 1666
num of fast users chosen: 5, num of slow users chosen: 0
max_delay = 0.17 seconds
global epoch 164 has been done artifficialy in 0.17 secs, the total time by now is 87.23 
 with avg train loss 1.185, val loss 1.044, avg val acc 63.21%
iteration: 165
user 19, emp_avg: 0.06406214692307188, h: 1.106990024226117, ucb: 1.1710387525919963,num_of_obs: 25, privacy reward: 0.3534546819587796, g: 0.0002295684113865928, curr_delay = 0.7764263198245629, data_size = 1666
user 20, emp_avg: 0.06458564301936204, h: 1.106990024226117, ucb: 1.1713793816229952,num_of_obs: 25, privacy reward: 0.3534546819587796, g: 0.0002295684113865928, curr_delay = 0.7194991684480533, data_size = 1666
user 22, emp_avg: 0.06197130660438271, h: 1.106990024226117, ucb: 1.168831720552275,num_of_obs: 25, privacy reward: 0.3534546819587796, g: 0.0002295684113865928, curr_delay = 0.7667351811614138, data_size = 1666
user 23, emp_avg: 0.06067206894750875, h: 1.106990024226117, ucb: 1.1679765346564353,num_of_obs: 25, privacy reward: 0.3534546819587796, g: 0.0002295684113865928, curr_delay = 0.9467718812273195, data_size = 1666
user 24, emp_avg: 0.060172475858024814, h: 1.106990024226117, ucb: 1.1671944680539414,num_of_obs: 25, privacy reward: 0.3534546819587796, g: 0.0002295684113865928, curr_delay = 0.8421297063639424, data_size = 1666
num of fast users chosen: 0, num of slow users chosen: 5
max_delay = 0.95 seconds
global epoch 165 has been done artifficialy in 0.95 secs, the total time by now is 88.18 
 with avg train loss 1.191, val loss 1.029, avg val acc 63.23%
iteration: 166
user 25, emp_avg: 0.05943510165654407, h: 1.1076448299006185, ucb: 1.166976245522879,num_of_obs: 25, privacy reward: 0.3534546819587796, g: 0.00025806035386525953, curr_delay = 0.8060972874625876, data_size = 1666
user 26, emp_avg: 0.05742462251292302, h: 1.1076448299006185, ucb: 1.165057945693206,num_of_obs: 25, privacy reward: 0.3534546819587796, g: 0.00025806035386525953, curr_delay = 0.8663665841080438, data_size = 1666
user 27, emp_avg: 0.05643332907217098, h: 1.1076448299006185, ucb: 1.1638153503333502,num_of_obs: 25, privacy reward: 0.3534546819587796, g: 0.00025806035386525953, curr_delay = 0.7936061368268539, data_size = 1666
user 28, emp_avg: 0.055423493631474835, h: 1.1076448299006185, ucb: 1.1632480790901416,num_of_obs: 25, privacy reward: 0.3534546819587796, g: 0.00025806035386525953, curr_delay = 0.9817472629896831, data_size = 1666
user 29, emp_avg: 0.0552704769448104, h: 1.1076448299006185, ucb: 1.1630345733750729,num_of_obs: 25, privacy reward: 0.3534546819587796, g: 0.00025806035386525953, curr_delay = 0.9562274692885262, data_size = 1666
num of fast users chosen: 0, num of slow users chosen: 5
max_delay = 0.98 seconds
global epoch 166 has been done artifficialy in 0.98 secs, the total time by now is 89.16 
 with avg train loss 1.168, val loss 1.024, avg val acc 64.10%
iteration: 167
user 10, emp_avg: 0.3597390065275956, h: 1.0472406408288357, ucb: 1.4096726888754176,num_of_obs: 28, privacy reward: 0.3134861808826046, g: -9.960119680798056e-07, curr_delay = 0.17584962555744055, data_size = 1666
user 11, emp_avg: 0.31642138789307445, h: 1.066457668318267, ucb: 1.3837384539247455,num_of_obs: 27, privacy reward: 0.3262797946230388, g: 2.4900299201995142e-05, curr_delay = 0.1705217952019414, data_size = 1666
user 12, emp_avg: 0.31913807786570164, h: 1.0472406408288357, ucb: 1.3673319549462075,num_of_obs: 28, privacy reward: 0.3134861808826046, g: -9.960119680798056e-07, curr_delay = 0.17097087975407385, data_size = 1666
user 13, emp_avg: 0.23946006767448957, h: 1.0867729731517513, ucb: 1.3277408219213138,num_of_obs: 26, privacy reward: 0.33959552564493856, g: 0.00012051744813765648, curr_delay = 0.24967821571107032, data_size = 1666
user 14, emp_avg: 0.3037953066878772, h: 1.0472406408288357, ucb: 1.353936850048343,num_of_obs: 28, privacy reward: 0.3134861808826046, g: -9.960119680798056e-07, curr_delay = 0.22464838907797982, data_size = 1666
num of fast users chosen: 5, num of slow users chosen: 0
max_delay = 0.25 seconds
global epoch 167 has been done artifficialy in 0.25 secs, the total time by now is 89.41 
 with avg train loss 1.186, val loss 1.052, avg val acc 62.49%
iteration: 168
user 0, emp_avg: 0.7790144053016931, h: 0.9958589075544133, ucb: 1.767744745285193,num_of_obs: 31, privacy reward: 0.2780373004531934, g: -0.0003188775510204089, curr_delay = 0.05, data_size = 1666
user 1, emp_avg: 0.6146079267785087, h: 0.9958589075544133, ucb: 1.6154391399211696,num_of_obs: 31, privacy reward: 0.2780373004531934, g: -0.0003188775510204089, curr_delay = 0.1085855432362099, data_size = 1666
user 2, emp_avg: 0.7296928326783555, h: 0.9958589075544133, ucb: 1.716832154190135,num_of_obs: 31, privacy reward: 0.2780373004531934, g: -0.0003188775510204089, curr_delay = 0.05, data_size = 1666
user 3, emp_avg: 0.6034331730694689, h: 0.9958589075544133, ucb: 1.5984067561262436,num_of_obs: 31, privacy reward: 0.2780373004531934, g: -0.0003188775510204089, curr_delay = 0.07925459688497932, data_size = 1666
user 4, emp_avg: 0.5792227265433071, h: 0.9958589075544133, ucb: 1.5795679870250992,num_of_obs: 31, privacy reward: 0.2780373004531934, g: -0.0003188775510204089, curr_delay = 0.11359872481736571, data_size = 1666
num of fast users chosen: 5, num of slow users chosen: 0
max_delay = 0.11 seconds
global epoch 168 has been done artifficialy in 0.11 secs, the total time by now is 89.52 
 with avg train loss 1.172, val loss 1.021, avg val acc 63.56%
iteration: 169
user 5, emp_avg: 0.5559083305503726, h: 0.99643545814226, ucb: 1.538018250968451,num_of_obs: 31, privacy reward: 0.2780373004531934, g: -0.00028107481452952556, curr_delay = 0.05, data_size = 1666
user 6, emp_avg: 0.4753840330649345, h: 1.0302224783082878, ucb: 1.5076673359530897,num_of_obs: 29, privacy reward: 0.3011942119122014, g: -2.4314430322623287e-05, curr_delay = 0.1203021643179138, data_size = 1666
user 7, emp_avg: 0.45604242411718243, h: 1.0129065815684162, ucb: 1.46839768084766,num_of_obs: 30, privacy reward: 0.2893842179390499, g: -0.00011768184276149683, curr_delay = 0.10580170656625876, data_size = 1666
user 8, emp_avg: 0.41134422945912436, h: 1.0302224783082878, ucb: 1.4480832915836208,num_of_obs: 29, privacy reward: 0.3011942119122014, g: -2.4314430322623287e-05, curr_delay = 0.2248572505997377, data_size = 1666
user 9, emp_avg: 0.3934205326148212, h: 1.0302224783082878, ucb: 1.425088344182203,num_of_obs: 29, privacy reward: 0.3011942119122014, g: -2.4314430322623287e-05, curr_delay = 0.14224513596347807, data_size = 1666
num of fast users chosen: 5, num of slow users chosen: 0
max_delay = 0.22 seconds
global epoch 169 has been done artifficialy in 0.22 secs, the total time by now is 89.75 
 with avg train loss 1.165, val loss 1.032, avg val acc 64.05%
iteration: 170
user 15, emp_avg: 0.06947242144504243, h: 1.0886616805527356, ucb: 1.1585258682984838,num_of_obs: 26, privacy reward: 0.33959552564493856, g: 0.00018838908112264456, curr_delay = 0.8433623506457264, data_size = 1666
user 16, emp_avg: 0.07150062194779017, h: 1.0886616805527356, ucb: 1.1603580305461811,num_of_obs: 26, privacy reward: 0.33959552564493856, g: 0.00018838908112264456, curr_delay = 0.7528794692845098, data_size = 1666
user 17, emp_avg: 0.06712541807517755, h: 1.0886616805527356, ucb: 1.1555971991437393,num_of_obs: 26, privacy reward: 0.33959552564493856, g: 0.00018838908112264456, curr_delay = 0.6938392175178167, data_size = 1666
user 18, emp_avg: 0.0670157812088763, h: 1.0886616805527356, ucb: 1.1556947523863206,num_of_obs: 26, privacy reward: 0.33959552564493856, g: 0.00018838908112264456, curr_delay = 0.7511316741365207, data_size = 1666
user 21, emp_avg: 0.06464156083632158, h: 1.0886616805527356, ucb: 1.1534524844639285,num_of_obs: 26, privacy reward: 0.33959552564493856, g: 0.00018838908112264456, curr_delay = 0.8228930033011167, data_size = 1666
num of fast users chosen: 0, num of slow users chosen: 5
max_delay = 0.84 seconds
global epoch 170 has been done artifficialy in 0.84 secs, the total time by now is 90.59 
 with avg train loss 1.162, val loss 1.013, avg val acc 64.50%
iteration: 171
user 19, emp_avg: 0.0639451577939353, h: 1.0892831329862342, ucb: 1.1533452799093062,num_of_obs: 26, privacy reward: 0.33959552564493856, g: 0.00021374098013063846, curr_delay = 0.8209716830730942, data_size = 1666
user 20, emp_avg: 0.06447615369808878, h: 1.0892831329862342, ucb: 1.1538687760055963,num_of_obs: 26, privacy reward: 0.33959552564493856, g: 0.00021374098013063846, curr_delay = 0.8113006871686741, data_size = 1666
user 22, emp_avg: 0.062001422248659184, h: 1.0892831329862342, ucb: 1.151254439590617,num_of_obs: 26, privacy reward: 0.33959552564493856, g: 0.00021374098013063846, curr_delay = 0.7963758020339929, data_size = 1666
user 23, emp_avg: 0.06083474415169293, h: 1.0892831329862342, ucb: 1.149955201933743,num_of_obs: 26, privacy reward: 0.33959552564493856, g: 0.00021374098013063846, curr_delay = 0.7684705808654505, data_size = 1666
user 24, emp_avg: 0.06005379108634975, h: 1.0892831329862342, ucb: 1.1494556088442591,num_of_obs: 26, privacy reward: 0.33959552564493856, g: 0.00021374098013063846, curr_delay = 0.877685918233174, data_size = 1666
num of fast users chosen: 0, num of slow users chosen: 5
max_delay = 0.88 seconds
global epoch 171 has been done artifficialy in 0.88 secs, the total time by now is 91.47 
 with avg train loss 1.167, val loss 1.017, avg val acc 64.72%
iteration: 172
user 25, emp_avg: 0.059308821990451926, h: 1.0899006105159794, ucb: 1.1493357121725234,num_of_obs: 26, privacy reward: 0.33959552564493856, g: 0.00024037017006189532, curr_delay = 0.8924499518563139, data_size = 1666
user 26, emp_avg: 0.05742928571247868, h: 1.0899006105159794, ucb: 1.1473252330289023,num_of_obs: 26, privacy reward: 0.33959552564493856, g: 0.00024037017006189532, curr_delay = 0.8688017461329675, data_size = 1666
user 27, emp_avg: 0.05640065601409419, h: 1.0899006105159794, ucb: 1.1463339395881504,num_of_obs: 26, privacy reward: 0.33959552564493856, g: 0.00024037017006189532, curr_delay = 0.9000712702770087, data_size = 1666
user 28, emp_avg: 0.055363238492403745, h: 1.0899006105159794, ucb: 1.1453241041474542,num_of_obs: 26, privacy reward: 0.33959552564493856, g: 0.00024037017006189532, curr_delay = 0.9294266824966481, data_size = 1666
user 29, emp_avg: 0.05499920960337223, h: 1.0899006105159794, ucb: 1.1451710874607899,num_of_obs: 26, privacy reward: 0.33959552564493856, g: 0.00024037017006189532, curr_delay = 1.042834234173679, data_size = 1666
num of fast users chosen: 0, num of slow users chosen: 5
max_delay = 1.04 seconds
global epoch 172 has been done artifficialy in 1.04 secs, the total time by now is 92.51 
 with avg train loss 1.162, val loss 1.037, avg val acc 62.89%
iteration: 173
user 0, emp_avg: 0.785710938474369, h: 0.9829761817909596, ucb: 1.7619905870926527,num_of_obs: 32, privacy reward: 0.26713530196584956, g: -0.0003350522161708636, curr_delay = 0.05, data_size = 1666
user 1, emp_avg: 0.61705716769803, h: 0.9829761817909596, ucb: 1.5975841085694684,num_of_obs: 32, privacy reward: 0.26713530196584956, g: -0.0003350522161708636, curr_delay = 0.07189766495778936, data_size = 1666
user 2, emp_avg: 0.729030328283493, h: 0.9829761817909596, ucb: 1.712669014469315,num_of_obs: 32, privacy reward: 0.26713530196584956, g: -0.0003350522161708636, curr_delay = 0.07063841140507038, data_size = 1666
user 3, emp_avg: 0.6154503496431213, h: 0.9829761817909596, ucb: 1.5864093548604283,num_of_obs: 32, privacy reward: 0.26713530196584956, g: -0.0003350522161708636, curr_delay = 0.05, data_size = 1666
user 4, emp_avg: 0.5715905359553234, h: 0.9829761817909596, ucb: 1.5621989083342667,num_of_obs: 32, privacy reward: 0.26713530196584956, g: -0.0003350522161708636, curr_delay = 0.15273684394134854, data_size = 1666
num of fast users chosen: 5, num of slow users chosen: 0
max_delay = 0.15 seconds
global epoch 173 has been done artifficialy in 0.15 secs, the total time by now is 92.66 
 with avg train loss 1.181, val loss 1.059, avg val acc 62.55%
iteration: 174
user 10, emp_avg: 0.36862608572780453, h: 1.0331460456109904, ucb: 1.392885052138586,num_of_obs: 29, privacy reward: 0.3011942119122014, g: 0.0, curr_delay = 0.07982739624159249, data_size = 1666
user 11, emp_avg: 0.3249869495630122, h: 1.051433236031506, ucb: 1.3678546239245803,num_of_obs: 28, privacy reward: 0.3134861808826046, g: 3.3029462280353996e-05, curr_delay = 0.08852335803097267, data_size = 1666
user 12, emp_avg: 0.3152977731292007, h: 1.0331460456109904, ucb: 1.352284123476692,num_of_obs: 29, privacy reward: 0.3011942119122014, g: 0.0, curr_delay = 0.24518344986720003, data_size = 1666
user 13, emp_avg: 0.24026573849251803, h: 1.070727198290388, ucb: 1.3101872659648777,num_of_obs: 27, privacy reward: 0.3262797946230388, g: 0.00013211784912141598, curr_delay = 0.1908259649618989, data_size = 1666
user 14, emp_avg: 0.3025728961594368, h: 1.0331460456109904, ucb: 1.3369413522988676,num_of_obs: 29, privacy reward: 0.3011942119122014, g: 0.0, curr_delay = 0.18717969517999056, data_size = 1666
num of fast users chosen: 5, num of slow users chosen: 0
max_delay = 0.25 seconds
global epoch 174 has been done artifficialy in 0.25 secs, the total time by now is 92.91 
 with avg train loss 1.168, val loss 1.042, avg val acc 63.56%
iteration: 175
user 6, emp_avg: 0.47075797293706, h: 1.016345017592305, ucb: 1.4917290506572396,num_of_obs: 30, privacy reward: 0.2893842179390499, g: -2.267573696145135e-05, curr_delay = 0.15061322062793694, data_size = 1666
user 8, emp_avg: 0.41513254304822456, h: 1.016345017592305, ucb: 1.4276892470514293,num_of_obs: 30, privacy reward: 0.2893842179390499, g: -2.267573696145135e-05, curr_delay = 0.09455693397212722, data_size = 1666
user 9, emp_avg: 0.38903343830185116, h: 1.016345017592305, ucb: 1.4097655502071262,num_of_obs: 30, privacy reward: 0.2893842179390499, g: -2.267573696145135e-05, curr_delay = 0.19423464271637497, data_size = 1666
user 10, emp_avg: 0.36516772155332833, h: 1.016345017592305, ucb: 1.3849711033201095,num_of_obs: 30, privacy reward: 0.2893842179390499, g: -2.267573696145135e-05, curr_delay = 0.19126544546502053, data_size = 1666
user 11, emp_avg: 0.32344055965772955, h: 1.0337196952742889, ucb: 1.358706644837301,num_of_obs: 29, privacy reward: 0.3011942119122014, g: 9.07029478458054e-07, curr_delay = 0.17947183079558693, data_size = 1666
num of fast users chosen: 5, num of slow users chosen: 0
max_delay = 0.19 seconds
global epoch 175 has been done artifficialy in 0.19 secs, the total time by now is 93.10 
 with avg train loss 1.182, val loss 1.058, avg val acc 62.40%
iteration: 176
user 15, emp_avg: 0.0699169360934327, h: 1.0719125166457435, ucb: 1.141384938090786,num_of_obs: 27, privacy reward: 0.3262797946230388, g: 0.00017576331496786012, curr_delay = 0.6103602678827534, data_size = 1666
user 16, emp_avg: 0.07167643900795588, h: 1.0719125166457435, ucb: 1.1434131385935338,num_of_obs: 27, privacy reward: 0.3262797946230388, g: 0.00017576331496786012, curr_delay = 0.6542490234087961, data_size = 1666
user 17, emp_avg: 0.06731772462455013, h: 1.0719125166457435, ucb: 1.139037934720921,num_of_obs: 27, privacy reward: 0.3262797946230388, g: 0.00017576331496786012, curr_delay = 0.6895600468196175, data_size = 1666
user 18, emp_avg: 0.06707853214770616, h: 1.0719125166457435, ucb: 1.1389282978546198,num_of_obs: 27, privacy reward: 0.3262797946230388, g: 0.00017576331496786012, curr_delay = 0.7270315379058292, data_size = 1666
user 21, emp_avg: 0.06447278510720474, h: 1.0719125166457435, ucb: 1.136554077482065,num_of_obs: 27, privacy reward: 0.3262797946230388, g: 0.00017576331496786012, curr_delay = 0.8345038582223399, data_size = 1666
num of fast users chosen: 0, num of slow users chosen: 5
max_delay = 0.83 seconds
global epoch 176 has been done artifficialy in 0.83 secs, the total time by now is 93.94 
 with avg train loss 1.128, val loss 1.002, avg val acc 65.31%
iteration: 177
user 0, emp_avg: 0.7826995211765893, h: 0.9701124332752578, ucb: 1.7558233717496268,num_of_obs: 33, privacy reward: 0.25666077695355516, g: -0.0003910115228701847, curr_delay = 0.07317186494142104, data_size = 1666
user 1, emp_avg: 0.6059224730441299, h: 0.9701124332752578, ucb: 1.5871696009732879,num_of_obs: 33, privacy reward: 0.25666077695355516, g: -0.0003910115228701847, curr_delay = 0.2096633419459382, data_size = 1666
user 3, emp_avg: 0.6063640167847214, h: 0.9701124332752578, ucb: 1.585562782918379,num_of_obs: 33, privacy reward: 0.25666077695355516, g: -0.0003910115228701847, curr_delay = 0.1631241365198895, data_size = 1666
user 4, emp_avg: 0.5733919159548886, h: 0.9701124332752578, ucb: 1.541702969230581,num_of_obs: 33, privacy reward: 0.25666077695355516, g: -0.0003910115228701847, curr_delay = 0.07900922982772698, data_size = 1666
user 5, emp_avg: 0.5518725218674795, h: 0.9851538330928794, ucb: 1.541062163643252,num_of_obs: 32, privacy reward: 0.26713530196584956, g: -0.00019949567493376767, curr_delay = 0.11827974580716903, data_size = 1666
num of fast users chosen: 5, num of slow users chosen: 0
max_delay = 0.21 seconds
global epoch 177 has been done artifficialy in 0.21 secs, the total time by now is 94.15 
 with avg train loss 1.160, val loss 1.009, avg val acc 64.88%
iteration: 178
user 19, emp_avg: 0.06398399816283584, h: 1.0730831541033823, ucb: 1.1370283118973177,num_of_obs: 27, privacy reward: 0.3262797946230388, g: 0.0002244385529324294, curr_delay = 0.7688441219793409, data_size = 1666
user 20, emp_avg: 0.06451453070503467, h: 1.0730831541033823, ucb: 1.137559307801471,num_of_obs: 27, privacy reward: 0.3262797946230388, g: 0.0002244385529324294, curr_delay = 0.7627682458655511, data_size = 1666
user 22, emp_avg: 0.06202838930708161, h: 1.0730831541033823, ucb: 1.1350845763520414,num_of_obs: 27, privacy reward: 0.3262797946230388, g: 0.0002244385529324294, curr_delay = 0.7967302206469846, data_size = 1666
user 23, emp_avg: 0.06075300866597579, h: 1.0730831541033823, ucb: 1.1339178982550753,num_of_obs: 27, privacy reward: 0.3262797946230388, g: 0.0002244385529324294, curr_delay = 0.8540271141468285, data_size = 1666
user 24, emp_avg: 0.06044706609857631, h: 1.0730831541033823, ucb: 1.133136945189732,num_of_obs: 27, privacy reward: 0.3262797946230388, g: 0.0002244385529324294, curr_delay = 0.7035763630815054, data_size = 1666
num of fast users chosen: 0, num of slow users chosen: 5
max_delay = 0.85 seconds
global epoch 178 has been done artifficialy in 0.85 secs, the total time by now is 95.00 
 with avg train loss 1.137, val loss 1.013, avg val acc 64.51%
iteration: 179
user 25, emp_avg: 0.05933597782291259, h: 1.0736630762478263, ucb: 1.1329718982382782,num_of_obs: 27, privacy reward: 0.3262797946230388, g: 0.00025054704215779033, curr_delay = 0.8323735331323128, data_size = 1666
user 26, emp_avg: 0.05734192874501911, h: 1.0736630762478263, ucb: 1.131092361960305,num_of_obs: 27, privacy reward: 0.3262797946230388, g: 0.00025054704215779033, curr_delay = 0.9093671810637141, data_size = 1666
user 27, emp_avg: 0.05642617050700428, h: 1.0736630762478263, ucb: 1.1300637322619205,num_of_obs: 27, privacy reward: 0.3262797946230388, g: 0.00025054704215779033, curr_delay = 0.8754258230770873, data_size = 1666
user 28, emp_avg: 0.05533457126266916, h: 1.0736630762478263, ucb: 1.12902631474023,num_of_obs: 27, privacy reward: 0.3262797946230388, g: 0.00025054704215779033, curr_delay = 0.9164129475727127, data_size = 1666
user 29, emp_avg: 0.05478384911938873, h: 1.0736630762478263, ucb: 1.1286622858511985,num_of_obs: 27, privacy reward: 0.3262797946230388, g: 0.00025054704215779033, curr_delay = 1.0210517164956456, data_size = 1666
num of fast users chosen: 0, num of slow users chosen: 5
max_delay = 1.02 seconds
global epoch 179 has been done artifficialy in 1.02 secs, the total time by now is 96.02 
 with avg train loss 1.149, val loss 0.987, avg val acc 65.58%
iteration: 180
user 7, emp_avg: 0.4534117561888492, h: 1.0025409830789682, ucb: 1.4585834071961505,num_of_obs: 31, privacy reward: 0.2780373004531934, g: -3.0864197530864286e-05, curr_delay = 0.13445882526498026, data_size = 1666
user 11, emp_avg: 0.32633178592324363, h: 1.0191130311099168, ucb: 1.3425535907676465,num_of_obs: 30, privacy reward: 0.2893842179390499, g: 0.0, curr_delay = 0.12104527712988516, data_size = 1666
user 12, emp_avg: 0.3140677873695217, h: 1.0191130311099168, ucb: 1.3344108042391176,num_of_obs: 30, privacy reward: 0.2893842179390499, g: 0.0, curr_delay = 0.18039586565118804, data_size = 1666
user 13, emp_avg: 0.238619503480788, h: 1.05488220576892, ucb: 1.295147944261438,num_of_obs: 28, privacy reward: 0.3134861808826046, g: 0.00012345679012345652, curr_delay = 0.25970663528292587, data_size = 1666
user 14, emp_avg: 0.30286605462139576, h: 1.0191130311099168, ucb: 1.3216859272693535,num_of_obs: 30, privacy reward: 0.2893842179390499, g: 0.0, curr_delay = 0.16043082299576938, data_size = 1666
num of fast users chosen: 5, num of slow users chosen: 0
max_delay = 0.26 seconds
global epoch 180 has been done artifficialy in 0.26 secs, the total time by now is 96.28 
 with avg train loss 1.131, val loss 1.017, avg val acc 64.17%
iteration: 181
user 6, emp_avg: 0.46807948280220585, h: 1.0030756281202677, ucb: 1.4738336010573279,num_of_obs: 31, privacy reward: 0.2780373004531934, g: -2.1197290816655453e-05, curr_delay = 0.12985451743730597, data_size = 1666
user 7, emp_avg: 0.4490906691798336, h: 0.9872781742560414, ucb: 1.4406899304448906,num_of_obs: 32, privacy reward: 0.26713530196584956, g: -0.00010259488755261172, curr_delay = 0.16086693901594146, data_size = 1666
user 8, emp_avg: 0.4082727993200687, h: 1.0030756281202677, ucb: 1.4182081711684922,num_of_obs: 31, privacy reward: 0.2780373004531934, g: -2.1197290816655453e-05, curr_delay = 0.25559661538044903, data_size = 1666
user 9, emp_avg: 0.39216323276476794, h: 1.0030756281202677, ucb: 1.392109066422119,num_of_obs: 31, privacy reward: 0.2780373004531934, g: -2.1197290816655453e-05, curr_delay = 0.10221043117555567, data_size = 1666
user 10, emp_avg: 0.3651498342964106, h: 1.0030756281202677, ucb: 1.368243349673596,num_of_obs: 31, privacy reward: 0.2780373004531934, g: -2.1197290816655453e-05, curr_delay = 0.13713834483731233, data_size = 1666
num of fast users chosen: 5, num of slow users chosen: 0
max_delay = 0.26 seconds
global epoch 181 has been done artifficialy in 0.26 secs, the total time by now is 96.54 
 with avg train loss 1.115, val loss 1.006, avg val acc 64.90%
iteration: 182
user 0, emp_avg: 0.7855779179166814, h: 0.9583079469819951, ucb: 1.7410074681585843,num_of_obs: 34, privacy reward: 0.24659696394160568, g: -0.00040588227401414264, curr_delay = 0.056596720966284306, data_size = 1666
user 1, emp_avg: 0.6106683977364615, h: 0.9583079469819951, ucb: 1.564230420026125,num_of_obs: 34, privacy reward: 0.24659696394160568, g: -0.00040588227401414264, curr_delay = 0.06476433628062242, data_size = 1666
user 2, emp_avg: 0.7266367331471677, h: 0.9727194014791536, ucb: 1.7017497297626467,num_of_obs: 33, privacy reward: 0.25666077695355516, g: -0.00021468153336285213, curr_delay = 0.07720241978685098, data_size = 1666
user 4, emp_avg: 0.5666234423816511, h: 0.9583079469819951, ucb: 1.5316998629368836,num_of_obs: 34, privacy reward: 0.24659696394160568, g: -0.00040588227401414264, curr_delay = 0.148590467456459, data_size = 1666
user 5, emp_avg: 0.5476615713897894, h: 0.9727194014791536, ucb: 1.524591923346633,num_of_obs: 33, privacy reward: 0.25666077695355516, g: -0.00021468153336285213, curr_delay = 0.1223390625003819, data_size = 1666
num of fast users chosen: 5, num of slow users chosen: 0
max_delay = 0.15 seconds
global epoch 182 has been done artifficialy in 0.15 secs, the total time by now is 96.69 
 with avg train loss 1.157, val loss 1.037, avg val acc 63.28%
iteration: 183
user 15, emp_avg: 0.06984495454022194, h: 1.0565597291791704, ucb: 1.126476665272603,num_of_obs: 28, privacy reward: 0.3134861808826046, g: 0.00018662844516109732, curr_delay = 0.7371427084092517, data_size = 1666
user 16, emp_avg: 0.0715743935041719, h: 1.0565597291791704, ucb: 1.1282361681871262,num_of_obs: 28, privacy reward: 0.3134861808826046, g: 0.00018662844516109732, curr_delay = 0.7276207215591627, data_size = 1666
user 17, emp_avg: 0.06719548486670153, h: 1.0565597291791704, ucb: 1.1238774538037206,num_of_obs: 28, privacy reward: 0.3134861808826046, g: 0.00018662844516109732, curr_delay = 0.7840336668572373, data_size = 1666
user 18, emp_avg: 0.06680913268937737, h: 1.0565597291791704, ucb: 1.1236382613268765,num_of_obs: 28, privacy reward: 0.3134861808826046, g: 0.00018662844516109732, curr_delay = 0.8436547766238676, data_size = 1666
user 20, emp_avg: 0.06454262168259418, h: 1.0565597291791704, ucb: 1.1210742598842052,num_of_obs: 28, privacy reward: 0.3134861808826046, g: 0.00018662844516109732, curr_delay = 0.7653549053788153, data_size = 1666
num of fast users chosen: 0, num of slow users chosen: 5
max_delay = 0.84 seconds
global epoch 183 has been done artifficialy in 0.84 secs, the total time by now is 97.53 
 with avg train loss 1.119, val loss 1.019, avg val acc 64.11%
iteration: 184
user 19, emp_avg: 0.06413323445134946, h: 1.0571122143714706, ucb: 1.1210962125343065,num_of_obs: 28, privacy reward: 0.3134861808826046, g: 0.0002100399075824401, curr_delay = 0.7319374253847682, data_size = 1666
user 21, emp_avg: 0.06445425386912593, h: 1.0571122143714706, ucb: 1.1215849994786753,num_of_obs: 28, privacy reward: 0.3134861808826046, g: 0.0002100399075824401, curr_delay = 0.7820396253740679, data_size = 1666
user 22, emp_avg: 0.06215104580728535, h: 1.0571122143714706, ucb: 1.1191406036785523,num_of_obs: 28, privacy reward: 0.3134861808826046, g: 0.0002100399075824401, curr_delay = 0.7623644713055755, data_size = 1666
user 23, emp_avg: 0.06080448254336981, h: 1.0571122143714706, ucb: 1.1178652230374464,num_of_obs: 28, privacy reward: 0.3134861808826046, g: 0.0002100399075824401, curr_delay = 0.8032676786455273, data_size = 1666
user 24, emp_avg: 0.06034060574320646, h: 1.0571122143714706, ucb: 1.117559280470047,num_of_obs: 28, privacy reward: 0.3134861808826046, g: 0.0002100399075824401, curr_delay = 0.8716919062251003, data_size = 1666
num of fast users chosen: 0, num of slow users chosen: 5
max_delay = 0.87 seconds
global epoch 184 has been done artifficialy in 0.87 secs, the total time by now is 98.40 
 with avg train loss 1.125, val loss 0.991, avg val acc 65.53%
iteration: 185
user 25, emp_avg: 0.05941114784800074, h: 1.0576614187926578, ucb: 1.1169973966155704,num_of_obs: 28, privacy reward: 0.3134861808826046, g: 0.0002345588832075313, curr_delay = 0.8127978790881241, data_size = 1666
user 26, emp_avg: 0.05730845465415331, h: 1.0576614187926578, ucb: 1.115003347537677,num_of_obs: 28, privacy reward: 0.3134861808826046, g: 0.0002345588832075313, curr_delay = 0.886978060464787, data_size = 1666
user 27, emp_avg: 0.05646669060625101, h: 1.0576614187926578, ucb: 1.1140875892996622,num_of_obs: 28, privacy reward: 0.3134861808826046, g: 0.0002345588832075313, curr_delay = 0.8680366669396489, data_size = 1666
user 28, emp_avg: 0.055176449395315665, h: 1.0576614187926578, ucb: 1.112995990055327,num_of_obs: 28, privacy reward: 0.3134861808826046, g: 0.0002345588832075313, curr_delay = 0.9852403680526437, data_size = 1666
user 29, emp_avg: 0.05481749754587419, h: 1.0576614187926578, ucb: 1.1124452679120467,num_of_obs: 28, privacy reward: 0.3134861808826046, g: 0.0002345588832075313, curr_delay = 0.8967057159212491, data_size = 1666
num of fast users chosen: 0, num of slow users chosen: 5
max_delay = 0.99 seconds
global epoch 185 has been done artifficialy in 0.99 secs, the total time by now is 99.39 
 with avg train loss 1.143, val loss 0.990, avg val acc 65.89%
iteration: 186
user 10, emp_avg: 0.3757593286525102, h: 0.9898623648372663, ucb: 1.355012199133677,num_of_obs: 32, privacy reward: 0.26713530196584956, g: -2.8905075731298662e-05, curr_delay = 0.06990434238989446, data_size = 1666
user 11, emp_avg: 0.3259120960526591, h: 1.0057011683763337, ucb: 1.3320329542995775,num_of_obs: 31, privacy reward: 0.2780373004531934, g: 0.0, curr_delay = 0.15979458849773287, data_size = 1666
user 12, emp_avg: 0.31351891613953053, h: 1.0057011683763337, ucb: 1.3197689557458554,num_of_obs: 31, privacy reward: 0.2780373004531934, g: 0.0, curr_delay = 0.16863184143376136, data_size = 1666
user 13, emp_avg: 0.23636187814505102, h: 1.0398023691909657, ucb: 1.2784218726717538,num_of_obs: 29, privacy reward: 0.3011942119122014, g: 0.00011562030292519345, curr_delay = 0.2925846011473367, data_size = 1666
user 14, emp_avg: 0.2998804471842352, h: 1.0057011683763337, ucb: 1.3085672229977294,num_of_obs: 31, privacy reward: 0.2780373004531934, g: 0.0, curr_delay = 0.24116536898244564, data_size = 1666
num of fast users chosen: 5, num of slow users chosen: 0
max_delay = 0.29 seconds
global epoch 186 has been done artifficialy in 0.29 secs, the total time by now is 99.68 
 with avg train loss 1.141, val loss 1.026, avg val acc 64.93%
iteration: 187
user 1, emp_avg: 0.6036473081979185, h: 0.9469749084189464, ucb: 1.5576433061554078,num_of_obs: 35, privacy reward: 0.23692775868212101, g: -0.00042021345890487163, curr_delay = 0.13970024683205579, data_size = 1666
user 2, emp_avg: 0.7344471122001057, h: 0.9608000909341363, ucb: 1.687436824081304,num_of_obs: 34, privacy reward: 0.24659696394160568, g: -0.00022956841138659364, curr_delay = 0.05, data_size = 1666
user 3, emp_avg: 0.5982959394653036, h: 0.9608000909341363, ucb: 1.5671641077188578,num_of_obs: 34, privacy reward: 0.24659696394160568, g: -0.00022956841138659364, curr_delay = 0.15432988991437788, data_size = 1666
user 4, emp_avg: 0.5657486237936091, h: 0.9469749084189464, ucb: 1.5135983508005975,num_of_obs: 35, privacy reward: 0.23692775868212101, g: -0.00042021345890487163, curr_delay = 0.09343524471236944, data_size = 1666
user 5, emp_avg: 0.5444641199581274, h: 0.9608000909341363, ucb: 1.5084616623239258,num_of_obs: 34, privacy reward: 0.24659696394160568, g: -0.00022956841138659364, curr_delay = 0.1147444899591143, data_size = 1666
num of fast users chosen: 5, num of slow users chosen: 0
max_delay = 0.15 seconds
global epoch 187 has been done artifficialy in 0.15 secs, the total time by now is 99.83 
 with avg train loss 1.128, val loss 0.996, avg val acc 65.30%
iteration: 188
user 2, emp_avg: 0.7418235813056584, h: 0.9474575267823686, ucb: 1.6819046389824743,num_of_obs: 35, privacy reward: 0.23692775868212101, g: -0.0003803883104471606, curr_delay = 0.05, data_size = 1666
user 6, emp_avg: 0.46257855897167793, h: 0.9908747993720576, ucb: 1.4589542821742634,num_of_obs: 32, privacy reward: 0.26713530196584956, g: -1.2574820180071461e-05, curr_delay = 0.1744902289977449, data_size = 1666
user 7, emp_avg: 0.4472897487090985, h: 0.9757460514284301, ucb: 1.4248367206082637,num_of_obs: 33, privacy reward: 0.25666077695355516, g: -7.859262612544664e-05, curr_delay = 0.1289127025362898, data_size = 1666
user 8, emp_avg: 0.4048215517883058, h: 0.9908747993720576, ucb: 1.3991475986921262,num_of_obs: 32, privacy reward: 0.26713530196584956, g: -1.2574820180071461e-05, curr_delay = 0.16984755424071726, data_size = 1666
user 9, emp_avg: 0.38729951533306195, h: 0.9908747993720576, ucb: 1.3830380321368256,num_of_obs: 32, privacy reward: 0.26713530196584956, g: -1.2574820180071461e-05, curr_delay = 0.21583302973797497, data_size = 1666
num of fast users chosen: 5, num of slow users chosen: 0
max_delay = 0.22 seconds
global epoch 188 has been done artifficialy in 0.22 secs, the total time by now is 100.05 
 with avg train loss 1.155, val loss 1.101, avg val acc 61.09%
iteration: 189
user 15, emp_avg: 0.06987950258481926, h: 1.0413930009492731, ucb: 1.111237955489495,num_of_obs: 29, privacy reward: 0.3011942119122014, g: 0.0001749671061840374, curr_delay = 0.7054037153269304, data_size = 1666
user 16, emp_avg: 0.07149475918934757, h: 1.0413930009492731, ucb: 1.112967394453445,num_of_obs: 29, privacy reward: 0.3011942119122014, g: 0.0001749671061840374, curr_delay = 0.7226962043162962, data_size = 1666
user 17, emp_avg: 0.0670526563605359, h: 1.0413930009492731, ucb: 1.1085884858159747,num_of_obs: 29, privacy reward: 0.3011942119122014, g: 0.0001749671061840374, curr_delay = 0.7947782473796896, data_size = 1666
user 18, emp_avg: 0.0667962982430536, h: 1.0413930009492731, ucb: 1.1082021336386505,num_of_obs: 29, privacy reward: 0.3011942119122014, g: 0.0001749671061840374, curr_delay = 0.7527388482067492, data_size = 1666
user 20, emp_avg: 0.06459584078419824, h: 1.0413930009492731, ucb: 1.1059356226318673,num_of_obs: 29, privacy reward: 0.3011942119122014, g: 0.0001749671061840374, curr_delay = 0.7559813844661076, data_size = 1666
num of fast users chosen: 0, num of slow users chosen: 5
max_delay = 0.79 seconds
global epoch 189 has been done artifficialy in 0.79 secs, the total time by now is 100.85 
 with avg train loss 1.130, val loss 1.094, avg val acc 62.96%
iteration: 190
user 19, emp_avg: 0.06407898858772926, h: 1.041917073160599, ucb: 1.1060503076119483,num_of_obs: 29, privacy reward: 0.3011942119122014, g: 0.00019698368728839608, curr_delay = 0.7999250176814764, data_size = 1666
user 21, emp_avg: 0.06460960720023917, h: 1.041917073160599, ucb: 1.1063713270297248,num_of_obs: 29, privacy reward: 0.3011942119122014, g: 0.00019698368728839608, curr_delay = 0.723433491487392, data_size = 1666
user 22, emp_avg: 0.06202586409529566, h: 1.041917073160599, ucb: 1.1040681189678843,num_of_obs: 29, privacy reward: 0.3011942119122014, g: 0.00019698368728839608, curr_delay = 0.8562289753702378, data_size = 1666
user 23, emp_avg: 0.06079889832995629, h: 1.041917073160599, ucb: 1.1027215557039687,num_of_obs: 29, privacy reward: 0.3011942119122014, g: 0.00019698368728839608, curr_delay = 0.8245796488162069, data_size = 1666
user 24, emp_avg: 0.06045543212791918, h: 1.041917073160599, ucb: 1.1022576789038054,num_of_obs: 29, privacy reward: 0.3011942119122014, g: 0.00019698368728839608, curr_delay = 0.7838784757727163, data_size = 1666
num of fast users chosen: 0, num of slow users chosen: 5
max_delay = 0.86 seconds
global epoch 190 has been done artifficialy in 0.86 secs, the total time by now is 101.70 
 with avg train loss 1.107, val loss 0.982, avg val acc 65.47%
iteration: 191
user 25, emp_avg: 0.0594449578331479, h: 1.0424381329245227, ucb: 1.1018492807725235,num_of_obs: 29, privacy reward: 0.3011942119122014, g: 0.00022005366568289726, curr_delay = 0.8274659460444652, data_size = 1666
user 26, emp_avg: 0.05730318853965452, h: 1.0424381329245227, ucb: 1.099746587578676,num_of_obs: 29, privacy reward: 0.3011942119122014, g: 0.00022005366568289726, curr_delay = 0.8748834249893557, data_size = 1666
user 27, emp_avg: 0.05636973278817969, h: 1.0424381329245227, ucb: 1.0989048235307737,num_of_obs: 29, privacy reward: 0.3011942119122014, g: 0.00022005366568289726, curr_delay = 0.9335681133937923, data_size = 1666
user 28, emp_avg: 0.05523539312826671, h: 1.0424381329245227, ucb: 1.0976145823198384,num_of_obs: 29, privacy reward: 0.3011942119122014, g: 0.00022005366568289726, curr_delay = 0.8780438935017318, data_size = 1666
user 29, emp_avg: 0.05480687672996694, h: 1.0424381329245227, ucb: 1.0972556304703969,num_of_obs: 29, privacy reward: 0.3011942119122014, g: 0.00022005366568289726, curr_delay = 0.9174501633641332, data_size = 1666
num of fast users chosen: 0, num of slow users chosen: 5
max_delay = 0.93 seconds
global epoch 191 has been done artifficialy in 0.93 secs, the total time by now is 102.64 
 with avg train loss 1.124, val loss 0.981, avg val acc 65.77%
iteration: 192
user 0, emp_avg: 0.7915340868634403, h: 0.9493602692966713, ucb: 1.7349381872133527,num_of_obs: 35, privacy reward: 0.23692775868212101, g: -0.000244140625, curr_delay = 0.05, data_size = 1666
user 1, emp_avg: 0.6143595431114882, h: 0.9360818493440074, ucb: 1.5397291575419259,num_of_obs: 36, privacy reward: 0.22763768838381193, g: -0.0004340277777777782, curr_delay = 0.05, data_size = 1666
user 3, emp_avg: 0.6084312663456866, h: 0.9493602692966713, ucb: 1.5476562087619747,num_of_obs: 35, privacy reward: 0.23692775868212101, g: -0.000244140625, curr_delay = 0.05191203943857031, data_size = 1666
user 4, emp_avg: 0.5620798877993092, h: 0.9360818493440074, ucb: 1.5018304731376166,num_of_obs: 36, privacy reward: 0.22763768838381193, g: -0.0004340277777777782, curr_delay = 0.11627761169905365, data_size = 1666
user 5, emp_avg: 0.5361820693276216, h: 0.9493602692966713, ucb: 1.4938243892547987,num_of_obs: 35, privacy reward: 0.23692775868212101, g: -0.000244140625, curr_delay = 0.20299597928395632, data_size = 1666
num of fast users chosen: 5, num of slow users chosen: 0
max_delay = 0.20 seconds
global epoch 192 has been done artifficialy in 0.20 secs, the total time by now is 102.84 
 with avg train loss 1.129, val loss 0.998, avg val acc 65.77%
iteration: 193
user 6, emp_avg: 0.4665838049913271, h: 0.9781885102673564, ucb: 1.4407670692390344,num_of_obs: 33, privacy reward: 0.25666077695355516, g: -1.8643304369095717e-05, curr_delay = 0.08350634126459518, data_size = 1666
user 7, emp_avg: 0.4630814701745528, h: 0.9636960274568721, ucb: 1.4109857761659705,num_of_obs: 34, privacy reward: 0.24659696394160568, g: -9.023359314642296e-05, curr_delay = 0.05, data_size = 1666
user 8, emp_avg: 0.40448971793547933, h: 0.9781885102673564, ucb: 1.3830100620556622,num_of_obs: 33, privacy reward: 0.25666077695355516, g: -1.8643304369095717e-05, curr_delay = 0.12705214601073705, data_size = 1666
user 9, emp_avg: 0.39578393869765105, h: 0.9781885102673564, ucb: 1.3654880256004183,num_of_obs: 33, privacy reward: 0.25666077695355516, g: -1.8643304369095717e-05, curr_delay = 0.07398968092563407, data_size = 1666
user 10, emp_avg: 0.3719445998278499, h: 0.9781885102673564, ucb: 1.3539478389198667,num_of_obs: 33, privacy reward: 0.25666077695355516, g: -1.8643304369095717e-05, curr_delay = 0.2032036695397425, data_size = 1666
num of fast users chosen: 5, num of slow users chosen: 0
max_delay = 0.20 seconds
global epoch 193 has been done artifficialy in 0.20 secs, the total time by now is 103.04 
 with avg train loss 1.106, val loss 0.975, avg val acc 65.46%
iteration: 194
user 8, emp_avg: 0.40303441708054155, h: 0.9641690868670283, ucb: 1.3686588048025077,num_of_obs: 34, privacy reward: 0.24659696394160568, g: -7.380640285306025e-05, curr_delay = 0.14142103727027547, data_size = 1666
user 11, emp_avg: 0.3285105000173085, h: 0.9938427465270218, ucb: 1.3197548425796808,num_of_obs: 32, privacy reward: 0.26713530196584956, g: 2.9522561141223915e-06, curr_delay = 0.12145962592965331, data_size = 1666
user 12, emp_avg: 0.3199250910698399, h: 0.9938427465270218, ucb: 1.3073616626665523,num_of_obs: 32, privacy reward: 0.26713530196584956, g: 2.9522561141223915e-06, curr_delay = 0.09525212200394172, data_size = 1666
user 13, emp_avg: 0.24078709947051477, h: 1.0264363749461851, ucb: 1.262798253091236,num_of_obs: 30, privacy reward: 0.2893842179390499, g: 0.00014466054959199785, curr_delay = 0.13385313351115002, data_size = 1666
user 14, emp_avg: 0.29811225053362594, h: 0.9938427465270218, ucb: 1.293723193711257,num_of_obs: 32, privacy reward: 0.26713530196584956, g: 2.9522561141223915e-06, curr_delay = 0.20701365773921426, data_size = 1666
num of fast users chosen: 5, num of slow users chosen: 0
max_delay = 0.21 seconds
global epoch 194 has been done artifficialy in 0.21 secs, the total time by now is 103.25 
 with avg train loss 1.118, val loss 0.998, avg val acc 65.49%
iteration: 195
user 15, emp_avg: 0.06998930644581537, h: 1.0269371508095075, ucb: 1.0968166533943269,num_of_obs: 30, privacy reward: 0.2893842179390499, g: 0.00016436554898093314, curr_delay = 0.682282546957146, data_size = 1666
user 16, emp_avg: 0.07145269463747662, h: 1.0269371508095075, ucb: 1.098431909998855,num_of_obs: 30, privacy reward: 0.2893842179390499, g: 0.00016436554898093314, curr_delay = 0.7123444933028357, data_size = 1666
user 17, emp_avg: 0.06737400124884212, h: 1.0269371508095075, ucb: 1.0939898071700433,num_of_obs: 30, privacy reward: 0.2893842179390499, g: 0.00016436554898093314, curr_delay = 0.6492296742706003, data_size = 1666
user 18, emp_avg: 0.06672250489823148, h: 1.0269371508095075, ucb: 1.0937334490525612,num_of_obs: 30, privacy reward: 0.2893842179390499, g: 0.00016436554898093314, curr_delay = 0.7750891968149844, data_size = 1666
user 21, emp_avg: 0.06441555306412382, h: 1.0269371508095075, ucb: 1.0915467580097467,num_of_obs: 30, privacy reward: 0.2893842179390499, g: 0.00016436554898093314, curr_delay = 0.8533307267464633, data_size = 1666
num of fast users chosen: 0, num of slow users chosen: 5
max_delay = 0.85 seconds
global epoch 195 has been done artifficialy in 0.85 secs, the total time by now is 104.10 
 with avg train loss 1.116, val loss 0.978, avg val acc 65.81%
iteration: 196
user 0, emp_avg: 0.7886839856507912, h: 0.9379156553434959, ucb: 1.7294497422069361,num_of_obs: 36, privacy reward: 0.22763768838381193, g: -0.00028923133879402163, curr_delay = 0.07287776217953987, data_size = 1666
user 2, emp_avg: 0.7408645341700822, h: 0.9379156553434959, ucb: 1.6797392366491541,num_of_obs: 36, privacy reward: 0.22763768838381193, g: -0.00028923133879402163, curr_delay = 0.07078755600057424, data_size = 1666
user 3, emp_avg: 0.6041950672484651, h: 0.9379156553434959, ucb: 1.5463469216891825,num_of_obs: 36, privacy reward: 0.22763768838381193, g: -0.00028923133879402163, curr_delay = 0.11069492286188984, data_size = 1666
user 4, emp_avg: 0.562411179154166, h: 0.9251543034978675, ucb: 1.4872341912971767,num_of_obs: 37, privacy reward: 0.218711886952214, g: -0.0004888009625618954, curr_delay = 0.08700661344630095, data_size = 1666
user 5, emp_avg: 0.5341704901283583, h: 0.9379156553434959, ucb: 1.4740977246711173,num_of_obs: 36, privacy reward: 0.22763768838381193, g: -0.00028923133879402163, curr_delay = 0.10828284994822855, data_size = 1666
num of fast users chosen: 5, num of slow users chosen: 0
max_delay = 0.11 seconds
global epoch 196 has been done artifficialy in 0.11 secs, the total time by now is 104.21 
 with avg train loss 1.104, val loss 0.994, avg val acc 65.09%
iteration: 197
user 19, emp_avg: 0.06415903396304842, h: 1.027930321445767, ucb: 1.0920093100334962,num_of_obs: 30, privacy reward: 0.2893842179390499, g: 0.00020685350763425376, curr_delay = 0.7511974625866602, data_size = 1666
user 20, emp_avg: 0.064568563044935, h: 1.027930321445767, ucb: 1.0925261622299651,num_of_obs: 30, privacy reward: 0.2893842179390499, g: 0.00020685350763425376, curr_delay = 0.7843108851524606, data_size = 1666
user 22, emp_avg: 0.06177686117795609, h: 1.027930321445767, ucb: 1.0899561855410627,num_of_obs: 30, privacy reward: 0.2893842179390499, g: 0.00020685350763425376, curr_delay = 0.9206954608478611, data_size = 1666
user 23, emp_avg: 0.0611479897838702, h: 1.027930321445767, ucb: 1.0887292197757232,num_of_obs: 30, privacy reward: 0.2893842179390499, g: 0.00020685350763425376, curr_delay = 0.6981218653522088, data_size = 1666
user 24, emp_avg: 0.06033729923204707, h: 1.027930321445767, ucb: 1.088385753573686,num_of_obs: 30, privacy reward: 0.2893842179390499, g: 0.00020685350763425376, curr_delay = 0.8803853468993862, data_size = 1666
num of fast users chosen: 0, num of slow users chosen: 5
max_delay = 0.92 seconds
global epoch 197 has been done artifficialy in 0.92 secs, the total time by now is 105.13 
 with avg train loss 1.106, val loss 0.966, avg val acc 66.25%
iteration: 198
user 25, emp_avg: 0.05935629929583576, h: 1.0284227759724631, ucb: 1.087867733805611,num_of_obs: 30, privacy reward: 0.2893842179390499, g: 0.0002295684113865928, curr_delay = 0.8818879811485488, data_size = 1666
user 26, emp_avg: 0.05734191485323477, h: 1.0284227759724631, ucb: 1.0857259645121176,num_of_obs: 30, privacy reward: 0.2893842179390499, g: 0.0002295684113865928, curr_delay = 0.8546467378756557, data_size = 1666
user 27, emp_avg: 0.056345559231252215, h: 1.0284227759724631, ucb: 1.0847925087606427,num_of_obs: 30, privacy reward: 0.2893842179390499, g: 0.0002295684113865928, curr_delay = 0.8989515120196213, data_size = 1666
user 28, emp_avg: 0.055359626021806316, h: 1.0284227759724631, ucb: 1.0836581691007299,num_of_obs: 30, privacy reward: 0.2893842179390499, g: 0.0002295684113865928, curr_delay = 0.8462153710782788, data_size = 1666
user 29, emp_avg: 0.054702123227738306, h: 1.0284227759724631, ucb: 1.08322965270243,num_of_obs: 30, privacy reward: 0.2893842179390499, g: 0.0002295684113865928, curr_delay = 0.9697530501349271, data_size = 1666
num of fast users chosen: 0, num of slow users chosen: 5
max_delay = 0.97 seconds
global epoch 198 has been done artifficialy in 0.97 secs, the total time by now is 106.10 
 with avg train loss 1.107, val loss 0.971, avg val acc 65.75%
iteration: 199
user 6, emp_avg: 0.464550241851968, h: 0.9664950160905391, ucb: 1.4330788210818661,num_of_obs: 34, privacy reward: 0.24659696394160568, g: -1.753603304069201e-05, curr_delay = 0.12645131489859923, data_size = 1666
user 9, emp_avg: 0.39164842501354585, h: 0.9664950160905391, ucb: 1.3622789547881902,num_of_obs: 34, privacy reward: 0.24659696394160568, g: -1.753603304069201e-05, curr_delay = 0.1991706853296048, data_size = 1666
user 10, emp_avg: 0.36720955507051234, h: 0.9664950160905391, ucb: 1.338439615918389,num_of_obs: 34, privacy reward: 0.24659696394160568, g: -1.753603304069201e-05, curr_delay = 0.24246182157193372, data_size = 1666
user 11, emp_avg: 0.32730022823267024, h: 0.9810295913176201, ucb: 1.3095400913349287,num_of_obs: 33, privacy reward: 0.25666077695355516, g: 7.014413216276711e-07, curr_delay = 0.1739970102960524, data_size = 1666
user 12, emp_avg: 0.3172938454810184, h: 0.9810295913176201, ucb: 1.30095468238746,num_of_obs: 33, privacy reward: 0.25666077695355516, g: 7.014413216276711e-07, curr_delay = 0.21695480914709614, data_size = 1666
num of fast users chosen: 5, num of slow users chosen: 0
max_delay = 0.24 seconds
global epoch 199 has been done artifficialy in 0.24 secs, the total time by now is 106.35 
 with avg train loss 1.106, val loss 0.983, avg val acc 65.61%
iteration: 200
user 7, emp_avg: 0.4598198776331633, h: 0.9530388119706985, ucb: 1.4161202821452514,num_of_obs: 35, privacy reward: 0.23692775868212101, g: -6.944444444444442e-05, curr_delay = 0.14464908101338428, data_size = 1666
user 11, emp_avg: 0.3312317945317793, h: 0.9669525233081542, ucb: 1.2942527515408244,num_of_obs: 34, privacy reward: 0.24659696394160568, g: -1.1111111111111254e-05, curr_delay = 0.10754884280059687, data_size = 1666
user 12, emp_avg: 0.3134054033776974, h: 0.9669525233081542, ucb: 1.2842463687891725,num_of_obs: 34, privacy reward: 0.24659696394160568, g: -1.1111111111111254e-05, curr_delay = 0.27594066925343014, data_size = 1666
user 13, emp_avg: 0.2412524740789383, h: 1.0126602493542445, ucb: 1.2534473488247593,num_of_obs: 31, privacy reward: 0.2780373004531934, g: 0.0001361111111111109, curr_delay = 0.19555764453946262, data_size = 1666
user 14, emp_avg: 0.2955682822634456, h: 0.9814939787290909, ucb: 1.2796062292627168,num_of_obs: 33, privacy reward: 0.25666077695355516, g: 2.777777777777721e-06, curr_delay = 0.23627554583630164, data_size = 1666
num of fast users chosen: 5, num of slow users chosen: 0
max_delay = 0.28 seconds
global epoch 200 has been done artifficialy in 0.28 secs, the total time by now is 106.62 
 with avg train loss 1.113, val loss 0.985, avg val acc 65.93%
iteration: 201
user 0, emp_avg: 0.794244933396823, h: 0.9273593642682788, ucb: 1.7160433499190701,num_of_obs: 37, privacy reward: 0.218711886952214, g: -0.0003032103165763225, curr_delay = 0.05, data_size = 1666
user 1, emp_avg: 0.6243784596933369, h: 0.9273593642682788, ucb: 1.541718907379767,num_of_obs: 37, privacy reward: 0.218711886952214, g: -0.0003032103165763225, curr_delay = 0.050247298449584574, data_size = 1666
user 2, emp_avg: 0.730011498576523, h: 0.9273593642682788, ucb: 1.668223898438361,num_of_obs: 37, privacy reward: 0.218711886952214, g: -0.0003032103165763225, curr_delay = 0.15223055132661029, data_size = 1666
user 3, emp_avg: 0.6039696442874042, h: 0.9273593642682788, ucb: 1.531554431516744,num_of_obs: 37, privacy reward: 0.218711886952214, g: -0.0003032103165763225, curr_delay = 0.0839448724668287, data_size = 1666
user 4, emp_avg: 0.5656439873727209, h: 0.9150759164415994, ucb: 1.4774870955957655,num_of_obs: 38, privacy reward: 0.21013607120076394, g: -0.0005012252171975945, curr_delay = 0.07262262224224489, data_size = 1666
num of fast users chosen: 5, num of slow users chosen: 0
max_delay = 0.15 seconds
global epoch 201 has been done artifficialy in 0.15 secs, the total time by now is 106.77 
 with avg train loss 1.107, val loss 1.014, avg val acc 64.56%
iteration: 202
user 15, emp_avg: 0.07018949333013359, h: 1.0136106999780097, ucb: 1.0836000064238251,num_of_obs: 31, privacy reward: 0.2780373004531934, g: 0.00017427485322789687, curr_delay = 0.6544906385069352, data_size = 1666
user 16, emp_avg: 0.0715990510805752, h: 1.0136106999780097, ucb: 1.0850633946154864,num_of_obs: 31, privacy reward: 0.2780373004531934, g: 0.00017427485322789687, curr_delay = 0.656718684877517, data_size = 1666
user 17, emp_avg: 0.06753892106372814, h: 1.0136106999780097, ucb: 1.0809847012268519,num_of_obs: 31, privacy reward: 0.2780373004531934, g: 0.00017427485322789687, curr_delay = 0.6882176487800341, data_size = 1666
user 18, emp_avg: 0.06672405066447201, h: 1.0136106999780097, ucb: 1.080333204876241,num_of_obs: 31, privacy reward: 0.2780373004531934, g: 0.00017427485322789687, curr_delay = 0.7488172123102683, data_size = 1666
user 20, emp_avg: 0.06446720789526843, h: 1.0136106999780097, ucb: 1.0781792630229448,num_of_obs: 31, privacy reward: 0.2780373004531934, g: 0.00017427485322789687, curr_delay = 0.8153255337487674, data_size = 1666
num of fast users chosen: 0, num of slow users chosen: 5
max_delay = 0.82 seconds
global epoch 202 has been done artifficialy in 0.82 secs, the total time by now is 107.59 
 with avg train loss 1.148, val loss 1.179, avg val acc 58.08%
iteration: 203
user 5, emp_avg: 0.5315517882657753, h: 0.9282246331434778, ucb: 1.4623951232718362,num_of_obs: 37, privacy reward: 0.218711886952214, g: -0.00024333950782056806, curr_delay = 0.11503248695669056, data_size = 1666
user 6, emp_avg: 0.47088102044850694, h: 0.9543769227579205, ucb: 1.4189271646098884,num_of_obs: 35, privacy reward: 0.23692775868212101, g: -3.3029462280354315e-05, curr_delay = 0.07220651708608443, data_size = 1666
user 7, emp_avg: 0.4539936933577635, h: 0.9410283363641596, ucb: 1.4008482139973228,num_of_obs: 36, privacy reward: 0.22763768838381193, g: -0.00011391794133428274, curr_delay = 0.20470740275987276, data_size = 1666
user 8, emp_avg: 0.40255402647445515, h: 0.9543769227579205, ucb: 1.3574113398384622,num_of_obs: 35, privacy reward: 0.23692775868212101, g: -3.3029462280354315e-05, curr_delay = 0.12962086885131127, data_size = 1666
user 9, emp_avg: 0.39307708536591085, h: 0.9543769227579205, ucb: 1.3460253477714663,num_of_obs: 35, privacy reward: 0.23692775868212101, g: -3.3029462280354315e-05, curr_delay = 0.11284638821526041, data_size = 1666
num of fast users chosen: 5, num of slow users chosen: 0
max_delay = 0.20 seconds
global epoch 203 has been done artifficialy in 0.20 secs, the total time by now is 107.79 
 with avg train loss 1.077, val loss 0.972, avg val acc 65.78%
iteration: 204
user 19, emp_avg: 0.0640283243754573, h: 1.0145509091197222, ucb: 1.0787099430827707,num_of_obs: 31, privacy reward: 0.2780373004531934, g: 0.0002162629757785468, curr_delay = 0.8336622525501356, data_size = 1666
user 21, emp_avg: 0.0643682892263248, h: 1.0145509091197222, ucb: 1.078966462183846,num_of_obs: 31, privacy reward: 0.2780373004531934, g: 0.0002162629757785468, curr_delay = 0.7948732550371674, data_size = 1666
user 22, emp_avg: 0.06167590584046971, h: 1.0145509091197222, ucb: 1.0763277702976783,num_of_obs: 31, privacy reward: 0.2780373004531934, g: 0.0002162629757785468, curr_delay = 0.8540250744640469, data_size = 1666
user 23, emp_avg: 0.061222889514318375, h: 1.0145509091197222, ucb: 1.0756988989035925,num_of_obs: 31, privacy reward: 0.2780373004531934, g: 0.0002162629757785468, curr_delay = 0.7868466786518855, data_size = 1666
user 24, emp_avg: 0.06031958376260696, h: 1.0145509091197222, ucb: 1.0748882083517692,num_of_obs: 31, privacy reward: 0.2780373004531934, g: 0.0002162629757785468, curr_delay = 0.8365344129907223, data_size = 1666
num of fast users chosen: 0, num of slow users chosen: 5
max_delay = 0.85 seconds
global epoch 204 has been done artifficialy in 0.85 secs, the total time by now is 108.65 
 with avg train loss 1.107, val loss 0.968, avg val acc 66.08%
iteration: 205
user 25, emp_avg: 0.05920580171940846, h: 1.0150172392438823, ucb: 1.0743735385397182,num_of_obs: 31, privacy reward: 0.2780373004531934, g: 0.00023861458126776374, curr_delay = 0.9167520081015225, data_size = 1666
user 26, emp_avg: 0.057485395579497146, h: 1.0150172392438823, ucb: 1.0723591540971171,num_of_obs: 31, privacy reward: 0.2780373004531934, g: 0.00023861458126776374, curr_delay = 0.8073201579610682, data_size = 1666
user 27, emp_avg: 0.05640837906119758, h: 1.0150172392438823, ucb: 1.0713627984751346,num_of_obs: 31, privacy reward: 0.2780373004531934, g: 0.00023861458126776374, curr_delay = 0.856812952975254, data_size = 1666
user 28, emp_avg: 0.055298571029038096, h: 1.0150172392438823, ucb: 1.0703768652656886,num_of_obs: 31, privacy reward: 0.2780373004531934, g: 0.00023861458126776374, curr_delay = 0.9362267388927935, data_size = 1666
user 29, emp_avg: 0.05483326802226433, h: 1.0150172392438823, ucb: 1.0697193624716206,num_of_obs: 31, privacy reward: 0.2780373004531934, g: 0.00023861458126776374, curr_delay = 0.8489143547619774, data_size = 1666
num of fast users chosen: 0, num of slow users chosen: 5
max_delay = 0.94 seconds
global epoch 205 has been done artifficialy in 0.94 secs, the total time by now is 109.58 
 with avg train loss 1.106, val loss 0.986, avg val acc 65.14%
iteration: 206
user 0, emp_avg: 0.7986514611849928, h: 0.9171933305461586, ucb: 1.7114382639429815,num_of_obs: 38, privacy reward: 0.21013607120076394, g: -0.0003168169583477345, curr_delay = 0.051754502629556894, data_size = 1666
user 1, emp_avg: 0.6187104081551564, h: 0.9171933305461586, ucb: 1.5415717902394954,num_of_obs: 38, privacy reward: 0.21013607120076394, g: -0.0003168169583477345, curr_delay = 0.123969672646075, data_size = 1666
user 2, emp_avg: 0.7369342806643044, h: 0.9171933305461586, ucb: 1.6472048291226815,num_of_obs: 38, privacy reward: 0.21013607120076394, g: -0.0003168169583477345, curr_delay = 0.05, data_size = 1666
user 3, emp_avg: 0.5967476874438685, h: 0.9171933305461586, ucb: 1.5211629748335627,num_of_obs: 38, privacy reward: 0.21013607120076394, g: -0.0003168169583477345, curr_delay = 0.15512855271906043, data_size = 1666
user 4, emp_avg: 0.5594094979922896, h: 0.9053580820519904, ucb: 1.4710020694247112,num_of_obs: 39, privacy reward: 0.20189651799465458, g: -0.0005131911060839333, curr_delay = 0.15809556206223285, data_size = 1666
num of fast users chosen: 5, num of slow users chosen: 0
max_delay = 0.16 seconds
global epoch 206 has been done artifficialy in 0.16 secs, the total time by now is 109.74 
 with avg train loss 1.086, val loss 0.976, avg val acc 65.30%
iteration: 207
user 10, emp_avg: 0.36499169029560974, h: 0.9561277971901965, ucb: 1.3233373522607088,num_of_obs: 35, privacy reward: 0.23692775868212101, g: -5.83444187729007e-06, curr_delay = 0.17399388365467386, data_size = 1666
user 11, emp_avg: 0.3287988065638894, h: 0.9561277971901965, ucb: 1.2873595917219758,num_of_obs: 35, privacy reward: 0.23692775868212101, g: -5.83444187729007e-06, curr_delay = 0.2052172566307656, data_size = 1666
user 12, emp_avg: 0.31347700754570906, h: 0.9561277971901965, ucb: 1.2695332005678939,num_of_obs: 35, privacy reward: 0.23692775868212101, g: -5.83444187729007e-06, curr_delay = 0.15823628398496586, data_size = 1666
user 13, emp_avg: 0.24310458151939002, h: 0.9999423852088962, ucb: 1.2411948592878346,num_of_obs: 32, privacy reward: 0.26713530196584956, g: 0.0001458610469322504, curr_delay = 0.16535921565710493, data_size = 1666
user 14, emp_avg: 0.29327436070442275, h: 0.9700866055878451, ucb: 1.2656548878512908,num_of_obs: 34, privacy reward: 0.24659696394160568, g: 5.834441877289937e-06, curr_delay = 0.23225455830795905, data_size = 1666
num of fast users chosen: 5, num of slow users chosen: 0
max_delay = 0.23 seconds
global epoch 207 has been done artifficialy in 0.23 secs, the total time by now is 109.97 
 with avg train loss 1.119, val loss 0.979, avg val acc 65.94%
iteration: 208
user 5, emp_avg: 0.5307612231552634, h: 0.9180246023278219, ucb: 1.4495763905935972,num_of_obs: 38, privacy reward: 0.21013607120076394, g: -0.0002568211702827087, curr_delay = 0.09985625712640396, data_size = 1666
user 6, emp_avg: 0.4851815334093581, h: 0.9431806189432752, ucb: 1.4140616393917822,num_of_obs: 36, privacy reward: 0.22763768838381193, g: -4.109138724523346e-05, curr_delay = 0.05, data_size = 1666
user 7, emp_avg: 0.44933754832261696, h: 0.9303476316018872, ucb: 1.3843413249596508,num_of_obs: 37, privacy reward: 0.218711886952214, g: -0.00012584237343852764, curr_delay = 0.18046620642151553, data_size = 1666
user 8, emp_avg: 0.39615378202680124, h: 0.9431806189432752, ucb: 1.3457346454177304,num_of_obs: 36, privacy reward: 0.22763768838381193, g: -4.109138724523346e-05, curr_delay = 0.30166825820868237, data_size = 1666
user 9, emp_avg: 0.3956760086277598, h: 0.9431806189432752, ucb: 1.3362577043091861,num_of_obs: 36, privacy reward: 0.22763768838381193, g: -4.109138724523346e-05, curr_delay = 0.10219990485852784, data_size = 1666
num of fast users chosen: 5, num of slow users chosen: 0
max_delay = 0.30 seconds
global epoch 208 has been done artifficialy in 0.30 secs, the total time by now is 110.28 
 with avg train loss 1.083, val loss 0.998, avg val acc 64.16%
iteration: 209
user 15, emp_avg: 0.07058702813385606, h: 1.0008434803921151, ucb: 1.0710329737222488,num_of_obs: 32, privacy reward: 0.26713530196584956, g: 0.0001837819138247241, curr_delay = 0.6001814335055236, data_size = 1666
user 16, emp_avg: 0.07145832966400048, h: 1.0008434803921151, ucb: 1.0724425314726904,num_of_obs: 32, privacy reward: 0.26713530196584956, g: 0.0001837819138247241, curr_delay = 0.7467674936838593, data_size = 1666
user 17, emp_avg: 0.0676216861974899, h: 1.0008434803921151, ucb: 1.0683824014558432,num_of_obs: 32, privacy reward: 0.26713530196584956, g: 0.0001837819138247241, curr_delay = 0.711539472011798, data_size = 1666
user 18, emp_avg: 0.06663324932828857, h: 1.0008434803921151, ucb: 1.067567531056587,num_of_obs: 32, privacy reward: 0.26713530196584956, g: 0.0001837819138247241, curr_delay = 0.7845893277782271, data_size = 1666
user 20, emp_avg: 0.0642594438369194, h: 1.0008434803921151, ucb: 1.0653106882873835,num_of_obs: 32, privacy reward: 0.26713530196584956, g: 0.0001837819138247241, curr_delay = 0.8678899035530127, data_size = 1666
num of fast users chosen: 0, num of slow users chosen: 5
max_delay = 0.87 seconds
global epoch 209 has been done artifficialy in 0.87 secs, the total time by now is 111.14 
 with avg train loss 1.084, val loss 1.004, avg val acc 65.19%
iteration: 210
user 19, emp_avg: 0.06411646787258252, h: 1.0012904983118163, ucb: 1.0653188226872736,num_of_obs: 32, privacy reward: 0.26713530196584956, g: 0.00020408163265306055, curr_delay = 0.746970365353558, data_size = 1666
user 21, emp_avg: 0.06427321258453902, h: 1.0012904983118163, ucb: 1.0656587875381411,num_of_obs: 32, privacy reward: 0.26713530196584956, g: 0.00020408163265306055, curr_delay = 0.8165830370437825, data_size = 1666
user 22, emp_avg: 0.06162726331404866, h: 1.0012904983118163, ucb: 1.062966404152286,num_of_obs: 32, privacy reward: 0.26713530196584956, g: 0.00020408163265306055, curr_delay = 0.8323525103798607, data_size = 1666
user 23, emp_avg: 0.061365505753322655, h: 1.0012904983118163, ucb: 1.0625133878261346,num_of_obs: 32, privacy reward: 0.26713530196584956, g: 0.00020408163265306055, curr_delay = 0.7583890102687763, data_size = 1666
user 24, emp_avg: 0.06046867624731161, h: 1.0012904983118163, ucb: 1.0616100820744232,num_of_obs: 32, privacy reward: 0.26713530196584956, g: 0.00020408163265306055, curr_delay = 0.766405259918635, data_size = 1666
num of fast users chosen: 0, num of slow users chosen: 5
max_delay = 0.83 seconds
global epoch 210 has been done artifficialy in 0.83 secs, the total time by now is 111.98 
 with avg train loss 1.093, val loss 0.967, avg val acc 66.01%
iteration: 211
user 25, emp_avg: 0.0591676349474613, h: 1.001735194563295, ucb: 1.0609409962827034,num_of_obs: 32, privacy reward: 0.26713530196584956, g: 0.0002252370292171728, curr_delay = 0.8628678882724501, data_size = 1666
user 26, emp_avg: 0.05737262370660055, h: 1.001735194563295, ucb: 1.0592205901427922,num_of_obs: 32, privacy reward: 0.26713530196584956, g: 0.0002252370292171728, curr_delay = 0.9299916466339441, data_size = 1666
user 27, emp_avg: 0.056363552108088036, h: 1.001735194563295, ucb: 1.0581435736244926,num_of_obs: 32, privacy reward: 0.26713530196584956, g: 0.0002252370292171728, curr_delay = 0.9102644947566663, data_size = 1666
user 28, emp_avg: 0.055516853389037606, h: 1.001735194563295, ucb: 1.0570337655923332,num_of_obs: 32, privacy reward: 0.26713530196584956, g: 0.0002252370292171728, curr_delay = 0.7999758226952187, data_size = 1666
user 29, emp_avg: 0.054786671103601046, h: 1.001735194563295, ucb: 1.0565684625855594,num_of_obs: 32, privacy reward: 0.26713530196584956, g: 0.0002252370292171728, curr_delay = 0.9381642841134334, data_size = 1666
num of fast users chosen: 0, num of slow users chosen: 5
max_delay = 0.94 seconds
global epoch 211 has been done artifficialy in 0.94 secs, the total time by now is 112.91 
 with avg train loss 1.112, val loss 0.993, avg val acc 65.09%
iteration: 212
user 0, emp_avg: 0.7948105513078463, h: 0.9077941375132286, ucb: 1.7064455986982212,num_of_obs: 39, privacy reward: 0.20189651799465458, g: -0.0002991376923381194, curr_delay = 0.07751756916685064, data_size = 1666
user 1, emp_avg: 0.6282426479512775, h: 0.9077941375132286, ucb: 1.526504545668385,num_of_obs: 39, privacy reward: 0.20189651799465458, g: -0.0002991376923381194, curr_delay = 0.05, data_size = 1666
user 2, emp_avg: 0.7292695100349047, h: 0.9077941375132286, ucb: 1.644728418177533,num_of_obs: 39, privacy reward: 0.20189651799465458, g: -0.0002991376923381194, curr_delay = 0.11618626788053382, data_size = 1666
user 3, emp_avg: 0.5949320572009343, h: 0.9077941375132286, ucb: 1.504541824957097,num_of_obs: 39, privacy reward: 0.20189651799465458, g: -0.0002991376923381194, curr_delay = 0.09539754947524164, data_size = 1666
user 4, emp_avg: 0.556491049948505, h: 0.8963748887607249, ucb: 1.4557843867530145,num_of_obs: 40, privacy reward: 0.19398004229089116, g: -0.0004845536173410872, curr_delay = 0.1137001576429669, data_size = 1666
num of fast users chosen: 5, num of slow users chosen: 0
max_delay = 0.12 seconds
global epoch 212 has been done artifficialy in 0.12 secs, the total time by now is 113.03 
 with avg train loss 1.093, val loss 0.982, avg val acc 65.13%
iteration: 213
user 10, emp_avg: 0.362636803586894, h: 0.945277046312299, ucb: 1.3102687366079087,num_of_obs: 36, privacy reward: 0.22763768838381193, g: -5.5103705173136126e-06, curr_delay = 0.17994616452286757, data_size = 1666
user 11, emp_avg: 0.33169361673615544, h: 0.945277046312299, ucb: 1.2740758528761884,num_of_obs: 36, privacy reward: 0.22763768838381193, g: -5.5103705173136126e-06, curr_delay = 0.11470342274334894, data_size = 1666
user 12, emp_avg: 0.31494335253027383, h: 0.945277046312299, ucb: 1.258754053858008,num_of_obs: 36, privacy reward: 0.22763768838381193, g: -5.5103705173136126e-06, curr_delay = 0.1359686701301753, data_size = 1666
user 13, emp_avg: 0.2447314583349756, h: 0.9873096747046238, ucb: 1.230414256224014,num_of_obs: 33, privacy reward: 0.25666077695355516, g: 0.00013775926293283967, curr_delay = 0.16754999400532855, data_size = 1666
user 14, emp_avg: 0.292235038309397, h: 0.9586859011056534, ucb: 1.2519602618100762,num_of_obs: 35, privacy reward: 0.23692775868212101, g: 5.510370517313483e-06, curr_delay = 0.19542032126645578, data_size = 1666
num of fast users chosen: 5, num of slow users chosen: 0
max_delay = 0.20 seconds
global epoch 213 has been done artifficialy in 0.20 secs, the total time by now is 113.23 
 with avg train loss 1.101, val loss 0.962, avg val acc 66.38%
iteration: 214
user 0, emp_avg: 0.799815172007655, h: 0.8971601876216296, ucb: 1.6919707389294758,num_of_obs: 40, privacy reward: 0.19398004229089116, g: -0.00041003095855048, curr_delay = 0.05, data_size = 1666
user 1, emp_avg: 0.6254653981945745, h: 0.8971601876216296, ucb: 1.525402835572907,num_of_obs: 40, privacy reward: 0.19398004229089116, g: -0.00041003095855048, curr_delay = 0.09720526920515103, data_size = 1666
user 2, emp_avg: 0.7358726927169802, h: 0.8971601876216296, ucb: 1.6264296976565342,num_of_obs: 40, privacy reward: 0.19398004229089116, g: -0.00041003095855048, curr_delay = 0.05, data_size = 1666
user 5, emp_avg: 0.5232042345511215, h: 0.9085894405845928, ucb: 1.439350663739856,num_of_obs: 39, privacy reward: 0.20189651799465458, g: -0.00024262186896478107, curr_delay = 0.21883592689407183, data_size = 1666
user 6, emp_avg: 0.4820264553492949, h: 0.9328227445266578, ucb: 1.4180042779360158,num_of_obs: 37, privacy reward: 0.218711886952214, g: -3.881949903436497e-05, curr_delay = 0.1368780862572752, data_size = 1666
num of fast users chosen: 5, num of slow users chosen: 0
max_delay = 0.22 seconds
global epoch 214 has been done artifficialy in 0.22 secs, the total time by now is 113.44 
 with avg train loss 1.073, val loss 0.973, avg val acc 65.78%
iteration: 215
user 3, emp_avg: 0.6048117631228628, h: 0.8975498338360658, ucb: 1.4924818910370001,num_of_obs: 40, privacy reward: 0.19398004229089116, g: -0.0003755783907217117, curr_delay = 0.05, data_size = 1666
user 6, emp_avg: 0.49530782828905656, h: 0.9208666994334307, ucb: 1.4028931547827255,num_of_obs: 38, privacy reward: 0.21013607120076394, g: -0.00010155639685115091, curr_delay = 0.05, data_size = 1666
user 7, emp_avg: 0.44752658476330925, h: 0.9208666994334307, ucb: 1.3702042477560477,num_of_obs: 38, privacy reward: 0.21013607120076394, g: -0.00010155639685115091, curr_delay = 0.13202715541062635, data_size = 1666
user 8, emp_avg: 0.39732754711771934, h: 0.9332278793689743, ucb: 1.3293816613957756,num_of_obs: 37, privacy reward: 0.218711886952214, g: -2.9445345832582403e-05, curr_delay = 0.11344123041570539, data_size = 1666
user 9, emp_avg: 0.3906675561701918, h: 0.9332278793689743, ucb: 1.328903887996734,num_of_obs: 37, privacy reward: 0.218711886952214, g: -2.9445345832582403e-05, curr_delay = 0.24348102060096521, data_size = 1666
num of fast users chosen: 5, num of slow users chosen: 0
max_delay = 0.24 seconds
global epoch 215 has been done artifficialy in 0.24 secs, the total time by now is 113.69 
 with avg train loss 1.084, val loss 0.966, avg val acc 66.02%
iteration: 216
user 15, emp_avg: 0.07076487344188961, h: 0.9885966552905521, ucb: 1.0591836834244082,num_of_obs: 33, privacy reward: 0.25666077695355516, g: 0.00019290123456790063, curr_delay = 0.6524538843498136, data_size = 1666
user 16, emp_avg: 0.07133483871755077, h: 0.9885966552905521, ucb: 1.0600549849545526,num_of_obs: 33, privacy reward: 0.25666077695355516, g: 0.00019290123456790063, curr_delay = 0.7433878901200763, data_size = 1666
user 17, emp_avg: 0.06790264783728353, h: 0.9885966552905521, ucb: 1.056218341488042,num_of_obs: 33, privacy reward: 0.25666077695355516, g: 0.00019290123456790063, curr_delay = 0.6478833874184767, data_size = 1666
user 18, emp_avg: 0.06625950281510239, h: 0.9885966552905521, ucb: 1.0552299046188407,num_of_obs: 33, privacy reward: 0.25666077695355516, g: 0.00019290123456790063, curr_delay = 0.9271988002363297, data_size = 1666
user 21, emp_avg: 0.06397088959271878, h: 0.9885966552905521, ucb: 1.0528698678750912,num_of_obs: 33, privacy reward: 0.25666077695355516, g: 0.00019290123456790063, curr_delay = 0.9260248586036689, data_size = 1666
num of fast users chosen: 0, num of slow users chosen: 5
max_delay = 0.93 seconds
global epoch 216 has been done artifficialy in 0.93 secs, the total time by now is 114.62 
 with avg train loss 1.136, val loss 1.065, avg val acc 62.39%
iteration: 217
user 19, emp_avg: 0.06400167137474407, h: 0.9890213117972607, ucb: 1.0531377796698433,num_of_obs: 33, privacy reward: 0.25666077695355516, g: 0.00021295372120405518, curr_delay = 0.8303801286710307, data_size = 1666
user 20, emp_avg: 0.064272247901188, h: 0.9890213117972607, ucb: 1.05328075563418,num_of_obs: 33, privacy reward: 0.25666077695355516, g: 0.00021295372120405518, curr_delay = 0.7728598572749958, data_size = 1666
user 22, emp_avg: 0.06172042286434249, h: 0.9890213117972607, ucb: 1.0506485751113093,num_of_obs: 33, privacy reward: 0.25666077695355516, g: 0.00021295372120405518, curr_delay = 0.7716681957238489, data_size = 1666
user 23, emp_avg: 0.06134736830447078, h: 0.9890213117972607, ucb: 1.0503868175505833,num_of_obs: 33, privacy reward: 0.25666077695355516, g: 0.00021295372120405518, curr_delay = 0.8230610852692403, data_size = 1666
user 24, emp_avg: 0.060685223444723296, h: 0.9890213117972607, ucb: 1.0494899880445723,num_of_obs: 33, privacy reward: 0.25666077695355516, g: 0.00021295372120405518, curr_delay = 0.7371230395898646, data_size = 1666
num of fast users chosen: 0, num of slow users chosen: 5
max_delay = 0.83 seconds
global epoch 217 has been done artifficialy in 0.83 secs, the total time by now is 115.45 
 with avg train loss 1.086, val loss 0.982, avg val acc 66.19%
iteration: 218
user 25, emp_avg: 0.05926991054978773, h: 0.9894438348513214, ucb: 1.0486114697987827,num_of_obs: 33, privacy reward: 0.25666077695355516, g: 0.00023379999812959948, curr_delay = 0.7981482268146031, data_size = 1666
user 26, emp_avg: 0.05737100047037234, h: 0.9894438348513214, ucb: 1.0468164585579218,num_of_obs: 33, privacy reward: 0.25666077695355516, g: 0.00023379999812959948, curr_delay = 0.8723349388538103, data_size = 1666
user 27, emp_avg: 0.05652716824495821, h: 0.9894438348513214, ucb: 1.0458073869594093,num_of_obs: 33, privacy reward: 0.25666077695355516, g: 0.00023379999812959948, curr_delay = 0.8074087730619033, data_size = 1666
user 28, emp_avg: 0.055578308147799016, h: 0.9894438348513214, ucb: 1.044960688240359,num_of_obs: 33, privacy reward: 0.25666077695355516, g: 0.00023379999812959948, curr_delay = 0.8679603935394219, data_size = 1666
user 29, emp_avg: 0.05459474184946016, h: 0.9894438348513214, ucb: 1.0442305059549224,num_of_obs: 33, privacy reward: 0.25666077695355516, g: 0.00023379999812959948, curr_delay = 1.0360315944989207, data_size = 1666
num of fast users chosen: 0, num of slow users chosen: 5
max_delay = 1.04 seconds
global epoch 218 has been done artifficialy in 1.04 secs, the total time by now is 116.48 
 with avg train loss 1.092, val loss 0.962, avg val acc 66.50%
iteration: 219
user 10, emp_avg: 0.3597358701506937, h: 0.934828071761876, ucb: 1.29746487534877,num_of_obs: 37, privacy reward: 0.218711886952214, g: -5.2125685452763695e-06, curr_delay = 0.19809721051578125, data_size = 1666
user 11, emp_avg: 0.33002945698644964, h: 0.934828071761876, ucb: 1.2665216884980315,num_of_obs: 37, privacy reward: 0.218711886952214, g: -5.2125685452763695e-06, curr_delay = 0.18625057555686933, data_size = 1666
user 12, emp_avg: 0.31825501557462643, h: 0.934828071761876, ucb: 1.2497714242921498,num_of_obs: 37, privacy reward: 0.218711886952214, g: -5.2125685452763695e-06, curr_delay = 0.11343358866644844, data_size = 1666
user 13, emp_avg: 0.24355613633169101, h: 0.9751987788153306, ucb: 1.2199302371503062,num_of_obs: 34, privacy reward: 0.24659696394160568, g: 0.00013031421363190925, curr_delay = 0.2455853718211032, data_size = 1666
user 14, emp_avg: 0.28969738267862444, h: 0.9477228611973457, ucb: 1.2399578995067428,num_of_obs: 36, privacy reward: 0.22763768838381193, g: 5.2125685452763695e-06, curr_delay = 0.2520901043005572, data_size = 1666
num of fast users chosen: 5, num of slow users chosen: 0
max_delay = 0.25 seconds
global epoch 219 has been done artifficialy in 0.25 secs, the total time by now is 116.73 
 with avg train loss 1.091, val loss 0.957, avg val acc 66.43%
iteration: 220
user 0, emp_avg: 0.797723089751393, h: 0.8884319603924022, ucb: 1.6882471324000572,num_of_obs: 41, privacy reward: 0.1863739760394092, g: -0.00038797061524334316, curr_delay = 0.0702298761396521, data_size = 1666
user 1, emp_avg: 0.6167938821688241, h: 0.8884319603924022, ucb: 1.5138973585869766,num_of_obs: 41, privacy reward: 0.1863739760394092, g: -0.00038797061524334316, curr_delay = 0.19137897056433514, data_size = 1666
user 2, emp_avg: 0.7420509543084051, h: 0.8884319603924022, ucb: 1.6243046531093825,num_of_obs: 41, privacy reward: 0.1863739760394092, g: -0.00038797061524334316, curr_delay = 0.05023309767004215, data_size = 1666
user 3, emp_avg: 0.6035654404016065, h: 0.8884319603924022, ucb: 1.4932437235152651,num_of_obs: 41, privacy reward: 0.1863739760394092, g: -0.00038797061524334316, curr_delay = 0.09050327278093559, data_size = 1666
user 4, emp_avg: 0.5526825001562494, h: 0.8884319603924022, ucb: 1.4449230103409072,num_of_obs: 41, privacy reward: 0.1863739760394092, g: -0.00038797061524334316, curr_delay = 0.1260932414305985, data_size = 1666
num of fast users chosen: 5, num of slow users chosen: 0
max_delay = 0.19 seconds
global epoch 220 has been done artifficialy in 0.19 secs, the total time by now is 116.93 
 with avg train loss 1.067, val loss 0.959, avg val acc 66.50%
iteration: 221
user 5, emp_avg: 0.5189735171703662, h: 0.8998468787675283, ucb: 1.4230511133186499,num_of_obs: 40, privacy reward: 0.19398004229089116, g: -0.00020531475149521475, curr_delay = 0.14296137315953072, data_size = 1666
user 6, emp_avg: 0.4947769030578574, h: 0.9113103584752396, ucb: 1.4066181867642962,num_of_obs: 39, privacy reward: 0.20189651799465458, g: -9.611687812379895e-05, curr_delay = 0.1054694741623958, data_size = 1666
user 7, emp_avg: 0.4592797776698549, h: 0.9113103584752396, ucb: 1.3588369432385488,num_of_obs: 39, privacy reward: 0.20189651799465458, g: -9.611687812379895e-05, curr_delay = 0.054486749469973395, data_size = 1666
user 8, emp_avg: 0.40110142593197073, h: 0.9232234178068782, ucb: 1.3205509649245974,num_of_obs: 38, privacy reward: 0.21013607120076394, g: -2.7868207266663578e-05, curr_delay = 0.09182587697989554, data_size = 1666
user 9, emp_avg: 0.4062914649863407, h: 0.9232234178068782, ucb: 1.3138909739770699,num_of_obs: 38, privacy reward: 0.21013607120076394, g: -2.7868207266663578e-05, curr_delay = 0.05, data_size = 1666
num of fast users chosen: 5, num of slow users chosen: 0
max_delay = 0.14 seconds
global epoch 221 has been done artifficialy in 0.14 secs, the total time by now is 117.07 
 with avg train loss 1.069, val loss 0.963, avg val acc 66.34%
iteration: 222
user 15, emp_avg: 0.07063260766678467, h: 0.9764290325592127, ucb: 1.0471939060011022,num_of_obs: 34, privacy reward: 0.24659696394160568, g: 0.00018261504747991238, curr_delay = 0.7560228029663629, data_size = 1666
user 16, emp_avg: 0.07102874968080097, h: 0.9764290325592127, ucb: 1.0477638712767634,num_of_obs: 34, privacy reward: 0.24659696394160568, g: 0.00018261504747991238, curr_delay = 0.8247868584838787, data_size = 1666
user 17, emp_avg: 0.06785163146343923, h: 0.9764290325592127, ucb: 1.0443316803964962,num_of_obs: 34, privacy reward: 0.24659696394160568, g: 0.00018261504747991238, curr_delay = 0.7562343038767491, data_size = 1666
user 18, emp_avg: 0.06615052702886424, h: 0.9764290325592127, ucb: 1.042688535374315,num_of_obs: 34, privacy reward: 0.24659696394160568, g: 0.00018261504747991238, curr_delay = 0.8007001283903148, data_size = 1666
user 20, emp_avg: 0.06409192917120084, h: 0.9764290325592127, ucb: 1.0407012804604006,num_of_obs: 34, privacy reward: 0.24659696394160568, g: 0.00018261504747991238, curr_delay = 0.8626476481267917, data_size = 1666
num of fast users chosen: 0, num of slow users chosen: 5
max_delay = 0.86 seconds
global epoch 222 has been done artifficialy in 0.86 secs, the total time by now is 117.93 
 with avg train loss 1.062, val loss 0.961, avg val acc 66.02%
iteration: 223
user 19, emp_avg: 0.06405222346250189, h: 0.9768350849548988, ucb: 1.0408367563296428,num_of_obs: 34, privacy reward: 0.24659696394160568, g: 0.00020164849037337913, curr_delay = 0.7602135321345578, data_size = 1666
user 21, emp_avg: 0.06373837245229264, h: 0.9768350849548988, ucb: 1.0408059745476175,num_of_obs: 34, privacy reward: 0.24659696394160568, g: 0.00020164849037337913, curr_delay = 0.8955311079481553, data_size = 1666
user 22, emp_avg: 0.06170179462573829, h: 0.9768350849548988, ucb: 1.0385555078192412,num_of_obs: 34, privacy reward: 0.24659696394160568, g: 0.00020164849037337913, curr_delay = 0.8187535901087536, data_size = 1666
user 23, emp_avg: 0.06151543086357786, h: 0.9768350849548988, ucb: 1.0381824532593695,num_of_obs: 34, privacy reward: 0.24659696394160568, g: 0.00020164849037337913, curr_delay = 0.7437204941060286, data_size = 1666
user 24, emp_avg: 0.060586153071484045, h: 0.9768350849548988, ucb: 1.037520308399622,num_of_obs: 34, privacy reward: 0.24659696394160568, g: 0.00020164849037337913, curr_delay = 0.8738545456298152, data_size = 1666
num of fast users chosen: 0, num of slow users chosen: 5
max_delay = 0.90 seconds
global epoch 223 has been done artifficialy in 0.90 secs, the total time by now is 118.83 
 with avg train loss 1.083, val loss 0.965, avg val acc 66.64%
iteration: 224
user 10, emp_avg: 0.35895405164909333, h: 0.9243756970194907, ucb: 1.2841115671701844,num_of_obs: 38, privacy reward: 0.21013607120076394, g: -8.857709750566995e-06, curr_delay = 0.15186261843769425, data_size = 1666
user 11, emp_avg: 0.3283243192258156, h: 0.9243756970194907, ucb: 1.2544051540059404,num_of_obs: 38, privacy reward: 0.21013607120076394, g: -8.857709750566995e-06, curr_delay = 0.18973237860515899, data_size = 1666
user 12, emp_avg: 0.31582024077178356, h: 0.9243756970194907, ucb: 1.2426307125941172,num_of_obs: 38, privacy reward: 0.21013607120076394, g: -8.857709750566995e-06, curr_delay = 0.2239152220646575, data_size = 1666
user 13, emp_avg: 0.24396421252784173, h: 0.9631774248530631, ucb: 1.206733561184754,num_of_obs: 35, privacy reward: 0.23692775868212101, g: 0.00010850694444444425, curr_delay = 0.19361318176428965, data_size = 1666
user 14, emp_avg: 0.2873450423408897, h: 0.9367839797013725, ucb: 1.2264813623799968,num_of_obs: 37, privacy reward: 0.218711886952214, g: 2.2144274376417077e-06, curr_delay = 0.2496150314116246, data_size = 1666
num of fast users chosen: 5, num of slow users chosen: 0
max_delay = 0.25 seconds
global epoch 224 has been done artifficialy in 0.25 secs, the total time by now is 119.08 
 with avg train loss 1.085, val loss 0.978, avg val acc 66.06%
iteration: 225
user 25, emp_avg: 0.05926955058450453, h: 0.9776412552252626, ucb: 1.0369111657750503,num_of_obs: 34, privacy reward: 0.24659696394160568, g: 0.00024197530864197497, curr_delay = 0.8437777298840796, data_size = 1666
user 26, emp_avg: 0.0573640675015524, h: 0.9776412552252626, ucb: 1.035012255695635,num_of_obs: 34, privacy reward: 0.24659696394160568, g: 0.00024197530864197497, curr_delay = 0.8752222497113799, data_size = 1666
user 27, emp_avg: 0.05656005982704604, h: 0.9776412552252626, ucb: 1.0341684234702209,num_of_obs: 34, privacy reward: 0.24659696394160568, g: 0.00024197530864197497, curr_delay = 0.8668760379950821, data_size = 1666
user 28, emp_avg: 0.05554265895168274, h: 0.9776412552252626, ucb: 1.0332195633730616,num_of_obs: 34, privacy reward: 0.24659696394160568, g: 0.00024197530864197497, curr_delay = 0.9202919279921981, data_size = 1666
user 29, emp_avg: 0.05466849318787334, h: 0.9776412552252626, ucb: 1.0322359970747228,num_of_obs: 34, privacy reward: 0.24659696394160568, g: 0.00024197530864197497, curr_delay = 0.8744922023658032, data_size = 1666
num of fast users chosen: 0, num of slow users chosen: 5
max_delay = 0.92 seconds
global epoch 225 has been done artifficialy in 0.92 secs, the total time by now is 120.00 
 with avg train loss 1.093, val loss 0.957, avg val acc 66.94%
iteration: 226
user 0, emp_avg: 0.787580300581176, h: 0.8799784899377847, ucb: 1.6777015796891779,num_of_obs: 42, privacy reward: 0.17906614791149233, g: -0.00036764385969492166, curr_delay = 0.1382807778759897, data_size = 1666
user 1, emp_avg: 0.6257056523509446, h: 0.8799784899377847, ucb: 1.4967723721066089,num_of_obs: 42, privacy reward: 0.17906614791149233, g: -0.00036764385969492166, curr_delay = 0.05, data_size = 1666
user 2, emp_avg: 0.7357234906119345, h: 0.8799784899377847, ucb: 1.6220294442461898,num_of_obs: 42, privacy reward: 0.17906614791149233, g: -0.00036764385969492166, curr_delay = 0.1063897660825903, data_size = 1666
user 3, emp_avg: 0.6025502180438598, h: 0.8799784899377847, ucb: 1.4835439303393914,num_of_obs: 42, privacy reward: 0.17906614791149233, g: -0.00036764385969492166, curr_delay = 0.08929992588757682, data_size = 1666
user 4, emp_avg: 0.5484932854278571, h: 0.8799784899377847, ucb: 1.4326609900940341,num_of_obs: 42, privacy reward: 0.17906614791149233, g: -0.00036764385969492166, curr_delay = 0.13421151800749, data_size = 1666
num of fast users chosen: 5, num of slow users chosen: 0
max_delay = 0.14 seconds
global epoch 226 has been done artifficialy in 0.14 secs, the total time by now is 120.13 
 with avg train loss 1.108, val loss 1.003, avg val acc 65.01%
iteration: 227
user 5, emp_avg: 0.5218579534097099, h: 0.8910079261765709, ucb: 1.409981443346937,num_of_obs: 41, privacy reward: 0.1863739760394092, g: -0.00019460454846354042, curr_delay = 0.07811037392733779, data_size = 1666
user 6, emp_avg: 0.49353279847242265, h: 0.902076772022321, ucb: 1.3968536750801783,num_of_obs: 40, privacy reward: 0.19398004229089116, g: -9.11029603610484e-05, curr_delay = 0.11267132984111378, data_size = 1666
user 7, emp_avg: 0.46817858218725117, h: 0.902076772022321, ucb: 1.3613565496921758,num_of_obs: 40, privacy reward: 0.19398004229089116, g: -9.11029603610484e-05, curr_delay = 0.06066998375971594, data_size = 1666
user 8, emp_avg: 0.40628880973989123, h: 0.9135686591587623, ucb: 1.3146700850907331,num_of_obs: 39, privacy reward: 0.20189651799465458, g: -2.6414467796990385e-05, curr_delay = 0.08215620224588216, data_size = 1666
user 9, emp_avg: 0.4043169224226185, h: 0.9135686591587623, ucb: 1.319860124145103,num_of_obs: 39, privacy reward: 0.20189651799465458, g: -2.6414467796990385e-05, curr_delay = 0.15276049094183425, data_size = 1666
num of fast users chosen: 5, num of slow users chosen: 0
max_delay = 0.15 seconds
global epoch 227 has been done artifficialy in 0.15 secs, the total time by now is 120.29 
 with avg train loss 1.068, val loss 1.009, avg val acc 64.58%
iteration: 228
user 10, emp_avg: 0.3583681055637161, h: 0.9139386975700656, ucb: 1.2728927492191588,num_of_obs: 39, privacy reward: 0.20189651799465458, g: -1.9236688211757585e-05, curr_delay = 0.14902409711642853, data_size = 1666
user 11, emp_avg: 0.3279716025574289, h: 0.9139386975700656, ucb: 1.2422630167958812,num_of_obs: 39, privacy reward: 0.20189651799465458, g: -1.9236688211757585e-05, curr_delay = 0.15912638216371472, data_size = 1666
user 12, emp_avg: 0.3162859998046165, h: 0.9139386975700656, ucb: 1.2297589383418492,num_of_obs: 39, privacy reward: 0.20189651799465458, g: -1.9236688211757585e-05, curr_delay = 0.14949890862291634, data_size = 1666
user 13, emp_avg: 0.24586970270800984, h: 0.9512575561639831, ucb: 1.195221768691825,num_of_obs: 36, privacy reward: 0.22763768838381193, g: 7.694675284702985e-05, curr_delay = 0.1589990189065522, data_size = 1666
user 14, emp_avg: 0.2862445117079589, h: 0.925886115733785, ucb: 1.2132311580746746,num_of_obs: 38, privacy reward: 0.21013607120076394, g: 0.0, curr_delay = 0.20456227245515418, data_size = 1666
num of fast users chosen: 5, num of slow users chosen: 0
max_delay = 0.20 seconds
global epoch 228 has been done artifficialy in 0.20 secs, the total time by now is 120.49 
 with avg train loss 1.081, val loss 0.976, avg val acc 65.96%
iteration: 229
user 15, emp_avg: 0.07045468340255673, h: 0.9651399901616854, ucb: 1.03577259782847,num_of_obs: 35, privacy reward: 0.23692775868212101, g: 0.0001912201860715427, curr_delay = 0.7784847473143254, data_size = 1666
user 16, emp_avg: 0.07095786420936018, h: 0.9651399901616854, ucb: 1.0361687398424864,num_of_obs: 35, privacy reward: 0.23692775868212101, g: 0.0001912201860715427, curr_delay = 0.7301735319095235, data_size = 1666
user 17, emp_avg: 0.06780496947010813, h: 0.9651399901616854, ucb: 1.0329916216251247,num_of_obs: 35, privacy reward: 0.23692775868212101, g: 0.0001912201860715427, curr_delay = 0.7556088881369895, data_size = 1666
user 18, emp_avg: 0.06610259005144803, h: 0.9651399901616854, ucb: 1.0312905171905495,num_of_obs: 35, privacy reward: 0.23692775868212101, g: 0.0001912201860715427, curr_delay = 0.7760986953333366, data_size = 1666
user 20, emp_avg: 0.06411151643746177, h: 0.9651399901616854, ucb: 1.0292319193328863,num_of_obs: 35, privacy reward: 0.23692775868212101, g: 0.0001912201860715427, curr_delay = 0.7716398197662588, data_size = 1666
num of fast users chosen: 0, num of slow users chosen: 5
max_delay = 0.78 seconds
global epoch 229 has been done artifficialy in 0.78 secs, the total time by now is 121.27 
 with avg train loss 1.068, val loss 0.986, avg val acc 65.09%
iteration: 230
user 19, emp_avg: 0.06422903540998746, h: 0.9655268858214029, ucb: 1.0295791092839048,num_of_obs: 35, privacy reward: 0.23692775868212101, g: 0.0002100399075824401, curr_delay = 0.7100512367844823, data_size = 1666
user 21, emp_avg: 0.06379734835620131, h: 0.9655268858214029, ucb: 1.0292652582736954,num_of_obs: 35, privacy reward: 0.23692775868212101, g: 0.0002100399075824401, curr_delay = 0.7591688043768579, data_size = 1666
user 22, emp_avg: 0.06173974940317206, h: 0.9655268858214029, ucb: 1.027228680447141,num_of_obs: 35, privacy reward: 0.23692775868212101, g: 0.0002100399075824401, curr_delay = 0.7927929839237317, data_size = 1666
user 23, emp_avg: 0.06145734298584086, h: 0.9655268858214029, ucb: 1.0270423166849807,num_of_obs: 35, privacy reward: 0.23692775868212101, g: 0.0002100399075824401, curr_delay = 0.8414070934520494, data_size = 1666
user 24, emp_avg: 0.06066537805520121, h: 0.9655268858214029, ucb: 1.026113038892887,num_of_obs: 35, privacy reward: 0.23692775868212101, g: 0.0002100399075824401, curr_delay = 0.788167990781029, data_size = 1666
num of fast users chosen: 0, num of slow users chosen: 5
max_delay = 0.84 seconds
global epoch 230 has been done artifficialy in 0.84 secs, the total time by now is 122.11 
 with avg train loss 1.065, val loss 0.967, avg val acc 66.15%
iteration: 231
user 0, emp_avg: 0.7924080210225128, h: 0.8714396837408712, ucb: 1.6590199843220472,num_of_obs: 43, privacy reward: 0.17204486382304973, g: -0.00037949063923089924, curr_delay = 0.05, data_size = 1666
user 1, emp_avg: 0.6229997747974865, h: 0.8714396837408712, ucb: 1.4971453360918159,num_of_obs: 43, privacy reward: 0.17204486382304973, g: -0.00037949063923089924, curr_delay = 0.09868803338931864, data_size = 1666
user 2, emp_avg: 0.7357914520797094, h: 0.8714396837408712, ucb: 1.6071631743528059,num_of_obs: 43, privacy reward: 0.17204486382304973, g: -0.00037949063923089924, curr_delay = 0.06768521222331728, data_size = 1666
user 3, emp_avg: 0.6034003243400838, h: 0.8714396837408712, ucb: 1.4739899017847309,num_of_obs: 43, privacy reward: 0.17204486382304973, g: -0.00037949063923089924, curr_delay = 0.078130506360027, data_size = 1666
user 4, emp_avg: 0.5465219881937383, h: 0.8714396837408712, ucb: 1.4199329691687284,num_of_obs: 43, privacy reward: 0.17204486382304973, g: -0.00037949063923089924, curr_delay = 0.108282247706284, data_size = 1666
num of fast users chosen: 5, num of slow users chosen: 0
max_delay = 0.11 seconds
global epoch 231 has been done artifficialy in 0.11 secs, the total time by now is 122.22 
 with avg train loss 1.068, val loss 0.957, avg val acc 66.38%
iteration: 232
user 25, emp_avg: 0.059342163138791926, h: 0.9662951963925762, ucb: 1.0255647469770808,num_of_obs: 35, privacy reward: 0.23692775868212101, g: 0.0002497853084951775, curr_delay = 0.8079684754715073, data_size = 1666
user 26, emp_avg: 0.05738689530654, h: 0.9662951963925762, ucb: 1.0236592638941286,num_of_obs: 35, privacy reward: 0.23692775868212101, g: 0.0002497853084951775, curr_delay = 0.8593151791871241, data_size = 1666
user 27, emp_avg: 0.056583673360434794, h: 0.9662951963925762, ucb: 1.0228552562196223,num_of_obs: 35, privacy reward: 0.23692775868212101, g: 0.0002497853084951775, curr_delay = 0.8709261792119606, data_size = 1666
user 28, emp_avg: 0.055494669693676585, h: 0.9662951963925762, ucb: 1.0218378553442589,num_of_obs: 35, privacy reward: 0.23692775868212101, g: 0.0002497853084951775, curr_delay = 0.9291081961108263, data_size = 1666
user 29, emp_avg: 0.05477284158111959, h: 0.9662951963925762, ucb: 1.0209636895804495,num_of_obs: 35, privacy reward: 0.23692775868212101, g: 0.0002497853084951775, curr_delay = 0.8557975139419897, data_size = 1666
num of fast users chosen: 0, num of slow users chosen: 5
max_delay = 0.93 seconds
global epoch 232 has been done artifficialy in 0.93 secs, the total time by now is 123.15 
 with avg train loss 1.080, val loss 0.985, avg val acc 64.86%
iteration: 233
user 5, emp_avg: 0.5329775358885538, h: 0.8824510066178259, ucb: 1.4043089600275358,num_of_obs: 42, privacy reward: 0.17906614791149233, g: -0.00018471104234334397, curr_delay = 0.05, data_size = 1666
user 6, emp_avg: 0.49096000242698473, h: 0.8931477730052563, ucb: 1.3866805714776789,num_of_obs: 41, privacy reward: 0.1863739760394092, g: -8.647137439342144e-05, curr_delay = 0.1297099752575623, data_size = 1666
user 7, emp_avg: 0.4653285276025168, h: 0.8931477730052563, ucb: 1.3613263551925074,num_of_obs: 41, privacy reward: 0.1863739760394092, g: -8.647137439342144e-05, curr_delay = 0.1434817848104289, data_size = 1666
user 8, emp_avg: 0.41193234059148615, h: 0.904243201818435, ucb: 1.310532011558326,num_of_obs: 40, privacy reward: 0.19398004229089116, g: -2.5071581924719848e-05, curr_delay = 0.0784100235406949, data_size = 1666
user 9, emp_avg: 0.4014269237703896, h: 0.904243201818435, ucb: 1.3085601242410534,num_of_obs: 40, privacy reward: 0.19398004229089116, g: -2.5071581924719848e-05, curr_delay = 0.17493100338402126, data_size = 1666
num of fast users chosen: 5, num of slow users chosen: 0
max_delay = 0.17 seconds
global epoch 233 has been done artifficialy in 0.17 secs, the total time by now is 123.32 
 with avg train loss 1.059, val loss 0.954, avg val acc 66.36%
iteration: 234
user 0, emp_avg: 0.7970211761109015, h: 0.8625006810556759, ucb: 1.6549087020781887,num_of_obs: 44, privacy reward: 0.16529888822158567, g: -0.0004565709693914825, curr_delay = 0.05, data_size = 1666
user 2, emp_avg: 0.7416627531446047, h: 0.8625006810556759, ucb: 1.5982921331353852,num_of_obs: 44, privacy reward: 0.16529888822158567, g: -0.0004565709693914825, curr_delay = 0.05, data_size = 1666
user 3, emp_avg: 0.6122136504658597, h: 0.8625006810556759, ucb: 1.4659010053957597,num_of_obs: 44, privacy reward: 0.16529888822158567, g: -0.0004565709693914825, curr_delay = 0.05, data_size = 1666
user 4, emp_avg: 0.5409814513223148, h: 0.8625006810556759, ucb: 1.4090226692494143,num_of_obs: 44, privacy reward: 0.16529888822158567, g: -0.0004565709693914825, curr_delay = 0.16823810648838333, data_size = 1666
user 5, emp_avg: 0.5308818868945445, h: 0.8724721184609697, ucb: 1.4054496543495234,num_of_obs: 43, privacy reward: 0.17204486382304973, g: -0.0002922054204105494, curr_delay = 0.11343810987502063, data_size = 1666
num of fast users chosen: 5, num of slow users chosen: 0
max_delay = 0.17 seconds
global epoch 234 has been done artifficialy in 0.17 secs, the total time by now is 123.49 
 with avg train loss 1.052, val loss 0.977, avg val acc 65.84%
iteration: 235
user 10, emp_avg: 0.3572252167117846, h: 0.9049518369071494, ucb: 1.2633199424708654,num_of_obs: 40, privacy reward: 0.19398004229089116, g: -1.2574820180071461e-05, curr_delay = 0.16050866473012806, data_size = 1666
user 11, emp_avg: 0.3290545200774029, h: 0.9049518369071494, ucb: 1.2329234394645783,num_of_obs: 40, privacy reward: 0.19398004229089116, g: -1.2574820180071461e-05, curr_delay = 0.13427460876897743, data_size = 1666
user 12, emp_avg: 0.31588789151031244, h: 0.9049518369071494, ucb: 1.221237836711766,num_of_obs: 40, privacy reward: 0.19398004229089116, g: -1.2574820180071461e-05, curr_delay = 0.16668691371594346, data_size = 1666
user 13, emp_avg: 0.24633304364047595, h: 0.940924115687783, ucb: 1.186793818395793,num_of_obs: 37, privacy reward: 0.218711886952214, g: 8.500578441728257e-05, curr_delay = 0.18977013126189496, data_size = 1666
user 14, emp_avg: 0.28589502489494156, h: 0.9164803505505479, ucb: 1.2027248622585067,num_of_obs: 39, privacy reward: 0.20189651799465458, g: 5.029928072028584e-07, curr_delay = 0.18364458451681617, data_size = 1666
num of fast users chosen: 5, num of slow users chosen: 0
max_delay = 0.19 seconds
global epoch 235 has been done artifficialy in 0.19 secs, the total time by now is 123.68 
 with avg train loss 1.093, val loss 0.955, avg val acc 66.60%
iteration: 236
user 15, emp_avg: 0.07079118880164662, h: 0.9542738779673974, ucb: 1.0247285613699542,num_of_obs: 36, privacy reward: 0.22763768838381193, g: 0.0001994956749337669, curr_delay = 0.6030971462751422, data_size = 1666
user 16, emp_avg: 0.07076331902200379, h: 0.9542738779673974, ucb: 1.0252317421767576,num_of_obs: 36, privacy reward: 0.22763768838381193, g: 0.0001994956749337669, curr_delay = 0.7841944999144952, data_size = 1666
user 17, emp_avg: 0.06779010654128129, h: 0.9542738779673974, ucb: 1.0220788474375055,num_of_obs: 36, privacy reward: 0.22763768838381193, g: 0.0001994956749337669, curr_delay = 0.7434386951461845, data_size = 1666
user 18, emp_avg: 0.06609160236246878, h: 0.9542738779673974, ucb: 1.0203764680188454,num_of_obs: 36, privacy reward: 0.22763768838381193, g: 0.0001994956749337669, curr_delay = 0.7610808165756675, data_size = 1666
user 19, emp_avg: 0.06408664594404576, h: 0.9542738779673974, ucb: 1.0185029133773849,num_of_obs: 36, privacy reward: 0.22763768838381193, g: 0.0001994956749337669, curr_delay = 0.8480235726082268, data_size = 1666
num of fast users chosen: 0, num of slow users chosen: 5
max_delay = 0.85 seconds
global epoch 236 has been done artifficialy in 0.85 secs, the total time by now is 124.53 
 with avg train loss 1.024, val loss 0.946, avg val acc 66.46%
iteration: 237
user 20, emp_avg: 0.06404253265361359, h: 0.9546430520649355, ucb: 1.0187545685023973,num_of_obs: 36, privacy reward: 0.22763768838381193, g: 0.0002180918300129961, curr_delay = 0.8122273823200571, data_size = 1666
user 21, emp_avg: 0.06391939627229788, h: 0.9546430520649355, ucb: 1.0184404004211367,num_of_obs: 36, privacy reward: 0.22763768838381193, g: 0.0002180918300129961, curr_delay = 0.7319238102987642, data_size = 1666
user 22, emp_avg: 0.0617560846039616, h: 0.9546430520649355, ucb: 1.0163828014681076,num_of_obs: 36, privacy reward: 0.22763768838381193, g: 0.0002180918300129961, curr_delay = 0.801999843296086, data_size = 1666
user 23, emp_avg: 0.06147047064846752, h: 0.9546430520649355, ucb: 1.0161003950507763,num_of_obs: 36, privacy reward: 0.22763768838381193, g: 0.0002180918300129961, curr_delay = 0.807192843731047, data_size = 1666
user 24, emp_avg: 0.06068998761494975, h: 0.9546430520649355, ucb: 1.0153084301201367,num_of_obs: 36, privacy reward: 0.22763768838381193, g: 0.0002180918300129961, curr_delay = 0.8120055769532295, data_size = 1666
num of fast users chosen: 0, num of slow users chosen: 5
max_delay = 0.81 seconds
global epoch 237 has been done artifficialy in 0.81 secs, the total time by now is 125.34 
 with avg train loss 1.067, val loss 0.933, avg val acc 67.43%
iteration: 238
user 25, emp_avg: 0.05918830400090864, h: 0.9550105299307329, ucb: 1.0143526930695248,num_of_obs: 36, privacy reward: 0.22763768838381193, g: 0.00023734984189754336, curr_delay = 0.9319773057079258, data_size = 1666
user 26, emp_avg: 0.0573515381888372, h: 0.9550105299307329, ucb: 1.012397425237273,num_of_obs: 36, privacy reward: 0.22763768838381193, g: 0.00023734984189754336, curr_delay = 0.8916044075930742, data_size = 1666
user 27, emp_avg: 0.056548950918058276, h: 0.9550105299307329, ucb: 1.0115942032911676,num_of_obs: 36, privacy reward: 0.22763768838381193, g: 0.00023734984189754336, curr_delay = 0.9041764144891143, data_size = 1666
user 28, emp_avg: 0.055755419890621445, h: 0.9550105299307329, ucb: 1.0105051996244094,num_of_obs: 36, privacy reward: 0.22763768838381193, g: 0.00023734984189754336, curr_delay = 0.7675489280567077, data_size = 1666
user 29, emp_avg: 0.054605509039283066, h: 0.9550105299307329, ucb: 1.0097833715118525,num_of_obs: 36, privacy reward: 0.22763768838381193, g: 0.00023734984189754336, curr_delay = 1.02919756226043, data_size = 1666
num of fast users chosen: 0, num of slow users chosen: 5
max_delay = 1.03 seconds
global epoch 238 has been done artifficialy in 1.03 secs, the total time by now is 126.37 
 with avg train loss 1.062, val loss 0.946, avg val acc 66.75%
iteration: 239
user 1, emp_avg: 0.6251321551766106, h: 0.8641704023827113, ucb: 1.4871701771801977,num_of_obs: 44, privacy reward: 0.16529888822158567, g: -0.0003039356998496376, curr_delay = 0.06954519883769389, data_size = 1666
user 6, emp_avg: 0.4875788296278191, h: 0.8845066059618865, ucb: 1.3754666083888711,num_of_obs: 42, privacy reward: 0.17906614791149233, g: -8.218421323934175e-05, curr_delay = 0.14468866486573803, data_size = 1666
user 7, emp_avg: 0.4606462731766025, h: 0.8845066059618865, ucb: 1.3498351335644032,num_of_obs: 42, privacy reward: 0.17906614791149233, g: -8.218421323934175e-05, curr_delay = 0.18939997487652657, data_size = 1666
user 8, emp_avg: 0.41014235233515367, h: 0.8952282896147566, ucb: 1.3071606302062428,num_of_obs: 41, privacy reward: 0.1863739760394092, g: -2.382855886821166e-05, curr_delay = 0.14847685001488675, data_size = 1666
user 9, emp_avg: 0.39915352639112783, h: 0.8952282896147566, ucb: 1.2966552133851463,num_of_obs: 41, privacy reward: 0.1863739760394092, g: -2.382855886821166e-05, curr_delay = 0.16342847639978728, data_size = 1666
num of fast users chosen: 5, num of slow users chosen: 0
max_delay = 0.19 seconds
global epoch 239 has been done artifficialy in 0.19 secs, the total time by now is 126.56 
 with avg train loss 1.040, val loss 0.970, avg val acc 66.24%
iteration: 240
user 0, emp_avg: 0.7957458046585737, h: 0.8548402520036119, ucb: 1.6518614281145134,num_of_obs: 45, privacy reward: 0.15881742610691985, g: -0.0004340277777777782, curr_delay = 0.06771818660494407, data_size = 1666
user 1, emp_avg: 0.6332814561510322, h: 0.8548402520036119, ucb: 1.4799724071802225,num_of_obs: 45, privacy reward: 0.15881742610691985, g: -0.0004340277777777782, curr_delay = 0.05, data_size = 1666
user 3, emp_avg: 0.6054612595408335, h: 0.8548402520036119, ucb: 1.4670539024694715,num_of_obs: 45, privacy reward: 0.15881742610691985, g: -0.0004340277777777782, curr_delay = 0.16578047722598813, data_size = 1666
user 4, emp_avg: 0.5372049250412365, h: 0.8548402520036119, ucb: 1.3958217033259266,num_of_obs: 45, privacy reward: 0.15881742610691985, g: -0.0004340277777777782, curr_delay = 0.13614287114602525, data_size = 1666
user 5, emp_avg: 0.5323950931371502, h: 0.8644997704933176, ucb: 1.3953816573878621,num_of_obs: 44, privacy reward: 0.16529888822158567, g: -0.00027777777777777767, curr_delay = 0.08347577530949506, data_size = 1666
num of fast users chosen: 5, num of slow users chosen: 0
max_delay = 0.17 seconds
global epoch 240 has been done artifficialy in 0.17 secs, the total time by now is 126.73 
 with avg train loss 1.073, val loss 1.028, avg val acc 63.57%
iteration: 241
user 10, emp_avg: 0.35826176612755317, h: 0.895909152637208, ucb: 1.2531343693489927,num_of_obs: 41, privacy reward: 0.1863739760394092, g: -1.1956482230754474e-05, curr_delay = 0.12476285943589244, data_size = 1666
user 11, emp_avg: 0.32713697695071575, h: 0.895909152637208, ucb: 1.224963672714611,num_of_obs: 41, privacy reward: 0.1863739760394092, g: -1.1956482230754474e-05, curr_delay = 0.20119290593082795, data_size = 1666
user 12, emp_avg: 0.3231002255464921, h: 0.895909152637208, ucb: 1.2117970441475205,num_of_obs: 41, privacy reward: 0.1863739760394092, g: -1.1956482230754474e-05, curr_delay = 0.08080077824204833, data_size = 1666
user 13, emp_avg: 0.24720136337600082, h: 0.9306022611437675, ucb: 1.1769353047842435,num_of_obs: 38, privacy reward: 0.21013607120076394, g: 8.082581987989946e-05, curr_delay = 0.17844555223384934, data_size = 1666
user 14, emp_avg: 0.28401367618256185, h: 0.9070388856182507, ucb: 1.1929339105131924,num_of_obs: 40, privacy reward: 0.19398004229089116, g: 4.782592892301713e-07, curr_delay = 0.23950979699914804, data_size = 1666
num of fast users chosen: 5, num of slow users chosen: 0
max_delay = 0.24 seconds
global epoch 241 has been done artifficialy in 0.24 secs, the total time by now is 126.97 
 with avg train loss 1.073, val loss 0.947, avg val acc 67.49%
iteration: 242
user 2, emp_avg: 0.7360393530085775, h: 0.8554872082547805, ucb: 1.5971499613993854,num_of_obs: 45, privacy reward: 0.15881742610691985, g: -0.0003718628812543163, curr_delay = 0.10352259504275717, data_size = 1666
user 6, emp_avg: 0.49273196034394506, h: 0.8751561502787377, ucb: 1.362734979906557,num_of_obs: 43, privacy reward: 0.17204486382304973, g: -0.00012142461428712369, curr_delay = 0.0699969751792522, data_size = 1666
user 7, emp_avg: 0.45616385008362087, h: 0.8751561502787377, ucb: 1.3358024234553403,num_of_obs: 43, privacy reward: 0.17204486382304973, g: -0.00012142461428712369, curr_delay = 0.18981119538770133, data_size = 1666
user 8, emp_avg: 0.42260239051246185, h: 0.8855133883118463, ucb: 1.295655740647,num_of_obs: 42, privacy reward: 0.17906614791149233, g: -4.7431489955907884e-05, curr_delay = 0.05285836950885692, data_size = 1666
user 9, emp_avg: 0.4000102410831514, h: 0.8855133883118463, ucb: 1.2846669147029741,num_of_obs: 42, privacy reward: 0.17906614791149233, g: -4.7431489955907884e-05, curr_delay = 0.11468093541929647, data_size = 1666
num of fast users chosen: 5, num of slow users chosen: 0
max_delay = 0.19 seconds
global epoch 242 has been done artifficialy in 0.19 secs, the total time by now is 127.16 
 with avg train loss 1.031, val loss 0.936, avg val acc 67.05%
iteration: 243
user 15, emp_avg: 0.0710166182101127, h: 0.9438043867993572, ucb: 1.0145955756010039,num_of_obs: 37, privacy reward: 0.218711886952214, g: 0.00020745482565327072, curr_delay = 0.6300601205419086, data_size = 1666
user 16, emp_avg: 0.07070252709564905, h: 0.9438043867993572, ucb: 1.014567705821361,num_of_obs: 37, privacy reward: 0.218711886952214, g: 0.00020745482565327072, curr_delay = 0.7304257673859593, data_size = 1666
user 17, emp_avg: 0.06779067447827432, h: 0.9438043867993572, ucb: 1.0115944933406384,num_of_obs: 37, privacy reward: 0.218711886952214, g: 0.00020745482565327072, curr_delay = 0.7373360163457342, data_size = 1666
user 18, emp_avg: 0.06618347737616773, h: 0.9438043867993572, ucb: 1.009895989161826,num_of_obs: 37, privacy reward: 0.218711886952214, g: 0.00020745482565327072, curr_delay = 0.7185678357288897, data_size = 1666
user 19, emp_avg: 0.06396792567640035, h: 0.9438043867993572, ucb: 1.007891032743403,num_of_obs: 37, privacy reward: 0.218711886952214, g: 0.00020745482565327072, curr_delay = 0.8392743357173593, data_size = 1666
num of fast users chosen: 0, num of slow users chosen: 5
max_delay = 0.84 seconds
global epoch 243 has been done artifficialy in 0.84 secs, the total time by now is 128.00 
 with avg train loss 1.041, val loss 0.944, avg val acc 67.18%
iteration: 244
user 20, emp_avg: 0.06393297559405228, h: 0.9441571294984122, ucb: 1.008199662152026,num_of_obs: 37, privacy reward: 0.218711886952214, g: 0.00022582041864492786, curr_delay = 0.8350122034380287, data_size = 1666
user 21, emp_avg: 0.06380846886289236, h: 0.9441571294984122, ucb: 1.00807652577071,num_of_obs: 37, privacy reward: 0.218711886952214, g: 0.00022582041864492786, curr_delay = 0.8374626563054228, data_size = 1666
user 22, emp_avg: 0.06170394858693564, h: 0.9441571294984122, ucb: 1.0059132141023739,num_of_obs: 37, privacy reward: 0.218711886952214, g: 0.00022582041864492786, curr_delay = 0.8364712722639246, data_size = 1666
user 23, emp_avg: 0.061358858332266876, h: 0.9441571294984122, ucb: 1.0056276001468798,num_of_obs: 37, privacy reward: 0.218711886952214, g: 0.00022582041864492786, curr_delay = 0.8736798295230119, data_size = 1666
user 24, emp_avg: 0.06069268980199522, h: 0.9441571294984122, ucb: 1.004847117113362,num_of_obs: 37, privacy reward: 0.218711886952214, g: 0.00022582041864492786, curr_delay = 0.8224675673172634, data_size = 1666
num of fast users chosen: 0, num of slow users chosen: 5
max_delay = 0.87 seconds
global epoch 244 has been done artifficialy in 0.87 secs, the total time by now is 128.87 
 with avg train loss 1.054, val loss 0.945, avg val acc 67.38%
iteration: 245
user 25, emp_avg: 0.05920945053050958, h: 0.9445082985523632, ucb: 1.0036966025532719,num_of_obs: 37, privacy reward: 0.218711886952214, g: 0.0002448054051552589, curr_delay = 0.8334462357700535, data_size = 1666
user 26, emp_avg: 0.05738088990371723, h: 0.9445082985523632, ucb: 1.0018598367412004,num_of_obs: 37, privacy reward: 0.218711886952214, g: 0.0002448054051552589, curr_delay = 0.855184679390779, data_size = 1666
user 27, emp_avg: 0.056546643310094936, h: 0.9445082985523632, ucb: 1.0010572494704215,num_of_obs: 37, privacy reward: 0.218711886952214, g: 0.0002448054051552589, curr_delay = 0.8855629221222437, data_size = 1666
user 28, emp_avg: 0.055689555852637095, h: 0.9445082985523632, ucb: 1.0002637184429846,num_of_obs: 37, privacy reward: 0.218711886952214, g: 0.0002448054051552589, curr_delay = 0.9389215310614, data_size = 1666
user 29, emp_avg: 0.054583049340067774, h: 0.9445082985523632, ucb: 0.9991138075916463,num_of_obs: 37, privacy reward: 0.218711886952214, g: 0.0002448054051552589, curr_delay = 0.9301972457909018, data_size = 1666
num of fast users chosen: 0, num of slow users chosen: 5
max_delay = 0.94 seconds
global epoch 245 has been done artifficialy in 0.94 secs, the total time by now is 129.81 
 with avg train loss 1.070, val loss 0.929, avg val acc 67.66%
iteration: 246
user 0, emp_avg: 0.8000916386020084, h: 0.8473999776245773, ucb: 1.643145782283151,num_of_obs: 46, privacy reward: 0.15259010575688303, g: -0.0004131138872364333, curr_delay = 0.05, data_size = 1666
user 1, emp_avg: 0.6346463324884474, h: 0.8473999776245773, ucb: 1.4806814337756093,num_of_obs: 46, privacy reward: 0.15259010575688303, g: -0.0004131138872364333, curr_delay = 0.07169171648746125, data_size = 1666
user 2, emp_avg: 0.7371599986640051, h: 0.8473999776245773, ucb: 1.583439330633155,num_of_obs: 46, privacy reward: 0.15259010575688303, g: -0.0004131138872364333, curr_delay = 0.06339468130695823, data_size = 1666
user 3, emp_avg: 0.6076501318286605, h: 0.8473999776245773, ucb: 1.4528612371654108,num_of_obs: 46, privacy reward: 0.15259010575688303, g: -0.0004131138872364333, curr_delay = 0.07058774462770635, data_size = 1666
user 5, emp_avg: 0.5341301862629352, h: 0.8567637975492322, ucb: 1.3891588906863823,num_of_obs: 45, privacy reward: 0.15881742610691985, g: -0.0002643928878313175, curr_delay = 0.08167140505309019, data_size = 1666
num of fast users chosen: 5, num of slow users chosen: 0
max_delay = 0.08 seconds
global epoch 246 has been done artifficialy in 0.08 secs, the total time by now is 129.89 
 with avg train loss 1.037, val loss 0.953, avg val acc 66.79%
iteration: 247
user 10, emp_avg: 0.36777780417899425, h: 0.8871614715829017, ucb: 1.2454232377104548,num_of_obs: 42, privacy reward: 0.17906614791149233, g: -1.1382655746602077e-05, curr_delay = 0.06515070510989816, data_size = 1666
user 11, emp_avg: 0.32680416408978213, h: 0.8871614715829017, ucb: 1.2142984485336175,num_of_obs: 42, privacy reward: 0.17906614791149233, g: -1.1382655746602077e-05, curr_delay = 0.1598332497142149, data_size = 1666
user 12, emp_avg: 0.32253218853847176, h: 0.8871614715829017, ucb: 1.2102616971293938,num_of_obs: 42, privacy reward: 0.17906614791149233, g: -1.1382655746602077e-05, curr_delay = 0.16740624838682383, data_size = 1666
user 13, emp_avg: 0.2481128449485997, h: 0.9206509684104358, ucb: 1.1678523317864367,num_of_obs: 39, privacy reward: 0.20189651799465458, g: 7.694675284702985e-05, curr_delay = 0.1762669731633922, data_size = 1666
user 14, emp_avg: 0.2874082938256378, h: 0.8979153366000913, ucb: 1.1819290127826532,num_of_obs: 41, privacy reward: 0.1863739760394092, g: 4.553062298640531e-07, curr_delay = 0.11720921561003689, data_size = 1666
num of fast users chosen: 5, num of slow users chosen: 0
max_delay = 0.18 seconds
global epoch 247 has been done artifficialy in 0.18 secs, the total time by now is 130.07 
 with avg train loss 1.069, val loss 0.974, avg val acc 66.47%
iteration: 248
user 5, emp_avg: 0.534903469451046, h: 0.8480229241798614, ucb: 1.3821531104427964,num_of_obs: 46, privacy reward: 0.15259010575688303, g: -0.000354087177708406, curr_delay = 0.08764633711315253, data_size = 1666
user 6, emp_avg: 0.48914210299479444, h: 0.8670819988091445, ucb: 1.3598139591530896,num_of_obs: 44, privacy reward: 0.16529888822158567, g: -0.00011562030292519405, curr_delay = 0.15097148050765608, data_size = 1666
user 7, emp_avg: 0.4513130800392559, h: 0.8670819988091445, ucb: 1.3232458488927654,num_of_obs: 44, privacy reward: 0.16529888822158567, g: -0.00011562030292519405, curr_delay = 0.21019072034063432, data_size = 1666
user 8, emp_avg: 0.42067437115540957, h: 0.8771064011850358, ucb: 1.2997087916974976,num_of_obs: 43, privacy reward: 0.17204486382304973, g: -4.516418083015407e-05, curr_delay = 0.1480299264916423, data_size = 1666
user 9, emp_avg: 0.39761634081293074, h: 0.8771064011850358, ucb: 1.2771166422681872,num_of_obs: 43, privacy reward: 0.17204486382304973, g: -4.516418083015407e-05, curr_delay = 0.1696763695991584, data_size = 1666
num of fast users chosen: 5, num of slow users chosen: 0
max_delay = 0.21 seconds
global epoch 248 has been done artifficialy in 0.21 secs, the total time by now is 130.28 
 with avg train loss 1.043, val loss 0.962, avg val acc 66.77%
iteration: 249
user 15, emp_avg: 0.07079780165795306, h: 0.933368508749897, ucb: 1.0043851269600097,num_of_obs: 38, privacy reward: 0.21013607120076394, g: 0.00019757745842808932, curr_delay = 0.8002205705460942, data_size = 1666
user 16, emp_avg: 0.07069718871641117, h: 0.933368508749897, ucb: 1.004071035845546,num_of_obs: 38, privacy reward: 0.21013607120076394, g: 0.00019757745842808932, curr_delay = 0.7092768990556636, data_size = 1666
user 17, emp_avg: 0.06788634667918303, h: 0.933368508749897, ucb: 1.0011591832281712,num_of_obs: 38, privacy reward: 0.21013607120076394, g: 0.00019757745842808932, curr_delay = 0.6990866681611249, data_size = 1666
user 18, emp_avg: 0.06624488311510615, h: 0.933368508749897, ucb: 0.9995519861260647,num_of_obs: 38, privacy reward: 0.21013607120076394, g: 0.00019757745842808932, curr_delay = 0.7290935927094067, data_size = 1666
user 19, emp_avg: 0.06390761452494392, h: 0.933368508749897, ucb: 0.9973364344262973,num_of_obs: 38, privacy reward: 0.21013607120076394, g: 0.00019757745842808932, curr_delay = 0.8114802938578707, data_size = 1666
num of fast users chosen: 0, num of slow users chosen: 5
max_delay = 0.81 seconds
global epoch 249 has been done artifficialy in 0.81 secs, the total time by now is 131.09 
 with avg train loss 1.027, val loss 0.939, avg val acc 67.59%
iteration: 250
user 0, emp_avg: 0.8042563961311332, h: 0.8395637862702613, ucb: 1.6396554248722697,num_of_obs: 47, privacy reward: 0.1466069621303493, g: -0.00045511111111111154, curr_delay = 0.05, data_size = 1666
user 1, emp_avg: 0.6306512359932896, h: 0.8395637862702613, ucb: 1.4742101187587087,num_of_obs: 47, privacy reward: 0.1466069621303493, g: -0.00045511111111111154, curr_delay = 0.11289696530386217, data_size = 1666
user 2, emp_avg: 0.7390411367003309, h: 0.8395637862702613, ucb: 1.5767237849342663,num_of_obs: 47, privacy reward: 0.1466069621303493, g: -0.00045511111111111154, curr_delay = 0.060426274172791186, data_size = 1666
user 3, emp_avg: 0.6109264534297197, h: 0.8395637862702613, ucb: 1.4472139180989219,num_of_obs: 47, privacy reward: 0.1466069621303493, g: -0.00045511111111111154, curr_delay = 0.06536686241076464, data_size = 1666
user 4, emp_avg: 0.5367407504768033, h: 0.8486404153136776, ucb: 1.3858453403549142,num_of_obs: 46, privacy reward: 0.15259010575688303, g: -0.00030044444444444465, curr_delay = 0.0970141526385045, data_size = 1666
num of fast users chosen: 5, num of slow users chosen: 0
max_delay = 0.11 seconds
global epoch 250 has been done artifficialy in 0.11 secs, the total time by now is 131.20 
 with avg train loss 1.051, val loss 0.956, avg val acc 66.75%
iteration: 251
user 20, emp_avg: 0.06372639053073569, h: 0.9340449334789254, ucb: 0.9979779090729777,num_of_obs: 38, privacy reward: 0.21013607120076394, g: 0.0002332414476666151, curr_delay = 0.8948360388058447, data_size = 1666
user 21, emp_avg: 0.06385949471546865, h: 0.9340449334789254, ucb: 0.9978534023418177,num_of_obs: 38, privacy reward: 0.21013607120076394, g: 0.0002332414476666151, curr_delay = 0.7598960066180925, data_size = 1666
user 22, emp_avg: 0.061830605902413356, h: 0.9340449334789254, ucb: 0.995748882065861,num_of_obs: 38, privacy reward: 0.21013607120076394, g: 0.0002332414476666151, curr_delay = 0.7502597711747244, data_size = 1666
user 23, emp_avg: 0.061411923895069075, h: 0.9340449334789254, ucb: 0.9954037918111922,num_of_obs: 38, privacy reward: 0.21013607120076394, g: 0.0002332414476666151, curr_delay = 0.788290228883295, data_size = 1666
user 24, emp_avg: 0.06055246357274568, h: 0.9340449334789254, ucb: 0.9947376232809206,num_of_obs: 38, privacy reward: 0.21013607120076394, g: 0.0002332414476666151, curr_delay = 0.9054056306055688, data_size = 1666
num of fast users chosen: 0, num of slow users chosen: 5
max_delay = 0.91 seconds
global epoch 251 has been done artifficialy in 0.91 secs, the total time by now is 132.11 
 with avg train loss 1.028, val loss 0.943, avg val acc 67.64%
iteration: 252
user 25, emp_avg: 0.05916027167026589, h: 0.9343809451501557, ucb: 0.9935903956806653,num_of_obs: 38, privacy reward: 0.21013607120076394, g: 0.00025195263290501383, curr_delay = 0.8727301926958, data_size = 1666
user 26, emp_avg: 0.05739190831548067, h: 0.9343809451501557, ucb: 0.9917618350538729,num_of_obs: 38, privacy reward: 0.21013607120076394, g: 0.00025195263290501383, curr_delay = 0.8648931703406597, data_size = 1666
user 27, emp_avg: 0.05660201819885954, h: 0.9343809451501557, ucb: 0.9909275884602506,num_of_obs: 38, privacy reward: 0.21013607120076394, g: 0.00025195263290501383, curr_delay = 0.8516978703315276, data_size = 1666
user 28, emp_avg: 0.055649053385043674, h: 0.9343809451501557, ucb: 0.9900705010027928,num_of_obs: 38, privacy reward: 0.21013607120076394, g: 0.00025195263290501383, curr_delay = 0.9240443044936054, data_size = 1666
user 29, emp_avg: 0.05466970071644537, h: 0.9343809451501557, ucb: 0.9889639944902234,num_of_obs: 38, privacy reward: 0.21013607120076394, g: 0.00025195263290501383, curr_delay = 0.8626273974945079, data_size = 1666
num of fast users chosen: 0, num of slow users chosen: 5
max_delay = 0.92 seconds
global epoch 252 has been done artifficialy in 0.92 secs, the total time by now is 133.03 
 with avg train loss 1.048, val loss 0.929, avg val acc 68.04%
iteration: 253
user 6, emp_avg: 0.4845671138045821, h: 0.8589442736078222, ucb: 1.3480863766026165,num_of_obs: 45, privacy reward: 0.15881742610691985, g: -0.00012541639109777986, curr_delay = 0.17940914095329438, data_size = 1666
user 7, emp_avg: 0.4485997509310458, h: 0.8589442736078222, ucb: 1.310257353647078,num_of_obs: 45, privacy reward: 0.15881742610691985, g: -0.00012541639109777986, curr_delay = 0.15313938445878064, data_size = 1666
user 8, emp_avg: 0.4168017751973363, h: 0.8686501666949746, ucb: 1.2893245378503841,num_of_obs: 44, privacy reward: 0.16529888822158567, g: -5.250997689561023e-05, curr_delay = 0.20291585782459837, data_size = 1666
user 9, emp_avg: 0.4001279659245439, h: 0.8686501666949746, ucb: 1.2662665075079054,num_of_obs: 44, privacy reward: 0.16529888822158567, g: -5.250997689561023e-05, curr_delay = 0.09791644174741973, data_size = 1666
user 10, emp_avg: 0.3663140633150946, h: 0.8786926987816686, ucb: 1.2464705029606629,num_of_obs: 43, privacy reward: 0.17204486382304973, g: -1.0849168780084742e-05, curr_delay = 0.1648135002812614, data_size = 1666
num of fast users chosen: 5, num of slow users chosen: 0
max_delay = 0.20 seconds
global epoch 253 has been done artifficialy in 0.20 secs, the total time by now is 133.23 
 with avg train loss 1.044, val loss 0.973, avg val acc 66.53%
iteration: 254
user 10, emp_avg: 0.3676783733538144, h: 0.8689597438383545, ucb: 1.235273807153449,num_of_obs: 44, privacy reward: 0.16529888822158567, g: -4.305564166683898e-05, curr_delay = 0.11690218148771395, data_size = 1666
user 11, emp_avg: 0.3286196660936682, h: 0.8790058549704626, ucb: 1.2058100190602448,num_of_obs: 43, privacy reward: 0.17204486382304973, g: -6.888902666694295e-06, curr_delay = 0.12294489848636297, data_size = 1666
user 12, emp_avg: 0.3202933974527461, h: 0.8790058549704626, ucb: 1.2015380435089345,num_of_obs: 43, privacy reward: 0.17204486382304973, g: -6.888902666694295e-06, curr_delay = 0.22318899684007443, data_size = 1666
user 13, emp_avg: 0.2471732922388164, h: 0.9113726680413345, ucb: 1.1594855129899342,num_of_obs: 40, privacy reward: 0.19398004229089116, g: 8.438905766700409e-05, curr_delay = 0.2385596525681358, data_size = 1666
user 14, emp_avg: 0.2871906002584546, h: 0.8894086532248376, ucb: 1.1768169470504755,num_of_obs: 42, privacy reward: 0.17906614791149233, g: 1.7222256666735008e-06, curr_delay = 0.17982540866658378, data_size = 1666
num of fast users chosen: 5, num of slow users chosen: 0
max_delay = 0.24 seconds
global epoch 254 has been done artifficialy in 0.24 secs, the total time by now is 133.47 
 with avg train loss 1.065, val loss 0.960, avg val acc 66.29%
iteration: 255
user 0, emp_avg: 0.7992155618778657, h: 0.8322607422826114, ucb: 1.6365171384137445,num_of_obs: 48, privacy reward: 0.14085842092104417, g: -0.0004652056901191852, curr_delay = 0.08972544624498613, data_size = 1666
user 2, emp_avg: 0.7294327056188138, h: 0.8322607422826114, ucb: 1.5713018789829423,num_of_obs: 48, privacy reward: 0.14085842092104417, g: -0.0004652056901191852, curr_delay = 0.18640856825195745, data_size = 1666
user 3, emp_avg: 0.607245041160461, h: 0.8322607422826114, ucb: 1.4431871957123312,num_of_obs: 48, privacy reward: 0.14085842092104417, g: -0.0004652056901191852, curr_delay = 0.11613396922175795, data_size = 1666
user 4, emp_avg: 0.532191896604253, h: 0.8410679795298578, ucb: 1.377808730006661,num_of_obs: 47, privacy reward: 0.1466069621303493, g: -0.000311418685121108, curr_delay = 0.15703726481316635, data_size = 1666
user 5, emp_avg: 0.5298537039048744, h: 0.8410679795298578, ucb: 1.3759714489809038,num_of_obs: 47, privacy reward: 0.1466069621303493, g: -0.000311418685121108, curr_delay = 0.1709315669552254, data_size = 1666
num of fast users chosen: 5, num of slow users chosen: 0
max_delay = 0.19 seconds
global epoch 255 has been done artifficialy in 0.19 secs, the total time by now is 133.66 
 with avg train loss 1.032, val loss 0.932, avg val acc 67.20%
iteration: 256
user 15, emp_avg: 0.07071177715732184, h: 0.9236364123547885, ucb: 0.9944342140127416,num_of_obs: 39, privacy reward: 0.20189651799465458, g: 0.0002051459418402775, curr_delay = 0.7423153110259446, data_size = 1666
user 16, emp_avg: 0.07067786307953763, h: 0.9236364123547885, ucb: 0.9943336010711997,num_of_obs: 39, privacy reward: 0.20189651799465458, g: 0.0002051459418402775, curr_delay = 0.7150603980391504, data_size = 1666
user 17, emp_avg: 0.06774041499693957, h: 0.9236364123547885, ucb: 0.9915227590339716,num_of_obs: 39, privacy reward: 0.20189651799465458, g: 0.0002051459418402775, curr_delay = 0.8058137282937028, data_size = 1666
user 18, emp_avg: 0.06624965340855797, h: 0.9236364123547885, ucb: 0.9898812954698947,num_of_obs: 39, privacy reward: 0.20189651799465458, g: 0.0002051459418402775, curr_delay = 0.75260746667132, data_size = 1666
user 19, emp_avg: 0.064027023156141, h: 0.9236364123547885, ucb: 0.9875440268797324,num_of_obs: 39, privacy reward: 0.20189651799465458, g: 0.0002051459418402775, curr_delay = 0.7279720063516351, data_size = 1666
num of fast users chosen: 0, num of slow users chosen: 5
max_delay = 0.81 seconds
global epoch 256 has been done artifficialy in 0.81 secs, the total time by now is 134.46 
 with avg train loss 1.017, val loss 0.932, avg val acc 67.88%
iteration: 257
user 20, emp_avg: 0.06383428654288237, h: 0.9239610452074282, ucb: 0.9876874357381639,num_of_obs: 39, privacy reward: 0.20189651799465458, g: 0.0002224779246384419, curr_delay = 0.7348377508050759, data_size = 1666
user 21, emp_avg: 0.06368823405262937, h: 0.9239610452074282, ucb: 0.9878205399228968,num_of_obs: 39, privacy reward: 0.20189651799465458, g: 0.0002224779246384419, curr_delay = 0.8770534509163589, data_size = 1666
user 22, emp_avg: 0.06185675140555078, h: 0.9239610452074282, ucb: 0.9857916511098416,num_of_obs: 39, privacy reward: 0.20189651799465458, g: 0.0002224779246384419, curr_delay = 0.795210592564617, data_size = 1666
user 23, emp_avg: 0.061293871332714654, h: 0.9239610452074282, ucb: 0.9853729691024973,num_of_obs: 39, privacy reward: 0.20189651799465458, g: 0.0002224779246384419, curr_delay = 0.8819925475936142, data_size = 1666
user 24, emp_avg: 0.060509433187037866, h: 0.9239610452074282, ucb: 0.9845135087801739,num_of_obs: 39, privacy reward: 0.20189651799465458, g: 0.0002224779246384419, curr_delay = 0.8498884789465594, data_size = 1666
num of fast users chosen: 0, num of slow users chosen: 5
max_delay = 0.88 seconds
global epoch 257 has been done artifficialy in 0.88 secs, the total time by now is 135.35 
 with avg train loss 1.048, val loss 0.923, avg val acc 68.13%
iteration: 258
user 25, emp_avg: 0.05919170073294908, h: 0.9242843039905665, ucb: 0.9834445756608324,num_of_obs: 39, privacy reward: 0.20189651799465458, g: 0.00024037017006189532, curr_delay = 0.827575693681856, data_size = 1666
user 26, emp_avg: 0.05728968585247764, h: 0.9242843039905665, ucb: 0.9816762123060472,num_of_obs: 39, privacy reward: 0.20189651799465458, g: 0.00024037017006189532, curr_delay = 0.938033334176809, data_size = 1666
user 27, emp_avg: 0.05654601101541925, h: 0.9242843039905665, ucb: 0.9808863221894261,num_of_obs: 39, privacy reward: 0.20189651799465458, g: 0.00024037017006189532, curr_delay = 0.9197646801868634, data_size = 1666
user 28, emp_avg: 0.05563796807153002, h: 0.9242843039905665, ucb: 0.9799333573756102,num_of_obs: 39, privacy reward: 0.20189651799465458, g: 0.00024037017006189532, curr_delay = 0.9057045482152705, data_size = 1666
user 29, emp_avg: 0.05458523210670001, h: 0.9242843039905665, ucb: 0.9789540047070119,num_of_obs: 39, privacy reward: 0.20189651799465458, g: 0.00024037017006189532, curr_delay = 0.9748307222347321, data_size = 1666
num of fast users chosen: 0, num of slow users chosen: 5
max_delay = 0.97 seconds
global epoch 258 has been done artifficialy in 0.97 secs, the total time by now is 136.32 
 with avg train loss 1.065, val loss 0.934, avg val acc 67.41%
iteration: 259
user 1, emp_avg: 0.6302364044900532, h: 0.8334287658297151, ucb: 1.464080001823005,num_of_obs: 48, privacy reward: 0.14085842092104417, g: -0.00034825227875420924, curr_delay = 0.08192363345723218, data_size = 1666
user 2, emp_avg: 0.7221338365690858, h: 0.8248805525179947, ucb: 1.5543132581368084,num_of_obs: 49, privacy reward: 0.13533528323661181, g: -0.0005072640207775352, curr_delay = 0.13717825579300807, data_size = 1666
user 3, emp_avg: 0.6012940330187573, h: 0.8248805525179947, ucb: 1.4321255936784558,num_of_obs: 49, privacy reward: 0.13533528323661181, g: -0.0005072640207775352, curr_delay = 0.16144935849242648, data_size = 1666
user 4, emp_avg: 0.5313800465476972, h: 0.8334287658297151, ucb: 1.3656206624339682,num_of_obs: 48, privacy reward: 0.14085842092104417, g: -0.00034825227875420924, curr_delay = 0.10154114193410903, data_size = 1666
user 5, emp_avg: 0.5264243295860318, h: 0.8334287658297151, ucb: 1.3632824697345896,num_of_obs: 48, privacy reward: 0.14085842092104417, g: -0.00034825227875420924, curr_delay = 0.13819241360321347, data_size = 1666
num of fast users chosen: 5, num of slow users chosen: 0
max_delay = 0.16 seconds
global epoch 259 has been done artifficialy in 0.16 secs, the total time by now is 136.48 
 with avg train loss 1.016, val loss 0.948, avg val acc 66.96%
iteration: 260
user 6, emp_avg: 0.48109531638473557, h: 0.8516491646785533, ucb: 1.3362162784831355,num_of_obs: 46, privacy reward: 0.15259010575688303, g: -0.0001051939513477979, curr_delay = 0.15557294892221363, data_size = 1666
user 7, emp_avg: 0.45123789632163386, h: 0.8516491646785533, ucb: 1.300248915609599,num_of_obs: 46, privacy reward: 0.15259010575688303, g: -0.0001051939513477979, curr_delay = 0.08732212287051125, data_size = 1666
user 8, emp_avg: 0.4142640708581222, h: 0.8610599383717356, ucb: 1.277861713569072,num_of_obs: 45, privacy reward: 0.15881742610691985, g: -4.109138724523346e-05, curr_delay = 0.16662924418593494, data_size = 1666
user 9, emp_avg: 0.39761915525910696, h: 0.8610599383717356, ucb: 1.2611879042962795,num_of_obs: 45, privacy reward: 0.15881742610691985, g: -4.109138724523346e-05, curr_delay = 0.17560947664171891, data_size = 1666
user 10, emp_avg: 0.36442741144319885, h: 0.8610599383717356, ucb: 1.22873831172555,num_of_obs: 45, privacy reward: 0.15881742610691985, g: -4.109138724523346e-05, curr_delay = 0.2292167715312793, data_size = 1666
num of fast users chosen: 5, num of slow users chosen: 0
max_delay = 0.23 seconds
global epoch 260 has been done artifficialy in 0.23 secs, the total time by now is 136.71 
 with avg train loss 1.032, val loss 0.973, avg val acc 66.30%
iteration: 261
user 10, emp_avg: 0.3639207345616648, h: 0.8519430788795611, ucb: 1.21637049032276,num_of_obs: 46, privacy reward: 0.15259010575688303, g: -9.174850633431683e-05, curr_delay = 0.14679390456505037, data_size = 1666
user 11, emp_avg: 0.3253044935347058, h: 0.8710902578735372, ucb: 1.1997099239672053,num_of_obs: 44, privacy reward: 0.16529888822158567, g: -3.669940253372737e-06, curr_delay = 0.2786494847936508, data_size = 1666
user 12, emp_avg: 0.3175952862742543, h: 0.8710902578735372, ucb: 1.1913836553262833,num_of_obs: 44, privacy reward: 0.16529888822158567, g: -3.669940253372737e-06, curr_delay = 0.2514099138102076, data_size = 1666
user 13, emp_avg: 0.24766372288426627, h: 0.9023968415327034, ucb: 1.1495701337715198,num_of_obs: 41, privacy reward: 0.1863739760394092, g: 9.174850633431683e-05, curr_delay = 0.18672645344621727, data_size = 1666
user 14, emp_avg: 0.28765519930500644, h: 0.8811610000439848, ucb: 1.1683516003024395,num_of_obs: 43, privacy reward: 0.17204486382304973, g: 3.6699402533726306e-06, curr_delay = 0.16253134994120452, data_size = 1666
num of fast users chosen: 5, num of slow users chosen: 0
max_delay = 0.28 seconds
global epoch 261 has been done artifficialy in 0.28 secs, the total time by now is 136.99 
 with avg train loss 1.060, val loss 0.958, avg val acc 67.24%
iteration: 262
user 15, emp_avg: 0.07088075146132834, h: 0.9139210444913524, ucb: 0.9846328216486742,num_of_obs: 40, privacy reward: 0.19398004229089116, g: 0.00019585753225983944, curr_delay = 0.6440002316816226, data_size = 1666
user 16, emp_avg: 0.07054761562067591, h: 0.9139210444913524, ucb: 0.98459890757089,num_of_obs: 40, privacy reward: 0.19398004229089116, g: 0.00019585753225983944, curr_delay = 0.7652547730782223, data_size = 1666
user 17, emp_avg: 0.06768231690839713, h: 0.9139210444913524, ucb: 0.981661459488292,num_of_obs: 40, privacy reward: 0.19398004229089116, g: 0.00019585753225983944, curr_delay = 0.7650126850498052, data_size = 1666
user 18, emp_avg: 0.06637059417544623, h: 0.9139210444913524, ucb: 0.9801706978999103,num_of_obs: 40, privacy reward: 0.19398004229089116, g: 0.00019585753225983944, curr_delay = 0.7021660784921884, data_size = 1666
user 19, emp_avg: 0.06435749198361493, h: 0.9139210444913524, ucb: 0.9779480676474934,num_of_obs: 40, privacy reward: 0.19398004229089116, g: 0.00019585753225983944, curr_delay = 0.6445271996186506, data_size = 1666
num of fast users chosen: 0, num of slow users chosen: 5
max_delay = 0.77 seconds
global epoch 262 has been done artifficialy in 0.77 secs, the total time by now is 137.75 
 with avg train loss 1.065, val loss 0.983, avg val acc 66.08%
iteration: 263
user 0, emp_avg: 0.7969363616681849, h: 0.8260172972575731, ucb: 1.6252328591354388,num_of_obs: 49, privacy reward: 0.13533528323661181, g: -0.000385930755749606, curr_delay = 0.07296547966419004, data_size = 1666
user 1, emp_avg: 0.6310282604076316, h: 0.8260172972575731, ucb: 1.4562537017476265,num_of_obs: 49, privacy reward: 0.13533528323661181, g: -0.000385930755749606, curr_delay = 0.07464589476310945, data_size = 1666
user 3, emp_avg: 0.6000633602495695, h: 0.8177154051754998, ucb: 1.419009438194257,num_of_obs: 50, privacy reward: 0.13002871087842505, g: -0.000549780649970041, curr_delay = 0.09284538620039381, data_size = 1666
user 4, emp_avg: 0.5294324988634755, h: 0.8260172972575731, ucb: 1.3573973438052702,num_of_obs: 49, privacy reward: 0.13533528323661181, g: -0.000385930755749606, curr_delay = 0.11520666654625267, data_size = 1666
user 5, emp_avg: 0.519888348678808, h: 0.8260172972575731, ucb: 1.3524416268436048,num_of_obs: 49, privacy reward: 0.13533528323661181, g: -0.000385930755749606, curr_delay = 0.25046927394069834, data_size = 1666
num of fast users chosen: 5, num of slow users chosen: 0
max_delay = 0.25 seconds
global epoch 263 has been done artifficialy in 0.25 secs, the total time by now is 138.01 
 with avg train loss 1.035, val loss 0.926, avg val acc 67.76%
iteration: 264
user 20, emp_avg: 0.06384281743986592, h: 0.914544895274118, ucb: 0.9783791818170003,num_of_obs: 40, privacy reward: 0.19398004229089116, g: 0.0002295684113865928, curr_delay = 0.7790096981151091, data_size = 1666
user 21, emp_avg: 0.06376431846054603, h: 0.914544895274118, ucb: 0.9782331293267473,num_of_obs: 40, privacy reward: 0.19398004229089116, g: 0.0002295684113865928, curr_delay = 0.7484167829280383, data_size = 1666
user 22, emp_avg: 0.06193267433806695, h: 0.914544895274118, ucb: 0.9764016466796688,num_of_obs: 40, privacy reward: 0.19398004229089116, g: 0.0002295684113865928, curr_delay = 0.7695907999244144, data_size = 1666
user 23, emp_avg: 0.06136312911060507, h: 0.914544895274118, ucb: 0.9758387666068327,num_of_obs: 40, privacy reward: 0.19398004229089116, g: 0.0002295684113865928, curr_delay = 0.7796244802030285, data_size = 1666
user 24, emp_avg: 0.060639984378274475, h: 0.914544895274118, ucb: 0.9750543284611558,num_of_obs: 40, privacy reward: 0.19398004229089116, g: 0.0002295684113865928, curr_delay = 0.7591627294302385, data_size = 1666
num of fast users chosen: 0, num of slow users chosen: 5
max_delay = 0.78 seconds
global epoch 264 has been done artifficialy in 0.78 secs, the total time by now is 138.78 
 with avg train loss 1.047, val loss 0.950, avg val acc 67.50%
iteration: 265
user 25, emp_avg: 0.059120885189552, h: 0.914854892263212, ucb: 0.9740465929961611,num_of_obs: 40, privacy reward: 0.19398004229089116, g: 0.0002472212333372888, curr_delay = 0.8882846428750765, data_size = 1666
user 26, emp_avg: 0.05750568768978551, h: 0.914854892263212, ucb: 0.9721445781156897,num_of_obs: 40, privacy reward: 0.19398004229089116, g: 0.0002472212333372888, curr_delay = 0.7559063363463171, data_size = 1666
user 27, emp_avg: 0.05655499939603603, h: 0.914854892263212, ucb: 0.9714009032786313,num_of_obs: 40, privacy reward: 0.19398004229089116, g: 0.0002472212333372888, curr_delay = 0.8785102141871608, data_size = 1666
user 28, emp_avg: 0.055589331313822966, h: 0.914854892263212, ucb: 0.970492860334742,num_of_obs: 40, privacy reward: 0.19398004229089116, g: 0.0002472212333372888, curr_delay = 0.9320731032920198, data_size = 1666
user 29, emp_avg: 0.0545556773856217, h: 0.914854892263212, ucb: 0.969440124369912,num_of_obs: 40, privacy reward: 0.19398004229089116, g: 0.0002472212333372888, curr_delay = 0.9367946777583447, data_size = 1666
num of fast users chosen: 0, num of slow users chosen: 5
max_delay = 0.94 seconds
global epoch 265 has been done artifficialy in 0.94 secs, the total time by now is 139.72 
 with avg train loss 1.037, val loss 0.941, avg val acc 66.83%
iteration: 266
user 5, emp_avg: 0.522547606489398, h: 0.8185472234720511, ucb: 1.3384355721508592,num_of_obs: 50, privacy reward: 0.13002871087842505, g: -0.00045382880760799234, curr_delay = 0.07627642917602023, data_size = 1666
user 6, emp_avg: 0.4784567716616331, h: 0.844266997355218, ucb: 1.3253623137399537,num_of_obs: 47, privacy reward: 0.1466069621303493, g: -0.00010050188126959001, curr_delay = 0.14106554208576425, data_size = 1666
user 7, emp_avg: 0.45201640622338574, h: 0.844266997355218, ucb: 1.2955048936768518,num_of_obs: 47, privacy reward: 0.1466069621303493, g: -0.00010050188126959001, curr_delay = 0.10233186242676957, data_size = 1666
user 8, emp_avg: 0.4103813035753546, h: 0.8533944734016008, ucb: 1.267658544259723,num_of_obs: 46, privacy reward: 0.15259010575688303, g: -3.9258547370933595e-05, curr_delay = 0.21572738163745048, data_size = 1666
user 9, emp_avg: 0.3940335292975494, h: 0.8533944734016008, ucb: 1.2510136286607079,num_of_obs: 46, privacy reward: 0.15259010575688303, g: -3.9258547370933595e-05, curr_delay = 0.2182503233241781, data_size = 1666
num of fast users chosen: 5, num of slow users chosen: 0
max_delay = 0.22 seconds
global epoch 266 has been done artifficialy in 0.22 secs, the total time by now is 139.94 
 with avg train loss 1.010, val loss 0.937, avg val acc 67.17%
iteration: 267
user 10, emp_avg: 0.3661669863775776, h: 0.8445506415714544, ucb: 1.2084713761331192,num_of_obs: 47, privacy reward: 0.1466069621303493, g: -8.767130973923088e-05, curr_delay = 0.1059904034107449, data_size = 1666
user 11, emp_avg: 0.32890551898523435, h: 0.8631144117593564, ucb: 1.1884189052940624,num_of_obs: 45, privacy reward: 0.15881742610691985, g: -3.506852389569235e-06, curr_delay = 0.10184301966969353, data_size = 1666
user 12, emp_avg: 0.3151480807776998, h: 0.8631144117593564, ucb: 1.1807096980336107,num_of_obs: 45, privacy reward: 0.15881742610691985, g: -3.506852389569235e-06, curr_delay = 0.24387408606522532, data_size = 1666
user 13, emp_avg: 0.2473110357211228, h: 0.8934082939907511, ucb: 1.1410720168750172,num_of_obs: 42, privacy reward: 0.17906614791149233, g: 8.767130973923037e-05, curr_delay = 0.21505545163161516, data_size = 1666
user 14, emp_avg: 0.2858526281663361, h: 0.8728674265473004, ucb: 1.160522625852307,num_of_obs: 44, privacy reward: 0.16529888822158567, g: 3.506852389569235e-06, curr_delay = 0.24208444616391453, data_size = 1666
num of fast users chosen: 5, num of slow users chosen: 0
max_delay = 0.24 seconds
global epoch 267 has been done artifficialy in 0.24 secs, the total time by now is 140.18 
 with avg train loss 1.050, val loss 0.956, avg val acc 66.33%
iteration: 268
user 0, emp_avg: 0.7950140864905731, h: 0.8190961101490488, ucb: 1.6160324718172339,num_of_obs: 50, privacy reward: 0.13002871087842505, g: -0.0003960298012425443, curr_delay = 0.07154095945409583, data_size = 1666
user 1, emp_avg: 0.6382630003996388, h: 0.8190961101490488, ucb: 1.4501243705566804,num_of_obs: 50, privacy reward: 0.13002871087842505, g: -0.0003960298012425443, curr_delay = 0.05, data_size = 1666
user 2, emp_avg: 0.72758219271479, h: 0.8190961101490488, ucb: 1.5412299467181345,num_of_obs: 50, privacy reward: 0.13002871087842505, g: -0.0003960298012425443, curr_delay = 0.05, data_size = 1666
user 3, emp_avg: 0.6077544494755394, h: 0.8110260009258321, ucb: 1.4110893611754016,num_of_obs: 51, privacy reward: 0.12493021219858158, g: -0.0005584638994084307, curr_delay = 0.05, data_size = 1666
user 4, emp_avg: 0.5329768030907313, h: 0.8190961101490488, ucb: 1.3485286090125244,num_of_obs: 50, privacy reward: 0.13002871087842505, g: -0.0003960298012425443, curr_delay = 0.07040349508642993, data_size = 1666
num of fast users chosen: 5, num of slow users chosen: 0
max_delay = 0.07 seconds
global epoch 268 has been done artifficialy in 0.07 secs, the total time by now is 140.26 
 with avg train loss 1.039, val loss 0.975, avg val acc 65.47%
iteration: 269
user 15, emp_avg: 0.07102795429350836, h: 0.9048415610887024, ucb: 0.9757223125500307,num_of_obs: 41, privacy reward: 0.1863739760394092, g: 0.00020307132909225197, curr_delay = 0.6488175200988783, data_size = 1666
user 16, emp_avg: 0.07053975104814682, h: 0.9048415610887024, ucb: 0.9753891767093783,num_of_obs: 41, privacy reward: 0.1863739760394092, g: 0.00020307132909225197, curr_delay = 0.7120751930752043, data_size = 1666
user 17, emp_avg: 0.0674270819285456, h: 0.9048415610887024, ucb: 0.9725238779970995,num_of_obs: 41, privacy reward: 0.1863739760394092, g: 0.00020307132909225197, curr_delay = 0.8777712681058999, data_size = 1666
user 18, emp_avg: 0.0664283884915468, h: 0.9048415610887024, ucb: 0.9712121552641486,num_of_obs: 41, privacy reward: 0.1863739760394092, g: 0.00020307132909225197, curr_delay = 0.7267657835431511, data_size = 1666
user 19, emp_avg: 0.0644163331929766, h: 0.9048415610887024, ucb: 0.9691990530723174,num_of_obs: 41, privacy reward: 0.1863739760394092, g: 0.00020307132909225197, curr_delay = 0.7481801702087405, data_size = 1666
num of fast users chosen: 0, num of slow users chosen: 5
max_delay = 0.88 seconds
global epoch 269 has been done artifficialy in 0.88 secs, the total time by now is 141.13 
 with avg train loss 1.024, val loss 0.970, avg val acc 65.29%
iteration: 270
user 20, emp_avg: 0.06389495289094242, h: 0.9051415703040299, ucb: 0.9689843877438957,num_of_obs: 41, privacy reward: 0.1863739760394092, g: 0.00021947873799725633, curr_delay = 0.7572028192965625, data_size = 1666
user 21, emp_avg: 0.06371449319891306, h: 0.9051415703040299, ucb: 0.9689058887645758,num_of_obs: 41, privacy reward: 0.1863739760394092, g: 0.00021947873799725633, curr_delay = 0.8107451955986732, data_size = 1666
user 22, emp_avg: 0.06208362072640392, h: 0.9051415703040299, ucb: 0.9670742446420968,num_of_obs: 41, privacy reward: 0.1863739760394092, g: 0.00021947873799725633, curr_delay = 0.7323601252240578, data_size = 1666
user 23, emp_avg: 0.06134876251514142, h: 0.9051415703040299, ucb: 0.9665046994146349,num_of_obs: 41, privacy reward: 0.1863739760394092, g: 0.00021947873799725633, curr_delay = 0.8229134374189996, data_size = 1666
user 24, emp_avg: 0.060776155793362034, h: 0.9051415703040299, ucb: 0.9657815546823043,num_of_obs: 41, privacy reward: 0.1863739760394092, g: 0.00021947873799725633, curr_delay = 0.7534752106308201, data_size = 1666
num of fast users chosen: 0, num of slow users chosen: 5
max_delay = 0.82 seconds
global epoch 270 has been done artifficialy in 0.82 secs, the total time by now is 141.96 
 with avg train loss 1.027, val loss 0.923, avg val acc 67.82%
iteration: 271
user 25, emp_avg: 0.0590251148593696, h: 0.9054403715707623, ucb: 0.9645612567603143,num_of_obs: 41, privacy reward: 0.1863739760394092, g: 0.0002363953528834177, curr_delay = 0.9074652046148852, data_size = 1666
user 26, emp_avg: 0.05761364646675303, h: 0.9054403715707623, ucb: 0.9629460592605478,num_of_obs: 41, privacy reward: 0.1863739760394092, g: 0.0002363953528834177, curr_delay = 0.8059322243902028, data_size = 1666
user 27, emp_avg: 0.05671119068260255, h: 0.9054403715707623, ucb: 0.9619953709667983,num_of_obs: 41, privacy reward: 0.1863739760394092, g: 0.0002363953528834177, curr_delay = 0.7922042860676708, data_size = 1666
user 28, emp_avg: 0.055663786682337436, h: 0.9054403715707623, ucb: 0.9610297028845852,num_of_obs: 41, privacy reward: 0.1863739760394092, g: 0.0002363953528834177, curr_delay = 0.851550020765167, data_size = 1666
user 29, emp_avg: 0.05458567953195778, h: 0.9054403715707623, ucb: 0.959996048956384,num_of_obs: 41, privacy reward: 0.1863739760394092, g: 0.0002363953528834177, curr_delay = 0.8958042182537342, data_size = 1666
num of fast users chosen: 0, num of slow users chosen: 5
max_delay = 0.91 seconds
global epoch 271 has been done artifficialy in 0.91 secs, the total time by now is 142.86 
 with avg train loss 1.057, val loss 0.939, avg val acc 67.44%
iteration: 272
user 0, emp_avg: 0.7908630999454626, h: 0.8120998248039387, ucb: 1.6071139112945119,num_of_obs: 51, privacy reward: 0.12493021219858158, g: -0.0004340277777777782, curr_delay = 0.08633151368861824, data_size = 1666
user 6, emp_avg: 0.47602364250031115, h: 0.837093339053059, ucb: 1.315550110714692,num_of_obs: 48, privacy reward: 0.14085842092104417, g: -9.611687812379895e-05, curr_delay = 0.13918525963586895, data_size = 1666
user 7, emp_avg: 0.448946855842384, h: 0.837093339053059, ucb: 1.2891097452764448,num_of_obs: 48, privacy reward: 0.14085842092104417, g: -9.611687812379895e-05, curr_delay = 0.16577785557142466, data_size = 1666
user 8, emp_avg: 0.407897046817895, h: 0.8459517163146247, ucb: 1.2563330198899794,num_of_obs: 47, privacy reward: 0.1466069621303493, g: -3.7545655517108877e-05, curr_delay = 0.17174046434919307, data_size = 1666
user 9, emp_avg: 0.39406081722469716, h: 0.8459517163146247, ucb: 1.239985245612174,num_of_obs: 47, privacy reward: 0.1466069621303493, g: -3.7545655517108877e-05, curr_delay = 0.12647234366080415, data_size = 1666
num of fast users chosen: 5, num of slow users chosen: 0
max_delay = 0.17 seconds
global epoch 272 has been done artifficialy in 0.17 secs, the total time by now is 143.04 
 with avg train loss 1.023, val loss 0.943, avg val acc 67.26%
iteration: 273
user 8, emp_avg: 0.4046520147698763, h: 0.8373672876331628, ucb: 1.2452643344510579,num_of_obs: 48, privacy reward: 0.14085842092104417, g: -8.38599739698645e-05, curr_delay = 0.20089157572501679, data_size = 1666
user 11, emp_avg: 0.32704127217534196, h: 0.8553772466897632, ucb: 1.1842827656749977,num_of_obs: 46, privacy reward: 0.15259010575688303, g: -3.354398958794641e-06, curr_delay = 0.20722303325341287, data_size = 1666
user 12, emp_avg: 0.31401037876576504, h: 0.8553772466897632, ucb: 1.170525327467463,num_of_obs: 46, privacy reward: 0.15259010575688303, g: -3.354398958794641e-06, curr_delay = 0.1910759241430307, data_size = 1666
user 13, emp_avg: 0.25011392970223, h: 0.8847129447888571, ucb: 1.1320239805099799,num_of_obs: 43, privacy reward: 0.17204486382304973, g: 8.385997396986399e-05, curr_delay = 0.13490238444540564, data_size = 1666
user 14, emp_avg: 0.2857316196267608, h: 0.8648292159098975, ucb: 1.1506818440762336,num_of_obs: 45, privacy reward: 0.15881742610691985, g: 3.354398958794539e-06, curr_delay = 0.1783890669418723, data_size = 1666
num of fast users chosen: 5, num of slow users chosen: 0
max_delay = 0.21 seconds
global epoch 273 has been done artifficialy in 0.21 secs, the total time by now is 143.24 
 with avg train loss 1.048, val loss 0.972, avg val acc 66.37%
iteration: 274
user 0, emp_avg: 0.7948090791917746, h: 0.8047786202802371, ucb: 1.5956417202256996,num_of_obs: 52, privacy reward: 0.12003162851145588, g: -0.0005342734177514933, curr_delay = 0.05, data_size = 1666
user 1, emp_avg: 0.6392777184625847, h: 0.8126303049457628, ucb: 1.4508933053454016,num_of_obs: 51, privacy reward: 0.12493021219858158, g: -0.00037887533225590674, curr_delay = 0.07235593264333134, data_size = 1666
user 2, emp_avg: 0.7197491038935617, h: 0.8126303049457628, ucb: 1.5402124976605527,num_of_obs: 51, privacy reward: 0.12493021219858158, g: -0.00037887533225590674, curr_delay = 0.15612238263181388, data_size = 1666
user 3, emp_avg: 0.6066065247768314, h: 0.8047786202802371, ucb: 1.4125330697557765,num_of_obs: 52, privacy reward: 0.12003162851145588, g: -0.0005342734177514933, curr_delay = 0.09142197810576459, data_size = 1666
user 4, emp_avg: 0.5419580184159095, h: 0.8126303049457628, ucb: 1.3456071080364942,num_of_obs: 51, privacy reward: 0.12493021219858158, g: -0.00037887533225590674, curr_delay = 0.05, data_size = 1666
num of fast users chosen: 5, num of slow users chosen: 0
max_delay = 0.16 seconds
global epoch 274 has been done artifficialy in 0.16 secs, the total time by now is 143.40 
 with avg train loss 1.044, val loss 0.960, avg val acc 66.59%
iteration: 275
user 5, emp_avg: 0.5183297289582713, h: 0.8128939658562357, ucb: 1.3354415723456339,num_of_obs: 51, privacy reward: 0.12493021219858158, g: -0.0003529843893480261, curr_delay = 0.16489787593002384, data_size = 1666
user 6, emp_avg: 0.4751176307677662, h: 0.8293177253080947, ucb: 1.3053413678084058,num_of_obs: 49, privacy reward: 0.13533528323661181, g: -0.00013259871441689667, curr_delay = 0.11608387180168818, data_size = 1666
user 7, emp_avg: 0.45243861058298085, h: 0.8293177253080947, ucb: 1.2782645811504787,num_of_obs: 49, privacy reward: 0.13533528323661181, g: -0.00013259871441689667, curr_delay = 0.08018801293715194, data_size = 1666
user 8, emp_avg: 0.4046656344599999, h: 0.8293177253080947, ucb: 1.233969740077971,num_of_obs: 49, privacy reward: 0.13533528323661181, g: -0.00013259871441689667, curr_delay = 0.12335536482176863, data_size = 1666
user 9, emp_avg: 0.3901781623786608, h: 0.837911920913124, ucb: 1.2319727381378212,num_of_obs: 48, privacy reward: 0.14085842092104417, g: -6.207529843893516e-05, curr_delay = 0.24532565118966604, data_size = 1666
num of fast users chosen: 5, num of slow users chosen: 0
max_delay = 0.25 seconds
global epoch 275 has been done artifficialy in 0.25 secs, the total time by now is 143.64 
 with avg train loss 1.022, val loss 0.957, avg val acc 67.38%
iteration: 276
user 15, emp_avg: 0.07100543228662541, h: 0.8960549142704168, ucb: 0.9670828685639252,num_of_obs: 42, privacy reward: 0.17906614791149233, g: 0.0002100399075824401, curr_delay = 0.7136790055927122, data_size = 1666
user 16, emp_avg: 0.07072563218279793, h: 0.8960549142704168, ucb: 0.9665946653185636,num_of_obs: 42, privacy reward: 0.17906614791149233, g: 0.0002100399075824401, curr_delay = 0.6366779482142696, data_size = 1666
user 17, emp_avg: 0.06740777056352339, h: 0.8960549142704168, ucb: 0.9634819961989625,num_of_obs: 42, privacy reward: 0.17906614791149233, g: 0.0002100399075824401, curr_delay = 0.7507880282489976, data_size = 1666
user 18, emp_avg: 0.06648612128384374, h: 0.8960549142704168, ucb: 0.9624833027619636,num_of_obs: 42, privacy reward: 0.17906614791149233, g: 0.0002100399075824401, curr_delay = 0.7255746339780617, data_size = 1666
user 19, emp_avg: 0.06449477373743301, h: 0.8960549142704168, ucb: 0.9604712474633934,num_of_obs: 42, privacy reward: 0.17906614791149233, g: 0.0002100399075824401, curr_delay = 0.7375797840658159, data_size = 1666
num of fast users chosen: 0, num of slow users chosen: 5
max_delay = 0.75 seconds
global epoch 276 has been done artifficialy in 0.75 secs, the total time by now is 144.39 
 with avg train loss 1.004, val loss 0.964, avg val acc 66.80%
iteration: 277
user 20, emp_avg: 0.06392674418182637, h: 0.8963431666010941, ucb: 0.9602381194920365,num_of_obs: 42, privacy reward: 0.17906614791149233, g: 0.00022626531182618194, curr_delay = 0.766142878696469, data_size = 1666
user 21, emp_avg: 0.06363223276516239, h: 0.8963431666010941, ucb: 0.9600576598000072,num_of_obs: 42, privacy reward: 0.17906614791149233, g: 0.00022626531182618194, curr_delay = 0.830878163863311, data_size = 1666
user 22, emp_avg: 0.06223488495805399, h: 0.8963431666010941, ucb: 0.9584267873274981,num_of_obs: 42, privacy reward: 0.17906614791149233, g: 0.00022626531182618194, curr_delay = 0.7289906779721766, data_size = 1666
user 23, emp_avg: 0.06121341442796315, h: 0.8963431666010941, ucb: 0.9576919291162356,num_of_obs: 42, privacy reward: 0.17906614791149233, g: 0.00022626531182618194, curr_delay = 0.9004337337101048, data_size = 1666
user 24, emp_avg: 0.0607163720755196, h: 0.8963431666010941, ucb: 0.9571193223944562,num_of_obs: 42, privacy reward: 0.17906614791149233, g: 0.00022626531182618194, curr_delay = 0.8590260003022733, data_size = 1666
num of fast users chosen: 0, num of slow users chosen: 5
max_delay = 0.90 seconds
global epoch 277 has been done artifficialy in 0.90 secs, the total time by now is 145.30 
 with avg train loss 1.043, val loss 0.935, avg val acc 68.21%
iteration: 278
user 0, emp_avg: 0.7952301836671981, h: 0.7981786658900117, ucb: 1.5929877450817864,num_of_obs: 53, privacy reward: 0.1153251210380617, g: -0.0005750795047415314, curr_delay = 0.061158434627748566, data_size = 1666
user 1, emp_avg: 0.6424550129038765, h: 0.805816913283368, ucb: 1.4450946317459528,num_of_obs: 52, privacy reward: 0.12003162851145588, g: -0.0004154949421757563, curr_delay = 0.06190614028881897, data_size = 1666
user 2, emp_avg: 0.716327825209936, h: 0.805816913283368, ucb: 1.5255660171769296,num_of_obs: 52, privacy reward: 0.12003162851145588, g: -0.0004154949421757563, curr_delay = 0.09286407665162089, data_size = 1666
user 3, emp_avg: 0.5992312702187477, h: 0.7981786658900117, ucb: 1.4047851906668432,num_of_obs: 53, privacy reward: 0.1153251210380617, g: -0.0005750795047415314, curr_delay = 0.2399891194996573, data_size = 1666
user 4, emp_avg: 0.541516858133495, h: 0.805816913283368, ucb: 1.3477749316992775,num_of_obs: 52, privacy reward: 0.12003162851145588, g: -0.0004154949421757563, curr_delay = 0.09641778549394571, data_size = 1666
num of fast users chosen: 5, num of slow users chosen: 0
max_delay = 0.24 seconds
global epoch 278 has been done artifficialy in 0.24 secs, the total time by now is 145.54 
 with avg train loss 1.020, val loss 0.932, avg val acc 67.42%
iteration: 279
user 10, emp_avg: 0.3621131428156253, h: 0.8389883626890606, ucb: 1.2051553490666382,num_of_obs: 48, privacy reward: 0.14085842092104417, g: -2.8905075731298662e-05, curr_delay = 0.29845640999476114, data_size = 1666
user 11, emp_avg: 0.3272634175839157, h: 0.8478667936692549, ucb: 1.1749080658445967,num_of_obs: 47, privacy reward: 0.1466069621303493, g: -3.2116750812554404e-06, curr_delay = 0.14805854452657083, data_size = 1666
user 12, emp_avg: 0.3109011978655642, h: 0.8478667936692549, ucb: 1.1618771724350199,num_of_obs: 47, privacy reward: 0.1466069621303493, g: -3.2116750812554404e-06, curr_delay = 0.30345385922600715, data_size = 1666
user 13, emp_avg: 0.25617718912716914, h: 0.8762947653061232, ucb: 1.1264086950083532,num_of_obs: 44, privacy reward: 0.16529888822158567, g: 8.029187703138451e-05, curr_delay = 0.09560949645985255, data_size = 1666
user 14, emp_avg: 0.28443324704495676, h: 0.8570331875635829, ucb: 1.1427648071903438,num_of_obs: 46, privacy reward: 0.15259010575688303, g: 3.211675081255341e-06, curr_delay = 0.2225108848197773, data_size = 1666
num of fast users chosen: 5, num of slow users chosen: 0
max_delay = 0.30 seconds
global epoch 279 has been done artifficialy in 0.30 secs, the total time by now is 145.84 
 with avg train loss 1.052, val loss 0.951, avg val acc 67.05%
iteration: 280
user 25, emp_avg: 0.059147396615286944, h: 0.897201172151426, ucb: 0.9562262870107956,num_of_obs: 42, privacy reward: 0.17906614791149233, g: 0.00027777777777777767, curr_delay = 0.7778078313274165, data_size = 1666
user 26, emp_avg: 0.0576073624603589, h: 0.897201172151426, ucb: 0.9548148186181791,num_of_obs: 42, privacy reward: 0.17906614791149233, g: 0.00027777777777777767, curr_delay = 0.8719394069207153, data_size = 1666
user 27, emp_avg: 0.0567233561974227, h: 0.897201172151426, ucb: 0.9539123628340286,num_of_obs: 42, privacy reward: 0.17906614791149233, g: 0.00027777777777777767, curr_delay = 0.8736018990106887, data_size = 1666
user 28, emp_avg: 0.05571785785360455, h: 0.897201172151426, ucb: 0.9528649588337634,num_of_obs: 42, privacy reward: 0.17906614791149233, g: 0.00027777777777777767, curr_delay = 0.8622347666203358, data_size = 1666
user 29, emp_avg: 0.05447735554431114, h: 0.897201172151426, ucb: 0.9517868516833838,num_of_obs: 42, privacy reward: 0.17906614791149233, g: 0.00027777777777777767, curr_delay = 1.001447129895713, data_size = 1666
num of fast users chosen: 0, num of slow users chosen: 5
max_delay = 1.00 seconds
global epoch 280 has been done artifficialy in 1.00 secs, the total time by now is 146.84 
 with avg train loss 1.057, val loss 0.933, avg val acc 67.59%
iteration: 281
user 1, emp_avg: 0.641671897112073, h: 0.7989394859366546, ucb: 1.4413944988405312,num_of_obs: 53, privacy reward: 0.1153251210380617, g: -0.00048160202856825293, curr_delay = 0.08331017863734443, data_size = 1666
user 2, emp_avg: 0.7106033944287593, h: 0.7989394859366546, ucb: 1.5152673111465906,num_of_obs: 53, privacy reward: 0.1153251210380617, g: -0.00048160202856825293, curr_delay = 0.12278720179260755, data_size = 1666
user 4, emp_avg: 0.5389304520370158, h: 0.7989394859366546, ucb: 1.3404563440701498,num_of_obs: 53, privacy reward: 0.1153251210380617, g: -0.00048160202856825293, curr_delay = 0.12442424889729221, data_size = 1666
user 5, emp_avg: 0.5170557218088174, h: 0.8065850140705098, ucb: 1.324914743028781,num_of_obs: 52, privacy reward: 0.12003162851145588, g: -0.0003380712559927614, curr_delay = 0.11091212243072975, data_size = 1666
user 6, emp_avg: 0.47317080438309117, h: 0.8225585452234081, ucb: 1.2976761759911744,num_of_obs: 50, privacy reward: 0.13002871087842505, g: -0.00012699659044056955, curr_delay = 0.13303905620957707, data_size = 1666
num of fast users chosen: 5, num of slow users chosen: 0
max_delay = 0.13 seconds
global epoch 281 has been done artifficialy in 0.13 secs, the total time by now is 146.97 
 with avg train loss 1.006, val loss 0.954, avg val acc 66.10%
iteration: 282
user 9, emp_avg: 0.3888153795091732, h: 0.8311713203596118, ucb: 1.2213494827382727,num_of_obs: 49, privacy reward: 0.13533528323661181, g: -5.0299280720285844e-05, curr_delay = 0.15526068912432395, data_size = 1666
user 11, emp_avg: 0.32555169633822234, h: 0.8397847247165575, ucb: 1.1670481423004733,num_of_obs: 48, privacy reward: 0.14085842092104417, g: -1.2574820180071461e-05, curr_delay = 0.2054323912551089, data_size = 1666
user 12, emp_avg: 0.3090299828927358, h: 0.8397847247165575, ucb: 1.1506859225821218,num_of_obs: 48, privacy reward: 0.14085842092104417, g: -1.2574820180071461e-05, curr_delay = 0.2280900525214389, data_size = 1666
user 13, emp_avg: 0.25657413371054444, h: 0.8673259341937619, ucb: 1.1235031233209312,num_of_obs: 45, privacy reward: 0.15881742610691985, g: 5.029928072028545e-05, curr_delay = 0.18219141586504087, data_size = 1666
user 14, emp_avg: 0.2845952631890812, h: 0.84867158304284, ucb: 1.1331048300877966,num_of_obs: 47, privacy reward: 0.1466069621303493, g: 0.0, curr_delay = 0.17110980542051177, data_size = 1666
num of fast users chosen: 5, num of slow users chosen: 0
max_delay = 0.23 seconds
global epoch 282 has been done artifficialy in 0.23 secs, the total time by now is 147.20 
 with avg train loss 1.022, val loss 0.938, avg val acc 67.14%
iteration: 283
user 15, emp_avg: 0.07090816549182084, h: 0.8875453658350854, ucb: 0.9585507981217107,num_of_obs: 43, privacy reward: 0.17204486382304973, g: 0.00021677272922762298, curr_delay = 0.7493365376331256, data_size = 1666
user 16, emp_avg: 0.07070589937373008, h: 0.8875453658350854, ucb: 0.9582709980178833,num_of_obs: 43, privacy reward: 0.17204486382304973, g: 0.00021677272922762298, curr_delay = 0.7157439035959858, data_size = 1666
user 17, emp_avg: 0.06722814768987483, h: 0.8875453658350854, ucb: 0.9549531363986088,num_of_obs: 43, privacy reward: 0.17204486382304973, g: 0.00021677272922762298, curr_delay = 0.840274503171853, data_size = 1666
user 18, emp_avg: 0.06656597822249563, h: 0.8875453658350854, ucb: 0.954031487118929,num_of_obs: 43, privacy reward: 0.17204486382304973, g: 0.00021677272922762298, curr_delay = 0.7142874838357391, data_size = 1666
user 19, emp_avg: 0.06450222378665148, h: 0.8875453658350854, ucb: 0.9520401395725184,num_of_obs: 43, privacy reward: 0.17204486382304973, g: 0.00021677272922762298, curr_delay = 0.7713362096992974, data_size = 1666
num of fast users chosen: 0, num of slow users chosen: 5
max_delay = 0.84 seconds
global epoch 283 has been done artifficialy in 0.84 secs, the total time by now is 148.04 
 with avg train loss 1.008, val loss 0.932, avg val acc 67.32%
iteration: 284
user 20, emp_avg: 0.06397933475369343, h: 0.8878225968426093, ucb: 0.9517493410244358,num_of_obs: 43, privacy reward: 0.17204486382304973, g: 0.00023281315435649886, curr_delay = 0.7548226068037147, data_size = 1666
user 21, emp_avg: 0.06357339106417076, h: 0.8878225968426093, ucb: 0.9514548296077717,num_of_obs: 43, privacy reward: 0.17204486382304973, g: 0.00023281315435649886, curr_delay = 0.8190920807306534, data_size = 1666
user 22, emp_avg: 0.06223204755873155, h: 0.8878225968426093, ucb: 0.9500574818006633,num_of_obs: 43, privacy reward: 0.17204486382304973, g: 0.00023281315435649886, curr_delay = 0.8050228351612904, data_size = 1666
user 23, emp_avg: 0.06131537027682028, h: 0.8878225968426093, ucb: 0.9490360112705725,num_of_obs: 43, privacy reward: 0.17204486382304973, g: 0.00023281315435649886, curr_delay = 0.7610411263152485, data_size = 1666
user 24, emp_avg: 0.060707271269921835, h: 0.8878225968426093, ucb: 0.9485389689181289,num_of_obs: 43, privacy reward: 0.17204486382304973, g: 0.00023281315435649886, curr_delay = 0.828968309111515, data_size = 1666
num of fast users chosen: 0, num of slow users chosen: 5
max_delay = 0.83 seconds
global epoch 284 has been done artifficialy in 0.83 secs, the total time by now is 148.87 
 with avg train loss 1.027, val loss 0.929, avg val acc 68.12%
iteration: 285
user 25, emp_avg: 0.059111085960084804, h: 0.8880987673128492, ucb: 0.9472461639281361,num_of_obs: 43, privacy reward: 0.17204486382304973, g: 0.00024930747922437653, curr_delay = 0.8688138401902582, data_size = 1666
user 26, emp_avg: 0.05757621350048407, h: 0.8880987673128492, ucb: 0.9457061297732081,num_of_obs: 43, privacy reward: 0.17204486382304973, g: 0.00024930747922437653, curr_delay = 0.889097400392691, data_size = 1666
user 27, emp_avg: 0.056748760836941574, h: 0.8880987673128492, ucb: 0.944822123510272,num_of_obs: 43, privacy reward: 0.17204486382304973, g: 0.00024930747922437653, curr_delay = 0.8644363237066917, data_size = 1666
user 28, emp_avg: 0.05566142060724189, h: 0.8880987673128492, ucb: 0.9438166251664537,num_of_obs: 43, privacy reward: 0.17204486382304973, g: 0.00024930747922437653, curr_delay = 0.9392384303000598, data_size = 1666
user 29, emp_avg: 0.054547182592372415, h: 0.8880987673128492, ucb: 0.9425761228571603,num_of_obs: 43, privacy reward: 0.17204486382304973, g: 0.00024930747922437653, curr_delay = 0.8688135703719556, data_size = 1666
num of fast users chosen: 0, num of slow users chosen: 5
max_delay = 0.94 seconds
global epoch 285 has been done artifficialy in 0.94 secs, the total time by now is 149.81 
 with avg train loss 1.060, val loss 0.951, avg val acc 66.93%
iteration: 286
user 6, emp_avg: 0.4709837765798742, h: 0.8157271610489158, ucb: 1.288897965432007,num_of_obs: 51, privacy reward: 0.12493021219858158, g: -0.00013583929667845802, curr_delay = 0.13910320108888202, data_size = 1666
user 7, emp_avg: 0.45481124105084036, h: 0.8238440491369603, ucb: 1.276282659719941,num_of_obs: 50, privacy reward: 0.13002871087842505, g: -6.656125537244421e-05, curr_delay = 0.08719266001811943, data_size = 1666
user 8, emp_avg: 0.4026838643698953, h: 0.8238440491369603, ucb: 1.2285096835969602,num_of_obs: 50, privacy reward: 0.13002871087842505, g: -6.656125537244421e-05, curr_delay = 0.16469289920073016, data_size = 1666
user 9, emp_avg: 0.3870507489266614, h: 0.8238440491369603, ucb: 1.2126594286461336,num_of_obs: 50, privacy reward: 0.13002871087842505, g: -6.656125537244421e-05, curr_delay = 0.16732524779793495, data_size = 1666
user 10, emp_avg: 0.36285848103954293, h: 0.8322081625498969, ucb: 1.1943213053655222,num_of_obs: 49, privacy reward: 0.13533528323661181, g: -2.1734287468553284e-05, curr_delay = 0.12519403384766714, data_size = 1666
num of fast users chosen: 5, num of slow users chosen: 0
max_delay = 0.17 seconds
global epoch 286 has been done artifficialy in 0.17 secs, the total time by now is 149.98 
 with avg train loss 1.014, val loss 0.955, avg val acc 67.05%
iteration: 287
user 0, emp_avg: 0.7989532712368854, h: 0.7929888759034547, ucb: 1.588219059570653,num_of_obs: 54, privacy reward: 0.11080315836233301, g: -0.0004616758462258597, curr_delay = 0.05, data_size = 1666
user 1, emp_avg: 0.6481869535282171, h: 0.7929888759034547, ucb: 1.4346607730155276,num_of_obs: 54, privacy reward: 0.11080315836233301, g: -0.0004616758462258597, curr_delay = 0.05, data_size = 1666
user 2, emp_avg: 0.7136172466156842, h: 0.7929888759034547, ucb: 1.503592270332214,num_of_obs: 54, privacy reward: 0.11080315836233301, g: -0.0004616758462258597, curr_delay = 0.05705383589862725, data_size = 1666
user 3, emp_avg: 0.5937715577363911, h: 0.7929888759034547, ucb: 1.3922201461222024,num_of_obs: 54, privacy reward: 0.11080315836233301, g: -0.0004616758462258597, curr_delay = 0.16725368042724476, data_size = 1666
user 4, emp_avg: 0.547313534727252, h: 0.7929888759034547, ucb: 1.3319193279404704,num_of_obs: 54, privacy reward: 0.11080315836233301, g: -0.0004616758462258597, curr_delay = 0.05, data_size = 1666
num of fast users chosen: 5, num of slow users chosen: 0
max_delay = 0.17 seconds
global epoch 287 has been done artifficialy in 0.17 secs, the total time by now is 150.14 
 with avg train loss 1.026, val loss 0.966, avg val acc 65.70%
iteration: 288
user 10, emp_avg: 0.36464769048088636, h: 0.8243514163366941, ucb: 1.187209897376237,num_of_obs: 50, privacy reward: 0.13002871087842505, g: -4.8225308641975353e-05, curr_delay = 0.11010592656922095, data_size = 1666
user 11, emp_avg: 0.3240898082457651, h: 0.8327206808177304, ucb: 1.1582723771559529,num_of_obs: 49, privacy reward: 0.13533528323661181, g: -1.2056327160493935e-05, curr_delay = 0.19805330105645677, data_size = 1666
user 12, emp_avg: 0.3082699117161453, h: 0.8327206808177304, ucb: 1.1417506637104662,num_of_obs: 49, privacy reward: 0.13533528323661181, g: -1.2056327160493935e-05, curr_delay = 0.18448385677825366, data_size = 1666
user 13, emp_avg: 0.2548565976707269, h: 0.8594457627728272, ucb: 1.1160198964833716,num_of_obs: 46, privacy reward: 0.15259010575688303, g: 4.8225308641975353e-05, curr_delay = 0.28433333583022014, data_size = 1666
user 14, emp_avg: 0.28245597277069795, h: 0.8413501411522989, ucb: 1.1259454043413801,num_of_obs: 48, privacy reward: 0.14085842092104417, g: 0.0, curr_delay = 0.27813311958780734, data_size = 1666
num of fast users chosen: 5, num of slow users chosen: 0
max_delay = 0.28 seconds
global epoch 288 has been done artifficialy in 0.28 secs, the total time by now is 150.43 
 with avg train loss 1.036, val loss 0.947, avg val acc 66.49%
iteration: 289
user 0, emp_avg: 0.8025433913933696, h: 0.7862287445159802, ucb: 1.5851820157528658,num_of_obs: 55, privacy reward: 0.10645850437925186, g: -0.0005590742980142059, curr_delay = 0.05, data_size = 1666
user 4, emp_avg: 0.5452046889989693, h: 0.7862287445159802, ucb: 1.333542279243232,num_of_obs: 55, privacy reward: 0.10645850437925186, g: -0.0005590742980142059, curr_delay = 0.1164908734889464, data_size = 1666
user 5, emp_avg: 0.5259991343679135, h: 0.8009258808271624, ucb: 1.3179816026359799,num_of_obs: 53, privacy reward: 0.1153251210380617, g: -0.000279703441183788, curr_delay = 0.05, data_size = 1666
user 6, emp_avg: 0.46860817128293797, h: 0.8085904179576784, ucb: 1.2795741945375525,num_of_obs: 52, privacy reward: 0.12003162851145588, g: -0.00017593712293248985, curr_delay = 0.1448953250174193, data_size = 1666
user 7, emp_avg: 0.4511045081675277, h: 0.8164792917738822, ucb: 1.2712905328247226,num_of_obs: 51, privacy reward: 0.12493021219858158, g: -9.611687812379895e-05, curr_delay = 0.19079517739460153, data_size = 1666
num of fast users chosen: 5, num of slow users chosen: 0
max_delay = 0.19 seconds
global epoch 289 has been done artifficialy in 0.19 secs, the total time by now is 150.62 
 with avg train loss 1.031, val loss 0.959, avg val acc 66.35%
iteration: 290
user 15, emp_avg: 0.07104854618052436, h: 0.8792983455042063, ucb: 0.9502065109960272,num_of_obs: 44, privacy reward: 0.16529888822158567, g: 0.00022327916501519335, curr_delay = 0.6474562387817631, data_size = 1666
user 16, emp_avg: 0.07070585654650198, h: 0.8792983455042063, ucb: 0.9500042448779363,num_of_obs: 44, privacy reward: 0.16529888822158567, g: 0.00022327916501519335, curr_delay = 0.7071738472487586, data_size = 1666
user 17, emp_avg: 0.06717023259183513, h: 0.8792983455042063, ucb: 0.9465264931940811,num_of_obs: 44, privacy reward: 0.16529888822158567, g: 0.00022327916501519335, curr_delay = 0.7737306883757333, data_size = 1666
user 18, emp_avg: 0.06665669142643077, h: 0.8792983455042063, ucb: 0.9458643237267019,num_of_obs: 44, privacy reward: 0.16529888822158567, g: 0.00022327916501519335, curr_delay = 0.7077333931661461, data_size = 1666
user 19, emp_avg: 0.06442848923940166, h: 0.8792983455042063, ucb: 0.9438005692908578,num_of_obs: 44, privacy reward: 0.16529888822158567, g: 0.00022327916501519335, curr_delay = 0.8172048535776087, data_size = 1666
num of fast users chosen: 0, num of slow users chosen: 5
max_delay = 0.82 seconds
global epoch 290 has been done artifficialy in 0.82 secs, the total time by now is 151.44 
 with avg train loss 1.022, val loss 0.961, avg val acc 65.95%
iteration: 291
user 20, emp_avg: 0.0640576475744443, h: 0.8795652283815741, ucb: 0.9435445631352676,num_of_obs: 44, privacy reward: 0.16529888822158567, g: 0.0002391327452439154, curr_delay = 0.7407033029898187, data_size = 1666
user 21, emp_avg: 0.06355856146200013, h: 0.8795652283815741, ucb: 0.943138619445745,num_of_obs: 44, privacy reward: 0.16529888822158567, g: 0.0002391327452439154, curr_delay = 0.7948359954743514, data_size = 1666
user 22, emp_avg: 0.06223612635872658, h: 0.8795652283815741, ucb: 0.9417972759403057,num_of_obs: 44, privacy reward: 0.16529888822158567, g: 0.0002391327452439154, curr_delay = 0.8010818635110872, data_size = 1666
user 23, emp_avg: 0.06123216643288176, h: 0.8795652283815741, ucb: 0.9408805986583945,num_of_obs: 44, privacy reward: 0.16529888822158567, g: 0.0002391327452439154, curr_delay = 0.8684898411928416, data_size = 1666
user 24, emp_avg: 0.06069251578982652, h: 0.8795652283815741, ucb: 0.940272499651496,num_of_obs: 44, privacy reward: 0.16529888822158567, g: 0.0002391327452439154, curr_delay = 0.8327327294928292, data_size = 1666
num of fast users chosen: 0, num of slow users chosen: 5
max_delay = 0.87 seconds
global epoch 291 has been done artifficialy in 0.87 secs, the total time by now is 152.31 
 with avg train loss 1.008, val loss 0.932, avg val acc 67.76%
iteration: 292
user 0, emp_avg: 0.8060075424215561, h: 0.779886928773397, ucb: 1.5824303201667667,num_of_obs: 56, privacy reward: 0.10228420671553651, g: -0.0006307207939784407, curr_delay = 0.05, data_size = 1666
user 1, emp_avg: 0.6466725353158363, h: 0.7869448728943609, ucb: 1.435131826422578,num_of_obs: 55, privacy reward: 0.10645850437925186, g: -0.000470434311211193, curr_delay = 0.08875011784223465, data_size = 1666
user 2, emp_avg: 0.7064290579929887, h: 0.7869448728943609, ucb: 1.500562119510045,num_of_obs: 55, privacy reward: 0.10645850437925186, g: -0.000470434311211193, curr_delay = 0.16073103884234224, data_size = 1666
user 3, emp_avg: 0.5982157131709893, h: 0.7869448728943609, ucb: 1.380716430630752,num_of_obs: 55, privacy reward: 0.10645850437925186, g: -0.000470434311211193, curr_delay = 0.05933702067458638, data_size = 1666
user 5, emp_avg: 0.5273198500057843, h: 0.794197974357939, ucb: 1.3201971087258526,num_of_obs: 54, privacy reward: 0.11080315836233301, g: -0.00033360438689768765, curr_delay = 0.08352286139879747, data_size = 1666
num of fast users chosen: 5, num of slow users chosen: 0
max_delay = 0.16 seconds
global epoch 292 has been done artifficialy in 0.16 secs, the total time by now is 152.47 
 with avg train loss 1.029, val loss 0.943, avg val acc 67.13%
iteration: 293
user 25, emp_avg: 0.05916875854756421, h: 0.8800960130228356, ucb: 0.9392070989829204,num_of_obs: 44, privacy reward: 0.16529888822158567, g: 0.0002721186165373044, curr_delay = 0.8102893471743726, data_size = 1666
user 26, emp_avg: 0.05759848829618086, h: 0.8800960130228356, ucb: 0.9376722265233196,num_of_obs: 44, privacy reward: 0.16529888822158567, g: 0.0002721186165373044, curr_delay = 0.8535543297848814, data_size = 1666
user 27, emp_avg: 0.05686760278689272, h: 0.8800960130228356, ucb: 0.9368447738597772,num_of_obs: 44, privacy reward: 0.16529888822158567, g: 0.0002721186165373044, curr_delay = 0.8051964339390236, data_size = 1666
user 28, emp_avg: 0.05570352392722532, h: 0.8800960130228356, ucb: 0.9357574336300775,num_of_obs: 44, privacy reward: 0.16529888822158567, g: 0.0002721186165373044, curr_delay = 0.8687181038308717, data_size = 1666
user 29, emp_avg: 0.05447141828277699, h: 0.8800960130228356, ucb: 0.934643195615208,num_of_obs: 44, privacy reward: 0.16529888822158567, g: 0.0002721186165373044, curr_delay = 0.9777505306666621, data_size = 1666
num of fast users chosen: 0, num of slow users chosen: 5
max_delay = 0.98 seconds
global epoch 293 has been done artifficialy in 0.98 secs, the total time by now is 153.44 
 with avg train loss 1.061, val loss 0.954, avg val acc 66.63%
iteration: 294
user 6, emp_avg: 0.47429065032049933, h: 0.8021372230512551, ucb: 1.270745394334193,num_of_obs: 53, privacy reward: 0.1153251210380617, g: -0.00018510805682817386, curr_delay = 0.06447768873948853, data_size = 1666
user 7, emp_avg: 0.4518487949475682, h: 0.8098133522375113, ucb: 1.2609178604050388,num_of_obs: 52, privacy reward: 0.12003162851145588, g: -0.0001041232819658478, curr_delay = 0.10192605434772417, data_size = 1666
user 8, emp_avg: 0.40356952758282094, h: 0.8177141574023991, ucb: 1.2203980217722943,num_of_obs: 51, privacy reward: 0.12493021219858158, g: -4.6277014207043464e-05, curr_delay = 0.11142350512124503, data_size = 1666
user 9, emp_avg: 0.3911038425990662, h: 0.8177141574023991, ucb: 1.2047649063290604,num_of_obs: 51, privacy reward: 0.12493021219858158, g: -4.6277014207043464e-05, curr_delay = 0.08363838763966676, data_size = 1666
user 10, emp_avg: 0.3627370757372844, h: 0.8177141574023991, ucb: 1.1823618478832854,num_of_obs: 51, privacy reward: 0.12493021219858158, g: -4.6277014207043464e-05, curr_delay = 0.18846892547402339, data_size = 1666
num of fast users chosen: 5, num of slow users chosen: 0
max_delay = 0.19 seconds
global epoch 294 has been done artifficialy in 0.19 secs, the total time by now is 153.63 
 with avg train loss 1.028, val loss 0.981, avg val acc 66.16%
iteration: 295
user 1, emp_avg: 0.6489904102193368, h: 0.7805887445891507, ucb: 1.427261279904987,num_of_obs: 56, privacy reward: 0.10228420671553651, g: -0.0005365635673018615, curr_delay = 0.06420204395020754, data_size = 1666
user 2, emp_avg: 0.7054165093394165, h: 0.7805887445891507, ucb: 1.4870178025821394,num_of_obs: 56, privacy reward: 0.10228420671553651, g: -0.0005365635673018615, curr_delay = 0.07707559354560085, data_size = 1666
user 3, emp_avg: 0.6052645603083403, h: 0.7805887445891507, ucb: 1.3788044577601402,num_of_obs: 56, privacy reward: 0.10228420671553651, g: -0.0005365635673018615, curr_delay = 0.05, data_size = 1666
user 4, emp_avg: 0.5468246811135435, h: 0.7805887445891507, ucb: 1.32579343358812,num_of_obs: 56, privacy reward: 0.10228420671553651, g: -0.0005365635673018615, curr_delay = 0.07842593015487664, data_size = 1666
user 5, emp_avg: 0.5245090579007297, h: 0.7876530401139245, ucb: 1.3149728901197086,num_of_obs: 55, privacy reward: 0.10645850437925186, g: -0.0003910115228701847, curr_delay = 0.1351660070063026, data_size = 1666
num of fast users chosen: 5, num of slow users chosen: 0
max_delay = 0.14 seconds
global epoch 295 has been done artifficialy in 0.14 secs, the total time by now is 153.77 
 with avg train loss 1.008, val loss 0.983, avg val acc 65.58%
iteration: 296
user 8, emp_avg: 0.4028722887650747, h: 0.8102962032722303, ucb: 1.2138657308550513,num_of_obs: 52, privacy reward: 0.12003162851145588, g: -8.116224332440582e-05, curr_delay = 0.1363825302133232, data_size = 1666
user 11, emp_avg: 0.32267003820696155, h: 0.8263432304550496, ucb: 1.1504330387008148,num_of_obs: 50, privacy reward: 0.13002871087842505, g: -5.072640207775364e-06, curr_delay = 0.19866375873913938, data_size = 1666
user 12, emp_avg: 0.30734166312253375, h: 0.8263432304550496, ucb: 1.134613142171195,num_of_obs: 50, privacy reward: 0.13002871087842505, g: -5.072640207775364e-06, curr_delay = 0.1916228371211713, data_size = 1666
user 13, emp_avg: 0.25368688781981913, h: 0.8523079645934646, ucb: 1.1071645622641915,num_of_obs: 47, privacy reward: 0.1466069621303493, g: 6.213984254524799e-05, curr_delay = 0.2516223035669173, data_size = 1666
user 14, emp_avg: 0.2817750593325075, h: 0.8347327169176623, ucb: 1.1171886896883603,num_of_obs: 49, privacy reward: 0.13533528323661181, g: 1.2681600519438099e-06, curr_delay = 0.2012798979215547, data_size = 1666
num of fast users chosen: 5, num of slow users chosen: 0
max_delay = 0.25 seconds
global epoch 296 has been done artifficialy in 0.25 secs, the total time by now is 154.02 
 with avg train loss 1.047, val loss 0.951, avg val acc 67.34%
iteration: 297
user 15, emp_avg: 0.07098387247702342, h: 0.8713003415434274, ucb: 0.9423488877239518,num_of_obs: 45, privacy reward: 0.15881742610691985, g: 0.0002295684113865928, curr_delay = 0.7344996070513938, data_size = 1666
user 16, emp_avg: 0.07074975064165924, h: 0.8713003415434274, ucb: 0.9420061980899294,num_of_obs: 45, privacy reward: 0.15881742610691985, g: 0.0002295684113865928, curr_delay = 0.6875216275731528, data_size = 1666
user 17, emp_avg: 0.06712324466841042, h: 0.8713003415434274, ucb: 0.9384705741352626,num_of_obs: 45, privacy reward: 0.15881742610691985, g: 0.0002295684113865928, curr_delay = 0.7691267819373937, data_size = 1666
user 18, emp_avg: 0.06670242482094356, h: 0.8713003415434274, ucb: 0.9379570329698581,num_of_obs: 45, privacy reward: 0.15881742610691985, g: 0.0002295684113865928, curr_delay = 0.7271624357800264, data_size = 1666
user 19, emp_avg: 0.06445466233755542, h: 0.8713003415434274, ucb: 0.9357288307828291,num_of_obs: 45, privacy reward: 0.15881742610691985, g: 0.0002295684113865928, curr_delay = 0.7618182570269628, data_size = 1666
num of fast users chosen: 0, num of slow users chosen: 5
max_delay = 0.77 seconds
global epoch 297 has been done artifficialy in 0.77 secs, the total time by now is 154.79 
 with avg train loss 1.009, val loss 0.945, avg val acc 67.37%
iteration: 298
user 20, emp_avg: 0.0641918407081338, h: 0.8715574937245317, ucb: 0.935615141298976,num_of_obs: 45, privacy reward: 0.15881742610691985, g: 0.00024523419865971963, curr_delay = 0.7119410713901615, data_size = 1666
user 21, emp_avg: 0.0634671003331092, h: 0.8715574937245317, ucb: 0.9351160551865318,num_of_obs: 45, privacy reward: 0.15881742610691985, g: 0.00024523419865971963, curr_delay = 0.842440827266865, data_size = 1666
user 22, emp_avg: 0.06218415344708999, h: 0.8715574937245317, ucb: 0.9337936200832583,num_of_obs: 45, privacy reward: 0.15881742610691985, g: 0.00024523419865971963, curr_delay = 0.8354864875134997, data_size = 1666
user 23, emp_avg: 0.06124952085073663, h: 0.8715574937245317, ucb: 0.9327896601574135,num_of_obs: 45, privacy reward: 0.15881742610691985, g: 0.00024523419865971963, curr_delay = 0.8060554801330578, data_size = 1666
user 24, emp_avg: 0.060758861719921675, h: 0.8715574937245317, ucb: 0.9322500095143582,num_of_obs: 45, privacy reward: 0.15881742610691985, g: 0.00024523419865971963, curr_delay = 0.7843822765121506, data_size = 1666
num of fast users chosen: 0, num of slow users chosen: 5
max_delay = 0.84 seconds
global epoch 298 has been done artifficialy in 0.84 secs, the total time by now is 155.63 
 with avg train loss 1.032, val loss 0.942, avg val acc 67.31%
iteration: 299
user 25, emp_avg: 0.05917868826241096, h: 0.8718137089532134, ucb: 0.9309824675007776,num_of_obs: 45, privacy reward: 0.15881742610691985, g: 0.00026130704478821324, curr_delay = 0.8385670338162133, data_size = 1666
user 26, emp_avg: 0.057596535555869854, h: 0.8718137089532134, ucb: 0.9294121972493943,num_of_obs: 45, privacy reward: 0.15881742610691985, g: 0.00026130704478821324, curr_delay = 0.8694342391361135, data_size = 1666
user 27, emp_avg: 0.056934595046342684, h: 0.8718137089532134, ucb: 0.9286813117401062,num_of_obs: 45, privacy reward: 0.15881742610691985, g: 0.00026130704478821324, curr_delay = 0.8340388367547626, data_size = 1666
user 28, emp_avg: 0.05575436322253141, h: 0.8718137089532134, ucb: 0.9275172328804387,num_of_obs: 45, privacy reward: 0.15881742610691985, g: 0.00026130704478821324, curr_delay = 0.8614432085468978, data_size = 1666
user 29, emp_avg: 0.054457348084947024, h: 0.8718137089532134, ucb: 0.9262851272359904,num_of_obs: 45, privacy reward: 0.15881742610691985, g: 0.00026130704478821324, curr_delay = 0.9289503615256535, data_size = 1666
num of fast users chosen: 0, num of slow users chosen: 5
max_delay = 0.93 seconds
global epoch 299 has been done artifficialy in 0.93 secs, the total time by now is 156.56 
 with avg train loss 1.035, val loss 0.960, avg val acc 66.58%
iteration: 300
user 0, emp_avg: 0.8093522399660121, h: 0.7748536347123685, ucb: 1.5808611771339245,num_of_obs: 57, privacy reward: 0.09827358560436061, g: -0.0005444444444444449, curr_delay = 0.05, data_size = 1666
user 1, emp_avg: 0.6548512733650544, h: 0.7748536347123685, ucb: 1.4238440449317054,num_of_obs: 57, privacy reward: 0.09827358560436061, g: -0.0005444444444444449, curr_delay = 0.05056018292851785, data_size = 1666
user 2, emp_avg: 0.708621978748772, h: 0.7748536347123685, ucb: 1.480270144051785,num_of_obs: 57, privacy reward: 0.09827358560436061, g: -0.0005444444444444449, curr_delay = 0.056095711440113105, data_size = 1666
user 3, emp_avg: 0.6120703437513, h: 0.7748536347123685, ucb: 1.3801181950207089,num_of_obs: 57, privacy reward: 0.09827358560436061, g: -0.0005444444444444449, curr_delay = 0.05, data_size = 1666
user 4, emp_avg: 0.5465160316882769, h: 0.7748536347123685, ucb: 1.321678315825912,num_of_obs: 57, privacy reward: 0.09827358560436061, g: -0.0005444444444444449, curr_delay = 0.09453171564518495, data_size = 1666
num of fast users chosen: 5, num of slow users chosen: 0
max_delay = 0.09 seconds
global epoch 300 has been done artifficialy in 0.09 secs, the total time by now is 156.65 
 with avg train loss 1.022, val loss 0.986, avg val acc 65.40%
