Namespace(data='cifar10', full_exp=False, i_i_d=False, wandb=True, method_choosing_users='fraboni', model='cnn3', num_users=30, num_users_per_round=5, global_epochs=300, max_seconds=600, epsilon_bar=100, epsilon_sum_deascent_coeff=0.04, delta_f=0.012, accel_ucb_coeff=1, alpha=20, beta=2, gamma=2, choosing_users_verbose=True, sa_pause_verbose=False, snr_verbose=True, dirichlet_coeff=2, label_dominance=0.3, max_iterations_sa_pause=3000, sa_pause_simulation=False, max_time_sa_pause=600, pre_sa_pause_rounds=1, beta_max_reduction=70, data_truncation=None, tau_min=0.05, production=False, privacy_noise='laplace', privacy=True, save_best_model=False, seed=1, norm_mean=0.5, norm_std=0.5, train_batch_size=20, test_batch_size=1000, local_epochs=1, local_iterations=100, lr=0.01, momentum=0.5, lr_scheduler=False, optimizer='adam', device=device(type='cuda'))
=================================================================
Layer (type:depth-idx)                   Param #
=================================================================
CNN3LayerCifar                           --
├─Conv2d: 1-1                            896
├─BatchNorm2d: 1-2                       64
├─Conv2d: 1-3                            18,496
├─BatchNorm2d: 1-4                       128
├─Conv2d: 1-5                            73,856
├─BatchNorm2d: 1-6                       256
├─MaxPool2d: 1-7                         --
├─Linear: 1-8                            65,664
├─BatchNorm1d: 1-9                       256
├─Linear: 1-10                           8,256
├─BatchNorm1d: 1-11                      128
├─Linear: 1-12                           2,080
├─BatchNorm1d: 1-13                      64
├─Linear: 1-14                           330
├─Dropout: 1-15                          --
├─Dropout: 1-16                          --
├─Dropout: 1-17                          --
=================================================================
Total params: 170,474
Trainable params: 170,474
Non-trainable params: 0
=================================================================
fraboni distributions: [[0.46340696 0.         0.         0.         0.49393392 0.
  0.04265912 0.         0.         0.         0.         0.
  0.         0.         0.         0.         0.         0.
  0.         0.         0.         0.         0.         0.
  0.         0.         0.         0.         0.         0.        ]
 [0.         0.         0.         0.         0.         0.
  0.38039462 0.         0.26743181 0.         0.         0.
  0.         0.35217357 0.         0.         0.         0.
  0.         0.         0.         0.         0.         0.
  0.         0.         0.         0.         0.         0.        ]
 [0.         0.         0.         0.         0.         0.
  0.         0.         0.08290753 0.         0.         0.
  0.         0.         0.30330425 0.         0.         0.23766475
  0.         0.         0.         0.16282787 0.         0.
  0.         0.         0.         0.2132956  0.         0.        ]
 [0.         0.02350444 0.1042895  0.         0.         0.
  0.         0.         0.         0.         0.14136729 0.
  0.         0.         0.         0.         0.12996882 0.
  0.         0.         0.         0.03029112 0.12092865 0.
  0.14228441 0.         0.14949034 0.         0.15787543 0.        ]
 [0.         0.072662   0.         0.06079187 0.         0.08411288
  0.         0.05738543 0.         0.05895763 0.         0.07428661
  0.05895763 0.         0.         0.0896156  0.         0.
  0.08948458 0.07743102 0.05751644 0.         0.         0.06249509
  0.         0.07965831 0.         0.         0.         0.07664492]]
iteration: 1
user 0, emp_avg: 0.5656838012391195, h: 0, ucb: inf,num_of_obs(calculated after picking at this round): 1, privacy reward: 0.9607894391523232, g: 0.21474601508191862, curr_delay = 0.08838860135375268, data_size = 3537
user 6, emp_avg: 0.37949334811475316, h: 0, ucb: inf,num_of_obs(calculated after picking at this round): 1, privacy reward: 0.9607894391523232, g: 0.17897446959691873, curr_delay = 0.1317546150634523, data_size = 3229
user 23, emp_avg: 0.060180531558114654, h: 0, ucb: inf,num_of_obs(calculated after picking at this round): 1, privacy reward: 0.9607894391523232, g: 0.0039056358821689323, curr_delay = 0.830833472311829, data_size = 477
user 27, emp_avg: 0.05005082973970115, h: 0, ucb: inf,num_of_obs(calculated after picking at this round): 1, privacy reward: 0.9607894391523232, g: 0.04549501317162394, curr_delay = 0.9989844376214041, data_size = 1628
user 28, emp_avg: 0.05199302812280339, h: 0, ucb: inf,num_of_obs(calculated after picking at this round): 1, privacy reward: 0.9607894391523232, g: 0.024924651107359252, curr_delay = 0.9616673966729536, data_size = 1205
num of fast users chosen: 2, num of slow users chosen: 3
max_delay = 1.00 seconds
after cleansing the weights updates who were almost zeros (meaning with absolute value of less than 10**-7, 0.00% of the weights upadtes) we get:
user No.0.0 has been picked 1, his deltas theta's mean
 is -0.0005158601561561227,
the empirical var of deltas thetas is 0.0042905258014798164
the minimum of the deltas theta is -0.3356713652610779 and the maximum is 0.37789034843444824
the added laplace noise var is 0.003060399989333737
global epoch 1 has been done artifficialy in 1.00 secs, the total time by now is 1.00 
 with avg train loss 1.866, val loss 2.365, avg val acc 10.00%
iteration: 2
user 4, emp_avg: 0.9153092202558476, h: 0, ucb: inf,num_of_obs(calculated after picking at this round): 1, privacy reward: 0.9607894391523232, g: 0.2439707124352448, curr_delay = 0.05462634800731493, data_size = 3770
user 12, emp_avg: 0.4944694722086076, h: 0, ucb: inf,num_of_obs(calculated after picking at this round): 1, privacy reward: 0.9607894391523232, g: 0.003476002031122225, curr_delay = 0.101118477095601, data_size = 450
user 13, emp_avg: 0.21787018670645092, h: 0, ucb: inf,num_of_obs(calculated after picking at this round): 1, privacy reward: 0.9607894391523232, g: 0.12402622429410756, curr_delay = 0.22949445610641483, data_size = 2688
user 14, emp_avg: 0.3107920743518778, h: 0, ucb: inf,num_of_obs(calculated after picking at this round): 1, privacy reward: 0.9607894391523232, g: 0.09199346659378276, curr_delay = 0.16087926342481362, data_size = 2315
user 26, emp_avg: 0.057577413844508755, h: 0, ucb: inf,num_of_obs(calculated after picking at this round): 1, privacy reward: 0.9607894391523232, g: 0.022347362964342882, curr_delay = 0.8683960716788702, data_size = 1141
num of fast users chosen: 4, num of slow users chosen: 1
max_delay = 0.87 seconds
after cleansing the weights updates who were almost zeros (meaning with absolute value of less than 10**-7, 0.00% of the weights upadtes) we get:
user No.4.0 has been picked 1, his deltas theta's mean
 is -0.0021202743519097567,
the empirical var of deltas thetas is 0.004311664961278439
the minimum of the deltas theta is -0.27584508061408997 and the maximum is 0.36988383531570435
the added laplace noise var is 0.003060399989333737
global epoch 2 has been done artifficialy in 0.87 secs, the total time by now is 1.87 
 with avg train loss 1.899, val loss 2.350, avg val acc 10.00%
iteration: 3
user 1, emp_avg: 0.33355284346469277, h: 0, ucb: inf,num_of_obs(calculated after picking at this round): 1, privacy reward: 0.9607894391523232, g: 0.009247984939650792, curr_delay = 0.14990128544742148, data_size = 734
user 6, emp_avg: 0.49526811356579725, h: 2.567425506613319, ucb: 2.946918854728072,num_of_obs(calculated after picking at this round): 2, privacy reward: 0.9231163463866358, g: 0.00804975193845373, curr_delay = 0.08182731804427414, data_size = 3229
user 13, emp_avg: 0.2233402347183302, h: 2.567425506613319, ucb: 2.7852956933197697,num_of_obs(calculated after picking at this round): 2, privacy reward: 0.9231163463866358, g: 0.0003549545651379712, curr_delay = 0.21852164773099414, data_size = 2688
user 14, emp_avg: 0.2981003720351805, h: 2.567425506613319, ucb: 2.8782175809651966,num_of_obs(calculated after picking at this round): 2, privacy reward: 0.9231163463866358, g: -0.0009017459918035168, curr_delay = 0.17518739024052138, data_size = 2315
user 24, emp_avg: 0.06962287775743384, h: 0, ucb: inf,num_of_obs(calculated after picking at this round): 1, privacy reward: 0.9607894391523232, g: 0.02024485378517248, curr_delay = 0.7181547446832066, data_size = 1086
num of fast users chosen: 4, num of slow users chosen: 1
max_delay = 0.72 seconds
after cleansing the weights updates who were almost zeros (meaning with absolute value of less than 10**-7, 0.00% of the weights upadtes) we get:
user No.1.0 has been picked 1, his deltas theta's mean
 is -0.001718825427815318,
the empirical var of deltas thetas is 0.003525039879605174
the minimum of the deltas theta is -0.2208845019340515 and the maximum is 0.19246184825897217
the added laplace noise var is 0.003060399989333737
global epoch 3 has been done artifficialy in 0.72 secs, the total time by now is 2.59 
 with avg train loss 1.830, val loss 2.340, avg val acc 10.00%
iteration: 4
user 0, emp_avg: 0.48080293248881845, h: 2.884053773201766, ucb: 3.4497375744408854,num_of_obs(calculated after picking at this round): 2, privacy reward: 0.9231163463866358, g: 0.04554253265129209, curr_delay = 0.1262874807427302, data_size = 3537
user 1, emp_avg: 0.6667764217323464, h: 2.884053773201766, ucb: 3.2176066166664588,num_of_obs(calculated after picking at this round): 2, privacy reward: 0.9231163463866358, g: -0.02366476297072801, curr_delay = 0.05, data_size = 734
user 8, emp_avg: 0.19034912389107173, h: 0, ucb: inf,num_of_obs(calculated after picking at this round): 1, privacy reward: 0.9607894391523232, g: 0.12273764888436789, curr_delay = 0.2626752305338309, data_size = 2674
user 10, emp_avg: 0.4117783070140665, h: 0, ucb: inf,num_of_obs(calculated after picking at this round): 1, privacy reward: 0.9607894391523232, g: 0.019984711509707504, curr_delay = 0.12142456061506898, data_size = 1079
user 21, emp_avg: 0.07048626336806836, h: 0, ucb: inf,num_of_obs(calculated after picking at this round): 1, privacy reward: 0.9607894391523232, g: 0.03729494414306425, curr_delay = 0.7093580736278746, data_size = 1474
num of fast users chosen: 4, num of slow users chosen: 1
max_delay = 0.71 seconds
after cleansing the weights updates who were almost zeros (meaning with absolute value of less than 10**-7, 0.00% of the weights upadtes) we get:
user No.0.0 has been picked 2, his deltas theta's mean
 is -0.001975452061742544,
the empirical var of deltas thetas is 0.003415773855522275
the minimum of the deltas theta is -0.32862162590026855 and the maximum is 0.33649390935897827
the added laplace noise var is 0.0031852972822368235
global epoch 4 has been done artifficialy in 0.71 secs, the total time by now is 3.29 
 with avg train loss 1.914, val loss 2.342, avg val acc 10.00%
iteration: 5
user 4, emp_avg: 0.6795936368770374, h: 3.1075114600922396, ucb: 4.0228206803480875,num_of_obs(calculated after picking at this round): 2, privacy reward: 0.9231163463866358, g: 0.08639714641580187, curr_delay = 0.11264355064628061, data_size = 3770
user 5, emp_avg: 0.6615214676137172, h: 0, ucb: inf,num_of_obs(calculated after picking at this round): 1, privacy reward: 0.9607894391523232, g: 0.007074977289656596, curr_delay = 0.07558333697070062, data_size = 642
user 13, emp_avg: 0.20846972268655753, h: 2.197342426046132, ucb: 2.420682660764462,num_of_obs(calculated after picking at this round): 3, privacy reward: 0.8869204367171574, g: -0.002287367286010721, curr_delay = 0.27975361755116734, data_size = 2688
user 17, emp_avg: 0.0684534098456893, h: 0, ucb: inf,num_of_obs(calculated after picking at this round): 1, privacy reward: 0.9607894391523232, g: 0.05648453520791442, curr_delay = 0.7304238037624745, data_size = 1814
user 28, emp_avg: 0.0543573006769895, h: 3.1075114600922396, ucb: 3.159504488215043,num_of_obs(calculated after picking at this round): 2, privacy reward: 0.9231163463866358, g: -0.001774479475150047, curr_delay = 0.8814988222597242, data_size = 1205
num of fast users chosen: 3, num of slow users chosen: 2
max_delay = 0.88 seconds
after cleansing the weights updates who were almost zeros (meaning with absolute value of less than 10**-7, 0.00% of the weights upadtes) we get:
user No.4.0 has been picked 2, his deltas theta's mean
 is -0.0005687245866283774,
the empirical var of deltas thetas is 0.00344101688824594
the minimum of the deltas theta is -0.3045237064361572 and the maximum is 0.3460967242717743
the added laplace noise var is 0.0031852972822368235
global epoch 5 has been done artifficialy in 0.88 secs, the total time by now is 4.18 
 with avg train loss 1.841, val loss 2.329, avg val acc 10.00%
iteration: 6
user 1, emp_avg: 0.7778509478215643, h: 2.3184646660417676, ucb: 2.985241087774114,num_of_obs(calculated after picking at this round): 3, privacy reward: 0.8869204367171574, g: -0.05624813342553152, curr_delay = 0.05, data_size = 734
user 4, emp_avg: 0.5803749269007051, h: 2.3184646660417676, ucb: 2.998058302918805,num_of_obs(calculated after picking at this round): 3, privacy reward: 0.8869204367171574, g: 0.02579254684728439, curr_delay = 0.1309114687361723, data_size = 3770
user 13, emp_avg: 0.21709249048826915, h: 1.8930184728248456, ucb: 2.1014881955114033,num_of_obs(calculated after picking at this round): 4, privacy reward: 0.8521437889662112, g: -0.021852653033986508, curr_delay = 0.2057945201724064, data_size = 2688
user 21, emp_avg: 0.06755931037429387, h: 3.2788041745990766, ucb: 3.349290437967145,num_of_obs(calculated after picking at this round): 2, privacy reward: 0.9231163463866358, g: 0.0006997253884240704, curr_delay = 0.7736063177400107, data_size = 1474
user 23, emp_avg: 0.060375175744673534, h: 3.2788041745990766, ucb: 3.3389847061571913,num_of_obs(calculated after picking at this round): 2, privacy reward: 0.9231163463866358, g: -0.010851718038533296, curr_delay = 0.825493621357422, data_size = 477
num of fast users chosen: 3, num of slow users chosen: 2
max_delay = 0.83 seconds
after cleansing the weights updates who were almost zeros (meaning with absolute value of less than 10**-7, 0.00% of the weights upadtes) we get:
user No.1.0 has been picked 3, his deltas theta's mean
 is -0.000622308871243149,
the empirical var of deltas thetas is 0.0014144552405923605
the minimum of the deltas theta is -0.18665052950382233 and the maximum is 0.17461837828159332
the added laplace noise var is 0.0033152917303578187
global epoch 6 has been done artifficialy in 0.83 secs, the total time by now is 5.00 
 with avg train loss 1.851, val loss 2.323, avg val acc 10.00%
iteration: 7
user 4, emp_avg: 0.5135143464063044, h: 1.9727697022487511, ucb: 2.553144629149456,num_of_obs(calculated after picking at this round): 4, privacy reward: 0.8521437889662112, g: 0.004272254638479373, curr_delay = 0.15977881247716774, data_size = 3770
user 5, emp_avg: 0.4571217566611424, h: 3.416937355927363, ucb: 4.07845882354108,num_of_obs(calculated after picking at this round): 2, privacy reward: 0.9231163463866358, g: -0.0034508879243294573, curr_delay = 0.1978458185545818, data_size = 642
user 13, emp_avg: 0.24493366552909324, h: 1.7084686779636815, ucb: 1.9255611684519507,num_of_obs(calculated after picking at this round): 5, privacy reward: 0.8187307530779817, g: -0.04807275509886716, curr_delay = 0.14033182527468438, data_size = 2688
user 26, emp_avg: 0.057589534708516674, h: 3.416937355927363, ucb: 3.4745147697718717,num_of_obs(calculated after picking at this round): 2, privacy reward: 0.9231163463866358, g: 4.3999358071821925e-05, curr_delay = 0.8680306061176738, data_size = 1141
user 27, emp_avg: 0.05719287365863695, h: 3.416937355927363, ucb: 3.466988185667064,num_of_obs(calculated after picking at this round): 2, privacy reward: 0.9231163463866358, g: 0.004961576308159112, curr_delay = 0.7771829339753453, data_size = 1628
num of fast users chosen: 3, num of slow users chosen: 2
max_delay = 0.87 seconds
after cleansing the weights updates who were almost zeros (meaning with absolute value of less than 10**-7, 0.00% of the weights upadtes) we get:
user No.4.0 has been picked 4, his deltas theta's mean
 is -0.0010030909907072783,
the empirical var of deltas thetas is 0.004492230247706175
the minimum of the deltas theta is -0.31516721844673157 and the maximum is 0.344978004693985
the added laplace noise var is 0.0034505913525473436
global epoch 7 has been done artifficialy in 0.87 secs, the total time by now is 5.87 
 with avg train loss 1.760, val loss 2.320, avg val acc 10.00%
iteration: 8
user 2, emp_avg: 1.0, h: 0, ucb: inf,num_of_obs(calculated after picking at this round): 1, privacy reward: 0.9607894391523232, g: 0.010876298780007603, curr_delay = 0.05, data_size = 796
user 3, emp_avg: 0.9725144990754685, h: 0, ucb: inf,num_of_obs(calculated after picking at this round): 1, privacy reward: 0.9607894391523232, g: 0.0036956510286048918, curr_delay = 0.051413115226079456, data_size = 464
user 4, emp_avg: 0.4959151230274269, h: 1.7661150337732119, ucb: 2.279629380179516,num_of_obs(calculated after picking at this round): 5, privacy reward: 0.8187307530779817, g: -3.6797386637513144e-05, curr_delay = 0.11750377899755692, data_size = 3770
user 6, emp_avg: 0.45347953710252703, h: 2.497663833473093, ucb: 2.9929319470388904,num_of_obs(calculated after picking at this round): 3, privacy reward: 0.8869204367171574, g: 0.029947598019736645, curr_delay = 0.13517079678029803, data_size = 3229
user 17, emp_avg: 0.06475100372326287, h: 3.5322300675464238, ucb: 3.600683477392113,num_of_obs(calculated after picking at this round): 2, privacy reward: 0.9231163463866358, g: 0.012693346753128368, curr_delay = 0.8190196329639348, data_size = 1814
num of fast users chosen: 4, num of slow users chosen: 1
max_delay = 0.82 seconds
after cleansing the weights updates who were almost zeros (meaning with absolute value of less than 10**-7, 0.00% of the weights upadtes) we get:
user No.2.0 has been picked 1, his deltas theta's mean
 is 0.000423936580773443,
the empirical var of deltas thetas is 0.003533310955390334
the minimum of the deltas theta is -0.23336979746818542 and the maximum is 0.2260463684797287
the added laplace noise var is 0.003060399989333737
global epoch 8 has been done artifficialy in 0.82 secs, the total time by now is 6.69 
 with avg train loss 1.861, val loss 2.315, avg val acc 10.24%
iteration: 9
user 1, emp_avg: 0.6679901642469372, h: 2.09629414793641, ucb: 2.8741450957579744,num_of_obs(calculated after picking at this round): 4, privacy reward: 0.8521437889662112, g: -0.05624813342553152, curr_delay = 0.14775072560963026, data_size = 734
user 2, emp_avg: 1.0, h: 3.63088797183517, ucb: 4.63088797183517,num_of_obs(calculated after picking at this round): 2, privacy reward: 0.9231163463866358, g: -4.6534445539760574e-05, curr_delay = 0.05, data_size = 796
user 6, emp_avg: 0.47706284560421014, h: 2.09629414793641, ucb: 2.549773685038937,num_of_obs(calculated after picking at this round): 4, privacy reward: 0.8521437889662112, g: 0.00804975193845373, curr_delay = 0.09127205979290261, data_size = 3229
user 8, emp_avg: 0.5951745619455359, h: 3.63088797183517, ucb: 3.821237095726242,num_of_obs(calculated after picking at this round): 2, privacy reward: 0.9231163463866358, g: 0.057230142583422926, curr_delay = 0.05, data_size = 2674
user 27, emp_avg: 0.05693830640334266, h: 2.567425506613319, ucb: 2.624618380271956,num_of_obs(calculated after picking at this round): 3, privacy reward: 0.8869204367171574, g: -7.968457625184442e-05, curr_delay = 0.8860665206114848, data_size = 1628
num of fast users chosen: 4, num of slow users chosen: 1
max_delay = 0.89 seconds
after cleansing the weights updates who were almost zeros (meaning with absolute value of less than 10**-7, 0.00% of the weights upadtes) we get:
user No.1.0 has been picked 4, his deltas theta's mean
 is 7.007990643614903e-05,
the empirical var of deltas thetas is 0.0011558408150449395
the minimum of the deltas theta is -0.17274682223796844 and the maximum is 0.2117738127708435
the added laplace noise var is 0.0034505913525473436
global epoch 9 has been done artifficialy in 0.89 secs, the total time by now is 7.58 
 with avg train loss 1.801, val loss 2.320, avg val acc 10.00%
iteration: 10
user 0, emp_avg: 0.6538686216592123, h: 2.628260884878466, ucb: 3.1090638173672844,num_of_obs(calculated after picking at this round): 3, privacy reward: 0.8869204367171574, g: 0.06938322913741739, curr_delay = 0.05, data_size = 3537
user 8, emp_avg: 0.5224402378201841, h: 2.628260884878466, ucb: 3.223435446824002,num_of_obs(calculated after picking at this round): 3, privacy reward: 0.8869204367171574, g: 0.02260191532044472, curr_delay = 0.13263599004132476, data_size = 2674
user 17, emp_avg: 0.06362419246358542, h: 2.628260884878466, ucb: 2.693011888601729,num_of_obs(calculated after picking at this round): 3, privacy reward: 0.8869204367171574, g: 0.001418633680256737, curr_delay = 0.8147227579186029, data_size = 1814
user 20, emp_avg: 0.060097941284131214, h: 0, ucb: inf,num_of_obs(calculated after picking at this round): 1, privacy reward: 0.9607894391523232, g: 0.0033081411725427476, curr_delay = 0.8319752545866732, data_size = 439
user 26, emp_avg: 0.056289702702107286, h: 2.628260884878466, ucb: 2.685850419586983,num_of_obs(calculated after picking at this round): 3, privacy reward: 0.8869204367171574, g: -0.0025512253441348273, curr_delay = 0.9312714466338298, data_size = 1141
num of fast users chosen: 2, num of slow users chosen: 3
max_delay = 0.93 seconds
after cleansing the weights updates who were almost zeros (meaning with absolute value of less than 10**-7, 0.00% of the weights upadtes) we get:
user No.0.0 has been picked 3, his deltas theta's mean
 is -0.00019643528503365815,
the empirical var of deltas thetas is 0.001925755525007844
the minimum of the deltas theta is -0.302428275346756 and the maximum is 0.41046351194381714
the added laplace noise var is 0.0033152917303578187
global epoch 10 has been done artifficialy in 0.93 secs, the total time by now is 8.51 
 with avg train loss 1.808, val loss 2.328, avg val acc 10.00%
iteration: 11
user 4, emp_avg: 0.5185907776285398, h: 1.6963119781921145, ucb: 2.1922271012195416,num_of_obs(calculated after picking at this round): 6, privacy reward: 0.7866278610665532, g: 0.0015514508208084247, curr_delay = 0.0791177984900227, data_size = 3770
user 13, emp_avg: 0.2380204663226081, h: 1.6963119781921145, ucb: 1.9412456437212078,num_of_obs(calculated after picking at this round): 6, privacy reward: 0.7866278610665532, g: -0.01048000248738594, curr_delay = 0.24575522930848454, data_size = 2688
user 14, emp_avg: 0.25687094328141474, h: 2.6821047366564774, ucb: 2.980205108691658,num_of_obs(calculated after picking at this round): 3, privacy reward: 0.8869204367171574, g: 0.014758864171766533, curr_delay = 0.2866773812040904, data_size = 2315
user 22, emp_avg: 0.05667844832081539, h: 0, ucb: inf,num_of_obs(calculated after picking at this round): 1, privacy reward: 0.9607894391523232, g: 0.014623737947515683, curr_delay = 0.8821695279480208, data_size = 923
user 29, emp_avg: 0.055340413101192976, h: 0, ucb: inf,num_of_obs(calculated after picking at this round): 1, privacy reward: 0.9607894391523232, g: 0.00587444343259656, curr_delay = 0.903498857310159, data_size = 585
num of fast users chosen: 3, num of slow users chosen: 2
max_delay = 0.90 seconds
after cleansing the weights updates who were almost zeros (meaning with absolute value of less than 10**-7, 0.00% of the weights upadtes) we get:
user No.4.0 has been picked 6, his deltas theta's mean
 is -0.0013490143464878201,
the empirical var of deltas thetas is 0.0033021599519997835
the minimum of the deltas theta is -0.3144039511680603 and the maximum is 0.43079572916030884
the added laplace noise var is 0.0037379809880455804
global epoch 11 has been done artifficialy in 0.90 secs, the total time by now is 9.41 
 with avg train loss 1.802, val loss 2.335, avg val acc 10.00%
iteration: 12
user 0, emp_avg: 0.5653918513521972, h: 2.2293078072747154, ucb: 2.8831764289339277,num_of_obs(calculated after picking at this round): 4, privacy reward: 0.8521437889662112, g: 0.04554253265129209, curr_delay = 0.16668803583330108, data_size = 3537
user 8, emp_avg: 0.485791098809664, h: 2.2293078072747154, ucb: 2.7517480450948995,num_of_obs(calculated after picking at this round): 4, privacy reward: 0.8521437889662112, g: 0.010067981929463931, curr_delay = 0.13303403096588384, data_size = 2674
user 20, emp_avg: 0.06564368093406558, h: 3.8612743879097744, ucb: 3.9213723291939058,num_of_obs(calculated after picking at this round): 2, privacy reward: 0.9231163463866358, g: -0.0006665118457078546, curr_delay = 0.7023515515342971, data_size = 439
user 26, emp_avg: 0.05651616731937449, h: 2.2293078072747154, ucb: 2.2855975099768226,num_of_obs(calculated after picking at this round): 4, privacy reward: 0.8521437889662112, g: -0.010102190939082812, curr_delay = 0.8741937132211876, data_size = 1141
user 27, emp_avg: 0.05784592057926712, h: 2.2293078072747154, ucb: 2.2862461136780583,num_of_obs(calculated after picking at this round): 4, privacy reward: 0.8521437889662112, g: -0.001347212946274778, curr_delay = 0.8255080248483396, data_size = 1628
num of fast users chosen: 2, num of slow users chosen: 3
max_delay = 0.87 seconds
after cleansing the weights updates who were almost zeros (meaning with absolute value of less than 10**-7, 0.00% of the weights upadtes) we get:
user No.0.0 has been picked 4, his deltas theta's mean
 is -9.734252671478316e-05,
the empirical var of deltas thetas is 0.0019505731761455536
the minimum of the deltas theta is -0.2750334143638611 and the maximum is 0.35011130571365356
the added laplace noise var is 0.0034505913525473436
global epoch 12 has been done artifficialy in 0.87 secs, the total time by now is 10.28 
 with avg train loss 1.712, val loss 2.325, avg val acc 10.00%
iteration: 13
user 4, emp_avg: 0.49125787360175693, h: 1.6015459273656616, ucb: 2.1201367049942013,num_of_obs(calculated after picking at this round): 7, privacy reward: 0.7557837414557252, g: 0.0010494654081280128, curr_delay = 0.15278350954231346, data_size = 3770
user 6, emp_avg: 0.43859652983141384, h: 1.9614851608391803, ucb: 2.4385480064433906,num_of_obs(calculated after picking at this round): 5, privacy reward: 0.8187307530779817, g: 0.013308260791866217, curr_delay = 0.17560417783557628, data_size = 3229
user 10, emp_avg: 0.3713130696026882, h: 3.9229703216783607, ucb: 4.334748628692427,num_of_obs(calculated after picking at this round): 2, privacy reward: 0.9231163463866358, g: 0.00415305697645114, curr_delay = 0.1511268780842062, data_size = 1079
user 14, emp_avg: 0.2767463147279967, h: 2.2649279712439143, ucb: 2.5217989145253292,num_of_obs(calculated after picking at this round): 4, privacy reward: 0.8521437889662112, g: 0.0052613286622349995, curr_delay = 0.14864476300443294, data_size = 2315
user 20, emp_avg: 0.06411676048975583, h: 2.7739589168523406, ucb: 2.8396025977864063,num_of_obs(calculated after picking at this round): 3, privacy reward: 0.8869204367171574, g: -0.009279413263435335, curr_delay = 0.8188275360333335, data_size = 439
num of fast users chosen: 4, num of slow users chosen: 1
max_delay = 0.82 seconds
after cleansing the weights updates who were almost zeros (meaning with absolute value of less than 10**-7, 0.00% of the weights upadtes) we get:
user No.4.0 has been picked 7, his deltas theta's mean
 is -0.0004250901401974261,
the empirical var of deltas thetas is 0.0033230448607355356
the minimum of the deltas theta is -0.32566142082214355 and the maximum is 0.4142203629016876
the added laplace noise var is 0.003890530886084149
global epoch 13 has been done artifficialy in 0.82 secs, the total time by now is 11.10 
 with avg train loss 1.798, val loss 2.326, avg val acc 10.00%
iteration: 14
user 4, emp_avg: 0.46651888464619395, h: 1.5040110171372487, ucb: 1.9952688907390057,num_of_obs(calculated after picking at this round): 8, privacy reward: 0.7261490370736907, g: -3.6797386637513144e-05, curr_delay = 0.1704472073397285, data_size = 3770
user 6, emp_avg: 0.43636499427829695, h: 1.7795698344089534, ucb: 2.2181663642403673,num_of_obs(calculated after picking at this round): 6, privacy reward: 0.7866278610665532, g: 0.004344244894821872, curr_delay = 0.11758969815023193, data_size = 3229
user 19, emp_avg: 0.07009723749038069, h: 0, ucb: inf,num_of_obs(calculated after picking at this round): 1, privacy reward: 0.9607894391523232, g: 0.0059955627922587745, curr_delay = 0.713294871382933, data_size = 591
user 21, emp_avg: 0.06720598951928353, h: 2.8137469660304877, ucb: 2.8813062764047817,num_of_obs(calculated after picking at this round): 3, privacy reward: 0.8869204367171574, g: 0.0025262532377264093, curr_delay = 0.7518870732899937, data_size = 1474
user 24, emp_avg: 0.06360827409559387, h: 3.979239120446464, ucb: 4.048861998203898,num_of_obs(calculated after picking at this round): 2, privacy reward: 0.9231163463866358, g: 0.005020550086804525, curr_delay = 0.8681509551906683, data_size = 1086
num of fast users chosen: 2, num of slow users chosen: 3
max_delay = 0.87 seconds
after cleansing the weights updates who were almost zeros (meaning with absolute value of less than 10**-7, 0.00% of the weights upadtes) we get:
user No.4.0 has been picked 8, his deltas theta's mean
 is -0.000351978320395574,
the empirical var of deltas thetas is 0.003454584628343582
the minimum of the deltas theta is -0.30509549379348755 and the maximum is 0.39430102705955505
the added laplace noise var is 0.0040493064635646414
global epoch 14 has been done artifficialy in 0.87 secs, the total time by now is 11.97 
 with avg train loss 1.762, val loss 2.329, avg val acc 10.00%
iteration: 15
user 4, emp_avg: 0.5030884372859187, h: 1.4251447824086707, ucb: 1.8916636670548646,num_of_obs(calculated after picking at this round): 9, privacy reward: 0.6976763260710308, g: -0.0015523141611748046, curr_delay = 0.06284210784735518, data_size = 3770
user 13, emp_avg: 0.25229793267255435, h: 1.6456154475156735, ucb: 1.8836359138382814,num_of_obs(calculated after picking at this round): 7, privacy reward: 0.7557837414557252, g: -0.002287367286010721, curr_delay = 0.14794530712233248, data_size = 2688
user 25, emp_avg: 0.06549584822047763, h: 0, ucb: inf,num_of_obs(calculated after picking at this round): 1, privacy reward: 0.9607894391523232, g: 0.006345445999174155, curr_delay = 0.7634071679121675, data_size = 608
user 27, emp_avg: 0.05631275479173501, h: 2.0154590796275955, ucb: 2.0733050002068625,num_of_obs(calculated after picking at this round): 5, privacy reward: 0.8187307530779817, g: -0.002848470709029278, curr_delay = 0.9964110938080221, data_size = 1628
user 28, emp_avg: 0.056458413881622156, h: 2.8502895648173414, ucb: 2.904646865494331,num_of_obs(calculated after picking at this round): 3, privacy reward: 0.8869204367171574, g: 0.000602314463664226, curr_delay = 0.824257702527269, data_size = 1205
num of fast users chosen: 2, num of slow users chosen: 3
max_delay = 1.00 seconds
after cleansing the weights updates who were almost zeros (meaning with absolute value of less than 10**-7, 0.00% of the weights upadtes) we get:
user No.4.0 has been picked 9, his deltas theta's mean
 is -0.0024900042917579412,
the empirical var of deltas thetas is 0.003315908834338188
the minimum of the deltas theta is -0.37798693776130676 and the maximum is 0.4373621940612793
the added laplace noise var is 0.004214561795284956
global epoch 15 has been done artifficialy in 1.00 secs, the total time by now is 12.97 
 with avg train loss 1.680, val loss 2.318, avg val acc 10.00%
iteration: 16
user 0, emp_avg: 0.5685715855773423, h: 2.039333980337618, ucb: 2.604725831689815,num_of_obs(calculated after picking at this round): 5, privacy reward: 0.8187307530779817, g: 0.04554253265129209, curr_delay = 0.08601550871130705, data_size = 3537
user 6, emp_avg: 0.4253128301660697, h: 1.6651092223153954, ucb: 2.1014742165936924,num_of_obs(calculated after picking at this round): 7, privacy reward: 0.7557837414557252, g: 0.0023091622311456014, curr_delay = 0.13927582595858204, data_size = 3229
user 21, emp_avg: 0.065944824032576, h: 2.3548200450309493, ucb: 2.4220260345502327,num_of_obs(calculated after picking at this round): 4, privacy reward: 0.8521437889662112, g: 3.157304409404728e-05, curr_delay = 0.8043586254125843, data_size = 1474
user 22, emp_avg: 0.057668865986669746, h: 4.078667960675236, ucb: 4.135346408996051,num_of_obs(calculated after picking at this round): 2, privacy reward: 0.9231163463866358, g: 0.0034139069266315813, curr_delay = 0.8523799965949381, data_size = 923
user 23, emp_avg: 0.05921408579931479, h: 2.884053773201766, ucb: 2.9444289489464395,num_of_obs(calculated after picking at this round): 3, privacy reward: 0.8869204367171574, g: -0.003906864166108873, curr_delay = 0.8788596409536733, data_size = 477
num of fast users chosen: 2, num of slow users chosen: 3
max_delay = 0.88 seconds
after cleansing the weights updates who were almost zeros (meaning with absolute value of less than 10**-7, 0.00% of the weights upadtes) we get:
user No.0.0 has been picked 5, his deltas theta's mean
 is -0.0008187262574210763,
the empirical var of deltas thetas is 0.002306586829945445
the minimum of the deltas theta is -0.374327689409256 and the maximum is 0.3428571820259094
the added laplace noise var is 0.0035914126570663605
global epoch 16 has been done artifficialy in 0.88 secs, the total time by now is 13.85 
 with avg train loss 1.705, val loss 2.279, avg val acc 12.28%
iteration: 17
user 4, emp_avg: 0.5527795935573268, h: 1.3743394398901159, ucb: 1.8774278771760344,num_of_obs(calculated after picking at this round): 10, privacy reward: 0.670320046035639, g: -0.001258677816304213, curr_delay = 0.05, data_size = 3770
user 6, emp_avg: 0.42435520571312696, h: 1.5583544464015926, ucb: 1.9836672765676622,num_of_obs(calculated after picking at this round): 8, privacy reward: 0.7261490370736907, g: 0.00012744236252885916, curr_delay = 0.11971694091746825, data_size = 3229
user 12, emp_avg: 0.4035279862664212, h: 4.123018319670348, ucb: 4.617487791878956,num_of_obs(calculated after picking at this round): 2, privacy reward: 0.9231163463866358, g: 1.798273099991645e-08, curr_delay = 0.1599557240896097, data_size = 450
user 21, emp_avg: 0.06589217864478361, h: 2.061509159835174, ucb: 2.12745398386775,num_of_obs(calculated after picking at this round): 5, privacy reward: 0.8187307530779817, g: -0.001778741426017444, curr_delay = 0.7612482371391858, data_size = 1474
user 26, emp_avg: 0.05725752894815476, h: 2.061509159835174, ucb: 2.1180253271545486,num_of_obs(calculated after picking at this round): 5, privacy reward: 0.8187307530779817, g: -0.007362287563406068, curr_delay = 0.8302479180971419, data_size = 1141
num of fast users chosen: 3, num of slow users chosen: 2
max_delay = 0.83 seconds
after cleansing the weights updates who were almost zeros (meaning with absolute value of less than 10**-7, 0.00% of the weights upadtes) we get:
user No.4.0 has been picked 10, his deltas theta's mean
 is -0.0007592019974254072,
the empirical var of deltas thetas is 0.0034756166860461235
the minimum of the deltas theta is -0.4199439585208893 and the maximum is 0.3565736413002014
the added laplace noise var is 0.004386561325032196
global epoch 17 has been done artifficialy in 0.83 secs, the total time by now is 14.68 
 with avg train loss 1.684, val loss 2.259, avg val acc 15.73%
iteration: 18
user 0, emp_avg: 0.640476321314452, h: 1.862376468245719, ucb: 2.4309480538230614,num_of_obs(calculated after picking at this round): 6, privacy reward: 0.7866278610665532, g: 0.034458195097271854, curr_delay = 0.05, data_size = 3537
user 8, emp_avg: 0.4608407795623403, h: 2.0822001913467028, ucb: 2.5679912901563666,num_of_obs(calculated after picking at this round): 5, privacy reward: 0.8187307530779817, g: 0.016413994307169312, curr_delay = 0.138489000908935, data_size = 2674
user 12, emp_avg: 0.3812815612069083, h: 2.944675750178361, ucb: 3.3482037364447823,num_of_obs(calculated after picking at this round): 3, privacy reward: 0.8869204367171574, g: -0.0027199856840883995, curr_delay = 0.14846103314595024, data_size = 450
user 13, emp_avg: 0.2700257223740203, h: 1.5739953960441373, ucb: 1.8262933287166916,num_of_obs(calculated after picking at this round): 8, privacy reward: 0.7261490370736907, g: -0.0013480145485813106, curr_delay = 0.12686483367432816, data_size = 2688
user 28, emp_avg: 0.056292524268070916, h: 2.4043176819614183, ucb: 2.4607760958430402,num_of_obs(calculated after picking at this round): 4, privacy reward: 0.8521437889662112, g: -7.728585829602467e-05, curr_delay = 0.896139968765478, data_size = 1205
num of fast users chosen: 4, num of slow users chosen: 1
max_delay = 0.90 seconds
after cleansing the weights updates who were almost zeros (meaning with absolute value of less than 10**-7, 0.00% of the weights upadtes) we get:
user No.0.0 has been picked 6, his deltas theta's mean
 is -0.0010499185882508755,
the empirical var of deltas thetas is 0.0021039647981524467
the minimum of the deltas theta is -0.2872713804244995 and the maximum is 0.3258853554725647
the added laplace noise var is 0.0037379809880455804
global epoch 18 has been done artifficialy in 0.90 secs, the total time by now is 15.57 
 with avg train loss 1.704, val loss 2.295, avg val acc 14.29%
iteration: 19
user 4, emp_avg: 0.5528024881196999, h: 1.3291589022761214, ucb: 1.8819384958334482,num_of_obs(calculated after picking at this round): 11, privacy reward: 0.6440364210831411, g: -0.001048585791281449, curr_delay = 0.09041077405230573, data_size = 3770
user 6, emp_avg: 0.4518837276274221, h: 1.4860448291942037, ucb: 1.9104000349073307,num_of_obs(calculated after picking at this round): 9, privacy reward: 0.6976763260710308, g: 4.004447537267208e-06, curr_delay = 0.07439237392040492, data_size = 3229
user 26, emp_avg: 0.05765403781256206, h: 1.8797145461478262, ucb: 1.936972075095981,num_of_obs(calculated after picking at this round): 6, privacy reward: 0.7866278610665532, g: -0.012920312079027569, curr_delay = 0.8384115623385493, data_size = 1141
user 27, emp_avg: 0.05605408568771234, h: 1.8797145461478262, ucb: 1.9360273009395612,num_of_obs(calculated after picking at this round): 6, privacy reward: 0.7866278610665532, g: -0.002486248391478006, curr_delay = 0.9130628959172494, data_size = 1628
user 29, emp_avg: 0.05350311254211483, h: 4.203169503481705, ucb: 4.258509916582899,num_of_obs(calculated after picking at this round): 2, privacy reward: 0.9231163463866358, g: 0.0005766404453664672, curr_delay = 0.9677579443910878, data_size = 585
num of fast users chosen: 2, num of slow users chosen: 3
max_delay = 0.97 seconds
after cleansing the weights updates who were almost zeros (meaning with absolute value of less than 10**-7, 0.00% of the weights upadtes) we get:
user No.4.0 has been picked 11, his deltas theta's mean
 is -0.0008394697215408087,
the empirical var of deltas thetas is 0.004022018518298864
the minimum of the deltas theta is -0.4581989347934723 and the maximum is 0.43543434143066406
the added laplace noise var is 0.004565580288749148
global epoch 19 has been done artifficialy in 0.97 secs, the total time by now is 16.54 
 with avg train loss 1.550, val loss 2.223, avg val acc 16.67%
iteration: 20
user 0, emp_avg: 0.6918368468409588, h: 1.7308183826022854, ucb: 2.371294703916737,num_of_obs(calculated after picking at this round): 7, privacy reward: 0.7557837414557252, g: 0.02670183616516679, curr_delay = 0.05, data_size = 3537
user 1, emp_avg: 0.7312992673630054, h: 2.119810937402434, ucb: 2.7878011016493716,num_of_obs(calculated after picking at this round): 5, privacy reward: 0.8187307530779817, g: -0.010781407364512573, curr_delay = 0.050785361083888536, data_size = 734
user 13, emp_avg: 0.3133508499933075, h: 1.498932688670673, ucb: 1.7689584110446934,num_of_obs(calculated after picking at this round): 9, privacy reward: 0.6976763260710308, g: -0.002287367286010721, curr_delay = 0.07576310061551383, data_size = 2688
user 14, emp_avg: 0.2666084173264383, h: 2.119810937402434, ucb: 2.396557252130431,num_of_obs(calculated after picking at this round): 5, privacy reward: 0.8187307530779817, g: 0.010671767565928546, curr_delay = 0.22118332148713538, data_size = 2315
user 28, emp_avg: 0.05567194729575499, h: 2.119810937402434, ucb: 2.176103461670505,num_of_obs(calculated after picking at this round): 5, privacy reward: 0.8187307530779817, g: -0.001774479475150047, curr_delay = 0.9400326935455401, data_size = 1205
num of fast users chosen: 4, num of slow users chosen: 1
max_delay = 0.94 seconds
after cleansing the weights updates who were almost zeros (meaning with absolute value of less than 10**-7, 0.00% of the weights upadtes) we get:
user No.0.0 has been picked 7, his deltas theta's mean
 is -0.00020389958808664232,
the empirical var of deltas thetas is 0.002431692788377404
the minimum of the deltas theta is -0.4246971607208252 and the maximum is 0.49385717511177063
the added laplace noise var is 0.003890530886084149
global epoch 20 has been done artifficialy in 0.94 secs, the total time by now is 17.48 
 with avg train loss 1.680, val loss 2.162, avg val acc 18.38%
iteration: 21
user 4, emp_avg: 0.5731733162257702, h: 1.2886615546351161, ucb: 1.841464042754816,num_of_obs(calculated after picking at this round): 12, privacy reward: 0.6187833918061405, g: -0.0008925519988353537, curr_delay = 0.06271539403016743, data_size = 3770
user 8, emp_avg: 0.4653862546534911, h: 1.9113939743726587, ucb: 2.372234753934999,num_of_obs(calculated after picking at this round): 6, privacy reward: 0.7866278610665532, g: 0.012598737045230336, curr_delay = 0.10243516451038143, data_size = 2674
user 20, emp_avg: 0.06461005420182492, h: 2.467599010262171, ucb: 2.531715770751927,num_of_obs(calculated after picking at this round): 4, privacy reward: 0.8521437889662112, g: -0.00728303511565572, curr_delay = 0.7565448467192996, data_size = 439
user 22, emp_avg: 0.05950011444097183, h: 3.022179232469555, ucb: 3.0798480984562246,num_of_obs(calculated after picking at this round): 3, privacy reward: 0.8869204367171574, g: 0.0006600045097965985, curr_delay = 0.7916075496510586, data_size = 923
user 27, emp_avg: 0.05713339521021099, h: 1.7448559934055943, ucb: 1.8009100790933066,num_of_obs(calculated after picking at this round): 7, privacy reward: 0.7557837414557252, g: -0.0052444659753065285, curr_delay = 0.7860491698385886, data_size = 1628
num of fast users chosen: 2, num of slow users chosen: 3
max_delay = 0.79 seconds
after cleansing the weights updates who were almost zeros (meaning with absolute value of less than 10**-7, 0.00% of the weights upadtes) we get:
user No.4.0 has been picked 12, his deltas theta's mean
 is -0.0003206520341336727,
the empirical var of deltas thetas is 0.003740892978385091
the minimum of the deltas theta is -0.38437071442604065 and the maximum is 0.49007391929626465
the added laplace noise var is 0.004751905154970509
global epoch 21 has been done artifficialy in 0.79 secs, the total time by now is 18.27 
 with avg train loss 1.669, val loss 2.229, avg val acc 15.85%
iteration: 22
user 1, emp_avg: 0.7760827228025046, h: 1.9259415733687197, ucb: 2.657240840731725,num_of_obs(calculated after picking at this round): 6, privacy reward: 0.7866278610665532, g: -0.017188857529886286, curr_delay = 0.05, data_size = 734
user 4, emp_avg: 0.5703464051296963, h: 1.24318993990426, ucb: 1.8163632561300302,num_of_obs(calculated after picking at this round): 13, privacy reward: 0.5945205479701939, g: -0.0026543753574252765, curr_delay = 0.09320994067567884, data_size = 3770
user 13, emp_avg: 0.3116821473537218, h: 1.4355120929151186, ucb: 1.7488629429084261,num_of_obs(calculated after picking at this round): 10, privacy reward: 0.670320046035639, g: -0.003239583345744058, curr_delay = 0.16854094103447578, data_size = 2688
user 14, emp_avg: 0.2587655450985871, h: 1.9259415733687197, ucb: 2.192549990695158,num_of_obs(calculated after picking at this round): 6, privacy reward: 0.7866278610665532, g: 0.005780792078659174, curr_delay = 0.22773732802671573, data_size = 2315
user 24, emp_avg: 0.06415391487266293, h: 3.045181006126721, ucb: 3.1087892802223145,num_of_obs(calculated after picking at this round): 3, privacy reward: 0.8869204367171574, g: 0.0026394235763877623, curr_delay = 0.7663399413027331, data_size = 1086
num of fast users chosen: 4, num of slow users chosen: 1
max_delay = 0.77 seconds
after cleansing the weights updates who were almost zeros (meaning with absolute value of less than 10**-7, 0.00% of the weights upadtes) we get:
user No.1.0 has been picked 6, his deltas theta's mean
 is 3.719780215760693e-05,
the empirical var of deltas thetas is 0.00044183008139953017
the minimum of the deltas theta is -0.137325718998909 and the maximum is 0.1952449530363083
the added laplace noise var is 0.0037379809880455804
global epoch 22 has been done artifficialy in 0.77 secs, the total time by now is 19.04 
 with avg train loss 1.655, val loss 2.210, avg val acc 18.56%
iteration: 23
user 4, emp_avg: 0.5568225841948836, h: 1.2029759667519067, ucb: 1.773322371881603,num_of_obs(calculated after picking at this round): 14, privacy reward: 0.5712090638488144, g: -0.005081333987102719, curr_delay = 0.13122914846110634, data_size = 3770
user 6, emp_avg: 0.4332548572051073, h: 1.445797177091621, ucb: 1.897680904719043,num_of_obs(calculated after picking at this round): 10, privacy reward: 0.670320046035639, g: 0.0010080241037112299, curr_delay = 0.18825653944536744, data_size = 3229
user 14, emp_avg: 0.2692684610781995, h: 1.7707326777153998, ucb: 2.029498222813987,num_of_obs(calculated after picking at this round): 7, privacy reward: 0.7557837414557252, g: 0.0018007022663358682, curr_delay = 0.1504728049841716, data_size = 2315
user 20, emp_avg: 0.06436291954241272, h: 2.1686957656374313, ucb: 2.233305819839256,num_of_obs(calculated after picking at this round): 5, privacy reward: 0.8187307530779817, g: -0.013548168689570367, curr_delay = 0.7889623422931377, data_size = 439
user 24, emp_avg: 0.062239947910557814, h: 2.504194168162345, ucb: 2.568348083035008,num_of_obs(calculated after picking at this round): 4, privacy reward: 0.8521437889662112, g: 0.00014041370729937362, curr_delay = 0.8849863425995199, data_size = 1086
num of fast users chosen: 3, num of slow users chosen: 2
max_delay = 0.88 seconds
after cleansing the weights updates who were almost zeros (meaning with absolute value of less than 10**-7, 0.00% of the weights upadtes) we get:
user No.4.0 has been picked 14, his deltas theta's mean
 is -0.0006195497699081898,
the empirical var of deltas thetas is 0.004033075179904699
the minimum of the deltas theta is -0.3941524624824524 and the maximum is 0.4923684000968933
the added laplace noise var is 0.005147677401197522
global epoch 23 has been done artifficialy in 0.88 secs, the total time by now is 19.92 
 with avg train loss 1.641, val loss 2.179, avg val acc 19.61%
iteration: 24
user 2, emp_avg: 1.0, h: 3.0877437541097605, ucb: 4.087743754109761,num_of_obs(calculated after picking at this round): 3, privacy reward: 0.8869204367171574, g: 0.00043916071434190666, curr_delay = 0.05, data_size = 796
user 4, emp_avg: 0.5398180681275041, h: 1.1670574408096286, ucb: 1.723880025004512,num_of_obs(calculated after picking at this round): 15, privacy reward: 0.5488116360940261, g: -0.007992255989647416, curr_delay = 0.1656974233533012, data_size = 3770
user 12, emp_avg: 0.3475854220476164, h: 2.5211322180115605, ucb: 2.902413779218469,num_of_obs(calculated after picking at this round): 4, privacy reward: 0.8521437889662112, g: -0.004361594751820283, curr_delay = 0.2028422214999114, data_size = 450
user 13, emp_avg: 0.3115142890718527, h: 1.380880986257964, ucb: 1.692563133611686,num_of_obs(calculated after picking at this round): 11, privacy reward: 0.6440364210831411, g: -0.004159359355117797, curr_delay = 0.1613758485251726, data_size = 2688
user 21, emp_avg: 0.066363600989598, h: 1.9528606187891482, ucb: 2.018752797433932,num_of_obs(calculated after picking at this round): 6, privacy reward: 0.7866278610665532, g: -0.0002314762553195805, curr_delay = 0.7275826752311026, data_size = 1474
num of fast users chosen: 4, num of slow users chosen: 1
max_delay = 0.73 seconds
after cleansing the weights updates who were almost zeros (meaning with absolute value of less than 10**-7, 0.00% of the weights upadtes) we get:
user No.2.0 has been picked 3, his deltas theta's mean
 is 0.0006533429841510952,
the empirical var of deltas thetas is 0.0012506237253546715
the minimum of the deltas theta is -0.22804726660251617 and the maximum is 0.2273545265197754
the added laplace noise var is 0.0033152917303578187
global epoch 24 has been done artifficialy in 0.73 secs, the total time by now is 20.65 
 with avg train loss 1.688, val loss 2.164, avg val acc 19.83%
iteration: 25
user 0, emp_avg: 0.7134804909944339, h: 1.661034744162686, ucb: 2.3528715910036446,num_of_obs(calculated after picking at this round): 8, privacy reward: 0.7261490370736907, g: 0.0336381147596169, curr_delay = 0.05780440376610189, data_size = 3537
user 1, emp_avg: 0.7624122960683092, h: 1.7941225779941015, ucb: 2.570205300796606,num_of_obs(calculated after picking at this round): 7, privacy reward: 0.7557837414557252, g: -0.02068809184948492, curr_delay = 0.0734872932074259, data_size = 734
user 6, emp_avg: 0.4229229408848294, h: 1.3897213731251743, ucb: 1.8229762303302817,num_of_obs(calculated after picking at this round): 11, privacy reward: 0.6440364210831411, g: 0.0005314750734273918, curr_delay = 0.15644370777663713, data_size = 3229
user 24, emp_avg: 0.060963630633705135, h: 2.197342426046132, ucb: 2.25958237395669,num_of_obs(calculated after picking at this round): 5, privacy reward: 0.8187307530779817, g: -0.0003138420722568319, curr_delay = 0.895121135561116, data_size = 1086
user 27, emp_avg: 0.05710380123880666, h: 1.661034744162686, ucb: 1.7181681393728971,num_of_obs(calculated after picking at this round): 8, privacy reward: 0.7261490370736907, g: -0.0044494769192328825, curr_delay = 0.8787864622212169, data_size = 1628
num of fast users chosen: 3, num of slow users chosen: 2
max_delay = 0.90 seconds
after cleansing the weights updates who were almost zeros (meaning with absolute value of less than 10**-7, 0.00% of the weights upadtes) we get:
user No.0.0 has been picked 8, his deltas theta's mean
 is 0.00011696384899551049,
the empirical var of deltas thetas is 0.0024745336268097162
the minimum of the deltas theta is -0.34015384316444397 and the maximum is 0.4118264317512512
the added laplace noise var is 0.0040493064635646414
global epoch 25 has been done artifficialy in 0.90 secs, the total time by now is 21.55 
 with avg train loss 1.564, val loss 2.105, avg val acc 23.07%
iteration: 26
user 0, emp_avg: 0.7010402544978726, h: 1.5631930154386284, ucb: 2.2766735064330623,num_of_obs(calculated after picking at this round): 9, privacy reward: 0.6976763260710308, g: 0.02424705445724218, curr_delay = 0.08312298196530987, data_size = 3537
user 8, emp_avg: 0.4485968098160425, h: 1.8050198165176699, ucb: 2.270406071171161,num_of_obs(calculated after picking at this round): 7, privacy reward: 0.7557837414557252, g: 0.014297009565048256, curr_delay = 0.1437359275663329, data_size = 2674
user 26, emp_avg: 0.057076060715596025, h: 1.8050198165176699, ucb: 1.862673854330232,num_of_obs(calculated after picking at this round): 7, privacy reward: 0.7557837414557252, g: -0.006606257426232997, curr_delay = 0.9326931652357688, data_size = 1141
user 27, emp_avg: 0.05707510949049616, h: 1.5631930154386284, ucb: 1.6202968166774352,num_of_obs(calculated after picking at this round): 9, privacy reward: 0.6976763260710308, g: -0.008910738338058112, curr_delay = 0.879575931049744, data_size = 1628
user 29, emp_avg: 0.05299507511473378, h: 3.126386030877257, ucb: 3.1798891434193717,num_of_obs(calculated after picking at this round): 3, privacy reward: 0.8869204367171574, g: -7.737246861648687e-08, curr_delay = 0.9619269272191896, data_size = 585
num of fast users chosen: 2, num of slow users chosen: 3
max_delay = 0.96 seconds
after cleansing the weights updates who were almost zeros (meaning with absolute value of less than 10**-7, 0.00% of the weights upadtes) we get:
user No.0.0 has been picked 9, his deltas theta's mean
 is -7.75232256273739e-05,
the empirical var of deltas thetas is 0.002348441630601883
the minimum of the deltas theta is -0.3377048373222351 and the maximum is 0.41703301668167114
the added laplace noise var is 0.004214561795284956
global epoch 26 has been done artifficialy in 0.96 secs, the total time by now is 22.51 
 with avg train loss 1.530, val loss 2.058, avg val acc 24.46%
iteration: 27
user 0, emp_avg: 0.7309362290480853, h: 1.4823038073675112, ucb: 2.183344061865384,num_of_obs(calculated after picking at this round): 10, privacy reward: 0.670320046035639, g: 0.016919149618861033, curr_delay = 0.05, data_size = 3537
user 6, emp_avg: 0.4276711367496282, h: 1.3407942420963497, ucb: 1.763717182981179,num_of_obs(calculated after picking at this round): 12, privacy reward: 0.6187833918061405, g: 0.00024480782230649773, curr_delay = 0.10418809223970076, data_size = 3229
user 27, emp_avg: 0.05718173391060104, h: 1.4823038073675112, ucb: 1.5393789168580074,num_of_obs(calculated after picking at this round): 10, privacy reward: 0.670320046035639, g: -0.014409057315602831, curr_delay = 0.8599730970362863, data_size = 1628
user 28, emp_avg: 0.05582733939081421, h: 1.988719245948305, ucb: 2.04439119324406,num_of_obs(calculated after picking at this round): 6, privacy reward: 0.7866278610665532, g: -0.0007458227784961321, curr_delay = 0.8833251204991162, data_size = 1205
user 29, emp_avg: 0.053613443958385285, h: 2.567425506613319, ucb: 2.6204205817280526,num_of_obs(calculated after picking at this round): 4, privacy reward: 0.8521437889662112, g: -0.0011879184777488841, curr_delay = 0.9014116929125315, data_size = 585
num of fast users chosen: 2, num of slow users chosen: 3
max_delay = 0.90 seconds
after cleansing the weights updates who were almost zeros (meaning with absolute value of less than 10**-7, 0.00% of the weights upadtes) we get:
user No.0.0 has been picked 10, his deltas theta's mean
 is -0.0008259223541244864,
the empirical var of deltas thetas is 0.0025284220464527607
the minimum of the deltas theta is -0.3136982023715973 and the maximum is 0.4492228925228119
the added laplace noise var is 0.004386561325032196
global epoch 27 has been done artifficialy in 0.90 secs, the total time by now is 23.41 
 with avg train loss 1.501, val loss 2.038, avg val acc 26.53%
iteration: 28
user 0, emp_avg: 0.7553965718618957, h: 1.4139740825436378, ucb: 2.144910311591723,num_of_obs(calculated after picking at this round): 11, privacy reward: 0.6440364210831411, g: 0.011292060589186846, curr_delay = 0.05, data_size = 3537
user 6, emp_avg: 0.4434007673767229, h: 1.2907758345613702, ucb: 1.7184469713109984,num_of_obs(calculated after picking at this round): 13, privacy reward: 0.5945205479701939, g: -3.0444852361684894e-05, curr_delay = 0.07909435884679124, data_size = 3229
user 18, emp_avg: 0.06659031801918132, h: 0, ucb: inf,num_of_obs(calculated after picking at this round): 1, privacy reward: 0.9607894391523232, g: 0.008007489933314448, curr_delay = 0.7508599070753427, data_size = 683
user 26, emp_avg: 0.05698604730639518, h: 1.6900222763135073, ucb: 1.7470983370291033,num_of_obs(calculated after picking at this round): 8, privacy reward: 0.7261490370736907, g: -0.010102190939082812, curr_delay = 0.8872177107511484, data_size = 1141
user 27, emp_avg: 0.057315772504725554, h: 1.4139740825436378, ucb: 1.4711558164542389,num_of_obs(calculated after picking at this round): 11, privacy reward: 0.6440364210831411, g: -0.020692033257859836, curr_delay = 0.8524254114946161, data_size = 1628
num of fast users chosen: 2, num of slow users chosen: 3
max_delay = 0.89 seconds
after cleansing the weights updates who were almost zeros (meaning with absolute value of less than 10**-7, 0.00% of the weights upadtes) we get:
user No.0.0 has been picked 11, his deltas theta's mean
 is -0.0005119029083289206,
the empirical var of deltas thetas is 0.002530586440116167
the minimum of the deltas theta is -0.2834993898868561 and the maximum is 0.3812887668609619
the added laplace noise var is 0.004565580288749148
global epoch 28 has been done artifficialy in 0.89 secs, the total time by now is 24.30 
 with avg train loss 1.575, val loss 2.037, avg val acc 25.77%
iteration: 29
user 4, emp_avg: 0.5655125080317701, h: 1.1605681074347123, ucb: 1.7003861755622163,num_of_obs(calculated after picking at this round): 16, privacy reward: 0.5272924240430481, g: -0.0005432378903121744, curr_delay = 0.05258015519053301, data_size = 3770
user 6, emp_avg: 0.4542252576478379, h: 1.2466501261046878, ucb: 1.6900508934814107,num_of_obs(calculated after picking at this round): 14, privacy reward: 0.5712090638488144, g: -0.0006361552825422914, curr_delay = 0.08404157533626386, data_size = 3229
user 11, emp_avg: 0.35903857414604623, h: 0, ucb: inf,num_of_obs(calculated after picking at this round): 1, privacy reward: 0.9607894391523232, g: 0.005518500824609645, curr_delay = 0.13926080260017268, data_size = 567
user 14, emp_avg: 0.2654943137999343, h: 1.698897751060915, ucb: 1.9681662121391144,num_of_obs(calculated after picking at this round): 8, privacy reward: 0.7261490370736907, g: 0.0038346978502964034, curr_delay = 0.20913914396971048, data_size = 2315
user 24, emp_avg: 0.061317481594843425, h: 2.0101629277209767, ucb: 2.071126558354682,num_of_obs(calculated after picking at this round): 6, privacy reward: 0.7866278610665532, g: -0.0009077796296079074, curr_delay = 0.7925596227161322, data_size = 1086
num of fast users chosen: 4, num of slow users chosen: 1
max_delay = 0.79 seconds
after cleansing the weights updates who were almost zeros (meaning with absolute value of less than 10**-7, 0.00% of the weights upadtes) we get:
user No.4.0 has been picked 16, his deltas theta's mean
 is 9.503067303739954e-06,
the empirical var of deltas thetas is 0.0035054071340709925
the minimum of the deltas theta is -0.3369852304458618 and the maximum is 0.3971611559391022
the added laplace noise var is 0.005576412357279915
global epoch 29 has been done artifficialy in 0.79 secs, the total time by now is 25.09 
 with avg train loss 1.630, val loss 2.058, avg val acc 25.01%
iteration: 30
user 4, emp_avg: 0.5910705957946072, h: 1.1293577901282252, ucb: 1.6948702981599952,num_of_obs(calculated after picking at this round): 17, privacy reward: 0.5066169923655891, g: -0.0015523141611748046, curr_delay = 0.05, data_size = 3770
user 6, emp_avg: 0.4590063480556884, h: 1.2073342622125625, ucb: 1.6615595198604003,num_of_obs(calculated after picking at this round): 15, privacy reward: 0.5488116360940261, g: -0.0019020870972899487, curr_delay = 0.09506758676502887, data_size = 3229
user 11, emp_avg: 0.3598628685896097, h: 4.517431160512901, ucb: 4.876469734658947,num_of_obs(calculated after picking at this round): 2, privacy reward: 0.9231163463866358, g: 0.0016771710898753035, curr_delay = 0.13862428476668964, data_size = 567
user 14, emp_avg: 0.2607465221192033, h: 1.5971531035710436, ucb: 1.862647417370978,num_of_obs(calculated after picking at this round): 9, privacy reward: 0.6976763260710308, g: 0.0013423123344215892, curr_delay = 0.22445259400879883, data_size = 2315
user 22, emp_avg: 0.06182260435768487, h: 2.608140096567727, ucb: 2.6676402110086985,num_of_obs(calculated after picking at this round): 4, privacy reward: 0.8521437889662112, g: 0.00043800831410112, curr_delay = 0.7268490497862852, data_size = 923
num of fast users chosen: 4, num of slow users chosen: 1
max_delay = 0.73 seconds
after cleansing the weights updates who were almost zeros (meaning with absolute value of less than 10**-7, 0.00% of the weights upadtes) we get:
user No.4.0 has been picked 17, his deltas theta's mean
 is -0.002085227519273758,
the empirical var of deltas thetas is 0.00483946455642581
the minimum of the deltas theta is -0.4158899188041687 and the maximum is 0.5889978408813477
the added laplace noise var is 0.0058039900627965095
global epoch 30 has been done artifficialy in 0.73 secs, the total time by now is 25.82 
 with avg train loss 1.628, val loss 2.087, avg val acc 22.52%
iteration: 31
user 3, emp_avg: 0.8342101166332458, h: 4.5391544616713455, ucb: 5.511668960746814,num_of_obs(calculated after picking at this round): 2, privacy reward: 0.9231163463866358, g: 0.0008141778538012542, curr_delay = 0.07184881161832073, data_size = 464
user 4, emp_avg: 0.5736979426069202, h: 1.1009066644979193, ucb: 1.6919772602925265,num_of_obs(calculated after picking at this round): 18, privacy reward: 0.48675225595997107, g: -0.002965149000039717, curr_delay = 0.17962167753597294, data_size = 3770
user 13, emp_avg: 0.30872986003809116, h: 1.3686065649846821, ucb: 1.6801208540565349,num_of_obs(calculated after picking at this round): 12, privacy reward: 0.6187833918061405, g: -7.102962783359386e-06, curr_delay = 0.1797907044902117, data_size = 2688
user 16, emp_avg: 0.07707852866347806, h: 0, ucb: inf,num_of_obs(calculated after picking at this round): 1, privacy reward: 0.9607894391523232, g: 0.016891893643230918, curr_delay = 0.6486890819919269, data_size = 992
user 27, emp_avg: 0.05723880234798235, h: 1.3686065649846821, ucb: 1.4259223374894077,num_of_obs(calculated after picking at this round): 12, privacy reward: 0.6187833918061405, g: -0.020034451769567488, curr_delay = 0.8866485349445461, data_size = 1628
num of fast users chosen: 3, num of slow users chosen: 2
max_delay = 0.89 seconds
after cleansing the weights updates who were almost zeros (meaning with absolute value of less than 10**-7, 0.00% of the weights upadtes) we get:
user No.3.0 has been picked 2, his deltas theta's mean
 is 0.00019626006542239338,
the empirical var of deltas thetas is 0.00045691177365370095
the minimum of the deltas theta is -0.14089220762252808 and the maximum is 0.15494565665721893
the added laplace noise var is 0.0031852972822368235
global epoch 31 has been done artifficialy in 0.89 secs, the total time by now is 26.70 
 with avg train loss 1.619, val loss 2.053, avg val acc 23.71%
iteration: 32
user 0, emp_avg: 0.7401729976215373, h: 1.374918689060238, ucb: 2.1303152609221336,num_of_obs(calculated after picking at this round): 12, privacy reward: 0.6187833918061405, g: 0.014317789239807146, curr_delay = 0.08730365915941155, data_size = 3537
user 10, emp_avg: 0.3522139966861564, h: 3.224470143821955, ucb: 3.5957832134246432,num_of_obs(calculated after picking at this round): 3, privacy reward: 0.8869204367171574, g: 0.0062200498937444015, curr_delay = 0.15922763091150993, data_size = 1079
user 13, emp_avg: 0.30276856460745527, h: 1.3163844238670797, ucb: 1.6251142839051709,num_of_obs(calculated after picking at this round): 13, privacy reward: 0.5945205479701939, g: -0.0005210458490167715, curr_delay = 0.21623209401982388, data_size = 2688
user 14, emp_avg: 0.2604017618285593, h: 1.5200298029533776, ucb: 1.780776325072581,num_of_obs(calculated after picking at this round): 10, privacy reward: 0.670320046035639, g: 0.00048638983586277477, curr_delay = 0.1943265061236205, data_size = 2315
user 18, emp_avg: 0.06153598955643648, h: 4.560089408860133, ucb: 4.626679726879314,num_of_obs(calculated after picking at this round): 2, privacy reward: 0.9231163463866358, g: 0.003391266226779322, curr_delay = 0.8852430865491036, data_size = 683
num of fast users chosen: 4, num of slow users chosen: 1
max_delay = 0.89 seconds
after cleansing the weights updates who were almost zeros (meaning with absolute value of less than 10**-7, 0.00% of the weights upadtes) we get:
user No.0.0 has been picked 12, his deltas theta's mean
 is -0.0006748932064510882,
the empirical var of deltas thetas is 0.0025766282342374325
the minimum of the deltas theta is -0.2995568811893463 and the maximum is 0.3333900272846222
the added laplace noise var is 0.004751905154970509
global epoch 32 has been done artifficialy in 0.89 secs, the total time by now is 27.59 
 with avg train loss 1.631, val loss 2.054, avg val acc 24.22%
iteration: 33
user 4, emp_avg: 0.5663977656985416, h: 1.0795844202695901, ucb: 1.6532823628765103,num_of_obs(calculated after picking at this round): 19, privacy reward: 0.4676664270099087, g: -0.0026543753574252765, curr_delay = 0.11494396055483497, data_size = 3770
user 6, emp_avg: 0.4560818040572774, h: 1.182625479425584, ucb: 1.6416318274812722,num_of_obs(calculated after picking at this round): 16, privacy reward: 0.5272924240430481, g: -0.0009917278863397303, curr_delay = 0.12129632465576835, data_size = 3229
user 20, emp_avg: 0.06516068895694395, h: 2.0483674166906134, ucb: 2.1127303362330263,num_of_obs(calculated after picking at this round): 6, privacy reward: 0.7866278610665532, g: -0.008835757272512365, curr_delay = 0.7230706505188552, data_size = 439
user 26, emp_avg: 0.057558529333471574, h: 1.619376630404385, ucb: 1.6763626777107803,num_of_obs(calculated after picking at this round): 9, privacy reward: 0.6976763260710308, g: -0.008636709466937342, curr_delay = 0.8046556014832523, data_size = 1141
user 27, emp_avg: 0.05715217153145212, h: 1.3222154819594423, ucb: 1.3794542843074247,num_of_obs(calculated after picking at this round): 13, privacy reward: 0.5945205479701939, g: -0.022602345075248303, curr_delay = 0.8910654372761916, data_size = 1628
num of fast users chosen: 2, num of slow users chosen: 3
max_delay = 0.89 seconds
after cleansing the weights updates who were almost zeros (meaning with absolute value of less than 10**-7, 0.00% of the weights upadtes) we get:
user No.4.0 has been picked 19, his deltas theta's mean
 is -0.00041005437378771603,
the empirical var of deltas thetas is 0.0037378345150500536
the minimum of the deltas theta is -0.37335285544395447 and the maximum is 0.48392370343208313
the added laplace noise var is 0.006287387375941429
global epoch 33 has been done artifficialy in 0.89 secs, the total time by now is 28.48 
 with avg train loss 1.511, val loss 1.988, avg val acc 28.85%
iteration: 34
user 1, emp_avg: 0.7433746447356331, h: 1.7385611106271994, ucb: 2.5009734066955085,num_of_obs(calculated after picking at this round): 8, privacy reward: 0.7261490370736907, g: -0.012037580688427188, curr_delay = 0.08195228901086701, data_size = 734
user 4, emp_avg: 0.5528214291817034, h: 1.0552665701562398, ucb: 1.6216643358547813,num_of_obs(calculated after picking at this round): 20, privacy reward: 0.449328964117221, g: -0.004210662052199287, curr_delay = 0.16956565414658337, data_size = 3770
user 6, emp_avg: 0.4677676261604832, h: 1.149950084451956, ucb: 1.6060318885092333,num_of_obs(calculated after picking at this round): 17, privacy reward: 0.5066169923655891, g: -0.0022595279429842843, curr_delay = 0.07636610020590745, data_size = 3229
user 22, emp_avg: 0.06078844172106731, h: 2.299900168903912, ucb: 2.361722773261597,num_of_obs(calculated after picking at this round): 5, privacy reward: 0.8187307530779817, g: 1.0768828619657626e-05, curr_delay = 0.8825846273051332, data_size = 923
user 27, emp_avg: 0.05705469996059038, h: 1.2757550749894375, ucb: 1.3329072465208895,num_of_obs(calculated after picking at this round): 14, privacy reward: 0.5712090638488144, g: -0.028580384453269853, curr_delay = 0.8962570051505546, data_size = 1628
num of fast users chosen: 3, num of slow users chosen: 2
max_delay = 0.90 seconds
after cleansing the weights updates who were almost zeros (meaning with absolute value of less than 10**-7, 0.00% of the weights upadtes) we get:
user No.1.0 has been picked 8, his deltas theta's mean
 is -1.7886952264234424e-05,
the empirical var of deltas thetas is 0.00036610651295632124
the minimum of the deltas theta is -0.18170785903930664 and the maximum is 0.17855118215084076
the added laplace noise var is 0.0040493064635646414
global epoch 34 has been done artifficialy in 0.90 secs, the total time by now is 29.38 
 with avg train loss 1.524, val loss 1.981, avg val acc 28.12%
iteration: 35
user 4, emp_avg: 0.5741156468397175, h: 1.03276542275912, ucb: 1.5855868519408234,num_of_obs(calculated after picking at this round): 21, privacy reward: 0.4317105234290791, g: -0.006005421767448713, curr_delay = 0.05, data_size = 3770
user 5, emp_avg: 0.5386007620653329, h: 3.2658910245855175, ucb: 3.72301278124666,num_of_obs(calculated after picking at this round): 3, privacy reward: 0.8869204367171574, g: 0.0007273823598522714, curr_delay = 0.07126986637939228, data_size = 642
user 13, emp_avg: 0.2947590987864552, h: 1.2809878510483914, ucb: 1.5837564156558468,num_of_obs(calculated after picking at this round): 14, privacy reward: 0.5712090638488144, g: -0.0003707550314870244, curr_delay = 0.26227988780822115, data_size = 2688
user 22, emp_avg: 0.061052706792422445, h: 2.06553084551824, ucb: 2.1263192872393075,num_of_obs(calculated after picking at this round): 6, privacy reward: 0.7866278610665532, g: -0.00048085887937242977, curr_delay = 0.8016156447991124, data_size = 923
user 27, emp_avg: 0.05695000852951457, h: 1.2343907800130303, ucb: 1.2914454799736206,num_of_obs(calculated after picking at this round): 15, privacy reward: 0.5488116360940261, g: -0.03485853281106529, curr_delay = 0.9011553596615764, data_size = 1628
num of fast users chosen: 3, num of slow users chosen: 2
max_delay = 0.90 seconds
after cleansing the weights updates who were almost zeros (meaning with absolute value of less than 10**-7, 0.00% of the weights upadtes) we get:
user No.4.0 has been picked 21, his deltas theta's mean
 is -0.0005872290930710733,
the empirical var of deltas thetas is 0.0041831559501588345
the minimum of the deltas theta is -0.40999454259872437 and the maximum is 0.48166680335998535
the added laplace noise var is 0.006811045433820142
global epoch 35 has been done artifficialy in 0.90 secs, the total time by now is 30.28 
 with avg train loss 1.531, val loss 1.990, avg val acc 25.97%
iteration: 36
user 0, emp_avg: 0.7601596901121883, h: 1.3385661990458504, ucb: 2.078739196667388,num_of_obs(calculated after picking at this round): 13, privacy reward: 0.5945205479701939, g: 0.016919149618861033, curr_delay = 0.05, data_size = 3537
user 6, emp_avg: 0.46664105988928234, h: 1.1246205538061862, ucb: 1.5923881799666693,num_of_obs(calculated after picking at this round): 18, privacy reward: 0.48675225595997107, g: -0.0024175393338463943, curr_delay = 0.11173448193767896, data_size = 3229
user 11, emp_avg: 0.3480412057082594, h: 3.2788041745990766, ucb: 3.6386670431886863,num_of_obs(calculated after picking at this round): 3, privacy reward: 0.8869204367171574, g: 0.0003508525012869771, curr_delay = 0.1541317101344531, data_size = 567
user 14, emp_avg: 0.26794529821083823, h: 1.4663258038627247, ucb: 1.726727565691284,num_of_obs(calculated after picking at this round): 11, privacy reward: 0.6440364210831411, g: 0.0006516006600346258, curr_delay = 0.14561099540050226, data_size = 2315
user 28, emp_avg: 0.05544729449133655, h: 1.8930184728248456, ucb: 1.9488458122156598,num_of_obs(calculated after picking at this round): 7, privacy reward: 0.7557837414557252, g: -7.728585829602467e-05, curr_delay = 0.9404325314639436, data_size = 1205
num of fast users chosen: 4, num of slow users chosen: 1
max_delay = 0.94 seconds
after cleansing the weights updates who were almost zeros (meaning with absolute value of less than 10**-7, 0.00% of the weights upadtes) we get:
user No.0.0 has been picked 13, his deltas theta's mean
 is -0.0012216122122481465,
the empirical var of deltas thetas is 0.002650383859872818
the minimum of the deltas theta is -0.3089793920516968 and the maximum is 0.46000534296035767
the added laplace noise var is 0.004945834083233656
global epoch 36 has been done artifficialy in 0.94 secs, the total time by now is 31.22 
 with avg train loss 1.529, val loss 1.921, avg val acc 30.77%
iteration: 37
user 4, emp_avg: 0.5930237547007582, h: 1.0157218281518146, ucb: 1.589837474991532,num_of_obs(calculated after picking at this round): 22, privacy reward: 0.41478291168158077, g: -0.005421914783282983, curr_delay = 0.05050025452227072, data_size = 3770
user 6, emp_avg: 0.49471258305300436, h: 1.0971049649941165, ucb: 1.5637460248833988,num_of_obs(calculated after picking at this round): 19, privacy reward: 0.4676664270099087, g: -0.004023712926638912, curr_delay = 0.05, data_size = 3229
user 7, emp_avg: 0.42372535008713125, h: 0, ucb: inf,num_of_obs(calculated after picking at this round): 1, privacy reward: 0.9607894391523232, g: 0.0032930870797956155, curr_delay = 0.11800096451561945, data_size = 438
user 10, emp_avg: 0.3449599717113613, h: 2.687347358509586, ucb: 3.039561355195742,num_of_obs(calculated after picking at this round): 4, privacy reward: 0.8521437889662112, g: 0.003634427338815998, curr_delay = 0.15470397702790642, data_size = 1079
user 17, emp_avg: 0.06554337701381266, h: 2.687347358509586, ucb: 2.7509715509731714,num_of_obs(calculated after picking at this round): 4, privacy reward: 0.8521437889662112, g: 0.02451844656814085, curr_delay = 0.7012531187744849, data_size = 1814
num of fast users chosen: 4, num of slow users chosen: 1
max_delay = 0.70 seconds
after cleansing the weights updates who were almost zeros (meaning with absolute value of less than 10**-7, 0.00% of the weights upadtes) we get:
user No.4.0 has been picked 22, his deltas theta's mean
 is -0.0007531211595050991,
the empirical var of deltas thetas is 0.0043378062546253204
the minimum of the deltas theta is -0.37141934037208557 and the maximum is 0.5597254633903503
the added laplace noise var is 0.007089009471033874
global epoch 37 has been done artifficialy in 0.70 secs, the total time by now is 31.92 
 with avg train loss 1.621, val loss 1.935, avg val acc 32.81%
iteration: 38
user 4, emp_avg: 0.5821565879644448, h: 0.9960265823022248, ucb: 1.5890503370029831,num_of_obs(calculated after picking at this round): 23, privacy reward: 0.3985190410845135, g: -0.007227287254308943, curr_delay = 0.14573906212065868, data_size = 3770
user 8, emp_avg: 0.4236070188543476, h: 1.765766404157466, ucb: 2.2143632139735088,num_of_obs(calculated after picking at this round): 8, privacy reward: 0.7261490370736907, g: 0.027598780712610408, curr_delay = 0.20106283251066812, data_size = 2674
user 14, emp_avg: 0.26900376089156314, h: 1.408594301175928, ucb: 1.6765395993867664,num_of_obs(calculated after picking at this round): 12, privacy reward: 0.6187833918061405, g: 0.0001912844828303341, curr_delay = 0.1781598472684858, data_size = 2315
user 15, emp_avg: 0.06534134683693137, h: 0, ucb: inf,num_of_obs(calculated after picking at this round): 1, privacy reward: 0.9607894391523232, g: 0.00803095509270479, curr_delay = 0.7652122648279982, data_size = 684
user 24, emp_avg: 0.061405353843563236, h: 1.9072456998840988, ucb: 1.9685631814789422,num_of_obs(calculated after picking at this round): 7, privacy reward: 0.7557837414557252, g: -0.00024368225407497374, curr_delay = 0.8073294230197826, data_size = 1086
num of fast users chosen: 3, num of slow users chosen: 2
max_delay = 0.81 seconds
after cleansing the weights updates who were almost zeros (meaning with absolute value of less than 10**-7, 0.00% of the weights upadtes) we get:
user No.4.0 has been picked 23, his deltas theta's mean
 is -0.002273410093039274,
the empirical var of deltas thetas is 0.005122372414916754
the minimum of the deltas theta is -0.4358120560646057 and the maximum is 0.5482064485549927
the added laplace noise var is 0.0073783174358039395
global epoch 38 has been done artifficialy in 0.81 secs, the total time by now is 32.73 
 with avg train loss 1.603, val loss 1.973, avg val acc 29.64%
iteration: 39
user 4, emp_avg: 0.5703114757541389, h: 0.9776051011389779, ucb: 1.5597616891034227,num_of_obs(calculated after picking at this round): 24, privacy reward: 0.3828928859751114, g: -0.009179493765158364, curr_delay = 0.16785626687399052, data_size = 3770
user 8, emp_avg: 0.41458873474151475, h: 1.657610097277775, ucb: 2.0812171161321227,num_of_obs(calculated after picking at this round): 9, privacy reward: 0.6976763260710308, g: 0.021086271922027236, curr_delay = 0.14600993034423748, data_size = 2674
user 16, emp_avg: 0.07465609960811571, h: 4.68842936139363, ucb: 4.7655078900571075,num_of_obs(calculated after picking at this round): 2, privacy reward: 0.9231163463866358, g: 0.010884288251203645, curr_delay = 0.692197968307373, data_size = 992
user 17, emp_avg: 0.06741196281117186, h: 2.344214680696815, ucb: 2.4097580577106275,num_of_obs(calculated after picking at this round): 5, privacy reward: 0.8187307530779817, g: 0.018252185969536386, curr_delay = 0.6676788143294666, data_size = 1814
user 23, emp_avg: 0.05957054137942765, h: 2.7068659538771573, ucb: 2.766080039676472,num_of_obs(calculated after picking at this round): 4, privacy reward: 0.8521437889662112, g: -0.00020816689713789048, curr_delay = 0.8245395078971428, data_size = 477
num of fast users chosen: 2, num of slow users chosen: 3
max_delay = 0.82 seconds
after cleansing the weights updates who were almost zeros (meaning with absolute value of less than 10**-7, 0.00% of the weights upadtes) we get:
user No.4.0 has been picked 24, his deltas theta's mean
 is -0.0012302125105634332,
the empirical var of deltas thetas is 0.0045937360264360905
the minimum of the deltas theta is -0.375603586435318 and the maximum is 0.4520145058631897
the added laplace noise var is 0.007679432282596293
global epoch 39 has been done artifficialy in 0.82 secs, the total time by now is 33.55 
 with avg train loss 1.566, val loss 1.919, avg val acc 29.38%
iteration: 40
user 0, emp_avg: 0.776187053491422, h: 1.3048217303726153, ucb: 2.064981420484804,num_of_obs(calculated after picking at this round): 14, privacy reward: 0.5712090638488144, g: 0.019156487922104132, curr_delay = 0.050784994970915445, data_size = 3537
user 5, emp_avg: 0.5407272187904734, h: 2.716203031481239, ucb: 3.254803793546572,num_of_obs(calculated after picking at this round): 4, privacy reward: 0.8521437889662112, g: 8.30446585741343e-05, curr_delay = 0.09138986992371406, data_size = 642
user 6, emp_avg: 0.5060347597529461, h: 1.0793096410665188, ucb: 1.5740222241195232,num_of_obs(calculated after picking at this round): 20, privacy reward: 0.449328964117221, g: -0.002698413600272765, curr_delay = 0.06933311500484138, data_size = 3229
user 17, emp_avg: 0.06720704947906676, h: 2.103961821168988, ucb: 2.17137378398016,num_of_obs(calculated after picking at this round): 6, privacy reward: 0.7866278610665532, g: 0.012693346753128368, curr_delay = 0.7554869184507581, data_size = 1814
user 28, emp_avg: 0.05468713669962708, h: 1.7781722849473283, ucb: 1.8336195794386647,num_of_obs(calculated after picking at this round): 8, privacy reward: 0.7261490370736907, g: -0.0002932509291761964, curr_delay = 1.0128421875251075, data_size = 1205
num of fast users chosen: 3, num of slow users chosen: 2
max_delay = 1.01 seconds
after cleansing the weights updates who were almost zeros (meaning with absolute value of less than 10**-7, 0.00% of the weights upadtes) we get:
user No.0.0 has been picked 14, his deltas theta's mean
 is -4.747269849758595e-05,
the empirical var of deltas thetas is 0.0025678237434476614
the minimum of the deltas theta is -0.2809361219406128 and the maximum is 0.361066609621048
the added laplace noise var is 0.005147677401197522
global epoch 40 has been done artifficialy in 1.01 secs, the total time by now is 34.56 
 with avg train loss 1.504, val loss 1.866, avg val acc 33.48%
iteration: 41
user 0, emp_avg: 0.7911079165919939, h: 1.2615589109234724, ucb: 2.0377459644148943,num_of_obs(calculated after picking at this round): 15, privacy reward: 0.5488116360940261, g: 0.014870229441990889, curr_delay = 0.05, data_size = 3537
user 8, emp_avg: 0.4105712531980722, h: 1.5734404059690996, ucb: 1.9880291407106143,num_of_obs(calculated after picking at this round): 10, privacy reward: 0.670320046035639, g: 0.01711574024341712, curr_delay = 0.1335420437694536, data_size = 2674
user 16, emp_avg: 0.07159263142376504, h: 3.337771142560994, ucb: 3.4124272421691098,num_of_obs(calculated after picking at this round): 3, privacy reward: 0.8869204367171574, g: 0.006591544954196221, curr_delay = 0.763758789362041, data_size = 992
user 17, emp_avg: 0.06724183020059131, h: 1.9270630676509546, ucb: 1.9942701171300214,num_of_obs(calculated after picking at this round): 7, privacy reward: 0.7557837414557252, g: 0.00833994337030648, curr_delay = 0.7412841895810184, data_size = 1814
user 18, emp_avg: 0.06234904193759044, h: 3.337771142560994, ucb: 3.3993071321174306,num_of_obs(calculated after picking at this round): 3, privacy reward: 0.8869204367171574, g: 0.0016568230648146439, curr_delay = 0.7815535028711307, data_size = 683
num of fast users chosen: 2, num of slow users chosen: 3
max_delay = 0.78 seconds
after cleansing the weights updates who were almost zeros (meaning with absolute value of less than 10**-7, 0.00% of the weights upadtes) we get:
user No.0.0 has been picked 15, his deltas theta's mean
 is -0.0017217202112078667,
the empirical var of deltas thetas is 0.002797194290906191
the minimum of the deltas theta is -0.32080864906311035 and the maximum is 0.3818601965904236
the added laplace noise var is 0.005357758101233054
global epoch 41 has been done artifficialy in 0.78 secs, the total time by now is 35.34 
 with avg train loss 1.587, val loss 1.915, avg val acc 31.09%
iteration: 42
user 0, emp_avg: 0.8041636718049943, h: 1.2227296705786392, ucb: 2.013837587170633,num_of_obs(calculated after picking at this round): 16, privacy reward: 0.5272924240430481, g: 0.011292060589186846, curr_delay = 0.05, data_size = 3537
user 1, emp_avg: 0.7718885730983405, h: 1.6742915557669538, ucb: 2.4176662005025866,num_of_obs(calculated after picking at this round): 9, privacy reward: 0.6976763260710308, g: -0.008894328292126859, curr_delay = 0.05, data_size = 734
user 2, emp_avg: 0.876204607773646, h: 2.734106661519762, ucb: 3.734106661519762,num_of_obs(calculated after picking at this round): 4, privacy reward: 0.8521437889662112, g: 0.001079840301954013, curr_delay = 0.0990455120499194, data_size = 796
user 8, emp_avg: 0.4008155754896466, h: 1.4975318931395154, ucb: 1.9081031463375875,num_of_obs(calculated after picking at this round): 11, privacy reward: 0.6440364210831411, g: 0.012598737045230336, curr_delay = 0.16487567801136316, data_size = 2674
user 27, emp_avg: 0.05663420707253521, h: 1.2227296705786392, ucb: 1.2796796791081537,num_of_obs(calculated after picking at this round): 16, privacy reward: 0.5272924240430481, g: -0.020692033257859836, curr_delay = 0.963443388887446, data_size = 1628
num of fast users chosen: 4, num of slow users chosen: 1
max_delay = 0.96 seconds
after cleansing the weights updates who were almost zeros (meaning with absolute value of less than 10**-7, 0.00% of the weights upadtes) we get:
user No.0.0 has been picked 16, his deltas theta's mean
 is -0.0006280032102949917,
the empirical var of deltas thetas is 0.0028839888982474804
the minimum of the deltas theta is -0.41302037239074707 and the maximum is 0.45732906460762024
the added laplace noise var is 0.005576412357279915
global epoch 42 has been done artifficialy in 0.96 secs, the total time by now is 36.31 
 with avg train loss 1.535, val loss 1.828, avg val acc 38.66%
iteration: 43
user 0, emp_avg: 0.7901778924136518, h: 1.187623696035527, ucb: 1.9917873678405214,num_of_obs(calculated after picking at this round): 17, privacy reward: 0.5066169923655891, g: 0.008338235931521542, curr_delay = 0.0882759910913545, data_size = 3537
user 3, emp_avg: 0.7280423304678628, h: 3.359107075858209, ucb: 4.193317192491454,num_of_obs(calculated after picking at this round): 3, privacy reward: 0.8869204367171574, g: 0.00020392521334605215, curr_delay = 0.09695432377232464, data_size = 464
user 8, emp_avg: 0.39519356119174076, h: 1.43232806977634, ucb: 1.8331436452659866,num_of_obs(calculated after picking at this round): 12, privacy reward: 0.6187833918061405, g: 0.008935047543817163, curr_delay = 0.1499918686791635, data_size = 2674
user 17, emp_avg: 0.06814395025616125, h: 1.7955182576213544, ucb: 1.8627600878219457,num_of_obs(calculated after picking at this round): 8, privacy reward: 0.7261490370736907, g: 0.0056061242835635195, curr_delay = 0.6715123837866983, data_size = 1814
user 26, emp_avg: 0.057757788810249164, h: 1.5834982613807027, ucb: 1.6410567907141742,num_of_obs(calculated after picking at this round): 10, privacy reward: 0.670320046035639, g: -0.003577473134649758, curr_delay = 0.8396147134853598, data_size = 1141
num of fast users chosen: 3, num of slow users chosen: 2
max_delay = 0.84 seconds
after cleansing the weights updates who were almost zeros (meaning with absolute value of less than 10**-7, 0.00% of the weights upadtes) we get:
user No.0.0 has been picked 17, his deltas theta's mean
 is -0.0001653616491239518,
the empirical var of deltas thetas is 0.002757494570687413
the minimum of the deltas theta is -0.35152924060821533 and the maximum is 0.3597487211227417
the added laplace noise var is 0.0058039900627965095
global epoch 43 has been done artifficialy in 0.84 secs, the total time by now is 37.15 
 with avg train loss 1.480, val loss 1.854, avg val acc 35.49%
iteration: 44
user 0, emp_avg: 0.7870022542013164, h: 1.1556800341716194, ucb: 1.9458579265852711,num_of_obs(calculated after picking at this round): 18, privacy reward: 0.48675225595997107, g: 0.005935674465991676, curr_delay = 0.06821129743727422, data_size = 3537
user 6, emp_avg: 0.5218413413412649, h: 1.0654843453451008, ucb: 1.571519105098047,num_of_obs(calculated after picking at this round): 21, privacy reward: 0.4317105234290791, g: -0.0009917278863397303, curr_delay = 0.05966779550726311, data_size = 3229
user 14, emp_avg: 0.2675555791540124, h: 1.3755343750554294, ucb: 1.6445381359469926,num_of_obs(calculated after picking at this round): 13, privacy reward: 0.5945205479701939, g: 0.0009349513905104891, curr_delay = 0.1998581819903741, data_size = 2315
user 16, emp_avg: 0.06952185734873839, h: 2.751068750110859, ucb: 2.822661381534624,num_of_obs(calculated after picking at this round): 4, privacy reward: 0.8521437889662112, g: 0.0038176333422124307, curr_delay = 0.7897704493065415, data_size = 992
user 18, emp_avg: 0.06616137554430733, h: 2.751068750110859, ucb: 2.8134177920484493,num_of_obs(calculated after picking at this round): 4, privacy reward: 0.8521437889662112, g: 0.00045380763145268607, curr_delay = 0.6443433785929218, data_size = 683
num of fast users chosen: 3, num of slow users chosen: 2
max_delay = 0.79 seconds
after cleansing the weights updates who were almost zeros (meaning with absolute value of less than 10**-7, 0.00% of the weights upadtes) we get:
user No.0.0 has been picked 18, his deltas theta's mean
 is -0.001169797615148127,
the empirical var of deltas thetas is 0.003041710238903761
the minimum of the deltas theta is -0.36414864659309387 and the maximum is 0.42028242349624634
the added laplace noise var is 0.006040855390664162
global epoch 44 has been done artifficialy in 0.79 secs, the total time by now is 37.94 
 with avg train loss 1.529, val loss 1.803, avg val acc 33.68%
iteration: 45
user 4, emp_avg: 0.5623539798795797, h: 0.9755335065709326, ucb: 1.5458449823250715,num_of_obs(calculated after picking at this round): 25, privacy reward: 0.36787944117144167, g: -0.0015523141611748046, curr_delay = 0.13463513702793514, data_size = 3770
user 8, emp_avg: 0.38676005810923725, h: 1.3796127155419957, ucb: 1.7748062767337365,num_of_obs(calculated after picking at this round): 13, privacy reward: 0.5945205479701939, g: 0.0070011152435814445, curr_delay = 0.1750957644405634, data_size = 2674
user 9, emp_avg: 0.3063796413949104, h: 0, ucb: inf,num_of_obs(calculated after picking at this round): 1, privacy reward: 0.9607894391523232, g: 0.003476002031122225, curr_delay = 0.1631962220869373, data_size = 450
user 14, emp_avg: 0.2654569057396867, h: 1.3254890226345757, ucb: 1.5930446017885882,num_of_obs(calculated after picking at this round): 14, privacy reward: 0.5712090638488144, g: 0.0002078025658945784, curr_delay = 0.2099304215670302, data_size = 2315
user 24, emp_avg: 0.062237959143424254, h: 1.8063370567699357, ucb: 1.867742410613499,num_of_obs(calculated after picking at this round): 8, privacy reward: 0.7261490370736907, g: -0.00017612326181313075, curr_delay = 0.7345790239533924, data_size = 1086
num of fast users chosen: 4, num of slow users chosen: 1
max_delay = 0.73 seconds
after cleansing the weights updates who were almost zeros (meaning with absolute value of less than 10**-7, 0.00% of the weights upadtes) we get:
user No.4.0 has been picked 25, his deltas theta's mean
 is -0.0011647528735920787,
the empirical var of deltas thetas is 0.004963678773492575
the minimum of the deltas theta is -0.38630127906799316 and the maximum is 0.4584106504917145
the added laplace noise var is 0.007992835859407068
global epoch 45 has been done artifficialy in 0.73 secs, the total time by now is 38.67 
 with avg train loss 1.546, val loss 1.789, avg val acc 37.57%
iteration: 46
user 4, emp_avg: 0.5687469600756119, h: 0.9585791230552556, ucb: 1.5209331029348352,num_of_obs(calculated after picking at this round): 26, privacy reward: 0.3534546819587794, g: -0.0024546422028266686, curr_delay = 0.06862744755124112, data_size = 3770
user 6, emp_avg: 0.5116273700184735, h: 1.0458955692869278, ucb: 1.5677369106281929,num_of_obs(calculated after picking at this round): 22, privacy reward: 0.41478291168158077, g: -0.0011201067546542768, curr_delay = 0.16827426235744838, data_size = 3229
user 16, emp_avg: 0.06906993383864866, h: 2.396447807638139, ucb: 2.4659696649868774,num_of_obs(calculated after picking at this round): 5, privacy reward: 0.8187307530779817, g: 0.0018500576266257962, curr_delay = 0.7433591291331235, data_size = 992
user 25, emp_avg: 0.0644969565346431, h: 4.792895615276278, ucb: 4.858391463496755,num_of_obs(calculated after picking at this round): 2, privacy reward: 0.9231163463866358, g: 0.0033546311049291078, curr_delay = 0.7874255714572089, data_size = 608
user 27, emp_avg: 0.05663901633812714, h: 1.1982239038190694, ucb: 1.2548581108916046,num_of_obs(calculated after picking at this round): 17, privacy reward: 0.5066169923655891, g: -0.018098451799493535, curr_delay = 0.8815859937068483, data_size = 1628
num of fast users chosen: 2, num of slow users chosen: 3
max_delay = 0.88 seconds
after cleansing the weights updates who were almost zeros (meaning with absolute value of less than 10**-7, 0.00% of the weights upadtes) we get:
user No.4.0 has been picked 26, his deltas theta's mean
 is -0.00204864121042192,
the empirical var of deltas thetas is 0.006113302893936634
the minimum of the deltas theta is -0.5670688152313232 and the maximum is 0.5561241507530212
the added laplace noise var is 0.008319029678822153
global epoch 46 has been done artifficialy in 0.88 secs, the total time by now is 39.55 
 with avg train loss 1.472, val loss 1.858, avg val acc 30.37%
iteration: 47
user 4, emp_avg: 0.5847192948876262, h: 0.9426004457852908, ucb: 1.5113474058609027,num_of_obs(calculated after picking at this round): 27, privacy reward: 0.33959552564493845, g: -0.0035114601134719602, curr_delay = 0.05, data_size = 3770
user 13, emp_avg: 0.29294578285619827, h: 1.2845478807252533, ucb: 1.5793069795117085,num_of_obs(calculated after picking at this round): 15, privacy reward: 0.5488116360940261, g: 0.002948623670151336, curr_delay = 0.1868744193112231, data_size = 2688
user 17, emp_avg: 0.06782971486178767, h: 1.69929711977704, ucb: 1.767441070033201,num_of_obs(calculated after picking at this round): 9, privacy reward: 0.6976763260710308, g: 0.004549770666494573, curr_delay = 0.7655111891470456, data_size = 1814
user 18, emp_avg: 0.06681116264178044, h: 2.4031690332902276, ucb: 2.469330408834535,num_of_obs(calculated after picking at this round): 5, privacy reward: 0.8187307530779817, g: 1.9168603067586676e-05, curr_delay = 0.7203540692561412, data_size = 683
user 26, emp_avg: 0.0575681783656304, h: 1.5198975495164255, ucb: 1.5776553383266747,num_of_obs(calculated after picking at this round): 11, privacy reward: 0.6440364210831411, g: -0.004003803250676548, curr_delay = 0.8981163531351425, data_size = 1141
num of fast users chosen: 2, num of slow users chosen: 3
max_delay = 0.90 seconds
after cleansing the weights updates who were almost zeros (meaning with absolute value of less than 10**-7, 0.00% of the weights upadtes) we get:
user No.4.0 has been picked 27, his deltas theta's mean
 is -0.003190802177414298,
the empirical var of deltas thetas is 0.007738786283880472
the minimum of the deltas theta is -0.522101640701294 and the maximum is 0.536102294921875
the added laplace noise var is 0.008658535720544341
global epoch 47 has been done artifficialy in 0.90 secs, the total time by now is 40.45 
 with avg train loss 1.465, val loss 1.801, avg val acc 35.49%
iteration: 48
user 0, emp_avg: 0.7876635540585631, h: 1.1359578940124926, ucb: 1.922960148213809,num_of_obs(calculated after picking at this round): 19, privacy reward: 0.4676664270099087, g: 0.00781579143597883, curr_delay = 0.06253385023841566, data_size = 3537
user 6, emp_avg: 0.5131123441305531, h: 1.0275125760222938, ucb: 1.5391399460407673,num_of_obs(calculated after picking at this round): 23, privacy reward: 0.3985190410845135, g: -0.0012446494831960162, curr_delay = 0.09161170696288495, data_size = 3229
user 8, emp_avg: 0.3935848549098327, h: 1.3366780311206454, ucb: 1.7234380892298826,num_of_obs(calculated after picking at this round): 14, privacy reward: 0.5712090638488144, g: 0.006321204127666381, curr_delay = 0.10366836451827594, data_size = 2674
user 15, emp_avg: 0.06468546165282765, h: 4.8194611799917375, ucb: 4.884802526828669,num_of_obs(calculated after picking at this round): 2, privacy reward: 0.9231163463866358, g: 0.004730999693059409, curr_delay = 0.7808891258936116, data_size = 684
user 16, emp_avg: 0.06955253048123118, h: 2.1553285626765746, ucb: 2.224398496515223,num_of_obs(calculated after picking at this round): 6, privacy reward: 0.7866278610665532, g: 0.0006657510116243894, curr_delay = 0.6947772263879329, data_size = 992
num of fast users chosen: 3, num of slow users chosen: 2
max_delay = 0.78 seconds
after cleansing the weights updates who were almost zeros (meaning with absolute value of less than 10**-7, 0.00% of the weights upadtes) we get:
user No.0.0 has been picked 19, his deltas theta's mean
 is -0.0012308851582929492,
the empirical var of deltas thetas is 0.003143570153042674
the minimum of the deltas theta is -0.35800036787986755 and the maximum is 0.39688044786453247
the added laplace noise var is 0.006287387375941429
global epoch 48 has been done artifficialy in 0.78 secs, the total time by now is 41.23 
 with avg train loss 1.533, val loss 1.811, avg val acc 33.82%
iteration: 49
user 0, emp_avg: 0.7916707873029585, h: 1.1086008675866539, ucb: 1.896264421645217,num_of_obs(calculated after picking at this round): 20, privacy reward: 0.449328964117221, g: 0.005723204348202178, curr_delay = 0.05761641674781641, data_size = 3537
user 8, emp_avg: 0.38608511672320156, h: 1.291480927038628, ucb: 1.6850657819484607,num_of_obs(calculated after picking at this round): 15, privacy reward: 0.5488116360940261, g: 0.004176396854273571, curr_delay = 0.1778797418545433, data_size = 2674
user 17, emp_avg: 0.06794241132806245, h: 1.6107597168439134, ucb: 1.678589431705701,num_of_obs(calculated after picking at this round): 10, privacy reward: 0.670320046035639, g: 0.0029150587945511583, curr_delay = 0.7250929184055266, data_size = 1814
user 19, emp_avg: 0.06890921007592533, h: 4.832279150531741, ucb: 4.902376388022121,num_of_obs(calculated after picking at this round): 2, privacy reward: 0.9231163463866358, g: 0.003251606141594293, curr_delay = 0.738321423740397, data_size = 591
user 28, emp_avg: 0.05532439307127796, h: 1.7084686779636815, ucb: 1.7631558146633086,num_of_obs(calculated after picking at this round): 9, privacy reward: 0.6976763260710308, g: -2.905077452708043e-05, curr_delay = 0.82750707606578, data_size = 1205
num of fast users chosen: 2, num of slow users chosen: 3
max_delay = 0.83 seconds
after cleansing the weights updates who were almost zeros (meaning with absolute value of less than 10**-7, 0.00% of the weights upadtes) we get:
user No.0.0 has been picked 20, his deltas theta's mean
 is 0.0007887189858593047,
the empirical var of deltas thetas is 0.0031300969421863556
the minimum of the deltas theta is -0.36028990149497986 and the maximum is 0.45245808362960815
the added laplace noise var is 0.006543980522401047
global epoch 49 has been done artifficialy in 0.83 secs, the total time by now is 42.06 
 with avg train loss 1.495, val loss 1.710, avg val acc 41.77%
iteration: 50
user 4, emp_avg: 0.5983008211638502, h: 0.932383207512179, ucb: 1.5171025023998053,num_of_obs(calculated after picking at this round): 28, privacy reward: 0.3262797946230388, g: -0.0021220841827489334, curr_delay = 0.05181336247321393, data_size = 3770
user 8, emp_avg: 0.3806481962148204, h: 1.250923339845915, ucb: 1.6370084565691165,num_of_obs(calculated after picking at this round): 16, privacy reward: 0.5272924240430481, g: 0.0025340485384831393, curr_delay = 0.1671713074787579, data_size = 2674
user 17, emp_avg: 0.06798529894960044, h: 1.532061944980322, ucb: 1.6000043563083846,num_of_obs(calculated after picking at this round): 11, privacy reward: 0.6440364210831411, g: 0.001418633680256737, curr_delay = 0.7308426927522735, data_size = 1814
user 24, emp_avg: 0.06223045150011772, h: 1.7128973273582715, ucb: 1.7751352865016958,num_of_obs(calculated after picking at this round): 9, privacy reward: 0.6976763260710308, g: -0.0003138420722568319, curr_delay = 0.8042413714240424, data_size = 1086
user 29, emp_avg: 0.054474484265397624, h: 2.4224026313026945, ucb: 2.4760160752610796,num_of_obs(calculated after picking at this round): 5, privacy reward: 0.8187307530779817, g: -1.1256576217344886e-05, curr_delay = 0.8632798570135252, data_size = 585
num of fast users chosen: 2, num of slow users chosen: 3
max_delay = 0.86 seconds
after cleansing the weights updates who were almost zeros (meaning with absolute value of less than 10**-7, 0.00% of the weights upadtes) we get:
user No.4.0 has been picked 28, his deltas theta's mean
 is 0.0003081803733948618,
the empirical var of deltas thetas is 0.004303544759750366
the minimum of the deltas theta is -0.38588011264801025 and the maximum is 0.45300135016441345
the added laplace noise var is 0.009011897266672203
global epoch 50 has been done artifficialy in 0.86 secs, the total time by now is 42.92 
 with avg train loss 1.446, val loss 1.769, avg val acc 39.14%
iteration: 51
user 4, emp_avg: 0.5948645314110574, h: 0.9178965432744655, ucb: 1.5161973644383155,num_of_obs(calculated after picking at this round): 29, privacy reward: 0.3134861808826046, g: -0.0030344335506533363, curr_delay = 0.10027104902320941, data_size = 3770
user 11, emp_avg: 0.33712785624286834, h: 2.804220259795698, ucb: 3.1522614655039574,num_of_obs(calculated after picking at this round): 4, privacy reward: 0.8521437889662112, g: 0.0002391069443979466, curr_delay = 0.16426413512982269, data_size = 567
user 13, emp_avg: 0.29375777231315375, h: 1.25408542495706, ucb: 1.5470312078132584,num_of_obs(calculated after picking at this round): 16, privacy reward: 0.5272924240430481, g: 0.0033704903348668025, curr_delay = 0.1634320125560876, data_size = 2688
user 16, emp_avg: 0.06894657628578167, h: 1.98288316164224, ucb: 2.052435692123471,num_of_obs(calculated after picking at this round): 7, privacy reward: 0.7557837414557252, g: 0.00015182574834151486, curr_delay = 0.7655695668921223, data_size = 992
user 27, emp_avg: 0.056614738276566885, h: 1.17800813430593, ucb: 1.2346471506440573,num_of_obs(calculated after picking at this round): 18, privacy reward: 0.48675225595997107, g: -0.014409057315602831, curr_delay = 0.8896478774637279, data_size = 1628
num of fast users chosen: 3, num of slow users chosen: 2
max_delay = 0.89 seconds
after cleansing the weights updates who were almost zeros (meaning with absolute value of less than 10**-7, 0.00% of the weights upadtes) we get:
user No.4.0 has been picked 29, his deltas theta's mean
 is -0.0015241513028740883,
the empirical var of deltas thetas is 0.004465003963559866
the minimum of the deltas theta is -0.4667195975780487 and the maximum is 0.4678115248680115
the added laplace noise var is 0.009379679771067361
global epoch 51 has been done artifficialy in 0.89 secs, the total time by now is 43.81 
 with avg train loss 1.464, val loss 1.775, avg val acc 35.48%
iteration: 52
user 4, emp_avg: 0.5901632068797813, h: 0.9041563473184034, ucb: 1.499020878729461,num_of_obs(calculated after picking at this round): 30, privacy reward: 0.3011942119122014, g: -0.004065132632508272, curr_delay = 0.11017467643633751, data_size = 3770
user 7, emp_avg: 0.5378690916801941, h: 4.869030941726348, ucb: 5.292756291813479,num_of_obs(calculated after picking at this round): 2, privacy reward: 0.9231163463866358, g: 0.0014557778083072457, curr_delay = 0.07668560716663858, data_size = 438
user 13, emp_avg: 0.2943934906781907, h: 1.217257735431587, ucb: 1.5110155077447407,num_of_obs(calculated after picking at this round): 17, privacy reward: 0.5066169923655891, g: 0.001978582808589279, curr_delay = 0.1641685766307014, data_size = 2688
user 17, emp_avg: 0.06761473896237531, h: 1.4680680660306458, ucb: 1.5360533649802461,num_of_obs(calculated after picking at this round): 12, privacy reward: 0.6187833918061405, g: 0.0006825831483356587, curr_delay = 0.7869234834324275, data_size = 1814
user 24, emp_avg: 0.06201101928603368, h: 1.6230103139087826, ucb: 1.6852407654089003,num_of_obs(calculated after picking at this round): 10, privacy reward: 0.670320046035639, g: -0.0009481787628802199, curr_delay = 0.8328318386547263, data_size = 1086
num of fast users chosen: 3, num of slow users chosen: 2
max_delay = 0.83 seconds
after cleansing the weights updates who were almost zeros (meaning with absolute value of less than 10**-7, 0.00% of the weights upadtes) we get:
user No.4.0 has been picked 30, his deltas theta's mean
 is -0.0015508239157497883,
the empirical var of deltas thetas is 0.004172462038695812
the minimum of the deltas theta is -0.3406186103820801 and the maximum is 0.3831223249435425
the added laplace noise var is 0.009762471764201303
global epoch 52 has been done artifficialy in 0.83 secs, the total time by now is 44.65 
 with avg train loss 1.417, val loss 1.662, avg val acc 44.13%
iteration: 53
user 0, emp_avg: 0.8015912260028176, h: 1.0913695863755946, ucb: 1.883040373678553,num_of_obs(calculated after picking at this round): 21, privacy reward: 0.4317105234290791, g: 0.007404339928534325, curr_delay = 0.05, data_size = 3537
user 12, emp_avg: 0.34493149303940474, h: 2.4403765837116578, ucb: 2.787962005759274,num_of_obs(calculated after picking at this round): 5, privacy reward: 0.8187307530779817, g: -0.00027271447480464104, curr_delay = 0.14955919953194188, data_size = 450
user 13, emp_avg: 0.2963841408667208, h: 1.1837565201090758, ucb: 1.4781500107872665,num_of_obs(calculated after picking at this round): 18, privacy reward: 0.48675225595997107, g: 0.000987144404204345, curr_delay = 0.1514118271337556, data_size = 2688
user 17, emp_avg: 0.06757763236854294, h: 1.408952077529985, ucb: 1.4765668164923604,num_of_obs(calculated after picking at this round): 13, privacy reward: 0.5945205479701939, g: 0.0001265548384051892, curr_delay = 0.744797367959768, data_size = 1814
user 26, emp_avg: 0.0576397925537347, h: 1.4716024500619826, ucb: 1.529170628427613,num_of_obs(calculated after picking at this round): 12, privacy reward: 0.6187833918061405, g: -0.0033705950174199627, curr_delay = 0.8557607015608814, data_size = 1141
num of fast users chosen: 3, num of slow users chosen: 2
max_delay = 0.86 seconds
after cleansing the weights updates who were almost zeros (meaning with absolute value of less than 10**-7, 0.00% of the weights upadtes) we get:
user No.0.0 has been picked 21, his deltas theta's mean
 is -0.00016199385572690517,
the empirical var of deltas thetas is 0.0035876124165952206
the minimum of the deltas theta is -0.41711124777793884 and the maximum is 0.4594499468803406
the added laplace noise var is 0.006811045433820142
global epoch 53 has been done artifficialy in 0.86 secs, the total time by now is 45.50 
 with avg train loss 1.394, val loss 1.707, avg val acc 38.25%
iteration: 54
user 2, emp_avg: 0.8826126168016583, h: 2.446114484206823, ucb: 3.3223190919804693,num_of_obs(calculated after picking at this round): 5, privacy reward: 0.8187307530779817, g: 0.0009129716653966687, curr_delay = 0.05505124620287802, data_size = 796
user 4, emp_avg: 0.5850335206052014, h: 0.8931947208267943, ucb: 1.4833579277065756,num_of_obs(calculated after picking at this round): 31, privacy reward: 0.2893842179390499, g: -0.0037972265787675707, curr_delay = 0.11597082138260639, data_size = 3770
user 6, emp_avg: 0.509902071863153, h: 1.0201002567818187, ucb: 1.5332126009123717,num_of_obs(calculated after picking at this round): 24, privacy reward: 0.3828928859751114, g: -8.249433873256192e-06, curr_delay = 0.1146615920952696, data_size = 3229
user 18, emp_avg: 0.06677275923668372, h: 2.187871306973317, ucb: 2.2546824696150973,num_of_obs(calculated after picking at this round): 6, privacy reward: 0.7866278610665532, g: -9.659746598574646e-06, curr_delay = 0.7509678976151322, data_size = 683
user 21, emp_avg: 0.06522389466948444, h: 1.997244112912659, ucb: 2.063607713902257,num_of_obs(calculated after picking at this round): 7, privacy reward: 0.7557837414557252, g: 0.006725292133797959, curr_delay = 0.8563747122879617, data_size = 1474
num of fast users chosen: 3, num of slow users chosen: 2
max_delay = 0.86 seconds
after cleansing the weights updates who were almost zeros (meaning with absolute value of less than 10**-7, 0.00% of the weights upadtes) we get:
user No.2.0 has been picked 5, his deltas theta's mean
 is 0.0007638509850949049,
the empirical var of deltas thetas is 0.00128363526891917
the minimum of the deltas theta is -0.22401539981365204 and the maximum is 0.2274889200925827
the added laplace noise var is 0.0035914126570663605
global epoch 54 has been done artifficialy in 0.86 secs, the total time by now is 46.36 
 with avg train loss 1.483, val loss 1.621, avg val acc 40.02%
iteration: 55
user 4, emp_avg: 0.5895370058605459, h: 0.8806888636522682, ucb: 1.4657223842574696,num_of_obs(calculated after picking at this round): 32, privacy reward: 0.2780373004531934, g: -0.004858431339128813, curr_delay = 0.06857346159576672, data_size = 3770
user 6, emp_avg: 0.5295059889886268, h: 1.000916228416803, ucb: 1.510818300279956,num_of_obs(calculated after picking at this round): 25, privacy reward: 0.36787944117144167, g: -0.0001771532572422295, curr_delay = 0.05, data_size = 3229
user 9, emp_avg: 0.3000790206705615, h: 4.903468069784367, ucb: 5.209847711179277,num_of_obs(calculated after picking at this round): 2, privacy reward: 0.9231163463866358, g: 0.0016626667574386371, curr_delay = 0.1701963112643898, data_size = 450
user 14, emp_avg: 0.27394001012951374, h: 1.3105069660084883, ucb: 1.575963871748175,num_of_obs(calculated after picking at this round): 15, privacy reward: 0.5488116360940261, g: 0.002377419897174923, curr_delay = 0.12732253116563363, data_size = 2315
user 22, emp_avg: 0.06116772586480088, h: 2.001832456833606, ucb: 2.0628851636260284,num_of_obs(calculated after picking at this round): 7, privacy reward: 0.7557837414557252, g: 0.00014013206643533367, curr_delay = 0.8083049740866964, data_size = 923
num of fast users chosen: 4, num of slow users chosen: 1
max_delay = 0.81 seconds
after cleansing the weights updates who were almost zeros (meaning with absolute value of less than 10**-7, 0.00% of the weights upadtes) we get:
user No.4.0 has been picked 32, his deltas theta's mean
 is -0.000984843703918159,
the empirical var of deltas thetas is 0.004996166564524174
the minimum of the deltas theta is -0.37722986936569214 and the maximum is 0.4682595133781433
the added laplace noise var is 0.01057555941070121
global epoch 55 has been done artifficialy in 0.81 secs, the total time by now is 47.17 
 with avg train loss 1.469, val loss 1.668, avg val acc 40.57%
iteration: 56
user 4, emp_avg: 0.5912670878765698, h: 0.8687654700854774, ucb: 1.4583024759460232,num_of_obs(calculated after picking at this round): 33, privacy reward: 0.26713530196584967, g: -0.006005421767448713, curr_delay = 0.07732400637027183, data_size = 3770
user 6, emp_avg: 0.5408349532350614, h: 0.9828959282530557, ucb: 1.5124019172416825,num_of_obs(calculated after picking at this round): 26, privacy reward: 0.3534546819587794, g: -0.0005463825968486802, curr_delay = 0.0606752628102316, data_size = 3229
user 11, emp_avg: 0.31362971416304486, h: 2.457239820632639, ucb: 2.7943676768755075,num_of_obs(calculated after picking at this round): 5, privacy reward: 0.8187307530779817, g: 8.168399838777153e-06, curr_delay = 0.22764819588199273, data_size = 567
user 14, emp_avg: 0.2777035632383328, h: 1.2689131870597214, ucb: 1.5428531971892352,num_of_obs(calculated after picking at this round): 16, privacy reward: 0.5272924240430481, g: 0.001256497232498421, curr_delay = 0.14963032636636417, data_size = 2315
user 16, emp_avg: 0.06813816512491801, h: 1.857498707725407, ucb: 1.9264452840111888,num_of_obs(calculated after picking at this round): 8, privacy reward: 0.7261490370736907, g: 2.468915196975065e-05, curr_delay = 0.8002652143085826, data_size = 992
num of fast users chosen: 4, num of slow users chosen: 1
max_delay = 0.80 seconds
after cleansing the weights updates who were almost zeros (meaning with absolute value of less than 10**-7, 0.00% of the weights upadtes) we get:
user No.4.0 has been picked 33, his deltas theta's mean
 is -0.0016342205926775932,
the empirical var of deltas thetas is 0.005222477950155735
the minimum of the deltas theta is -0.4558398723602295 and the maximum is 0.4651322066783905
the added laplace noise var is 0.011007156177769524
global epoch 56 has been done artifficialy in 0.80 secs, the total time by now is 47.97 
 with avg train loss 1.482, val loss 1.752, avg val acc 37.52%
iteration: 57
user 4, emp_avg: 0.6032886441154942, h: 0.8573798636050259, ucb: 1.4486469514815958,num_of_obs(calculated after picking at this round): 34, privacy reward: 0.25666077695355527, g: -0.007227287254308943, curr_delay = 0.05, data_size = 3770
user 13, emp_avg: 0.2926123976849569, h: 1.1608978232147953, ucb: 1.457281964081516,num_of_obs(calculated after picking at this round): 19, privacy reward: 0.4676664270099087, g: 0.0013238025564133796, curr_delay = 0.22249809967960407, data_size = 2688
user 18, emp_avg: 0.0673305396048673, h: 2.010734012204138, ucb: 2.0775067714408215,num_of_obs(calculated after picking at this round): 7, privacy reward: 0.7557837414557252, g: -0.00024896354232632344, curr_delay = 0.7074415026047036, data_size = 683
user 22, emp_avg: 0.06088378461844615, h: 1.8615779637948977, ucb: 1.9227456896596986,num_of_obs(calculated after picking at this round): 8, privacy reward: 0.7261490370736907, g: -3.5282715156505394e-06, curr_delay = 0.8489512648664137, data_size = 923
user 27, emp_avg: 0.05683931374026013, h: 1.1608978232147953, ucb: 1.2175125614913622,num_of_obs(calculated after picking at this round): 19, privacy reward: 0.4676664270099087, g: -0.010504994050407267, curr_delay = 0.8212652229519019, data_size = 1628
num of fast users chosen: 2, num of slow users chosen: 3
max_delay = 0.85 seconds
after cleansing the weights updates who were almost zeros (meaning with absolute value of less than 10**-7, 0.00% of the weights upadtes) we get:
user No.4.0 has been picked 34, his deltas theta's mean
 is -0.000288090028334409,
the empirical var of deltas thetas is 0.004969778936356306
the minimum of the deltas theta is -0.41261887550354004 and the maximum is 0.7184192538261414
the added laplace noise var is 0.011456366743040828
global epoch 57 has been done artifficialy in 0.85 secs, the total time by now is 48.82 
 with avg train loss 1.377, val loss 1.625, avg val acc 41.17%
iteration: 58
user 4, emp_avg: 0.5968262940398629, h: 0.846492035737499, ucb: 1.449780679852993,num_of_obs(calculated after picking at this round): 35, privacy reward: 0.2465969639416059, g: -0.008514303115474535, curr_delay = 0.1325885774709546, data_size = 3770
user 8, emp_avg: 0.38517116454087297, h: 1.2339635849387562, ucb: 1.6146117811535765,num_of_obs(calculated after picking at this round): 17, privacy reward: 0.5066169923655891, g: 0.00554686299358207, curr_delay = 0.10928038353095192, data_size = 2674
user 16, emp_avg: 0.06787864891711927, h: 1.7450880372949138, ucb: 1.8132262024198318,num_of_obs(calculated after picking at this round): 9, privacy reward: 0.6976763260710308, g: -6.339689187495685e-05, curr_delay = 0.7598493274466303, data_size = 992
user 27, emp_avg: 0.05700708204013709, h: 1.1323626456330962, ucb: 1.1892019593733563,num_of_obs(calculated after picking at this round): 20, privacy reward: 0.449328964117221, g: -0.013062342721760947, curr_delay = 0.8306381929066478, data_size = 1628
user 29, emp_avg: 0.05438678961751398, h: 2.207381166145916, ucb: 2.2618556504113134,num_of_obs(calculated after picking at this round): 6, privacy reward: 0.7866278610665532, g: -9.143143664690048e-05, curr_delay = 0.9268129824400071, data_size = 585
num of fast users chosen: 2, num of slow users chosen: 3
max_delay = 0.93 seconds
after cleansing the weights updates who were almost zeros (meaning with absolute value of less than 10**-7, 0.00% of the weights upadtes) we get:
user No.4.0 has been picked 35, his deltas theta's mean
 is -0.0024910259526222944,
the empirical var of deltas thetas is 0.004739826079457998
the minimum of the deltas theta is -0.43525850772857666 and the maximum is 0.4654172360897064
the added laplace noise var is 0.011923909939256253
global epoch 58 has been done artifficialy in 0.93 secs, the total time by now is 49.74 
 with avg train loss 1.361, val loss 1.589, avg val acc 46.39%
iteration: 59
user 0, emp_avg: 0.8029764364303417, h: 1.0793566131074461, ucb: 1.8809478391102639,num_of_obs(calculated after picking at this round): 22, privacy reward: 0.41478291168158077, g: 0.011550824353339172, curr_delay = 0.06009139742365951, data_size = 3537
user 1, emp_avg: 0.7405277003523867, h: 1.6487444604720123, ucb: 2.4206330335703528,num_of_obs(calculated after picking at this round): 10, privacy reward: 0.670320046035639, g: -0.003178245364243732, curr_delay = 0.10910364153218291, data_size = 734
user 10, emp_avg: 0.3290656950120017, h: 2.4731166907080184, ucb: 2.81807666241938,num_of_obs(calculated after picking at this round): 5, privacy reward: 0.8187307530779817, g: 0.005412645361509665, curr_delay = 0.1883320120697272, data_size = 1079
user 13, emp_avg: 0.29391654256476135, h: 1.1347437610926303, ucb: 1.4273561587775871,num_of_obs(calculated after picking at this round): 20, privacy reward: 0.449328964117221, g: 0.0009083998858365486, curr_delay = 0.1568896709187586, data_size = 2688
user 14, emp_avg: 0.2700523788928305, h: 1.2365583453540092, ucb: 1.514261908592342,num_of_obs(calculated after picking at this round): 17, privacy reward: 0.5066169923655891, g: 0.0010315535195305685, curr_delay = 0.3386766819353142, data_size = 2315
num of fast users chosen: 5, num of slow users chosen: 0
max_delay = 0.34 seconds
after cleansing the weights updates who were almost zeros (meaning with absolute value of less than 10**-7, 0.00% of the weights upadtes) we get:
user No.0.0 has been picked 22, his deltas theta's mean
 is -0.0010504181263968349,
the empirical var of deltas thetas is 0.003429942997172475
the minimum of the deltas theta is -0.39799246191978455 and the maximum is 0.4523714780807495
the added laplace noise var is 0.007089009471033874
global epoch 59 has been done artifficialy in 0.34 secs, the total time by now is 50.08 
 with avg train loss 1.453, val loss 1.545, avg val acc 46.47%
iteration: 60
user 0, emp_avg: 0.8115426783246746, h: 1.0567116096932847, ucb: 1.8596880461236265,num_of_obs(calculated after picking at this round): 23, privacy reward: 0.3985190410845135, g: 0.009358685294777498, curr_delay = 0.05, data_size = 3537
user 13, emp_avg: 0.2986814951608495, h: 1.1082884862104405, ucb: 1.402205028775202,num_of_obs(calculated after picking at this round): 21, privacy reward: 0.4317105234290791, g: 0.0003549545651379712, curr_delay = 0.12690981920362593, data_size = 2688
user 18, emp_avg: 0.06670084818604935, h: 1.8733494591747615, ucb: 1.9406799987796288,num_of_obs(calculated after picking at this round): 8, privacy reward: 0.7261490370736907, g: -0.0007388658733610898, curr_delay = 0.8026582982774736, data_size = 683
user 24, emp_avg: 0.06157677288945274, h: 1.567356608220752, ucb: 1.6293676275067857,num_of_obs(calculated after picking at this round): 11, privacy reward: 0.6440364210831411, g: -0.0005944943619964571, curr_delay = 0.8736018821631149, data_size = 1086
user 27, emp_avg: 0.05694917604210058, h: 1.1082884862104405, ucb: 1.1652955682505777,num_of_obs(calculated after picking at this round): 21, privacy reward: 0.4317105234290791, g: -0.014409057315602831, curr_delay = 0.8962009954978426, data_size = 1628
num of fast users chosen: 2, num of slow users chosen: 3
max_delay = 0.90 seconds
after cleansing the weights updates who were almost zeros (meaning with absolute value of less than 10**-7, 0.00% of the weights upadtes) we get:
user No.0.0 has been picked 23, his deltas theta's mean
 is -7.244656444527209e-05,
the empirical var of deltas thetas is 0.0049895127303898335
the minimum of the deltas theta is -0.4513000249862671 and the maximum is 0.5570404529571533
the added laplace noise var is 0.0073783174358039395
global epoch 60 has been done artifficialy in 0.90 secs, the total time by now is 50.98 
 with avg train loss 1.337, val loss 1.556, avg val acc 46.39%
iteration: 61
user 0, emp_avg: 0.8193950667278131, h: 1.035568383840695, ucb: 1.8471110621653697,num_of_obs(calculated after picking at this round): 24, privacy reward: 0.3828928859751114, g: 0.007457666949514415, curr_delay = 0.05, data_size = 3537
user 2, emp_avg: 0.8503232638529483, h: 2.2210467435441275, ucb: 3.1036593603457856,num_of_obs(calculated after picking at this round): 6, privacy reward: 0.7866278610665532, g: 0.0004982842712725546, curr_delay = 0.07258195055955831, data_size = 796
user 8, emp_avg: 0.38000821830419856, h: 1.2045317172841576, ucb: 1.5897028818250307,num_of_obs(calculated after picking at this round): 18, privacy reward: 0.48675225595997107, g: 0.0051338384761599855, curr_delay = 0.17109334640822416, data_size = 2674
user 21, emp_avg: 0.06562732646401788, h: 1.8771271052572358, ucb: 1.9423509999267203,num_of_obs(calculated after picking at this round): 8, privacy reward: 0.7261490370736907, g: 0.006141056178523855, curr_delay = 0.7304457941535911, data_size = 1474
user 29, emp_avg: 0.05447059548950118, h: 2.0275290045208507, ucb: 2.081915794138365,num_of_obs(calculated after picking at this round): 7, privacy reward: 0.7557837414557252, g: -0.0004715732719045659, curr_delay = 0.9095302829720234, data_size = 585
num of fast users chosen: 3, num of slow users chosen: 2
max_delay = 0.91 seconds
after cleansing the weights updates who were almost zeros (meaning with absolute value of less than 10**-7, 0.00% of the weights upadtes) we get:
user No.0.0 has been picked 24, his deltas theta's mean
 is -0.0010475043673068285,
the empirical var of deltas thetas is 0.003144922200590372
the minimum of the deltas theta is -0.30920010805130005 and the maximum is 0.39394503831863403
the added laplace noise var is 0.007679432282596293
global epoch 61 has been done artifficialy in 0.91 secs, the total time by now is 51.89 
 with avg train loss 1.429, val loss 1.562, avg val acc 47.30%
iteration: 62
user 0, emp_avg: 0.7972080394640716, h: 1.015767491240625, ucb: 1.835162557968438,num_of_obs(calculated after picking at this round): 25, privacy reward: 0.36787944117144167, g: 0.005823245199741441, curr_delay = 0.1888792540623291, data_size = 3537
user 13, emp_avg: 0.2941976294786033, h: 1.0859011248129482, ucb: 1.3845826199737976,num_of_obs(calculated after picking at this round): 22, privacy reward: 0.41478291168158077, g: 0.00018127643735542305, curr_delay = 0.24995444561303126, data_size = 2688
user 17, emp_avg: 0.06781653384519434, h: 1.3801562428349177, ucb: 1.4477338752034605,num_of_obs(calculated after picking at this round): 14, privacy reward: 0.5712090638488144, g: 0.0007832908904169016, curr_delay = 0.7049973436493638, data_size = 1814
user 23, emp_avg: 0.05952206268303878, h: 2.4881120508465124, ucb: 2.5476825922259403,num_of_obs(calculated after picking at this round): 5, privacy reward: 0.8187307530779817, g: -4.084611444906209e-06, curr_delay = 0.8427702831107758, data_size = 477
user 28, emp_avg: 0.05564575556905695, h: 1.6587413672310083, ucb: 1.7140657603022862,num_of_obs(calculated after picking at this round): 10, privacy reward: 0.670320046035639, g: 0.00016164932435621215, curr_delay = 0.8541457614449618, data_size = 1205
num of fast users chosen: 2, num of slow users chosen: 3
max_delay = 0.85 seconds
after cleansing the weights updates who were almost zeros (meaning with absolute value of less than 10**-7, 0.00% of the weights upadtes) we get:
user No.0.0 has been picked 25, his deltas theta's mean
 is -0.0023498847149312496,
the empirical var of deltas thetas is 0.0036887265741825104
the minimum of the deltas theta is -0.34630560874938965 and the maximum is 0.49196940660476685
the added laplace noise var is 0.007992835859407068
global epoch 62 has been done artifficialy in 0.85 secs, the total time by now is 52.74 
 with avg train loss 1.347, val loss 1.557, avg val acc 46.99%
iteration: 63
user 4, emp_avg: 0.6080255636498667, h: 0.84276430120254, ucb: 1.4395905952424028,num_of_obs(calculated after picking at this round): 36, privacy reward: 0.23692775868212124, g: -0.0037972265787675707, curr_delay = 0.05, data_size = 3770
user 8, emp_avg: 0.3901231321269346, h: 1.175178671010148, ucb: 1.5551868893143466,num_of_obs(calculated after picking at this round): 19, privacy reward: 0.4676664270099087, g: 0.004176396854273571, curr_delay = 0.08738331996810086, data_size = 2674
user 14, emp_avg: 0.26741281151616936, h: 1.2092488762073654, ucb: 1.479301255100196,num_of_obs(calculated after picking at this round): 18, privacy reward: 0.48675225595997107, g: 0.0011197708784490992, curr_delay = 0.22467854173626853, data_size = 2315
user 20, emp_avg: 0.06598270236808168, h: 2.035469166160847, ucb: 2.100629855117791,num_of_obs(calculated after picking at this round): 7, privacy reward: 0.7557837414557252, g: -0.0014229230756611464, curr_delay = 0.7050716085023011, data_size = 439
user 24, emp_avg: 0.061016744161218085, h: 1.5032936070311866, ucb: 1.5648703799206394,num_of_obs(calculated after picking at this round): 12, privacy reward: 0.6187833918061405, g: -0.0010445024418704132, curr_delay = 0.911470208426604, data_size = 1086
num of fast users chosen: 3, num of slow users chosen: 2
max_delay = 0.91 seconds
after cleansing the weights updates who were almost zeros (meaning with absolute value of less than 10**-7, 0.00% of the weights upadtes) we get:
user No.4.0 has been picked 36, his deltas theta's mean
 is -0.0017250657547265291,
the empirical var of deltas thetas is 0.005501686595380306
the minimum of the deltas theta is -0.4162808060646057 and the maximum is 0.5389898419380188
the added laplace noise var is 0.012410533935277612
global epoch 63 has been done artifficialy in 0.91 secs, the total time by now is 53.65 
 with avg train loss 1.403, val loss 1.530, avg val acc 48.46%
iteration: 64
user 4, emp_avg: 0.6103321027985994, h: 0.8325546111576977, ucb: 1.4405801748075644,num_of_obs(calculated after picking at this round): 37, privacy reward: 0.22763768838381226, g: -0.004701308005561603, curr_delay = 0.07211182976361982, data_size = 3770
user 6, emp_avg: 0.5319628781920142, h: 0.9796643557903277, ucb: 1.520499309025389,num_of_obs(calculated after picking at this round): 27, privacy reward: 0.33959552564493845, g: 0.00028236578399784074, curr_delay = 0.16595365945168317, data_size = 3229
user 7, emp_avg: 0.54327303199746, h: 3.5322300675464238, ucb: 4.070099159226618,num_of_obs(calculated after picking at this round): 3, privacy reward: 0.8869204367171574, g: 0.0006830604751654763, curr_delay = 0.09023952794636131, data_size = 438
user 27, emp_avg: 0.05695844193807442, h: 1.0900698645184788, ucb: 1.1470190405605794,num_of_obs(calculated after picking at this round): 22, privacy reward: 0.41478291168158077, g: -0.013185791000853167, curr_delay = 0.8748443208523571, data_size = 1628
user 28, emp_avg: 0.05601876753364648, h: 1.5796613086404954, ucb: 1.6353070642095524,num_of_obs(calculated after picking at this round): 11, privacy reward: 0.6440364210831411, g: 2.642019695809899e-06, curr_delay = 0.8368356694201354, data_size = 1205
num of fast users chosen: 3, num of slow users chosen: 2
max_delay = 0.87 seconds
after cleansing the weights updates who were almost zeros (meaning with absolute value of less than 10**-7, 0.00% of the weights upadtes) we get:
user No.4.0 has been picked 37, his deltas theta's mean
 is -0.001619754359126091,
the empirical var of deltas thetas is 0.005395990330725908
the minimum of the deltas theta is -0.4065854549407959 and the maximum is 0.5454792380332947
the added laplace noise var is 0.012917017433317197
global epoch 64 has been done artifficialy in 0.87 secs, the total time by now is 54.53 
 with avg train loss 1.293, val loss 1.571, avg val acc 45.51%
iteration: 65
user 4, emp_avg: 0.6050068920568547, h: 0.8227561396844643, ucb: 1.4330882424830635,num_of_obs(calculated after picking at this round): 38, privacy reward: 0.21871188695221422, g: -0.005669616249729755, curr_delay = 0.12255680118002388, data_size = 3770
user 6, emp_avg: 0.5486784896851565, h: 0.9631415345276954, ucb: 1.4951044127197095,num_of_obs(calculated after picking at this round): 28, privacy reward: 0.3262797946230388, g: 5.881552074873163e-05, curr_delay = 0.05, data_size = 3229
user 14, emp_avg: 0.2649929643153619, h: 1.17960265483702, ucb: 1.4470154663531893,num_of_obs(calculated after picking at this round): 19, privacy reward: 0.4676664270099087, g: 0.0006959661646828447, curr_delay = 0.22579916734548777, data_size = 2315
user 18, emp_avg: 0.06613952322539242, h: 1.7694039822555299, ucb: 1.8361048304415792,num_of_obs(calculated after picking at this round): 9, privacy reward: 0.6976763260710308, g: -0.0011284455601204859, curr_delay = 0.8110441696106365, data_size = 683
user 22, emp_avg: 0.06053907765341417, h: 1.7694039822555299, ucb: 1.830287766873976,num_of_obs(calculated after picking at this round): 9, privacy reward: 0.6976763260710308, g: -4.615085088292186e-06, curr_delay = 0.8653300373576847, data_size = 923
num of fast users chosen: 3, num of slow users chosen: 2
max_delay = 0.87 seconds
after cleansing the weights updates who were almost zeros (meaning with absolute value of less than 10**-7, 0.00% of the weights upadtes) we get:
user No.4.0 has been picked 38, his deltas theta's mean
 is -0.001718000858090818,
the empirical var of deltas thetas is 0.005937886890023947
the minimum of the deltas theta is -0.3985840678215027 and the maximum is 0.5135972499847412
the added laplace noise var is 0.01344417091502745
global epoch 65 has been done artifficialy in 0.87 secs, the total time by now is 55.39 
 with avg train loss 1.411, val loss 1.528, avg val acc 47.85%
iteration: 66
user 4, emp_avg: 0.6068154820032663, h: 0.8133415229481038, ucb: 1.4183484150049583,num_of_obs(calculated after picking at this round): 39, privacy reward: 0.21013607120076416, g: -0.006695111451816398, curr_delay = 0.07401465401694453, data_size = 3770
user 13, emp_avg: 0.29188851648604575, h: 1.068940181423522, ucb: 1.3631378109021253,num_of_obs(calculated after picking at this round): 23, privacy reward: 0.3985190410845135, g: 0.0003549545651379712, curr_delay = 0.20739312468246687, data_size = 2688
user 23, emp_avg: 0.06021870413456862, h: 2.242227840883194, ucb: 2.3017499035662325,num_of_obs(calculated after picking at this round): 6, privacy reward: 0.7866278610665532, g: -0.0001758936116458482, curr_delay = 0.7849058043509239, data_size = 477
user 26, emp_avg: 0.05752562812637688, h: 1.4473518476905374, ucb: 1.504991640244272,num_of_obs(calculated after picking at this round): 13, privacy reward: 0.5945205479701939, g: -0.001045089094732253, curr_delay = 0.8903822776478492, data_size = 1141
user 27, emp_avg: 0.056899831567495736, h: 1.068940181423522, ucb: 1.1258986233615964,num_of_obs(calculated after picking at this round): 23, privacy reward: 0.3985190410845135, g: -0.014409057315602831, curr_delay = 0.8991123410323062, data_size = 1628
num of fast users chosen: 2, num of slow users chosen: 3
max_delay = 0.90 seconds
after cleansing the weights updates who were almost zeros (meaning with absolute value of less than 10**-7, 0.00% of the weights upadtes) we get:
user No.4.0 has been picked 39, his deltas theta's mean
 is -0.0010979424696415663,
the empirical var of deltas thetas is 0.005948265083134174
the minimum of the deltas theta is -0.5106141567230225 and the maximum is 0.5341616272926331
the added laplace noise var is 0.013992837938444509
global epoch 66 has been done artifficialy in 0.90 secs, the total time by now is 56.29 
 with avg train loss 1.260, val loss 1.499, avg val acc 50.11%
iteration: 67
user 6, emp_avg: 0.5431729489940869, h: 0.9492131274366491, ucb: 1.4978916171218057,num_of_obs(calculated after picking at this round): 29, privacy reward: 0.3134861808826046, g: 2.6453487501405342e-05, curr_delay = 0.12852881991633955, data_size = 3229
user 13, emp_avg: 0.2936048837239641, h: 1.0473186408602186, ucb: 1.3392071573462645,num_of_obs(calculated after picking at this round): 24, privacy reward: 0.3828928859751114, g: 7.903190745283096e-05, curr_delay = 0.15011348720915943, data_size = 2688
user 14, emp_avg: 0.2679127181807366, h: 1.1523010324048824, ucb: 1.4172939967202443,num_of_obs(calculated after picking at this round): 20, privacy reward: 0.449328964117221, g: 0.0003889635168631665, curr_delay = 0.15461301459721702, data_size = 2315
user 16, emp_avg: 0.06867251437348745, h: 1.6742545842634897, ucb: 1.742133233180609,num_of_obs(calculated after picking at this round): 10, privacy reward: 0.670320046035639, g: -1.9005591138275688e-05, curr_delay = 0.6594800619974732, data_size = 992
user 20, emp_avg: 0.06527355375322924, h: 1.8984262548732982, ucb: 1.9644089572413799,num_of_obs(calculated after picking at this round): 8, privacy reward: 0.7261490370736907, g: -0.002205351423208795, curr_delay = 0.8290565972160358, data_size = 439
num of fast users chosen: 3, num of slow users chosen: 2
max_delay = 0.83 seconds
after cleansing the weights updates who were almost zeros (meaning with absolute value of less than 10**-7, 0.00% of the weights upadtes) we get:
user No.6.0 has been picked 29, his deltas theta's mean
 is -0.0023096909280866385,
the empirical var of deltas thetas is 0.004571414086967707
the minimum of the deltas theta is -0.4214645326137543 and the maximum is 0.5397344827651978
the added laplace noise var is 0.009379679771067361
global epoch 67 has been done artifficialy in 0.83 secs, the total time by now is 57.12 
 with avg train loss 1.412, val loss 1.499, avg val acc 48.80%
iteration: 68
user 0, emp_avg: 0.7831964229738221, h: 1.006320947432908, ucb: 1.8035289868969797,num_of_obs(calculated after picking at this round): 26, privacy reward: 0.3534546819587794, g: 0.009169959604353654, curr_delay = 0.11549851182966969, data_size = 3537
user 13, emp_avg: 0.29203250873292186, h: 1.027072016118649, ucb: 1.320676899842613,num_of_obs(calculated after picking at this round): 25, privacy reward: 0.36787944117144167, g: -5.892177591364002e-07, curr_delay = 0.1966216399450546, data_size = 2688
user 17, emp_avg: 0.06732071121798906, h: 1.3447529308670327, ucb: 1.412569464712227,num_of_obs(calculated after picking at this round): 15, privacy reward: 0.5488116360940261, g: 0.0010101210055678447, curr_delay = 0.828099819252721, data_size = 1814
user 20, emp_avg: 0.06489273175685834, h: 1.7789409149497013, ucb: 1.8442144687029305,num_of_obs(calculated after picking at this round): 9, privacy reward: 0.6976763260710308, g: -0.0036156910040930257, curr_delay = 0.8084576860863907, data_size = 439
user 28, emp_avg: 0.05594059324426711, h: 1.5170859096863254, ucb: 1.573104677219972,num_of_obs(calculated after picking at this round): 12, privacy reward: 0.6187833918061405, g: -1.512647404125247e-05, curr_delay = 0.9077593736239059, data_size = 1205
num of fast users chosen: 2, num of slow users chosen: 3
max_delay = 0.91 seconds
after cleansing the weights updates who were almost zeros (meaning with absolute value of less than 10**-7, 0.00% of the weights upadtes) we get:
user No.0.0 has been picked 26, his deltas theta's mean
 is -0.002142576267942786,
the empirical var of deltas thetas is 0.00406384514644742
the minimum of the deltas theta is -0.4170432686805725 and the maximum is 0.4317459762096405
the added laplace noise var is 0.008319029678822153
global epoch 68 has been done artifficialy in 0.91 secs, the total time by now is 58.03 
 with avg train loss 1.367, val loss 1.466, avg val acc 50.00%
iteration: 69
user 0, emp_avg: 0.7912261850859027, h: 0.9884844465447628, ucb: 1.7716808695185848,num_of_obs(calculated after picking at this round): 27, privacy reward: 0.33959552564493845, g: 0.007498758219457801, curr_delay = 0.05, data_size = 3537
user 6, emp_avg: 0.5473710576750717, h: 0.9359604881798781, ucb: 1.479133437173965,num_of_obs(calculated after picking at this round): 30, privacy reward: 0.3011942119122014, g: 7.6390773292712e-06, curr_delay = 0.07472543527688488, data_size = 3229
user 10, emp_avg: 0.3533037116953461, h: 2.254091348086122, ucb: 2.5831570430981237,num_of_obs(calculated after picking at this round): 6, privacy reward: 0.7866278610665532, g: 0.004747695731485212, curr_delay = 0.10537545593866159, data_size = 1079
user 14, emp_avg: 0.26606734104559093, h: 1.127045674043061, ucb: 1.3949583922237976,num_of_obs(calculated after picking at this round): 21, privacy reward: 0.4317105234290791, g: 0.00018088031102828355, curr_delay = 0.21818835747634774, data_size = 2315
user 15, emp_avg: 0.0665943641026827, h: 3.564031357015785, ucb: 3.6287168186686127,num_of_obs(calculated after picking at this round): 3, privacy reward: 0.8869204367171574, g: 0.0036760076935762435, curr_delay = 0.710104527504342, data_size = 684
num of fast users chosen: 4, num of slow users chosen: 1
max_delay = 0.71 seconds
after cleansing the weights updates who were almost zeros (meaning with absolute value of less than 10**-7, 0.00% of the weights upadtes) we get:
user No.0.0 has been picked 27, his deltas theta's mean
 is -0.0015617604367434978,
the empirical var of deltas thetas is 0.004129390697926283
the minimum of the deltas theta is -0.40336185693740845 and the maximum is 0.46974313259124756
the added laplace noise var is 0.008658535720544341
global epoch 69 has been done artifficialy in 0.71 secs, the total time by now is 58.74 
 with avg train loss 1.429, val loss 1.522, avg val acc 47.92%
iteration: 70
user 0, emp_avg: 0.7986823927614062, h: 0.9716532580034642, ucb: 1.7628794430893668,num_of_obs(calculated after picking at this round): 28, privacy reward: 0.3262797946230388, g: 0.0060361523930336095, curr_delay = 0.05, data_size = 3537
user 1, emp_avg: 0.7306348225169966, h: 1.5965892224456533, ucb: 2.3371169227980397,num_of_obs(calculated after picking at this round): 11, privacy reward: 0.6440364210831411, g: -0.0021800213655724693, curr_delay = 0.07915073864180225, data_size = 734
user 10, emp_avg: 0.3756283435601283, h: 2.061187823088755, ucb: 2.414491534784101,num_of_obs(calculated after picking at this round): 7, privacy reward: 0.7557837414557252, g: 0.0030972572118968806, curr_delay = 0.09812076467169284, data_size = 1079
user 13, emp_avg: 0.28962028856251504, h: 1.0097716861210986, ucb: 1.3018041948540204,num_of_obs(calculated after picking at this round): 26, privacy reward: 0.3534546819587794, g: -2.4693802184360264e-05, curr_delay = 0.21804089148511444, data_size = 2688
user 17, emp_avg: 0.06714524753432821, h: 1.3036096412729326, ucb: 1.3709303524909215,num_of_obs(calculated after picking at this round): 16, privacy reward: 0.5272924240430481, g: 0.0005465794895056795, curr_delay = 0.7750340779919198, data_size = 1814
num of fast users chosen: 4, num of slow users chosen: 1
max_delay = 0.78 seconds
after cleansing the weights updates who were almost zeros (meaning with absolute value of less than 10**-7, 0.00% of the weights upadtes) we get:
user No.0.0 has been picked 28, his deltas theta's mean
 is -0.00012683551176451147,
the empirical var of deltas thetas is 0.004397343844175339
the minimum of the deltas theta is -0.4906775653362274 and the maximum is 0.5648436546325684
the added laplace noise var is 0.009011897266672203
global epoch 70 has been done artifficialy in 0.78 secs, the total time by now is 59.51 
 with avg train loss 1.406, val loss 1.514, avg val acc 48.85%
iteration: 71
user 0, emp_avg: 0.8056243792179094, h: 0.9557360525914773, ucb: 1.7544184453528835,num_of_obs(calculated after picking at this round): 29, privacy reward: 0.3134861808826046, g: 0.0047666276015889, curr_delay = 0.05, data_size = 3537
user 6, emp_avg: 0.5412834481183937, h: 0.9233287472012681, ucb: 1.4706998048763398,num_of_obs(calculated after picking at this round): 31, privacy reward: 0.2893842179390499, g: 2.6887531758537575e-07, curr_delay = 0.13940967642096502, data_size = 3229
user 14, emp_avg: 0.26476675363691754, h: 1.1035889344758396, ucb: 1.3696562755214305,num_of_obs(calculated after picking at this round): 22, privacy reward: 0.41478291168158077, g: 5.669487137586686e-05, curr_delay = 0.21056672859405845, data_size = 2315
user 19, emp_avg: 0.06823348348400397, h: 3.5760368609850692, ucb: 3.6449460710609944,num_of_obs(calculated after picking at this round): 3, privacy reward: 0.8869204367171574, g: 0.002426745184840219, curr_delay = 0.7475849607974513, data_size = 591
user 24, emp_avg: 0.06083575773704076, h: 1.4599109351329134, ucb: 1.5209276792941315,num_of_obs(calculated after picking at this round): 13, privacy reward: 0.5945205479701939, g: -0.0007144754135644999, curr_delay = 0.8523126216016257, data_size = 1086
num of fast users chosen: 3, num of slow users chosen: 2
max_delay = 0.85 seconds
after cleansing the weights updates who were almost zeros (meaning with absolute value of less than 10**-7, 0.00% of the weights upadtes) we get:
user No.0.0 has been picked 29, his deltas theta's mean
 is -0.0008649395313113928,
the empirical var of deltas thetas is 0.004237189888954163
the minimum of the deltas theta is -0.3841175436973572 and the maximum is 0.40642550587654114
the added laplace noise var is 0.009379679771067361
global epoch 71 has been done artifficialy in 0.85 secs, the total time by now is 60.37 
 with avg train loss 1.380, val loss 1.512, avg val acc 49.29%
iteration: 72
user 0, emp_avg: 0.8098722055144897, h: 0.9406526845227591, ucb: 1.7462770637406684,num_of_obs(calculated after picking at this round): 30, privacy reward: 0.3011942119122014, g: 0.003675898326403043, curr_delay = 0.0535871697193596, data_size = 3537
user 6, emp_avg: 0.5328571679660671, h: 0.9098031817305204, ucb: 1.451086629848914,num_of_obs(calculated after picking at this round): 32, privacy reward: 0.2780373004531934, g: -5.6277189302669226e-05, curr_delay = 0.18406546502926496, data_size = 3229
user 15, emp_avg: 0.06848657215176059, h: 2.9246080486164483, ucb: 2.991202412719131,num_of_obs(calculated after picking at this round): 4, privacy reward: 0.8521437889662112, g: 0.002299099848969583, curr_delay = 0.6741888496609749, data_size = 684
user 27, emp_avg: 0.057130398779146156, h: 1.0562443046225938, ucb: 1.1131441361900896,num_of_obs(calculated after picking at this round): 24, privacy reward: 0.3828928859751114, g: -0.011267577081208648, curr_delay = 0.8008528166692753, data_size = 1628
user 28, emp_avg: 0.055777422430086175, h: 1.4623040243082241, ucb: 1.5182446175524913,num_of_obs(calculated after picking at this round): 13, privacy reward: 0.5945205479701939, g: -7.728585829602467e-05, curr_delay = 0.9290334972120613, data_size = 1205
num of fast users chosen: 2, num of slow users chosen: 3
max_delay = 0.93 seconds
after cleansing the weights updates who were almost zeros (meaning with absolute value of less than 10**-7, 0.00% of the weights upadtes) we get:
user No.0.0 has been picked 30, his deltas theta's mean
 is -0.0010799085721373558,
the empirical var of deltas thetas is 0.0038464111275970936
the minimum of the deltas theta is -0.3532012701034546 and the maximum is 0.40261411666870117
the added laplace noise var is 0.009762471764201303
global epoch 72 has been done artifficialy in 0.93 secs, the total time by now is 61.29 
 with avg train loss 1.314, val loss 1.476, avg val acc 49.45%
iteration: 73
user 0, emp_avg: 0.7947776457692161, h: 0.9263324933465727, ucb: 1.7362046988610624,num_of_obs(calculated after picking at this round): 31, privacy reward: 0.2893842179390499, g: 0.0027507990766102407, curr_delay = 0.1462241188826332, data_size = 3537
user 1, emp_avg: 0.7081312406666025, h: 1.5297877644505982, ucb: 2.2604225869675947,num_of_obs(calculated after picking at this round): 12, privacy reward: 0.6187833918061405, g: -0.0029722654868116166, curr_delay = 0.10855598302849125, data_size = 734
user 6, emp_avg: 0.5232821229685256, h: 0.8969175799455172, ucb: 1.4297747479115843,num_of_obs(calculated after picking at this round): 33, privacy reward: 0.26713530196584967, g: -0.00023416409547579278, curr_delay = 0.23054150926442207, data_size = 3229
user 27, emp_avg: 0.05699667574801365, h: 1.0356712124449041, ucb: 1.0928016112240502,num_of_obs(calculated after picking at this round): 25, privacy reward: 0.36787944117144167, g: -0.013333672586289555, curr_delay = 0.9295870701582463, data_size = 1628
user 28, emp_avg: 0.0555396782481837, h: 1.4072000745312643, ucb: 1.4629774969613505,num_of_obs(calculated after picking at this round): 14, privacy reward: 0.5712090638488144, g: -0.00040831325882619056, curr_delay = 0.9533069514743591, data_size = 1205
num of fast users chosen: 3, num of slow users chosen: 2
max_delay = 0.95 seconds
after cleansing the weights updates who were almost zeros (meaning with absolute value of less than 10**-7, 0.00% of the weights upadtes) we get:
user No.0.0 has been picked 31, his deltas theta's mean
 is -0.001582427998073399,
the empirical var of deltas thetas is 0.0045407977886497974
the minimum of the deltas theta is -0.5186090469360352 and the maximum is 0.5895818471908569
the added laplace noise var is 0.010160885794929691
global epoch 73 has been done artifficialy in 0.95 secs, the total time by now is 62.25 
 with avg train loss 1.288, val loss 1.459, avg val acc 48.78%
iteration: 74
user 0, emp_avg: 0.7929354122630398, h: 0.9127129103662303, ucb: 1.7074905561354463,num_of_obs(calculated after picking at this round): 32, privacy reward: 0.2780373004531934, g: 0.0019791862317672325, curr_delay = 0.06795083104656166, data_size = 3537
user 13, emp_avg: 0.2904848152198031, h: 0.9966171736125281, ucb: 1.2862374621750432,num_of_obs(calculated after picking at this round): 27, privacy reward: 0.33959552564493845, g: 6.760455783772267e-07, curr_delay = 0.15976354570428705, data_size = 2688
user 14, emp_avg: 0.26423206661695425, h: 1.083437093010124, ucb: 1.3482038466470416,num_of_obs(calculated after picking at this round): 23, privacy reward: 0.3985190410845135, g: 3.6083451574344195e-05, curr_delay = 0.19804415382052715, data_size = 2315
user 15, emp_avg: 0.07088184719200175, h: 2.5408852079159847, ucb: 2.6093717800677454,num_of_obs(calculated after picking at this round): 5, privacy reward: 0.8187307530779817, g: 0.00126462328393411, curr_delay = 0.6214040330969391, data_size = 684
user 21, emp_avg: 0.06559232156755818, h: 1.7966771607339833, ucb: 1.8623044871980012,num_of_obs(calculated after picking at this round): 9, privacy reward: 0.6976763260710308, g: 0.007226849971561586, curr_delay = 0.7655527898555518, data_size = 1474
num of fast users chosen: 3, num of slow users chosen: 2
max_delay = 0.77 seconds
after cleansing the weights updates who were almost zeros (meaning with absolute value of less than 10**-7, 0.00% of the weights upadtes) we get:
user No.0.0 has been picked 32, his deltas theta's mean
 is -0.0013731516664847732,
the empirical var of deltas thetas is 0.004835176281630993
the minimum of the deltas theta is -0.4909738302230835 and the maximum is 0.4686897099018097
the added laplace noise var is 0.01057555941070121
global epoch 74 has been done artifficialy in 0.77 secs, the total time by now is 63.01 
 with avg train loss 1.439, val loss 1.507, avg val acc 48.60%
iteration: 75
user 0, emp_avg: 0.7992100967399174, h: 0.8997383071138286, ucb: 1.6926737193768684,num_of_obs(calculated after picking at this round): 33, privacy reward: 0.26713530196584967, g: 0.0013498495114271252, curr_delay = 0.05, data_size = 3537
user 12, emp_avg: 0.34672697441511796, h: 2.2761778788670215, ucb: 2.6211093719064262,num_of_obs(calculated after picking at this round): 6, privacy reward: 0.7866278610665532, g: -5.942925993896724e-05, curr_delay = 0.14056616288546062, data_size = 450
user 13, emp_avg: 0.29150100009966434, h: 0.9795110019841885, ucb: 1.2699958172039916,num_of_obs(calculated after picking at this round): 28, privacy reward: 0.3262797946230388, g: -6.125298682040293e-05, curr_delay = 0.15677028537443066, data_size = 2688
user 14, emp_avg: 0.2623088493630613, h: 1.061273408226868, ucb: 1.3255054748438222,num_of_obs(calculated after picking at this round): 24, privacy reward: 0.3828928859751114, g: -1.130586218407951e-05, curr_delay = 0.22927907285690657, data_size = 2315
user 26, emp_avg: 0.05736477793824539, h: 1.4116255954154924, ucb: 1.4691512235418693,num_of_obs(calculated after picking at this round): 14, privacy reward: 0.5712090638488144, g: -0.000568488137940345, curr_delay = 0.9045889263742842, data_size = 1141
num of fast users chosen: 4, num of slow users chosen: 1
max_delay = 0.90 seconds
after cleansing the weights updates who were almost zeros (meaning with absolute value of less than 10**-7, 0.00% of the weights upadtes) we get:
user No.0.0 has been picked 33, his deltas theta's mean
 is -0.0013165681157261133,
the empirical var of deltas thetas is 0.004467450547963381
the minimum of the deltas theta is -0.3758614659309387 and the maximum is 0.5393098592758179
the added laplace noise var is 0.011007156177769524
global epoch 75 has been done artifficialy in 0.90 secs, the total time by now is 63.92 
 with avg train loss 1.338, val loss 1.445, avg val acc 51.15%
iteration: 76
user 4, emp_avg: 0.6166450949531846, h: 0.8162515958553213, ucb: 1.4230670778585877,num_of_obs(calculated after picking at this round): 40, privacy reward: 0.2018965179946548, g: -0.00036956139505366645, curr_delay = 0.05, data_size = 3770
user 5, emp_avg: 0.555410412917164, h: 2.5487447911529895, ucb: 3.0894720099434627,num_of_obs(calculated after picking at this round): 5, privacy reward: 0.8187307530779817, g: 0.0009910725808637327, curr_delay = 0.08141423834220263, data_size = 642
user 6, emp_avg: 0.5373032369988631, h: 0.8873590377464141, ucb: 1.4106411607149396,num_of_obs(calculated after picking at this round): 34, privacy reward: 0.25666077695355527, g: -0.0001244738105110636, curr_delay = 0.05, data_size = 3229
user 14, emp_avg: 0.26532028453231427, h: 1.0405207038168836, ucb: 1.302829553179945,num_of_obs(calculated after picking at this round): 25, privacy reward: 0.36787944117144167, g: -0.00015588087113206495, curr_delay = 0.1481065779912524, data_size = 2315
user 16, emp_avg: 0.0682665395974025, h: 1.611967742906724, ucb: 1.6806402572802115,num_of_obs(calculated after picking at this round): 11, privacy reward: 0.6440364210831411, g: -2.5925166956171637e-06, curr_delay = 0.7787338156885586, data_size = 992
num of fast users chosen: 4, num of slow users chosen: 1
max_delay = 0.78 seconds
after cleansing the weights updates who were almost zeros (meaning with absolute value of less than 10**-7, 0.00% of the weights upadtes) we get:
user No.4.0 has been picked 40, his deltas theta's mean
 is -0.003403618698939681,
the empirical var of deltas thetas is 0.005815054289996624
the minimum of the deltas theta is -0.4283284544944763 and the maximum is 0.5050841569900513
the added laplace noise var is 0.014563896487861052
global epoch 76 has been done artifficialy in 0.78 secs, the total time by now is 64.70 
 with avg train loss 1.404, val loss 1.433, avg val acc 51.97%
iteration: 77
user 4, emp_avg: 0.6125729773220363, h: 0.8071993640223292, ucb: 1.423844458975514,num_of_obs(calculated after picking at this round): 41, privacy reward: 0.19398004229089127, g: -0.0006526289980005932, curr_delay = 0.11118813432505617, data_size = 3770
user 13, emp_avg: 0.28981218243821477, h: 0.9647877733160154, ucb: 1.2562887734156798,num_of_obs(calculated after picking at this round): 29, privacy reward: 0.3134861808826046, g: -0.0001313956090608453, curr_delay = 0.20616406820628957, data_size = 2688
user 22, emp_avg: 0.060751324082847516, h: 1.7017256774332898, ucb: 1.762264755086704,num_of_obs(calculated after picking at this round): 10, privacy reward: 0.670320046035639, g: 1.636632336946614e-05, curr_delay = 0.7979375937108942, data_size = 923
user 27, emp_avg: 0.05711014856028622, h: 1.021035406459974, ucb: 1.0780320822079876,num_of_obs(calculated after picking at this round): 26, privacy reward: 0.3534546819587794, g: -0.01240544296835382, curr_delay = 0.8340705284173318, data_size = 1628
user 29, emp_avg: 0.05451342702072586, h: 1.9295755466320308, ucb: 1.984046142121532,num_of_obs(calculated after picking at this round): 8, privacy reward: 0.7261490370736907, g: -0.00020346663299208, curr_delay = 0.9121882402919949, data_size = 585
num of fast users chosen: 2, num of slow users chosen: 3
max_delay = 0.91 seconds
after cleansing the weights updates who were almost zeros (meaning with absolute value of less than 10**-7, 0.00% of the weights upadtes) we get:
user No.4.0 has been picked 41, his deltas theta's mean
 is -0.0019433624111115932,
the empirical var of deltas thetas is 0.005815938580781221
the minimum of the deltas theta is -0.44884195923805237 and the maximum is 0.5883015394210815
the added laplace noise var is 0.015158260378788464
global epoch 77 has been done artifficialy in 0.91 secs, the total time by now is 65.61 
 with avg train loss 1.256, val loss 1.424, avg val acc 53.54%
iteration: 78
user 2, emp_avg: 0.7693580076477193, h: 2.08727305992522, ucb: 2.9375963237781684,num_of_obs(calculated after picking at this round): 7, privacy reward: 0.7557837414557252, g: 0.0007489208416810822, curr_delay = 0.17632550113060874, data_size = 796
user 4, emp_avg: 0.6047143924082622, h: 0.7984780180876669, ucb: 1.4110509954097032,num_of_obs(calculated after picking at this round): 42, privacy reward: 0.1863739760394093, g: -0.0010053408621198494, curr_delay = 0.17698337511266005, data_size = 3770
user 8, emp_avg: 0.3904258263981144, h: 1.1729461996936008, ucb: 1.5630693318205355,num_of_obs(calculated after picking at this round): 20, privacy reward: 0.449328964117221, g: 0.011395475033501575, curr_delay = 0.1262062103176459, data_size = 2674
user 14, emp_avg: 0.26913866227773064, h: 1.022550790134897, ucb: 1.287871074667211,num_of_obs(calculated after picking at this round): 26, privacy reward: 0.3534546819587794, g: -0.0002961349827409191, curr_delay = 0.13713730046615158, data_size = 2315
user 25, emp_avg: 0.06395860303099304, h: 3.6152629890602395, ucb: 3.6797599455948826,num_of_obs(calculated after picking at this round): 3, privacy reward: 0.8869204367171574, g: 0.00291786677022469, curr_delay = 0.795141418464239, data_size = 608
num of fast users chosen: 4, num of slow users chosen: 1
max_delay = 0.80 seconds
after cleansing the weights updates who were almost zeros (meaning with absolute value of less than 10**-7, 0.00% of the weights upadtes) we get:
user No.2.0 has been picked 7, his deltas theta's mean
 is 0.0003519124584272504,
the empirical var of deltas thetas is 0.0014806396793574095
the minimum of the deltas theta is -0.2909712493419647 and the maximum is 0.26424190402030945
the added laplace noise var is 0.003890530886084149
global epoch 78 has been done artifficialy in 0.80 secs, the total time by now is 66.40 
 with avg train loss 1.382, val loss 1.438, avg val acc 52.02%
iteration: 79
user 0, emp_avg: 0.8051156821299198, h: 0.891316478073256, ucb: 1.6905265748131733,num_of_obs(calculated after picking at this round): 34, privacy reward: 0.25666077695355527, g: 0.002087159964698076, curr_delay = 0.05, data_size = 3537
user 11, emp_avg: 0.3288011414707035, h: 2.28983349240953, ucb: 2.6034632065725747,num_of_obs(calculated after picking at this round): 6, privacy reward: 0.7866278610665532, g: 0.00012090043632754049, curr_delay = 0.12356104574459825, data_size = 567
user 13, emp_avg: 0.28818949493093804, h: 0.9508016058115734, ucb: 1.240613788249788,num_of_obs(calculated after picking at this round): 30, privacy reward: 0.3011942119122014, g: -0.0002224583088688716, curr_delay = 0.2073556882245825, data_size = 2688
user 26, emp_avg: 0.05769050455665055, h: 1.3684372503699802, ucb: 1.4258020283082256,num_of_obs(calculated after picking at this round): 15, privacy reward: 0.5488116360940261, g: -0.0007686670759034414, curr_delay = 0.8032041133922946, data_size = 1141
user 27, emp_avg: 0.0571272164631341, h: 1.0041584136978, ucb: 1.0612685622580862,num_of_obs(calculated after picking at this round): 27, privacy reward: 0.33959552564493845, g: -0.013413884081499163, curr_delay = 0.8684930900528964, data_size = 1628
num of fast users chosen: 3, num of slow users chosen: 2
max_delay = 0.87 seconds
after cleansing the weights updates who were almost zeros (meaning with absolute value of less than 10**-7, 0.00% of the weights upadtes) we get:
user No.0.0 has been picked 34, his deltas theta's mean
 is -0.002065622480586171,
the empirical var of deltas thetas is 0.004910148214548826
the minimum of the deltas theta is -0.3655078411102295 and the maximum is 0.4861791729927063
the added laplace noise var is 0.011456366743040828
global epoch 79 has been done artifficialy in 0.87 secs, the total time by now is 67.27 
 with avg train loss 1.234, val loss 1.597, avg val acc 45.01%
iteration: 80
user 4, emp_avg: 0.6060247153810249, h: 0.7912040223314158, ucb: 1.3959184147396781,num_of_obs(calculated after picking at this round): 43, privacy reward: 0.17906614791149256, g: -0.0009651016342071502, curr_delay = 0.07563629636719765, data_size = 3770
user 5, emp_avg: 0.5480092536406672, h: 2.2931271141410057, ucb: 2.84853752705817,num_of_obs(calculated after picking at this round): 6, privacy reward: 0.7866278610665532, g: 0.0004671167637545445, curr_delay = 0.09784669612271832, data_size = 642
user 13, emp_avg: 0.28675489988002006, h: 0.9361652241643973, ucb: 1.2243547190953352,num_of_obs(calculated after picking at this round): 31, privacy reward: 0.2893842179390499, g: -0.0005210458490167715, curr_delay = 0.2051559393895425, data_size = 2688
user 17, emp_avg: 0.06731793985283543, h: 1.281897027066802, ucb: 1.3490422746011301,num_of_obs(calculated after picking at this round): 17, privacy reward: 0.5066169923655891, g: 0.001418633680256737, curr_delay = 0.7134599664331555, data_size = 1814
user 28, emp_avg: 0.0555911311402695, h: 1.370405565830873, ucb: 1.4259452440790565,num_of_obs(calculated after picking at this round): 15, privacy reward: 0.5488116360940261, g: -0.0002932509291761964, curr_delay = 0.887918545780509, data_size = 1205
num of fast users chosen: 3, num of slow users chosen: 2
max_delay = 0.89 seconds
after cleansing the weights updates who were almost zeros (meaning with absolute value of less than 10**-7, 0.00% of the weights upadtes) we get:
user No.4.0 has been picked 43, his deltas theta's mean
 is -0.0028445920906960964,
the empirical var of deltas thetas is 0.005037282127887011
the minimum of the deltas theta is -0.40344351530075073 and the maximum is 0.5928534865379333
the added laplace noise var is 0.016420747436791262
global epoch 80 has been done artifficialy in 0.89 secs, the total time by now is 68.16 
 with avg train loss 1.316, val loss 1.405, avg val acc 52.74%
iteration: 81
user 4, emp_avg: 0.6013348233944593, h: 0.7830574383879888, ucb: 1.3890821537690137,num_of_obs(calculated after picking at this round): 44, privacy reward: 0.17204486382304973, g: -0.0013638457642192936, curr_delay = 0.12510337668196592, data_size = 3770
user 6, emp_avg: 0.5347940584192601, h: 0.8806196836859465, ucb: 1.4179229206848096,num_of_obs(calculated after picking at this round): 35, privacy reward: 0.2465969639416059, g: 1.0894334879733657e-05, curr_delay = 0.11123916303225012, data_size = 3229
user 14, emp_avg: 0.2680852807074892, h: 1.0070271352243965, ucb: 1.2761657975021272,num_of_obs(calculated after picking at this round): 27, privacy reward: 0.33959552564493845, g: -0.0003127028743337652, curr_delay = 0.207729740054797, data_size = 2315
user 22, emp_avg: 0.05998484886194452, h: 1.6237824647419565, ucb: 1.684533788824804,num_of_obs(calculated after picking at this round): 11, privacy reward: 0.6440364210831411, g: -6.391501751628966e-06, curr_delay = 0.9556557269321228, data_size = 923
user 23, emp_avg: 0.0604494462818405, h: 2.09629414793641, ucb: 2.156512852070979,num_of_obs(calculated after picking at this round): 7, privacy reward: 0.7557837414557252, g: -0.00013407294480549559, curr_delay = 0.8086179373258763, data_size = 477
num of fast users chosen: 3, num of slow users chosen: 2
max_delay = 0.96 seconds
after cleansing the weights updates who were almost zeros (meaning with absolute value of less than 10**-7, 0.00% of the weights upadtes) we get:
user No.4.0 has been picked 44, his deltas theta's mean
 is -0.002003798959776759,
the empirical var of deltas thetas is 0.0060710967518389225
the minimum of the deltas theta is -0.4576095938682556 and the maximum is 0.5057839155197144
the added laplace noise var is 0.017090890852504384
global epoch 81 has been done artifficialy in 0.96 secs, the total time by now is 69.12 
 with avg train loss 1.288, val loss 1.400, avg val acc 52.66%
iteration: 82
user 4, emp_avg: 0.6015282053689615, h: 0.7751878875411948, ucb: 1.3765227109356541,num_of_obs(calculated after picking at this round): 45, privacy reward: 0.16529888822158578, g: -0.0018191462557757096, curr_delay = 0.0819622399890556, data_size = 3770
user 6, emp_avg: 0.5477164456853917, h: 0.8691591253880389, ucb: 1.403953183807299,num_of_obs(calculated after picking at this round): 36, privacy reward: 0.23692775868212124, g: -1.4254590070076794e-05, curr_delay = 0.05, data_size = 3229
user 22, emp_avg: 0.060260549023606065, h: 1.5503757750823897, ucb: 1.6103606239443342,num_of_obs(calculated after picking at this round): 12, privacy reward: 0.6187833918061405, g: -0.0001747074160761597, curr_delay = 0.7899736443701892, data_size = 923
user 25, emp_avg: 0.0640112029103398, h: 2.9687435885452462, ucb: 3.0327021915762393,num_of_obs(calculated after picking at this round): 4, privacy reward: 0.8521437889662112, g: 0.0018552783266230731, curr_delay = 0.7791924140055412, data_size = 608
user 27, emp_avg: 0.05712891597392333, h: 0.9895811961817488, ucb: 1.046708412644883,num_of_obs(calculated after picking at this round): 28, privacy reward: 0.3262797946230388, g: -0.0134496653435912, curr_delay = 0.874511105972796, data_size = 1628
num of fast users chosen: 2, num of slow users chosen: 3
max_delay = 0.87 seconds
after cleansing the weights updates who were almost zeros (meaning with absolute value of less than 10**-7, 0.00% of the weights upadtes) we get:
user No.4.0 has been picked 45, his deltas theta's mean
 is 0.0006926361820660532,
the empirical var of deltas thetas is 0.005520859267562628
the minimum of the deltas theta is -0.39777448773384094 and the maximum is 0.4675174951553345
the added laplace noise var is 0.017788383339832698
global epoch 82 has been done artifficialy in 0.87 secs, the total time by now is 69.99 
 with avg train loss 1.264, val loss 1.361, avg val acc 53.79%
iteration: 83
user 1, emp_avg: 0.6967888161505689, h: 1.4864118890463367, ucb: 2.1945431297129394,num_of_obs(calculated after picking at this round): 13, privacy reward: 0.5945205479701939, g: -0.0023437090905887585, curr_delay = 0.08917747163278156, data_size = 734
user 4, emp_avg: 0.5947453948015781, h: 0.7675797989174892, ucb: 1.3691080042864505,num_of_obs(calculated after picking at this round): 46, privacy reward: 0.15881742610691996, g: -0.0023265920385113913, curr_delay = 0.1727002854465895, data_size = 3770
user 6, emp_avg: 0.5444049319279806, h: 0.8581803042675626, ucb: 1.4058967499529542,num_of_obs(calculated after picking at this round): 37, privacy reward: 0.22763768838381226, g: -0.0001140879609076563, curr_delay = 0.11759436640350315, data_size = 3229
user 8, emp_avg: 0.38564921425265486, h: 1.1513696983762338, ucb: 1.5417955247743482,num_of_obs(calculated after picking at this round): 21, privacy reward: 0.4317105234290791, g: 0.011962995294505459, curr_delay = 0.17234427813189143, data_size = 2674
user 26, emp_avg: 0.05782776641343192, h: 1.3294872105885935, ucb: 1.387177715145244,num_of_obs(calculated after picking at this round): 16, privacy reward: 0.5272924240430481, g: -0.0009754720243232641, curr_delay = 0.834910001520896, data_size = 1141
num of fast users chosen: 4, num of slow users chosen: 1
max_delay = 0.83 seconds
after cleansing the weights updates who were almost zeros (meaning with absolute value of less than 10**-7, 0.00% of the weights upadtes) we get:
user No.1.0 has been picked 13, his deltas theta's mean
 is 0.0002001683897105977,
the empirical var of deltas thetas is 0.000576757884118706
the minimum of the deltas theta is -0.200332373380661 and the maximum is 0.26779377460479736
the added laplace noise var is 0.004945834083233656
global epoch 83 has been done artifficialy in 0.83 secs, the total time by now is 70.83 
 with avg train loss 1.325, val loss 1.367, avg val acc 53.39%
iteration: 84
user 0, emp_avg: 0.7985978314732816, h: 0.884256098002554, ucb: 1.6893717801324737,num_of_obs(calculated after picking at this round): 35, privacy reward: 0.2465969639416059, g: 0.0034392430740561716, curr_delay = 0.0866564779571096, data_size = 3537
user 13, emp_avg: 0.2861674458753296, h: 0.9260547742641444, ucb: 1.2128096741441645,num_of_obs(calculated after picking at this round): 32, privacy reward: 0.2780373004531934, g: -0.00028473348873476665, curr_delay = 0.1865975407757622, data_size = 2688
user 18, emp_avg: 0.06560231395375675, h: 1.718684923392168, ucb: 1.7848244466175605,num_of_obs(calculated after picking at this round): 10, privacy reward: 0.670320046035639, g: -0.00031181477621442487, curr_delay = 0.8228091854659758, data_size = 683
user 21, emp_avg: 0.06577287821261422, h: 1.718684923392168, ucb: 1.7842772449597262,num_of_obs(calculated after picking at this round): 10, privacy reward: 0.670320046035639, g: 0.007391895351815972, curr_delay = 0.7418630089203752, data_size = 1474
user 26, emp_avg: 0.0578712586559914, h: 1.289013692544126, ucb: 1.346841458957558,num_of_obs(calculated after picking at this round): 17, privacy reward: 0.5066169923655891, g: -0.0016798396072286329, curr_delay = 0.8537211252577319, data_size = 1141
num of fast users chosen: 2, num of slow users chosen: 3
max_delay = 0.85 seconds
after cleansing the weights updates who were almost zeros (meaning with absolute value of less than 10**-7, 0.00% of the weights upadtes) we get:
user No.0.0 has been picked 35, his deltas theta's mean
 is -0.0004251636564731598,
the empirical var of deltas thetas is 0.004711972549557686
the minimum of the deltas theta is -0.47345685958862305 and the maximum is 0.4776966869831085
the added laplace noise var is 0.011923909939256253
global epoch 84 has been done artifficialy in 0.85 secs, the total time by now is 71.68 
 with avg train loss 1.299, val loss 1.381, avg val acc 51.66%
iteration: 85
user 4, emp_avg: 0.590980314162821, h: 0.7612333747587287, ucb: 1.3559787695603067,num_of_obs(calculated after picking at this round): 47, privacy reward: 0.15259010575688325, g: -0.0022318590539148336, curr_delay = 0.11967832244485099, data_size = 3770
user 7, emp_avg: 0.46538234636151604, h: 2.980822455796493, ucb: 3.5240954877939528,num_of_obs(calculated after picking at this round): 4, privacy reward: 0.8521437889662112, g: 0.0004880258903448286, curr_delay = 0.21578670553598517, data_size = 438
user 8, emp_avg: 0.38160481427263665, h: 1.1266449886391918, ucb: 1.5122942028918467,num_of_obs(calculated after picking at this round): 22, privacy reward: 0.41478291168158077, g: 0.010666863824435118, curr_delay = 0.16853606039464875, data_size = 2674
user 21, emp_avg: 0.06562128630195789, h: 1.632663698957685, ucb: 1.6984365771702992,num_of_obs(calculated after picking at this round): 11, privacy reward: 0.6440364210831411, g: 0.0056960123347138585, curr_delay = 0.7799658934578586, data_size = 1474
user 24, emp_avg: 0.06053283825208217, h: 1.431940790002315, ucb: 1.4927765477393558,num_of_obs(calculated after picking at this round): 14, privacy reward: 0.5712090638488144, g: -0.00011356663744601723, curr_delay = 0.8834720672420452, data_size = 1086
num of fast users chosen: 3, num of slow users chosen: 2
max_delay = 0.88 seconds
after cleansing the weights updates who were almost zeros (meaning with absolute value of less than 10**-7, 0.00% of the weights upadtes) we get:
user No.4.0 has been picked 47, his deltas theta's mean
 is -0.002015070291236043,
the empirical var of deltas thetas is 0.0063019925728440285
the minimum of the deltas theta is -0.37371429800987244 and the maximum is 0.532319962978363
the added laplace noise var is 0.019269925626885447
global epoch 85 has been done artifficialy in 0.88 secs, the total time by now is 72.56 
 with avg train loss 1.309, val loss 1.343, avg val acc 53.62%
iteration: 86
user 6, emp_avg: 0.5441764464845793, h: 0.8498979871617828, ucb: 1.3943029190897633,num_of_obs(calculated after picking at this round): 38, privacy reward: 0.21871188695221422, g: -5.153538459131141e-05, curr_delay = 0.09333190484370223, data_size = 3229
user 18, emp_avg: 0.06556891887157801, h: 1.6348114196298313, ucb: 1.700413733583588,num_of_obs(calculated after picking at this round): 11, privacy reward: 0.6440364210831411, g: -0.0007179447191653592, curr_delay = 0.7664600979314883, data_size = 683
user 24, emp_avg: 0.060623886867132715, h: 1.3816678269789182, ucb: 1.4422006652310004,num_of_obs(calculated after picking at this round): 15, privacy reward: 0.5488116360940261, g: -0.00042050776844854154, curr_delay = 0.8077731365576432, data_size = 1086
user 27, emp_avg: 0.05723426707697108, h: 0.9769866898040745, ucb: 1.0341156057779979,num_of_obs(calculated after picking at this round): 29, privacy reward: 0.3134861808826046, g: -0.01260809973590692, curr_delay = 0.8307842385760082, data_size = 1628
num of fast users chosen: 1, num of slow users chosen: 3
max_delay = 0.83 seconds
after cleansing the weights updates who were almost zeros (meaning with absolute value of less than 10**-7, 0.00% of the weights upadtes) we get:
user No.6.0 has been picked 38, his deltas theta's mean
 is -0.0019866598304361105,
the empirical var of deltas thetas is 0.004377787467092276
the minimum of the deltas theta is -0.3431585729122162 and the maximum is 0.41118913888931274
the added laplace noise var is 0.01344417091502745
global epoch 86 has been done artifficialy in 0.83 secs, the total time by now is 73.39 
 with avg train loss 1.171, val loss 1.341, avg val acc 53.80%
iteration: 87
user 4, emp_avg: 0.5995015576177622, h: 0.7550602161688899, ucb: 1.346040530331711,num_of_obs(calculated after picking at this round): 48, privacy reward: 0.14660696213034952, g: -0.0021433168390616337, curr_delay = 0.05, data_size = 3770
user 6, emp_avg: 0.5462071529589493, h: 0.8397281626550267, ucb: 1.3839046091396061,num_of_obs(calculated after picking at this round): 39, privacy reward: 0.21013607120076416, g: -0.00018845430604068846, curr_delay = 0.08020867100875392, data_size = 3229
user 17, emp_avg: 0.066892587935189, h: 1.2554691813849914, ucb: 1.3227871212378268,num_of_obs(calculated after picking at this round): 18, privacy reward: 0.48675225595997107, g: 0.0017861150999703632, curr_delay = 0.8380599167434817, data_size = 1814
user 25, emp_avg: 0.06325294540243936, h: 2.5882160222790285, ucb: 2.6522272251893684,num_of_obs(calculated after picking at this round): 5, privacy reward: 0.8187307530779817, g: 0.001134429719826941, curr_delay = 0.8302901073855253, data_size = 608
user 26, emp_avg: 0.05788821977822875, h: 1.2554691813849914, ucb: 1.3133404400409827,num_of_obs(calculated after picking at this round): 18, privacy reward: 0.48675225595997107, g: -0.002107907593562255, curr_delay = 0.859452689931945, data_size = 1141
num of fast users chosen: 2, num of slow users chosen: 3
max_delay = 0.86 seconds
after cleansing the weights updates who were almost zeros (meaning with absolute value of less than 10**-7, 0.00% of the weights upadtes) we get:
user No.4.0 has been picked 48, his deltas theta's mean
 is -0.0018316647037863731,
the empirical var of deltas thetas is 0.005488333757966757
the minimum of the deltas theta is -0.42165249586105347 and the maximum is 0.5444011688232422
the added laplace noise var is 0.02005634621034838
global epoch 87 has been done artifficialy in 0.86 secs, the total time by now is 74.25 
 with avg train loss 1.222, val loss 1.332, avg val acc 54.48%
iteration: 88
user 0, emp_avg: 0.7914288483787147, h: 0.876095573502429, ucb: 1.6746934049757105,num_of_obs(calculated after picking at this round): 36, privacy reward: 0.23692775868212124, g: 0.004313821958814439, curr_delay = 0.09250446665889045, data_size = 3537
user 8, emp_avg: 0.37944500541076887, h: 1.1050302522981243, ucb: 1.486635066570761,num_of_obs(calculated after picking at this round): 23, privacy reward: 0.3985190410845135, g: 0.010067981929463931, curr_delay = 0.150634528164192, data_size = 2674
user 11, emp_avg: 0.3159993830260192, h: 2.1159718368820997, ucb: 2.444772978352803,num_of_obs(calculated after picking at this round): 7, privacy reward: 0.7557837414557252, g: 3.726851595882254e-05, curr_delay = 0.20903985987599025, data_size = 567
user 16, emp_avg: 0.06827589225048403, h: 1.5627487696325706, ucb: 1.631015309229973,num_of_obs(calculated after picking at this round): 12, privacy reward: 0.6187833918061405, g: 2.468915196975065e-05, curr_delay = 0.7312210932011574, data_size = 992
user 17, emp_avg: 0.06684620726236777, h: 1.221656909621547, ucb: 1.288549497556736,num_of_obs(calculated after picking at this round): 19, privacy reward: 0.4676664270099087, g: 0.0010968879843802194, curr_delay = 0.7574454407909402, data_size = 1814
num of fast users chosen: 3, num of slow users chosen: 2
max_delay = 0.76 seconds
after cleansing the weights updates who were almost zeros (meaning with absolute value of less than 10**-7, 0.00% of the weights upadtes) we get:
user No.0.0 has been picked 36, his deltas theta's mean
 is -0.0019696757663041353,
the empirical var of deltas thetas is 0.0053462800569832325
the minimum of the deltas theta is -0.41324400901794434 and the maximum is 0.5026862025260925
the added laplace noise var is 0.012410533935277612
global epoch 88 has been done artifficialy in 0.76 secs, the total time by now is 75.01 
 with avg train loss 1.341, val loss 1.373, avg val acc 53.39%
iteration: 89
user 0, emp_avg: 0.7970659065306414, h: 0.8649312467601245, ucb: 1.6563600951388393,num_of_obs(calculated after picking at this round): 37, privacy reward: 0.22763768838381226, g: 0.003470692416736251, curr_delay = 0.05, data_size = 3537
user 6, emp_avg: 0.540436074751709, h: 0.8309990622721859, ucb: 1.3772062152311353,num_of_obs(calculated after picking at this round): 40, privacy reward: 0.2018965179946548, g: -0.0002294771745483129, curr_delay = 0.15854693652018836, data_size = 3229
user 14, emp_avg: 0.26580592161947675, h: 0.9987365762949529, ucb: 1.266821857002442,num_of_obs(calculated after picking at this round): 28, privacy reward: 0.3262797946230388, g: -4.427431496935641e-09, curr_delay = 0.2447821907036925, data_size = 2315
user 24, emp_avg: 0.06048596393323123, h: 1.339945725726552, ucb: 1.4005696125936846,num_of_obs(calculated after picking at this round): 16, privacy reward: 0.5272924240430481, g: -0.0006893205217411025, curr_delay = 0.8559134730442475, data_size = 1086
user 29, emp_avg: 0.054379922281632326, h: 1.834796249532657, ucb: 1.889309676553383,num_of_obs(calculated after picking at this round): 9, privacy reward: 0.6976763260710308, g: -0.00017536970178289813, curr_delay = 0.9378771842696842, data_size = 585
num of fast users chosen: 3, num of slow users chosen: 2
max_delay = 0.94 seconds
after cleansing the weights updates who were almost zeros (meaning with absolute value of less than 10**-7, 0.00% of the weights upadtes) we get:
user No.0.0 has been picked 37, his deltas theta's mean
 is -0.0036383536644279957,
the empirical var of deltas thetas is 0.004992533940821886
the minimum of the deltas theta is -0.4869495630264282 and the maximum is 0.550171434879303
the added laplace noise var is 0.012917017433317197
global epoch 89 has been done artifficialy in 0.94 secs, the total time by now is 75.95 
 with avg train loss 1.248, val loss 1.504, avg val acc 50.24%
iteration: 90
user 0, emp_avg: 0.8024062774114139, h: 0.8542241306934392, ucb: 1.6512900372240806,num_of_obs(calculated after picking at this round): 38, privacy reward: 0.21871188695221422, g: 0.002734856319456236, curr_delay = 0.05, data_size = 3537
user 1, emp_avg: 0.7184467578540996, h: 1.441122906784887, ucb: 2.137911722935456,num_of_obs(calculated after picking at this round): 14, privacy reward: 0.5712090638488144, g: -0.0023307653329151614, curr_delay = 0.05, data_size = 734
user 6, emp_avg: 0.5327228163127938, h: 0.821566461431782, ucb: 1.3620025361834909,num_of_obs(calculated after picking at this round): 41, privacy reward: 0.19398004229089127, g: -0.00045756210168144084, curr_delay = 0.22302264677833247, data_size = 3229
user 7, emp_avg: 0.4287097640964066, h: 2.598021267329311, ucb: 3.0634036136908267,num_of_obs(calculated after picking at this round): 5, privacy reward: 0.8187307530779817, g: 0.0001674689951858373, curr_delay = 0.1772927457769817, data_size = 438
user 17, emp_avg: 0.06668437582267313, h: 1.1920539113113615, ucb: 1.2589001185737292,num_of_obs(calculated after picking at this round): 20, privacy reward: 0.449328964117221, g: 0.0007050959410658791, curr_delay = 0.7860451398020221, data_size = 1814
num of fast users chosen: 4, num of slow users chosen: 1
max_delay = 0.79 seconds
after cleansing the weights updates who were almost zeros (meaning with absolute value of less than 10**-7, 0.00% of the weights upadtes) we get:
user No.0.0 has been picked 38, his deltas theta's mean
 is -0.0027734967879951,
the empirical var of deltas thetas is 0.004892381839454174
the minimum of the deltas theta is -0.40337440371513367 and the maximum is 0.4870399236679077
the added laplace noise var is 0.01344417091502745
global epoch 90 has been done artifficialy in 0.79 secs, the total time by now is 76.73 
 with avg train loss 1.298, val loss 1.381, avg val acc 51.61%
iteration: 91
user 6, emp_avg: 0.5271173745715535, h: 0.8124812499014917, ucb: 1.3452040662142855,num_of_obs(calculated after picking at this round): 42, privacy reward: 0.1863739760394093, g: -0.0007560139251562083, curr_delay = 0.16818353460661634, data_size = 3229
user 7, emp_avg: 0.4056572980410043, h: 2.326592230671335, ucb: 2.7553019947677417,num_of_obs(calculated after picking at this round): 6, privacy reward: 0.7866278610665532, g: 5.955409295093139e-06, curr_delay = 0.17217929217229247, data_size = 438
user 10, emp_avg: 0.37726996955521314, h: 1.9663293227701892, ucb: 2.3419576663303174,num_of_obs(calculated after picking at this round): 8, privacy reward: 0.7261490370736907, g: 0.00415305697645114, curr_delay = 0.1286136078198194, data_size = 1079
user 21, emp_avg: 0.06509125397731154, h: 1.5685881619266617, ucb: 1.6342094482286196,num_of_obs(calculated after picking at this round): 12, privacy reward: 0.6187833918061405, g: 0.00521859863241309, curr_delay = 0.8437266620103654, data_size = 1474
num of fast users chosen: 3, num of slow users chosen: 1
max_delay = 0.84 seconds
after cleansing the weights updates who were almost zeros (meaning with absolute value of less than 10**-7, 0.00% of the weights upadtes) we get:
user No.6.0 has been picked 42, his deltas theta's mean
 is -0.0041678487323224545,
the empirical var of deltas thetas is 0.006580978166311979
the minimum of the deltas theta is -0.5666947364807129 and the maximum is 0.5511310696601868
the added laplace noise var is 0.015776880720256625
global epoch 91 has been done artifficialy in 0.84 secs, the total time by now is 77.58 
 with avg train loss 1.280, val loss 1.374, avg val acc 52.28%
iteration: 92
user 4, emp_avg: 0.5936374249149518, h: 0.7518135221789577, ucb: 1.35131507979672,num_of_obs(calculated after picking at this round): 49, privacy reward: 0.1408584209210444, g: -0.0007731300026716, curr_delay = 0.1601747544089683, data_size = 3770
user 6, emp_avg: 0.523725374165227, h: 0.803722462496409, ucb: 1.3308398370679626,num_of_obs(calculated after picking at this round): 43, privacy reward: 0.17906614791149256, g: -0.0011201067546542768, curr_delay = 0.13114363433100115, data_size = 3229
user 14, emp_avg: 0.2679998541406465, h: 0.9843549639646956, ucb: 1.2501608855841724,num_of_obs(calculated after picking at this round): 29, privacy reward: 0.3134861808826046, g: -1.089056121813915e-06, curr_delay = 0.15177732857563206, data_size = 2315
user 15, emp_avg: 0.07034300880625997, h: 2.329409000682115, ucb: 2.4002908478741167,num_of_obs(calculated after picking at this round): 6, privacy reward: 0.7866278610665532, g: 0.0012438156128485342, curr_delay = 0.73911122629836, data_size = 684
user 26, emp_avg: 0.05811567519831318, h: 1.2277063407087, ucb: 1.2855945604869288,num_of_obs(calculated after picking at this round): 19, privacy reward: 0.4676664270099087, g: -0.002130914536256552, curr_delay = 0.8037309478678698, data_size = 1141
num of fast users chosen: 3, num of slow users chosen: 2
max_delay = 0.80 seconds
after cleansing the weights updates who were almost zeros (meaning with absolute value of less than 10**-7, 0.00% of the weights upadtes) we get:
user No.4.0 has been picked 49, his deltas theta's mean
 is -0.0038123091217130423,
the empirical var of deltas thetas is 0.006974587216973305
the minimum of the deltas theta is -0.4825313091278076 and the maximum is 0.5459919571876526
the added laplace noise var is 0.02087486122666327
global epoch 92 has been done artifficialy in 0.80 secs, the total time by now is 78.38 
 with avg train loss 1.277, val loss 1.372, avg val acc 52.97%
iteration: 93
user 4, emp_avg: 0.6017646764166527, h: 0.7449913978262384, ucb: 1.3386288227411902,num_of_obs(calculated after picking at this round): 50, privacy reward: 0.13533528323661215, g: -0.0010855578794572148, curr_delay = 0.05, data_size = 3770
user 5, emp_avg: 0.5268052661623969, h: 2.1289902520099186, ucb: 2.6769995056505858,num_of_obs(calculated after picking at this round): 7, privacy reward: 0.7557837414557252, g: 0.00038403281338725677, curr_delay = 0.1251309679231614, data_size = 642
user 6, emp_avg: 0.5345497974796537, h: 0.7952708615501305, ucb: 1.3189962357153575,num_of_obs(calculated after picking at this round): 44, privacy reward: 0.17204486382304973, g: -0.001545421412318816, curr_delay = 0.05, data_size = 3229
user 14, emp_avg: 0.2684776349506182, h: 0.9683900069083654, ucb: 1.2363898610490118,num_of_obs(calculated after picking at this round): 30, privacy reward: 0.3011942119122014, g: -7.265362226997858e-05, curr_delay = 0.17709566607346103, data_size = 2315
user 26, emp_avg: 0.058091392215672666, h: 1.1963892378169347, ucb: 1.254504913015248,num_of_obs(calculated after picking at this round): 20, privacy reward: 0.449328964117221, g: -0.0030042162566844056, curr_delay = 0.8676034446064211, data_size = 1141
num of fast users chosen: 4, num of slow users chosen: 1
max_delay = 0.87 seconds
after cleansing the weights updates who were almost zeros (meaning with absolute value of less than 10**-7, 0.00% of the weights upadtes) we get:
user No.4.0 has been picked 50, his deltas theta's mean
 is -0.0009717154316604137,
the empirical var of deltas thetas is 0.006285158917307854
the minimum of the deltas theta is -0.5418129563331604 and the maximum is 0.42946845293045044
the added laplace noise var is 0.021726780474482066
global epoch 93 has been done artifficialy in 0.87 secs, the total time by now is 79.25 
 with avg train loss 1.272, val loss 1.352, avg val acc 52.88%
iteration: 94
user 0, emp_avg: 0.8074727831188135, h: 0.8469724517613499, ucb: 1.649378729172764,num_of_obs(calculated after picking at this round): 39, privacy reward: 0.21013607120076416, g: 0.0034989171904754586, curr_delay = 0.05, data_size = 3537
user 6, emp_avg: 0.5344488860814669, h: 0.7871087584205078, ucb: 1.3216585559001615,num_of_obs(calculated after picking at this round): 45, privacy reward: 0.16529888822158578, g: -0.0020278236742274198, curr_delay = 0.09433805902177853, data_size = 3229
user 16, emp_avg: 0.06844300748355357, h: 1.507198524128458, ucb: 1.575474416378942,num_of_obs(calculated after picking at this round): 13, privacy reward: 0.5945205479701939, g: 5.332605528250078e-06, curr_delay = 0.7097394248612006, data_size = 992
user 19, emp_avg: 0.0665473837163578, h: 3.014397048256916, ucb: 3.08263053174092,num_of_obs(calculated after picking at this round): 4, privacy reward: 0.8521437889662112, g: 0.002071717722125441, curr_delay = 0.8131524558704939, data_size = 591
user 27, emp_avg: 0.05715992700401785, h: 0.9695318581242867, ucb: 1.0267661252012577,num_of_obs(calculated after picking at this round): 30, privacy reward: 0.3011942119122014, g: -0.009065903432238783, curr_delay = 0.9090237258186403, data_size = 1628
num of fast users chosen: 2, num of slow users chosen: 3
max_delay = 0.91 seconds
after cleansing the weights updates who were almost zeros (meaning with absolute value of less than 10**-7, 0.00% of the weights upadtes) we get:
user No.0.0 has been picked 39, his deltas theta's mean
 is -0.0019142350647598505,
the empirical var of deltas thetas is 0.005059279501438141
the minimum of the deltas theta is -0.387218177318573 and the maximum is 0.4733257591724396
the added laplace noise var is 0.013992837938444509
global epoch 94 has been done artifficialy in 0.91 secs, the total time by now is 80.16 
 with avg train loss 1.267, val loss 1.368, avg val acc 52.34%
iteration: 95
user 0, emp_avg: 0.7990094070467045, h: 0.8370163946193776, ucb: 1.6444891777381911,num_of_obs(calculated after picking at this round): 40, privacy reward: 0.2018965179946548, g: 0.0027963630462526797, curr_delay = 0.10662396243689273, data_size = 3537
user 6, emp_avg: 0.5288278631939489, h: 0.7792198570023345, ucb: 1.3136687430838014,num_of_obs(calculated after picking at this round): 46, privacy reward: 0.15881742610691996, g: -0.002563444226302255, curr_delay = 0.18123701517405894, data_size = 3229
user 14, emp_avg: 0.26724526025653694, h: 0.9543455235500967, ucb: 1.222823158500715,num_of_obs(calculated after picking at this round): 31, privacy reward: 0.2893842179390499, g: -0.00015588087113206495, curr_delay = 0.21713261497269998, data_size = 2315
user 16, emp_avg: 0.06874488132559457, h: 1.449754922248883, ucb: 1.5181979297324366,num_of_obs(calculated after picking at this round): 14, privacy reward: 0.5712090638488144, g: -4.724207828240472e-05, curr_delay = 0.6880490166776739, data_size = 992
user 18, emp_avg: 0.06590617929552671, h: 1.5760497612588034, ucb: 1.6416186801303814,num_of_obs(calculated after picking at this round): 12, privacy reward: 0.6187833918061405, g: -0.0006919474683244641, curr_delay = 0.7182252417197708, data_size = 683
num of fast users chosen: 3, num of slow users chosen: 2
max_delay = 0.72 seconds
after cleansing the weights updates who were almost zeros (meaning with absolute value of less than 10**-7, 0.00% of the weights upadtes) we get:
user No.0.0 has been picked 40, his deltas theta's mean
 is -0.0018653895240277052,
the empirical var of deltas thetas is 0.005022400990128517
the minimum of the deltas theta is -0.43179842829704285 and the maximum is 0.5301920771598816
the added laplace noise var is 0.014563896487861052
global epoch 95 has been done artifficialy in 0.72 secs, the total time by now is 80.88 
 with avg train loss 1.321, val loss 1.346, avg val acc 54.16%
iteration: 96
user 4, emp_avg: 0.5972508060788703, h: 0.7400822812202306, ucb: 1.3418469576368832,num_of_obs(calculated after picking at this round): 51, privacy reward: 0.13002871087842538, g: -0.000723578704056656, curr_delay = 0.13456875010858932, data_size = 3770
user 6, emp_avg: 0.5239750837191332, h: 0.771589116113298, ucb: 1.3004169793072469,num_of_obs(calculated after picking at this round): 47, privacy reward: 0.15259010575688325, g: -0.0031486601850975126, curr_delay = 0.16625257147955408, data_size = 3229
user 7, emp_avg: 0.40442460792365303, h: 2.1364335214248618, ucb: 2.5420908194658662,num_of_obs(calculated after picking at this round): 7, privacy reward: 0.7557837414557252, g: -2.615887053533727e-05, curr_delay = 0.12593555406784326, data_size = 438
user 26, emp_avg: 0.0579134730202986, h: 1.1701728322945935, ucb: 1.2282642245102662,num_of_obs(calculated after picking at this round): 21, privacy reward: 0.4317105234290791, g: -0.0034624973877372695, curr_delay = 0.9198770679268333, data_size = 1141
user 27, emp_avg: 0.057091538009475376, h: 0.955442116663049, ucb: 1.0126020436670669,num_of_obs(calculated after picking at this round): 31, privacy reward: 0.2893842179390499, g: -0.009841512889937488, curr_delay = 0.9084324083527688, data_size = 1628
num of fast users chosen: 3, num of slow users chosen: 2
max_delay = 0.92 seconds
after cleansing the weights updates who were almost zeros (meaning with absolute value of less than 10**-7, 0.00% of the weights upadtes) we get:
user No.4.0 has been picked 51, his deltas theta's mean
 is -0.001577987801283598,
the empirical var of deltas thetas is 0.006421622354537249
the minimum of the deltas theta is -0.4778752326965332 and the maximum is 0.5797231197357178
the added laplace noise var is 0.022613467206353745
global epoch 96 has been done artifficialy in 0.92 secs, the total time by now is 81.80 
 with avg train loss 1.146, val loss 1.307, avg val acc 54.63%
iteration: 97
user 5, emp_avg: 0.5353465812669576, h: 1.9801971716768978, ucb: 2.5070024378392946,num_of_obs(calculated after picking at this round): 8, privacy reward: 0.7261490370736907, g: 0.0001427531687723484, curr_delay = 0.08401444022067162, data_size = 642
user 6, emp_avg: 0.5233978994429437, h: 0.7642026281230778, ucb: 1.288177711842211,num_of_obs(calculated after picking at this round): 48, privacy reward: 0.14660696213034952, g: -0.0037800780482427267, curr_delay = 0.1007515585761333, data_size = 3229
user 17, emp_avg: 0.06678464260808768, h: 1.1715004453908735, ucb: 1.2381848212135467,num_of_obs(calculated after picking at this round): 21, privacy reward: 0.4317105234290791, g: 0.0009909392021455275, curr_delay = 0.7268500619383828, data_size = 1814
user 21, emp_avg: 0.06499926426887113, h: 1.5124005716911415, ucb: 1.5774918256684531,num_of_obs(calculated after picking at this round): 13, privacy reward: 0.5945205479701939, g: 0.004817421793993464, curr_delay = 0.7825290955564818, data_size = 1474
num of fast users chosen: 2, num of slow users chosen: 2
max_delay = 0.78 seconds
after cleansing the weights updates who were almost zeros (meaning with absolute value of less than 10**-7, 0.00% of the weights upadtes) we get:
user No.5.0 has been picked 8, his deltas theta's mean
 is 0.00025466864462941885,
the empirical var of deltas thetas is 0.0007262701401486993
the minimum of the deltas theta is -0.2204217165708542 and the maximum is 0.25390687584877014
the added laplace noise var is 0.0040493064635646414
global epoch 97 has been done artifficialy in 0.78 secs, the total time by now is 82.58 
 with avg train loss 1.323, val loss 1.397, avg val acc 52.41%
iteration: 98
user 4, emp_avg: 0.5944951667649349, h: 0.734443965641441, ucb: 1.3316947717203114,num_of_obs(calculated after picking at this round): 52, privacy reward: 0.12493021219858191, g: -0.0007008858186393827, curr_delay = 0.1101424543007606, data_size = 3770
user 6, emp_avg: 0.5226527573563472, h: 0.7570475116092923, ucb: 1.280445411052236,num_of_obs(calculated after picking at this round): 49, privacy reward: 0.1408584209210444, g: -0.00445451795216049, curr_delay = 0.10269345688554979, data_size = 3229
user 7, emp_avg: 0.4010887098394844, h: 1.9824157295014524, ucb: 2.3868403374251055,num_of_obs(calculated after picking at this round): 8, privacy reward: 0.7261490370736907, g: -0.00019720994268182805, curr_delay = 0.1323670807349898, data_size = 438
user 16, emp_avg: 0.06856111740903387, h: 1.4017796054613536, ucb: 1.4705244867869482,num_of_obs(calculated after picking at this round): 15, privacy reward: 0.5488116360940261, g: -0.00016610891852427754, curr_delay = 0.7577086714190974, data_size = 992
user 21, emp_avg: 0.06543092766657292, h: 1.454695444520775, ucb: 1.519694708789646,num_of_obs(calculated after picking at this round): 14, privacy reward: 0.5712090638488144, g: 0.003656128493980235, curr_delay = 0.7038035474138612, data_size = 1474
num of fast users chosen: 3, num of slow users chosen: 2
max_delay = 0.76 seconds
after cleansing the weights updates who were almost zeros (meaning with absolute value of less than 10**-7, 0.00% of the weights upadtes) we get:
user No.4.0 has been picked 52, his deltas theta's mean
 is -0.0016315584070980549,
the empirical var of deltas thetas is 0.006382575258612633
the minimum of the deltas theta is -0.4766029119491577 and the maximum is 0.6403055787086487
the added laplace noise var is 0.023536340310219228
global epoch 98 has been done artifficialy in 0.76 secs, the total time by now is 83.34 
 with avg train loss 1.286, val loss 1.297, avg val acc 56.37%
iteration: 99
user 0, emp_avg: 0.8039116166309311, h: 0.8302216436110229, ucb: 1.6292310506577274,num_of_obs(calculated after picking at this round): 41, privacy reward: 0.19398004229089127, g: 0.003524388543695565, curr_delay = 0.05, data_size = 3537
user 1, emp_avg: 0.7372169739971597, h: 1.4033307089311164, ucb: 2.121777466785216,num_of_obs(calculated after picking at this round): 15, privacy reward: 0.5488116360940261, g: -0.0020473541269063903, curr_delay = 0.05, data_size = 734
user 8, emp_avg: 0.37648415142266595, h: 1.0948638807753293, ucb: 1.474308886186098,num_of_obs(calculated after picking at this round): 24, privacy reward: 0.3828928859751114, g: 0.013927800233692934, curr_delay = 0.16213525137576074, data_size = 2674
user 17, emp_avg: 0.06691437572769797, h: 1.1458147257531384, ucb: 1.212599368361226,num_of_obs(calculated after picking at this round): 22, privacy reward: 0.41478291168158077, g: 0.0006524725224739947, curr_delay = 0.7179908420272249, data_size = 1814
user 24, emp_avg: 0.06026006975281886, h: 1.312695678289706, ucb: 1.373181642222937,num_of_obs(calculated after picking at this round): 17, privacy reward: 0.5066169923655891, g: -0.0003737165585767335, curr_delay = 0.8826785529940522, data_size = 1086
num of fast users chosen: 3, num of slow users chosen: 2
max_delay = 0.88 seconds
after cleansing the weights updates who were almost zeros (meaning with absolute value of less than 10**-7, 0.00% of the weights upadtes) we get:
user No.0.0 has been picked 41, his deltas theta's mean
 is -0.00027469597989693284,
the empirical var of deltas thetas is 0.0046898117288947105
the minimum of the deltas theta is -0.3553857207298279 and the maximum is 0.5022991299629211
the added laplace noise var is 0.015158260378788464
global epoch 99 has been done artifficialy in 0.88 secs, the total time by now is 84.22 
 with avg train loss 1.292, val loss 1.318, avg val acc 54.91%
iteration: 100
user 0, emp_avg: 0.8020767335281582, h: 0.8209307792322933, ucb: 1.6248423958632245,num_of_obs(calculated after picking at this round): 42, privacy reward: 0.1863739760394093, g: 0.0028523038956911203, curr_delay = 0.06879031293377588, data_size = 3537
user 13, emp_avg: 0.2839665107343151, h: 0.9292305472124597, ucb: 1.2153979930877892,num_of_obs(calculated after picking at this round): 33, privacy reward: 0.26713530196584967, g: 0.001035138687630087, curr_delay = 0.23415191225382487, data_size = 2688
user 14, emp_avg: 0.26847156119717525, h: 0.9440991800675111, ucb: 1.211344440324048,num_of_obs(calculated after picking at this round): 32, privacy reward: 0.2780373004531934, g: -4.483310060873165e-05, curr_delay = 0.1631391148305409, data_size = 2315
user 15, emp_avg: 0.07041688657169087, h: 2.145966026289347, ucb: 2.216309035095607,num_of_obs(calculated after picking at this round): 7, privacy reward: 0.7557837414557252, g: 0.0008770835417260924, curr_delay = 0.7056151838126029, data_size = 684
user 22, emp_avg: 0.06036125894790277, h: 1.5174271293851465, ucb: 1.5776876784087526,num_of_obs(calculated after picking at this round): 13, privacy reward: 0.5945205479701939, g: 8.623874182077046e-07, curr_delay = 0.8120867346306246, data_size = 923
num of fast users chosen: 3, num of slow users chosen: 2
max_delay = 0.81 seconds
after cleansing the weights updates who were almost zeros (meaning with absolute value of less than 10**-7, 0.00% of the weights upadtes) we get:
user No.0.0 has been picked 42, his deltas theta's mean
 is -0.0015480680158361793,
the empirical var of deltas thetas is 0.005369717720896006
the minimum of the deltas theta is -0.3676808476448059 and the maximum is 0.48610925674438477
the added laplace noise var is 0.015776880720256625
global epoch 100 has been done artifficialy in 0.81 secs, the total time by now is 85.03 
 with avg train loss 1.319, val loss 1.381, avg val acc 51.74%
iteration: 101
user 0, emp_avg: 0.7940796079550282, h: 0.8119747107991251, ucb: 1.6140514443272833,num_of_obs(calculated after picking at this round): 43, privacy reward: 0.17906614791149256, g: 0.00226246544140584, curr_delay = 0.10912257434693563, data_size = 3537
user 6, emp_avg: 0.5196669539485526, h: 0.7517425077648346, ucb: 1.2743952651211818,num_of_obs(calculated after picking at this round): 50, privacy reward: 0.13533528323661215, g: -0.003855760672117575, curr_delay = 0.13391807788301738, data_size = 3229
user 15, emp_avg: 0.07123939090409853, h: 1.9889237255017944, ucb: 2.0593406120734854,num_of_obs(calculated after picking at this round): 8, privacy reward: 0.7261490370736907, g: 0.00041244189703453, curr_delay = 0.6493766140340219, data_size = 684
user 17, emp_avg: 0.06693852517752456, h: 1.1219042881929804, ucb: 1.1888186639206784,num_of_obs(calculated after picking at this round): 23, privacy reward: 0.3985190410845135, g: 0.0003937435235426086, curr_delay = 0.74107215837957, data_size = 1814
user 24, emp_avg: 0.06075785295784428, h: 1.2762703729098719, ucb: 1.3365304426626907,num_of_obs(calculated after picking at this round): 18, privacy reward: 0.48675225595997107, g: -0.0006776868952375674, curr_delay = 0.7223328380558056, data_size = 1086
num of fast users chosen: 2, num of slow users chosen: 3
max_delay = 0.74 seconds
after cleansing the weights updates who were almost zeros (meaning with absolute value of less than 10**-7, 0.00% of the weights upadtes) we get:
user No.0.0 has been picked 43, his deltas theta's mean
 is -0.002896432764828205,
the empirical var of deltas thetas is 0.005141580011695623
the minimum of the deltas theta is -0.4680141806602478 and the maximum is 0.5089736580848694
the added laplace noise var is 0.016420747436791262
global epoch 101 has been done artifficialy in 0.74 secs, the total time by now is 85.77 
 with avg train loss 1.256, val loss 1.308, avg val acc 55.59%
iteration: 102
user 0, emp_avg: 0.7893680072229935, h: 0.8033337063226491, ucb: 1.5974133142776772,num_of_obs(calculated after picking at this round): 44, privacy reward: 0.17204486382304973, g: 0.00175044647725582, curr_delay = 0.08521238344954629, data_size = 3537
user 7, emp_avg: 0.411220347355681, h: 1.8624525792522082, ucb: 2.263541289091693,num_of_obs(calculated after picking at this round): 9, privacy reward: 0.6976763260710308, g: -0.0004429318798626866, curr_delay = 0.10156956515818934, data_size = 438
user 13, emp_avg: 0.28614721884377936, h: 0.9170082594338327, ucb: 1.200974770168148,num_of_obs(calculated after picking at this round): 34, privacy reward: 0.25666077695355527, g: 0.0008204878731987822, curr_delay = 0.13962167523391386, data_size = 2688
user 22, emp_avg: 0.060597676863627, h: 1.461028006884342, ucb: 1.5213892658322448,num_of_obs(calculated after picking at this round): 14, privacy reward: 0.5712090638488144, g: -4.254081765436973e-05, curr_delay = 0.7852855114690666, data_size = 923
user 27, emp_avg: 0.05718916731427465, h: 0.9461268563874513, ucb: 1.0032183943969266,num_of_obs(calculated after picking at this round): 32, privacy reward: 0.2780373004531934, g: -0.008213066107973782, curr_delay = 0.8303485656583747, data_size = 1628
num of fast users chosen: 3, num of slow users chosen: 2
max_delay = 0.83 seconds
after cleansing the weights updates who were almost zeros (meaning with absolute value of less than 10**-7, 0.00% of the weights upadtes) we get:
user No.0.0 has been picked 44, his deltas theta's mean
 is -0.0013217617524787784,
the empirical var of deltas thetas is 0.005074896849691868
the minimum of the deltas theta is -0.3879219889640808 and the maximum is 0.44007426500320435
the added laplace noise var is 0.017090890852504384
global epoch 102 has been done artifficialy in 0.83 secs, the total time by now is 86.60 
 with avg train loss 1.209, val loss 1.285, avg val acc 55.55%
iteration: 103
user 0, emp_avg: 0.7812295751312035, h: 0.7949896215643009, ucb: 1.5843576287872945,num_of_obs(calculated after picking at this round): 45, privacy reward: 0.16529888822158578, g: 0.001312069422346781, curr_delay = 0.11816460223947192, data_size = 3537
user 6, emp_avg: 0.5204096151054184, h: 0.7457663699762522, ucb: 1.2654333239248048,num_of_obs(calculated after picking at this round): 51, privacy reward: 0.13002871087842538, g: -0.0038916574101008437, curr_delay = 0.08967923430068986, data_size = 3229
user 8, emp_avg: 0.3712669493383289, h: 1.0764210361458981, ucb: 1.4529051875685641,num_of_obs(calculated after picking at this round): 25, privacy reward: 0.36787944117144167, g: 0.013766240942988837, curr_delay = 0.20320734399203927, data_size = 2674
user 10, emp_avg: 0.36399173491185954, h: 1.8644159249406305, ucb: 2.2416858944958435,num_of_obs(calculated after picking at this round): 9, privacy reward: 0.6976763260710308, g: 0.004057357494733657, curr_delay = 0.1939744868987964, data_size = 1079
user 25, emp_avg: 0.06252780304112891, h: 2.3583203314807686, ucb: 2.421573276883208,num_of_obs(calculated after picking at this round): 6, privacy reward: 0.7866278610665532, g: 0.0009681194822000566, curr_delay = 0.8488662957801575, data_size = 608
num of fast users chosen: 4, num of slow users chosen: 1
max_delay = 0.85 seconds
after cleansing the weights updates who were almost zeros (meaning with absolute value of less than 10**-7, 0.00% of the weights upadtes) we get:
user No.0.0 has been picked 45, his deltas theta's mean
 is -0.0011861245147883892,
the empirical var of deltas thetas is 0.004707801155745983
the minimum of the deltas theta is -0.4301629066467285 and the maximum is 0.3927822411060333
the added laplace noise var is 0.017788383339832698
global epoch 103 has been done artifficialy in 0.85 secs, the total time by now is 87.45 
 with avg train loss 1.270, val loss 1.315, avg val acc 54.90%
iteration: 104
user 0, emp_avg: 0.7859854539326991, h: 0.7869257397528158, ucb: 1.5681553148840193,num_of_obs(calculated after picking at this round): 46, privacy reward: 0.15881742610691996, g: 0.0009433901650058451, curr_delay = 0.05, data_size = 3537
user 6, emp_avg: 0.520358953254177, h: 0.7391880202700458, ucb: 1.259597635375464,num_of_obs(calculated after picking at this round): 52, privacy reward: 0.12493021219858191, g: -0.004533446355286411, curr_delay = 0.09656700458410136, data_size = 3229
user 14, emp_avg: 0.26654761690548706, h: 0.933179132636927, ucb: 1.2016506938341023,num_of_obs(calculated after picking at this round): 33, privacy reward: 0.26713530196584967, g: -1.9255071640185762e-05, curr_delay = 0.2439245712270959, data_size = 2315
user 15, emp_avg: 0.07089790175433054, h: 1.866358265273854, ucb: 1.9375976561779524,num_of_obs(calculated after picking at this round): 9, privacy reward: 0.6976763260710308, g: 0.00016110004707135122, curr_delay = 0.7335036292884822, data_size = 684
user 26, emp_avg: 0.05773935558354144, h: 1.151941330244777, ucb: 1.2098548032650756,num_of_obs(calculated after picking at this round): 22, privacy reward: 0.41478291168158077, g: -0.002749191476484897, curr_delay = 0.9245068180332453, data_size = 1141
num of fast users chosen: 3, num of slow users chosen: 2
max_delay = 0.92 seconds
after cleansing the weights updates who were almost zeros (meaning with absolute value of less than 10**-7, 0.00% of the weights upadtes) we get:
user No.0.0 has been picked 46, his deltas theta's mean
 is -0.000904096057638526,
the empirical var of deltas thetas is 0.005733259953558445
the minimum of the deltas theta is -0.48170095682144165 and the maximum is 0.4651811718940735
the added laplace noise var is 0.01851434103556225
global epoch 104 has been done artifficialy in 0.92 secs, the total time by now is 88.38 
 with avg train loss 1.244, val loss 1.293, avg val acc 55.44%
iteration: 105
user 4, emp_avg: 0.5931483057335897, h: 0.7327997168518665, ucb: 1.3272948836168013,num_of_obs(calculated after picking at this round): 53, privacy reward: 0.12003162851145621, g: -1.7008859666528748e-06, curr_delay = 0.09558191118236309, data_size = 3770
user 13, emp_avg: 0.28657309253694485, h: 0.9062489286151093, ucb: 1.1923961474588887,num_of_obs(calculated after picking at this round): 35, privacy reward: 0.2465969639416059, g: 0.0008045191877797312, curr_delay = 0.16608382421555343, data_size = 2688
user 15, emp_avg: 0.07039739002297521, h: 1.761431302503265, ucb: 1.8323292042575956,num_of_obs(calculated after picking at this round): 10, privacy reward: 0.670320046035639, g: 1.522022395971196e-05, curr_delay = 0.7588084252978983, data_size = 684
user 17, emp_avg: 0.0669896873068116, h: 1.101851447829775, ucb: 1.1687899730072995,num_of_obs(calculated after picking at this round): 24, privacy reward: 0.3828928859751114, g: 0.00034659770710113104, curr_delay = 0.7334990267687994, data_size = 1814
user 28, emp_avg: 0.055582211796121585, h: 1.3643988200167168, ucb: 1.4199899511569862,num_of_obs(calculated after picking at this round): 16, privacy reward: 0.5272924240430481, g: 0.00022554892108737052, curr_delay = 0.9017389228880863, data_size = 1205
num of fast users chosen: 2, num of slow users chosen: 3
max_delay = 0.90 seconds
after cleansing the weights updates who were almost zeros (meaning with absolute value of less than 10**-7, 0.00% of the weights upadtes) we get:
user No.4.0 has been picked 53, his deltas theta's mean
 is -7.527922571171075e-05,
the empirical var of deltas thetas is 0.006448186468333006
the minimum of the deltas theta is -0.49849849939346313 and the maximum is 0.5473079085350037
the added laplace noise var is 0.02449687657993479
global epoch 105 has been done artifficialy in 0.90 secs, the total time by now is 89.28 
 with avg train loss 1.248, val loss 1.321, avg val acc 54.40%
iteration: 106
user 4, emp_avg: 0.5927562367742965, h: 0.7265923900098555, ucb: 1.3197406957434452,num_of_obs(calculated after picking at this round): 54, privacy reward: 0.11532512103806203, g: -3.6797386637513144e-05, curr_delay = 0.08741616628976935, data_size = 3770
user 13, emp_avg: 0.2850206000582263, h: 0.8941178344311128, ucb: 1.1806909269680577,num_of_obs(calculated after picking at this round): 36, privacy reward: 0.23692775868212124, g: 0.00048333547690409, curr_delay = 0.2167473166858091, data_size = 2688
user 14, emp_avg: 0.26613378575073465, h: 0.920813779822655, ucb: 1.187361396728142,num_of_obs(calculated after picking at this round): 34, privacy reward: 0.25666077695355527, g: -6.426438684344287e-05, curr_delay = 0.1980375605424394, data_size = 2315
user 24, emp_avg: 0.060812377163071155, h: 1.2467877517995418, ucb: 1.3075456047573861,num_of_obs(calculated after picking at this round): 19, privacy reward: 0.4676664270099087, g: -0.00075773072745451, curr_delay = 0.8091424964434877, data_size = 1086
user 29, emp_avg: 0.05482760435184007, h: 1.7632241479955721, ucb: 1.8176040702772045,num_of_obs(calculated after picking at this round): 10, privacy reward: 0.670320046035639, g: -6.823986706415152e-05, curr_delay = 0.8495203347191473, data_size = 585
num of fast users chosen: 3, num of slow users chosen: 2
max_delay = 0.85 seconds
after cleansing the weights updates who were almost zeros (meaning with absolute value of less than 10**-7, 0.00% of the weights upadtes) we get:
user No.4.0 has been picked 54, his deltas theta's mean
 is -0.0018231834983453155,
the empirical var of deltas thetas is 0.005786424037069082
the minimum of the deltas theta is -0.42383718490600586 and the maximum is 0.507260799407959
the added laplace noise var is 0.025496613078457308
global epoch 106 has been done artifficialy in 0.85 secs, the total time by now is 90.13 
 with avg train loss 1.210, val loss 1.282, avg val acc 56.80%
iteration: 107
user 4, emp_avg: 0.587829243859515, h: 0.720557564549218, ucb: 1.3133138013235146,num_of_obs(calculated after picking at this round): 55, privacy reward: 0.11080315836233334, g: -0.00011532573756763865, curr_delay = 0.15538971086380643, data_size = 3770
user 8, emp_avg: 0.3848799626567781, h: 1.0589990180688824, ucb: 1.4302659674072113,num_of_obs(calculated after picking at this round): 26, privacy reward: 0.3534546819587794, g: 0.013617600284710946, curr_delay = 0.06894599405453979, data_size = 2674
user 11, emp_avg: 0.3019971398880704, h: 2.0013200289084714, ucb: 2.3173194119344904,num_of_obs(calculated after picking at this round): 8, privacy reward: 0.7261490370736907, g: 7.860687700310126e-05, curr_delay = 0.2451203428569532, data_size = 567
user 17, emp_avg: 0.0671248171574464, h: 1.0808363468238271, ucb: 1.1478260341306388,num_of_obs(calculated after picking at this round): 25, privacy reward: 0.36787944117144167, g: 0.00017864162636802846, curr_delay = 0.7105509208730106, data_size = 1814
user 26, emp_avg: 0.057978831059847025, h: 1.128896746360869, ucb: 1.1866361019444105,num_of_obs(calculated after picking at this round): 23, privacy reward: 0.3985190410845135, g: -0.0031491325695617812, curr_delay = 0.7905476864492863, data_size = 1141
num of fast users chosen: 3, num of slow users chosen: 2
max_delay = 0.79 seconds
after cleansing the weights updates who were almost zeros (meaning with absolute value of less than 10**-7, 0.00% of the weights upadtes) we get:
user No.4.0 has been picked 55, his deltas theta's mean
 is -0.001964491093531251,
the empirical var of deltas thetas is 0.0055777630768716335
the minimum of the deltas theta is -0.38459402322769165 and the maximum is 0.4724191427230835
the added laplace noise var is 0.026537149597472925
global epoch 107 has been done artifficialy in 0.79 secs, the total time by now is 90.92 
 with avg train loss 1.229, val loss 1.259, avg val acc 56.30%
iteration: 108
user 4, emp_avg: 0.5951894359334522, h: 0.7146873106820317, ucb: 1.3025165545415467,num_of_obs(calculated after picking at this round): 56, privacy reward: 0.1064585043792523, g: -0.00023486617517496522, curr_delay = 0.05, data_size = 3770
user 8, emp_avg: 0.3822662174256712, h: 1.0394670854067727, ucb: 1.4243470480635507,num_of_obs(calculated after picking at this round): 27, privacy reward: 0.33959552564493845, g: 0.012011851624638704, curr_delay = 0.15907920303673972, data_size = 2674
user 14, emp_avg: 0.2654770192306889, h: 0.9089875971901105, ucb: 1.1751213829408451,num_of_obs(calculated after picking at this round): 35, privacy reward: 0.2465969639416059, g: -0.0001324931583057944, curr_delay = 0.20563695513194535, data_size = 2315
user 18, emp_avg: 0.06566741954121917, h: 1.5300541211219, ucb: 1.5959603004174268,num_of_obs(calculated after picking at this round): 13, privacy reward: 0.5945205479701939, g: -0.0004677068779796797, curr_delay = 0.7961491540590672, data_size = 683
user 21, emp_avg: 0.0657767555097854, h: 1.416554859074481, ucb: 1.481985786741054,num_of_obs(calculated after picking at this round): 15, privacy reward: 0.5488116360940261, g: 0.004030898829098569, curr_delay = 0.7080313164679787, data_size = 1474
num of fast users chosen: 3, num of slow users chosen: 2
max_delay = 0.80 seconds
after cleansing the weights updates who were almost zeros (meaning with absolute value of less than 10**-7, 0.00% of the weights upadtes) we get:
user No.4.0 has been picked 56, his deltas theta's mean
 is -0.0038824079092592,
the empirical var of deltas thetas is 0.0072708590887486935
the minimum of the deltas theta is -0.4700627028942108 and the maximum is 0.6304264068603516
the added laplace noise var is 0.02762015121740502
global epoch 108 has been done artifficialy in 0.80 secs, the total time by now is 91.71 
 with avg train loss 1.346, val loss 1.307, avg val acc 55.15%
iteration: 109
user 0, emp_avg: 0.7815459246026671, h: 0.7822499224418773, ucb: 1.5682353763745764,num_of_obs(calculated after picking at this round): 47, privacy reward: 0.15259010575688325, g: 0.0017130175540467554, curr_delay = 0.0866059445775172, data_size = 3537
user 8, emp_avg: 0.37734528472194845, h: 1.0210395445850649, ucb: 1.403305762010736,num_of_obs(calculated after picking at this round): 28, privacy reward: 0.3262797946230388, g: 0.010533514603320046, curr_delay = 0.20451562171293053, data_size = 2674
user 10, emp_avg: 0.35092046964433365, h: 1.76849236775832, ucb: 2.1324841026701797,num_of_obs(calculated after picking at this round): 10, privacy reward: 0.670320046035639, g: 0.003457261907472265, curr_delay = 0.21433554830813362, data_size = 1079
user 13, emp_avg: 0.28432276564460535, h: 0.88424618387916, ucb: 1.1692667839373863,num_of_obs(calculated after picking at this round): 37, privacy reward: 0.22763768838381226, g: 0.00047953737807102966, curr_delay = 0.19290069370602256, data_size = 2688
user 25, emp_avg: 0.0622999443873306, h: 2.1659519575071706, ucb: 2.2284797605482995,num_of_obs(calculated after picking at this round): 7, privacy reward: 0.7557837414557252, g: 0.0006057720169491044, curr_delay = 0.8205762115546731, data_size = 608
num of fast users chosen: 4, num of slow users chosen: 1
max_delay = 0.82 seconds
after cleansing the weights updates who were almost zeros (meaning with absolute value of less than 10**-7, 0.00% of the weights upadtes) we get:
user No.0.0 has been picked 47, his deltas theta's mean
 is -0.004326010588556528,
the empirical var of deltas thetas is 0.005637363530695438
the minimum of the deltas theta is -0.421206533908844 and the maximum is 0.5119470953941345
the added laplace noise var is 0.019269925626885447
global epoch 109 has been done artifficialy in 0.82 secs, the total time by now is 92.53 
 with avg train loss 1.272, val loss 1.277, avg val acc 56.95%
iteration: 110
user 0, emp_avg: 0.7776356649024253, h: 0.7746362522453032, ucb: 1.5561821768479702,num_of_obs(calculated after picking at this round): 48, privacy reward: 0.14660696213034952, g: 0.0013056831261040306, curr_delay = 0.08419585546398675, data_size = 3537
user 6, emp_avg: 0.5245552244300147, h: 0.7364530664814251, ucb: 1.256812019735602,num_of_obs(calculated after picking at this round): 53, privacy reward: 0.12003162851145621, g: -0.00246745954023062, curr_delay = 0.06731637509719429, data_size = 3229
user 10, emp_avg: 0.33926700467178694, h: 1.679371376282045, ucb: 2.030291845926379,num_of_obs(calculated after picking at this round): 11, privacy reward: 0.6440364210831411, g: 0.0025460301509512544, curr_delay = 0.22448467359872515, data_size = 1079
user 17, emp_avg: 0.0670356849219965, h: 1.0621277172685872, ucb: 1.1292525344260336,num_of_obs(calculated after picking at this round): 26, privacy reward: 0.3534546819587794, g: 0.00010799421574143436, curr_delay = 0.771517082528813, data_size = 1814
user 20, emp_avg: 0.06482900711568672, h: 1.770212862114312, ucb: 1.8351055938711704,num_of_obs(calculated after picking at this round): 10, privacy reward: 0.670320046035639, g: -0.0005905745276833653, curr_delay = 0.7781436826977473, data_size = 439
num of fast users chosen: 3, num of slow users chosen: 2
max_delay = 0.78 seconds
after cleansing the weights updates who were almost zeros (meaning with absolute value of less than 10**-7, 0.00% of the weights upadtes) we get:
user No.0.0 has been picked 48, his deltas theta's mean
 is 0.000249202101258561,
the empirical var of deltas thetas is 0.00569236371666193
the minimum of the deltas theta is -0.4432806372642517 and the maximum is 0.4314115643501282
the added laplace noise var is 0.02005634621034838
global epoch 110 has been done artifficialy in 0.78 secs, the total time by now is 93.31 
 with avg train loss 1.258, val loss 1.238, avg val acc 58.25%
iteration: 111
user 0, emp_avg: 0.7821737125574779, h: 0.7672621945358977, ucb: 1.544897859438323,num_of_obs(calculated after picking at this round): 49, privacy reward: 0.1408584209210444, g: 0.0009594216591840583, curr_delay = 0.05, data_size = 3537
user 6, emp_avg: 0.5242519961993548, h: 0.7301742000459323, ucb: 1.254729424475947,num_of_obs(calculated after picking at this round): 54, privacy reward: 0.11532512103806203, g: -0.0029619428576728225, curr_delay = 0.09839015988700198, data_size = 3229
user 8, emp_avg: 0.38050346015724007, h: 1.004582024096767, ucb: 1.3819273088187154,num_of_obs(calculated after picking at this round): 29, privacy reward: 0.3134861808826046, g: 0.009621075588095999, curr_delay = 0.10662518296598025, data_size = 2674
user 22, emp_avg: 0.06073835938558854, h: 1.4206935229938633, ucb: 1.4812911998574902,num_of_obs(calculated after picking at this round): 15, privacy reward: 0.5488116360940261, g: -2.7013777134844866e-05, curr_delay = 0.7973475157760517, data_size = 923
user 29, emp_avg: 0.05485632484885019, h: 1.680987245872913, ucb: 1.735814850224753,num_of_obs(calculated after picking at this round): 11, privacy reward: 0.6440364210831411, g: -0.0001807726565019563, curr_delay = 0.9067246903519108, data_size = 585
num of fast users chosen: 3, num of slow users chosen: 2
max_delay = 0.91 seconds
after cleansing the weights updates who were almost zeros (meaning with absolute value of less than 10**-7, 0.00% of the weights upadtes) we get:
user No.0.0 has been picked 49, his deltas theta's mean
 is -0.0005676725413650274,
the empirical var of deltas thetas is 0.006651683244854212
the minimum of the deltas theta is -0.5513524413108826 and the maximum is 0.587988018989563
the added laplace noise var is 0.02087486122666327
global epoch 111 has been done artifficialy in 0.91 secs, the total time by now is 94.22 
 with avg train loss 1.218, val loss 1.264, avg val acc 56.85%
iteration: 112
user 4, emp_avg: 0.5919390689960594, h: 0.7110228199543971, ucb: 1.3062122558878493,num_of_obs(calculated after picking at this round): 57, privacy reward: 0.10228420671553695, g: -3.6797386637513144e-05, curr_delay = 0.12197545975419767, data_size = 3770
user 5, emp_avg: 0.5127567312114326, h: 1.8811895580911884, ucb: 2.416536139358146,num_of_obs(calculated after picking at this round): 9, privacy reward: 0.6976763260710308, g: 0.00016089179066649647, curr_delay = 0.1505852053844152, data_size = 642
user 8, emp_avg: 0.38785648210050855, h: 0.9880491616236471, ucb: 1.3685526217808872,num_of_obs(calculated after picking at this round): 30, privacy reward: 0.3011942119122014, g: 0.00835592749740103, curr_delay = 0.08318164903774314, data_size = 2674
user 17, emp_avg: 0.06747035307197409, h: 1.0434962170100344, ucb: 1.1105319019320308,num_of_obs(calculated after picking at this round): 27, privacy reward: 0.33959552564493845, g: 3.0491342903589997e-05, curr_delay = 0.6347455259886613, data_size = 1814
user 26, emp_avg: 0.05800393058093634, h: 1.1094650733725253, ucb: 1.1674439044323723,num_of_obs(calculated after picking at this round): 24, privacy reward: 0.3828928859751114, g: -0.0031210992088996606, curr_delay = 0.8535158600390004, data_size = 1141
num of fast users chosen: 3, num of slow users chosen: 2
max_delay = 0.85 seconds
after cleansing the weights updates who were almost zeros (meaning with absolute value of less than 10**-7, 0.00% of the weights upadtes) we get:
user No.4.0 has been picked 57, his deltas theta's mean
 is 0.0016559374053031206,
the empirical var of deltas thetas is 0.009463154710829258
the minimum of the deltas theta is -0.5115159749984741 and the maximum is 0.5525689125061035
the added laplace noise var is 0.028747350971898154
global epoch 112 has been done artifficialy in 0.85 secs, the total time by now is 95.07 
 with avg train loss 1.234, val loss 1.256, avg val acc 56.47%
iteration: 113
user 4, emp_avg: 0.5878128702261604, h: 0.7054216968528632, ucb: 1.2973607658489226,num_of_obs(calculated after picking at this round): 58, privacy reward: 0.09827358560436095, g: -0.00011005822143329814, curr_delay = 0.14179588559249456, data_size = 3770
user 12, emp_avg: 0.3335005539573658, h: 2.1742556930389627, ucb: 2.5209826674540805,num_of_obs(calculated after picking at this round): 7, privacy reward: 0.7557837414557252, g: 3.434292837857002e-05, curr_delay = 0.196740380809016, data_size = 450
user 13, emp_avg: 0.28298528373059306, h: 0.8755589243799989, ucb: 1.1598816900246043,num_of_obs(calculated after picking at this round): 38, privacy reward: 0.21871188695221422, g: 0.0006120647767505051, curr_delay = 0.21413418108947418, data_size = 2688
user 17, emp_avg: 0.06733648728190719, h: 1.0249539630542048, ucb: 1.0924243161261789,num_of_obs(calculated after picking at this round): 28, privacy reward: 0.3262797946230388, g: -1.6212910518670349e-06, curr_delay = 0.7846569935379815, data_size = 1814
user 22, emp_avg: 0.06102037298443494, h: 1.3751200411182058, ucb: 1.4358584005037944,num_of_obs(calculated after picking at this round): 16, privacy reward: 0.5272924240430481, g: -0.00013958748261030005, curr_delay = 0.7662767491724517, data_size = 923
num of fast users chosen: 3, num of slow users chosen: 2
max_delay = 0.78 seconds
after cleansing the weights updates who were almost zeros (meaning with absolute value of less than 10**-7, 0.00% of the weights upadtes) we get:
user No.4.0 has been picked 58, his deltas theta's mean
 is -0.00026965810684487224,
the empirical var of deltas thetas is 0.005657867528498173
the minimum of the deltas theta is -0.40077799558639526 and the maximum is 0.45800521969795227
the added laplace noise var is 0.02992055262104161
global epoch 113 has been done artifficialy in 0.78 secs, the total time by now is 95.86 
 with avg train loss 1.209, val loss 1.230, avg val acc 57.34%
iteration: 114
user 0, emp_avg: 0.7842307221447237, h: 0.761539668796279, ucb: 1.543713381353757,num_of_obs(calculated after picking at this round): 50, privacy reward: 0.13533528323661215, g: 0.0011277778219987143, curr_delay = 0.056495630804782225, data_size = 3537
user 1, emp_avg: 0.7466489359808783, h: 1.3764008788713404, ucb: 2.1136178528685,num_of_obs(calculated after picking at this round): 16, privacy reward: 0.5272924240430481, g: -0.0012540453992205209, curr_delay = 0.05629816806777415, data_size = 734
user 8, emp_avg: 0.3878209816071177, h: 0.9732623950810485, ucb: 1.361118877181557,num_of_obs(calculated after picking at this round): 31, privacy reward: 0.2893842179390499, g: 0.007600603336269542, curr_delay = 0.12928048767547273, data_size = 2674
user 14, emp_avg: 0.26613497597550984, h: 0.9010658877188088, ucb: 1.1665429069494977,num_of_obs(calculated after picking at this round): 36, privacy reward: 0.23692775868212124, g: -1.3788569337428775e-05, curr_delay = 0.1729125790877063, data_size = 2315
user 26, emp_avg: 0.058030511448979506, h: 1.0881404376727408, ucb: 1.1461443682536772,num_of_obs(calculated after picking at this round): 25, privacy reward: 0.36787944117144167, g: -0.003725389846118334, curr_delay = 0.8522467877566169, data_size = 1141
num of fast users chosen: 4, num of slow users chosen: 1
max_delay = 0.85 seconds
after cleansing the weights updates who were almost zeros (meaning with absolute value of less than 10**-7, 0.00% of the weights upadtes) we get:
user No.0.0 has been picked 50, his deltas theta's mean
 is -0.001841939170844853,
the empirical var of deltas thetas is 0.007103324867784977
the minimum of the deltas theta is -0.5661342740058899 and the maximum is 0.6099785566329956
the added laplace noise var is 0.021726780474482066
global epoch 114 has been done artifficialy in 0.85 secs, the total time by now is 96.71 
 with avg train loss 1.234, val loss 1.260, avg val acc 56.74%
iteration: 115
user 1, emp_avg: 0.719816320244834, h: 1.333922616997035, ucb: 2.080571552977913,num_of_obs(calculated after picking at this round): 17, privacy reward: 0.5066169923655891, g: -0.001845904509308891, curr_delay = 0.1721203170017906, data_size = 734
user 4, emp_avg: 0.5830366135977355, h: 0.7006104821951464, ucb: 1.2884233524213067,num_of_obs(calculated after picking at this round): 59, privacy reward: 0.09442022319630183, g: -0.00010844954311465154, curr_delay = 0.1633913620118651, data_size = 3770
user 13, emp_avg: 0.2815595772914231, h: 0.8655632904308996, ucb: 1.1485485741614927,num_of_obs(calculated after picking at this round): 39, privacy reward: 0.21013607120076416, g: 0.00047257493203134275, curr_delay = 0.21989356635670831, data_size = 2688
user 22, emp_avg: 0.061410411385623, h: 1.333922616997035, ucb: 1.39494298998147,num_of_obs(calculated after picking at this round): 17, privacy reward: 0.5066169923655891, g: -0.00033130503599750126, curr_delay = 0.7390870929938884, data_size = 923
user 27, emp_avg: 0.05722119223465217, h: 0.9432257280567093, ucb: 1.000414895370984,num_of_obs(calculated after picking at this round): 33, privacy reward: 0.26713530196584967, g: -0.004220486191121886, curr_delay = 0.8584281985578278, data_size = 1628
num of fast users chosen: 3, num of slow users chosen: 2
max_delay = 0.86 seconds
after cleansing the weights updates who were almost zeros (meaning with absolute value of less than 10**-7, 0.00% of the weights upadtes) we get:
user No.1.0 has been picked 17, his deltas theta's mean
 is 3.708779695443809e-05,
the empirical var of deltas thetas is 0.000686031999066472
the minimum of the deltas theta is -0.23408110439777374 and the maximum is 0.2333488017320633
the added laplace noise var is 0.0058039900627965095
global epoch 115 has been done artifficialy in 0.86 secs, the total time by now is 97.57 
 with avg train loss 1.187, val loss 1.267, avg val acc 56.42%
iteration: 116
user 0, emp_avg: 0.7884614922987487, h: 0.7552687090915151, ucb: 1.539499431236239,num_of_obs(calculated after picking at this round): 51, privacy reward: 0.13002871087842538, g: 0.001047977597485254, curr_delay = 0.05, data_size = 3537
user 2, emp_avg: 0.7981882566917544, h: 2.018540531693919, ucb: 2.7878985393416382,num_of_obs(calculated after picking at this round): 8, privacy reward: 0.7261490370736907, g: 0.0019311337994403308, curr_delay = 0.05, data_size = 796
user 8, emp_avg: 0.3837346529904093, h: 0.9591922197389235, ucb: 1.3470132013460412,num_of_obs(calculated after picking at this round): 32, privacy reward: 0.2780373004531934, g: 0.006905270058614433, curr_delay = 0.19450827978102786, data_size = 2674
user 18, emp_avg: 0.06583807573358708, h: 1.4812038021783338, ucb: 1.546871221719553,num_of_obs(calculated after picking at this round): 14, privacy reward: 0.5712090638488144, g: -0.0005100545006034621, curr_delay = 0.7346825351210228, data_size = 683
user 27, emp_avg: 0.05714914425476283, h: 0.9296715149211051, ucb: 0.9868927071557573,num_of_obs(calculated after picking at this round): 34, privacy reward: 0.25666077695355527, g: -0.005067611488319367, curr_delay = 0.912882509857221, data_size = 1628
num of fast users chosen: 3, num of slow users chosen: 2
max_delay = 0.91 seconds
after cleansing the weights updates who were almost zeros (meaning with absolute value of less than 10**-7, 0.00% of the weights upadtes) we get:
user No.0.0 has been picked 51, his deltas theta's mean
 is -0.002760697389021516,
the empirical var of deltas thetas is 0.0064698574133217335
the minimum of the deltas theta is -0.5908219814300537 and the maximum is 0.4404350519180298
the added laplace noise var is 0.022613467206353745
global epoch 116 has been done artifficialy in 0.91 secs, the total time by now is 98.48 
 with avg train loss 1.234, val loss 1.215, avg val acc 58.69%
iteration: 117
user 4, emp_avg: 0.5801451939623223, h: 0.6959086683791168, ucb: 1.2789452819768523,num_of_obs(calculated after picking at this round): 60, privacy reward: 0.0907179532894119, g: -0.00010690710533960557, curr_delay = 0.1220847875731662, data_size = 3770
user 8, emp_avg: 0.38181245369113836, h: 0.9449378883157238, ucb: 1.328672541306133,num_of_obs(calculated after picking at this round): 33, privacy reward: 0.26713530196584967, g: 0.005903626507522119, curr_delay = 0.1561026410023375, data_size = 2674
user 14, emp_avg: 0.2637578450247811, h: 0.8908959848375264, ucb: 1.1570309608130362,num_of_obs(calculated after picking at this round): 37, privacy reward: 0.22763768838381226, g: -1.9255071640185762e-05, curr_delay = 0.2806133274377428, data_size = 2315
user 16, emp_avg: 0.06835168374228297, h: 1.3801701249915181, ucb: 1.448731242400552,num_of_obs(calculated after picking at this round): 16, privacy reward: 0.5272924240430481, g: 3.110601569234236e-06, curr_delay = 0.7667514637335022, data_size = 992
user 29, emp_avg: 0.0545362225383113, h: 1.611691477603761, ucb: 1.6665478024526112,num_of_obs(calculated after picking at this round): 12, privacy reward: 0.6187833918061405, g: -0.0003017925046982018, curr_delay = 0.9801020250937023, data_size = 585
num of fast users chosen: 3, num of slow users chosen: 2
max_delay = 0.98 seconds
after cleansing the weights updates who were almost zeros (meaning with absolute value of less than 10**-7, 0.00% of the weights upadtes) we get:
user No.4.0 has been picked 60, his deltas theta's mean
 is -0.003277367912232876,
the empirical var of deltas thetas is 0.006636068224906921
the minimum of the deltas theta is -0.5342092514038086 and the maximum is 0.4823433756828308
the added laplace noise var is 0.032412547712062464
global epoch 117 has been done artifficialy in 0.98 secs, the total time by now is 99.46 
 with avg train loss 1.238, val loss 1.235, avg val acc 58.77%
iteration: 118
user 4, emp_avg: 0.5777685597689441, h: 0.6907014278590761, ucb: 1.2708466218213985,num_of_obs(calculated after picking at this round): 61, privacy reward: 0.08716085146198072, g: -0.00021143082878981645, curr_delay = 0.11489749204442354, data_size = 3770
user 6, emp_avg: 0.5232014242384025, h: 0.7280632317217193, ucb: 1.252315227921074,num_of_obs(calculated after picking at this round): 55, privacy reward: 0.11080315836233334, g: -0.0011953182927520395, curr_delay = 0.10718790553672147, data_size = 3229
user 10, emp_avg: 0.3339741083705678, h: 1.6131309969574412, ucb: 1.9523980016292282,num_of_obs(calculated after picking at this round): 12, privacy reward: 0.6187833918061405, g: 0.002318129174148632, curr_delay = 0.18132218384785, data_size = 1079
user 11, emp_avg: 0.3036843565965256, h: 1.8915637626972157, ucb: 2.1935609025852862,num_of_obs(calculated after picking at this round): 9, privacy reward: 0.6976763260710308, g: 4.2120132686115957e-05, curr_delay = 0.15763815655025532, data_size = 567
user 17, emp_avg: 0.06727251289176552, h: 1.0110833607499925, ucb: 1.0784198480318996,num_of_obs(calculated after picking at this round): 29, privacy reward: 0.3134861808826046, g: 1.418412880980343e-07, curr_delay = 0.7635775935270048, data_size = 1814
num of fast users chosen: 4, num of slow users chosen: 1
max_delay = 0.76 seconds
after cleansing the weights updates who were almost zeros (meaning with absolute value of less than 10**-7, 0.00% of the weights upadtes) we get:
user No.4.0 has been picked 61, his deltas theta's mean
 is -0.002339360537007451,
the empirical var of deltas thetas is 0.006244562566280365
the minimum of the deltas theta is -0.5185009837150574 and the maximum is 0.4420509338378906
the added laplace noise var is 0.03373532887773946
global epoch 118 has been done artifficialy in 0.76 secs, the total time by now is 100.23 
 with avg train loss 1.224, val loss 1.229, avg val acc 57.37%
iteration: 119
user 2, emp_avg: 0.7512315281023948, h: 1.8932360179950218, ucb: 2.691424274686776,num_of_obs(calculated after picking at this round): 9, privacy reward: 0.6976763260710308, g: 0.0013736366378214405, curr_delay = 0.13312824505165974, data_size = 796
user 3, emp_avg: 0.7960317478508971, h: 3.0916414711643165, ucb: 3.8196838016321792,num_of_obs(calculated after picking at this round): 4, privacy reward: 0.8521437889662112, g: 0.0012660632411739248, curr_delay = 0.05, data_size = 464
user 4, emp_avg: 0.5739187428509572, h: 0.6856221412949853, ucb: 1.2633907010639294,num_of_obs(calculated after picking at this round): 62, privacy reward: 0.08374322559219538, g: -0.0003486109822626226, curr_delay = 0.14745786582905296, data_size = 3770
user 8, emp_avg: 0.3779606389193187, h: 0.9321649769231283, ucb: 1.3139774306142666,num_of_obs(calculated after picking at this round): 34, privacy reward: 0.25666077695355527, g: 0.005333148599950728, curr_delay = 0.19932170707533864, data_size = 2674
user 17, emp_avg: 0.06736808760039813, h: 0.9943762723378874, ucb: 1.061648785229653,num_of_obs(calculated after picking at this round): 30, privacy reward: 0.3011942119122014, g: -3.6393773006341204e-05, curr_delay = 0.7128624929671202, data_size = 1814
num of fast users chosen: 4, num of slow users chosen: 1
max_delay = 0.71 seconds
after cleansing the weights updates who were almost zeros (meaning with absolute value of less than 10**-7, 0.00% of the weights upadtes) we get:
user No.2.0 has been picked 9, his deltas theta's mean
 is 1.9561244698707014e-05,
the empirical var of deltas thetas is 0.0018299738876521587
the minimum of the deltas theta is -0.2960503101348877 and the maximum is 0.3552544414997101
the added laplace noise var is 0.004214561795284956
global epoch 119 has been done artifficialy in 0.71 secs, the total time by now is 100.94 
 with avg train loss 1.304, val loss 1.270, avg val acc 56.29%
iteration: 120
user 6, emp_avg: 0.5258597676632509, h: 0.7226837665848833, ucb: 1.245885190823286,num_of_obs(calculated after picking at this round): 56, privacy reward: 0.1064585043792523, g: -0.0012446494831960162, curr_delay = 0.074397160991502, data_size = 3229
user 8, emp_avg: 0.38026109915360246, h: 0.919158029949345, ucb: 1.2971186688686638,num_of_obs(calculated after picking at this round): 35, privacy reward: 0.2465969639416059, g: 0.004489804113254514, curr_delay = 0.10905678491693492, data_size = 2674
user 17, emp_avg: 0.06738789135945723, h: 0.978518445690427, ucb: 1.0458865332908251,num_of_obs(calculated after picking at this round): 31, privacy reward: 0.2893842179390499, g: -0.00015215829834231751, curr_delay = 0.73548876116511, data_size = 1814
user 18, emp_avg: 0.06566190097442956, h: 1.4324043337961596, ucb: 1.4982424095297466,num_of_obs(calculated after picking at this round): 15, privacy reward: 0.5488116360940261, g: -0.0007388658733610898, curr_delay = 0.7911961472112952, data_size = 683
user 26, emp_avg: 0.058176147909200004, h: 1.0719132512790814, ucb: 1.1299437627280609,num_of_obs(calculated after picking at this round): 26, privacy reward: 0.3534546819587794, g: -0.0034624973877372695, curr_delay = 0.8088382151044211, data_size = 1141
num of fast users chosen: 2, num of slow users chosen: 3
max_delay = 0.81 seconds
after cleansing the weights updates who were almost zeros (meaning with absolute value of less than 10**-7, 0.00% of the weights upadtes) we get:
user No.6.0 has been picked 56, his deltas theta's mean
 is -0.002041267929598689,
the empirical var of deltas thetas is 0.005972753744572401
the minimum of the deltas theta is -0.42869633436203003 and the maximum is 0.4557033181190491
the added laplace noise var is 0.02762015121740502
global epoch 120 has been done artifficialy in 0.81 secs, the total time by now is 101.75 
 with avg train loss 1.162, val loss 1.240, avg val acc 57.84%
iteration: 121
user 4, emp_avg: 0.5719592140291877, h: 0.6812552843663703, ucb: 1.2551740272173275,num_of_obs(calculated after picking at this round): 63, privacy reward: 0.08045960674953179, g: -0.0003408742145424058, curr_delay = 0.11099557037585321, data_size = 3770
user 10, emp_avg: 0.32272006735399006, h: 1.5485138917033876, ucb: 1.8824880000739554,num_of_obs(calculated after picking at this round): 13, privacy reward: 0.5945205479701939, g: 0.001780311628411498, curr_delay = 0.2664228717571598, data_size = 1079
user 11, emp_avg: 0.29876196762022905, h: 1.7880698244376516, ucb: 2.0917541810341773,num_of_obs(calculated after picking at this round): 10, privacy reward: 0.670320046035639, g: -8.75208926134068e-09, curr_delay = 0.19649417696268104, data_size = 567
user 13, emp_avg: 0.2814096746889331, h: 0.8589609595853623, ucb: 1.1405205368767855,num_of_obs(calculated after picking at this round): 40, privacy reward: 0.2018965179946548, g: 0.0008915910345609128, curr_delay = 0.1814463993389815, data_size = 2688
user 27, emp_avg: 0.057257170937996295, h: 0.9199543350812143, ucb: 0.9771034793359771,num_of_obs(calculated after picking at this round): 35, privacy reward: 0.2465969639416059, g: -0.004582766705648543, curr_delay = 0.8206127663613174, data_size = 1628
num of fast users chosen: 4, num of slow users chosen: 1
max_delay = 0.82 seconds
after cleansing the weights updates who were almost zeros (meaning with absolute value of less than 10**-7, 0.00% of the weights upadtes) we get:
user No.4.0 has been picked 63, his deltas theta's mean
 is -0.001335415174253285,
the empirical var of deltas thetas is 0.006763095036149025
the minimum of the deltas theta is -0.445218026638031 and the maximum is 0.5409862995147705
the added laplace noise var is 0.036545045497016725
global epoch 121 has been done artifficialy in 0.82 secs, the total time by now is 102.57 
 with avg train loss 1.193, val loss 1.275, avg val acc 55.85%
iteration: 122
user 3, emp_avg: 0.8160610913240138, h: 2.6844052538876997, ucb: 3.480437001738597,num_of_obs(calculated after picking at this round): 5, privacy reward: 0.8187307530779817, g: 0.0007842789732232471, curr_delay = 0.055792458690604695, data_size = 464
user 4, emp_avg: 0.5717353820397602, h: 0.6764065447525768, ucb: 1.2483657587817645,num_of_obs(calculated after picking at this round): 64, privacy reward: 0.07730474044329905, g: -0.0005044303788626983, curr_delay = 0.0896645523503011, data_size = 3770
user 13, emp_avg: 0.2805660571886209, h: 0.8488834765207699, ucb: 1.130293151209703,num_of_obs(calculated after picking at this round): 41, privacy reward: 0.19398004229089127, g: 0.0005907193560007716, curr_delay = 0.20257566270620578, data_size = 2688
user 16, emp_avg: 0.06861176072928961, h: 1.3422026269438498, ucb: 1.410554310686133,num_of_obs(calculated after picking at this round): 17, privacy reward: 0.5066169923655891, g: -1.3893879544876647e-06, curr_delay = 0.6870680765986042, data_size = 992
user 27, emp_avg: 0.057232611249698945, h: 0.9074946086955092, ucb: 0.9647517796335056,num_of_obs(calculated after picking at this round): 36, privacy reward: 0.23692775868212124, g: -0.0054154359175952035, curr_delay = 0.8869490774987447, data_size = 1628
num of fast users chosen: 3, num of slow users chosen: 2
max_delay = 0.89 seconds
after cleansing the weights updates who were almost zeros (meaning with absolute value of less than 10**-7, 0.00% of the weights upadtes) we get:
user No.3.0 has been picked 5, his deltas theta's mean
 is -0.00048014166532084346,
the empirical var of deltas thetas is 0.000706794555298984
the minimum of the deltas theta is -0.18286089599132538 and the maximum is 0.1805652678012848
the added laplace noise var is 0.0035914126570663605
global epoch 122 has been done artifficialy in 0.89 secs, the total time by now is 103.45 
 with avg train loss 1.202, val loss 1.234, avg val acc 57.80%
iteration: 123
user 3, emp_avg: 0.7240995297767907, h: 2.403044158239066, ucb: 3.2191052495630794,num_of_obs(calculated after picking at this round): 6, privacy reward: 0.7866278610665532, g: 0.0004056784094594952, curr_delay = 0.18918488862963653, data_size = 464
user 4, emp_avg: 0.5735741074654027, h: 0.6716712613445391, ucb: 1.2434066433842994,num_of_obs(calculated after picking at this round): 65, privacy reward: 0.07427357821433322, g: -0.0006965000930362549, curr_delay = 0.07233246532864764, data_size = 3770
user 13, emp_avg: 0.28237173768465634, h: 0.8391794210931339, ucb: 1.1197454782817549,num_of_obs(calculated after picking at this round): 42, privacy reward: 0.1863739760394093, g: 0.0003549545651379712, curr_delay = 0.14028998129058665, data_size = 2688
user 16, emp_avg: 0.06903799574676041, h: 1.3032336735131196, ucb: 1.3718454342424091,num_of_obs(calculated after picking at this round): 18, privacy reward: 0.48675225595997107, g: -6.79398637466952e-05, curr_delay = 0.6554455176750654, data_size = 992
user 27, emp_avg: 0.057426698610228755, h: 0.8955616817927188, ucb: 0.9527942930424177,num_of_obs(calculated after picking at this round): 37, privacy reward: 0.22763768838381226, g: -0.0063023475895375896, curr_delay = 0.7762306549939224, data_size = 1628
num of fast users chosen: 3, num of slow users chosen: 2
max_delay = 0.78 seconds
after cleansing the weights updates who were almost zeros (meaning with absolute value of less than 10**-7, 0.00% of the weights upadtes) we get:
user No.3.0 has been picked 6, his deltas theta's mean
 is -0.00039258136530406773,
the empirical var of deltas thetas is 0.0006900361040607095
the minimum of the deltas theta is -0.16235144436359406 and the maximum is 0.17541290819644928
the added laplace noise var is 0.0037379809880455804
global epoch 123 has been done artifficialy in 0.78 secs, the total time by now is 104.23 
 with avg train loss 1.187, val loss 1.236, avg val acc 56.84%
iteration: 124
user 4, emp_avg: 0.5727085511885617, h: 0.6670450266618522, ucb: 1.2406191341272548,num_of_obs(calculated after picking at this round): 66, privacy reward: 0.07136126955638533, g: -0.0009156454097798232, curr_delay = 0.09681528198018816, data_size = 3770
user 6, emp_avg: 0.5272792444674503, h: 0.7186506377732982, ucb: 1.2445104054365492,num_of_obs(calculated after picking at this round): 57, privacy reward: 0.10228420671553695, g: -0.0008156256239862623, curr_delay = 0.08240355404976861, data_size = 3229
user 10, emp_avg: 0.34813416854365936, h: 1.491558023669061, ucb: 1.8142780910230512,num_of_obs(calculated after picking at this round): 14, privacy reward: 0.5712090638488144, g: 0.0013343373942730366, curr_delay = 0.0736900686840816, data_size = 1079
user 14, emp_avg: 0.2622989528599265, h: 0.8841194947001932, ucb: 1.1478773397249744,num_of_obs(calculated after picking at this round): 38, privacy reward: 0.21871188695221422, g: 2.417837194511561e-05, curr_delay = 0.2400154269316902, data_size = 2315
user 29, emp_avg: 0.054501933808964065, h: 1.552462812051393, ucb: 1.6069990345897043,num_of_obs(calculated after picking at this round): 13, privacy reward: 0.5945205479701939, g: -0.00040518774004626054, curr_delay = 0.9243772677862689, data_size = 585
num of fast users chosen: 4, num of slow users chosen: 1
max_delay = 0.92 seconds
after cleansing the weights updates who were almost zeros (meaning with absolute value of less than 10**-7, 0.00% of the weights upadtes) we get:
user No.4.0 has been picked 66, his deltas theta's mean
 is -0.0026939576491713524,
the empirical var of deltas thetas is 0.0073056090623140335
the minimum of the deltas theta is -0.5817936658859253 and the maximum is 0.5836719274520874
the added laplace noise var is 0.0412044237387114
global epoch 124 has been done artifficialy in 0.92 secs, the total time by now is 105.16 
 with avg train loss 1.178, val loss 1.213, avg val acc 58.48%
iteration: 125
user 0, emp_avg: 0.7925295405237728, h: 0.7536822342810391, ucb: 1.5421437265797877,num_of_obs(calculated after picking at this round): 52, privacy reward: 0.12493021219858191, g: 0.0030699317551361326, curr_delay = 0.05, data_size = 3537
user 6, emp_avg: 0.5228501834753295, h: 0.7129120221282421, ucb: 1.2401912665956925,num_of_obs(calculated after picking at this round): 58, privacy reward: 0.09827358560436095, g: -0.0010854558401386068, curr_delay = 0.18491554618159467, data_size = 3229
user 11, emp_avg: 0.2916898612152133, h: 1.7020541243983343, ucb: 2.0008160920185634,num_of_obs(calculated after picking at this round): 11, privacy reward: 0.6440364210831411, g: -3.2642794580558736e-05, curr_delay = 0.22627629168226776, data_size = 567
user 14, emp_avg: 0.2642247410002825, h: 0.8731353428549715, ucb: 1.135434295714898,num_of_obs(calculated after picking at this round): 39, privacy reward: 0.21013607120076416, g: -4.84071444358053e-07, curr_delay = 0.1481899968566904, data_size = 2315
user 22, emp_avg: 0.060980602952926434, h: 1.3054159225367894, ucb: 1.3668263339224125,num_of_obs(calculated after picking at this round): 18, privacy reward: 0.48675225595997107, g: -0.00022714564607187796, curr_delay = 0.9315521629213239, data_size = 923
num of fast users chosen: 4, num of slow users chosen: 1
max_delay = 0.93 seconds
after cleansing the weights updates who were almost zeros (meaning with absolute value of less than 10**-7, 0.00% of the weights upadtes) we get:
user No.0.0 has been picked 52, his deltas theta's mean
 is 0.00039907952304929495,
the empirical var of deltas thetas is 0.0061620017513632774
the minimum of the deltas theta is -0.44368261098861694 and the maximum is 0.5186448097229004
the added laplace noise var is 0.023536340310219228
global epoch 125 has been done artifficialy in 0.93 secs, the total time by now is 106.09 
 with avg train loss 1.200, val loss 1.193, avg val acc 59.34%
iteration: 126
user 0, emp_avg: 0.7964440774950223, h: 0.7470157479766879, ucb: 1.5395452885004608,num_of_obs(calculated after picking at this round): 53, privacy reward: 0.12003162851145621, g: 0.0025713572624515026, curr_delay = 0.05, data_size = 3537
user 6, emp_avg: 0.522669393122384, h: 0.7073224334467624, ucb: 1.230172616922092,num_of_obs(calculated after picking at this round): 59, privacy reward: 0.09442022319630183, g: -0.0013885846168112245, curr_delay = 0.09762125265669386, data_size = 3229
user 17, emp_avg: 0.06763481601151282, h: 0.9674991279767492, ucb: 1.0348870193362065,num_of_obs(calculated after picking at this round): 32, privacy reward: 0.2780373004531934, g: -7.000655868573942e-05, curr_delay = 0.6641034026323445, data_size = 1814
user 19, emp_avg: 0.06608889808685874, h: 2.693403582909033, ucb: 2.7599509666253907,num_of_obs(calculated after picking at this round): 5, privacy reward: 0.8187307530779817, g: 0.0020871181128354734, curr_delay = 0.7781500984218191, data_size = 591
user 28, emp_avg: 0.05572338058838287, h: 1.3467017914545165, ucb: 1.402284003250638,num_of_obs(calculated after picking at this round): 17, privacy reward: 0.5066169923655891, g: 0.0009542725452108023, curr_delay = 0.8623353786121876, data_size = 1205
num of fast users chosen: 2, num of slow users chosen: 3
max_delay = 0.86 seconds
after cleansing the weights updates who were almost zeros (meaning with absolute value of less than 10**-7, 0.00% of the weights upadtes) we get:
user No.0.0 has been picked 53, his deltas theta's mean
 is 0.00020950924954377115,
the empirical var of deltas thetas is 0.006112371105700731
the minimum of the deltas theta is -0.5373026728630066 and the maximum is 0.6462796926498413
the added laplace noise var is 0.02449687657993479
global epoch 126 has been done artifficialy in 0.86 secs, the total time by now is 106.95 
 with avg train loss 1.206, val loss 1.204, avg val acc 59.61%
iteration: 127
user 0, emp_avg: 0.8002136316154849, h: 0.740539356205767, ucb: 1.5369834337007893,num_of_obs(calculated after picking at this round): 54, privacy reward: 0.11532512103806203, g: 0.0021237470577268815, curr_delay = 0.05, data_size = 3537
user 6, emp_avg: 0.5200864307652551, h: 0.7018754841373768, ucb: 1.2245448772597607,num_of_obs(calculated after picking at this round): 60, privacy reward: 0.0907179532894119, g: -0.001723344610168066, curr_delay = 0.13598350620569044, data_size = 3229
user 9, emp_avg: 0.4293519677879895, h: 3.812159658169602, ucb: 4.112238678840163,num_of_obs(calculated after picking at this round): 3, privacy reward: 0.8869204367171574, g: 0.0018670693265812404, curr_delay = 0.0726852091863886, data_size = 450
user 14, emp_avg: 0.2633163113066546, h: 0.8632841662875905, ucb: 1.127508907287873,num_of_obs(calculated after picking at this round): 40, privacy reward: 0.2018965179946548, g: -1.4306297123974314e-05, curr_delay = 0.2194064541296591, data_size = 2315
user 26, emp_avg: 0.05814905334900081, h: 1.0573028552142902, ucb: 1.1154790031234902,num_of_obs(calculated after picking at this round): 27, privacy reward: 0.33959552564493845, g: -0.0030508019804235437, curr_delay = 0.870403911597993, data_size = 1141
num of fast users chosen: 4, num of slow users chosen: 1
max_delay = 0.87 seconds
after cleansing the weights updates who were almost zeros (meaning with absolute value of less than 10**-7, 0.00% of the weights upadtes) we get:
user No.0.0 has been picked 54, his deltas theta's mean
 is -0.0019986445549875498,
the empirical var of deltas thetas is 0.005879885517060757
the minimum of the deltas theta is -0.5633917450904846 and the maximum is 0.48090314865112305
the added laplace noise var is 0.025496613078457308
global epoch 127 has been done artifficialy in 0.87 secs, the total time by now is 107.82 
 with avg train loss 1.201, val loss 1.210, avg val acc 59.90%
iteration: 128
user 0, emp_avg: 0.7930925429191397, h: 0.7342441513344498, ucb: 1.5344577829499346,num_of_obs(calculated after picking at this round): 55, privacy reward: 0.11080315836233334, g: 0.0017249041052363578, curr_delay = 0.12238291679887367, data_size = 3537
user 6, emp_avg: 0.517740550399965, h: 0.6965651630622663, ucb: 1.2166515938275215,num_of_obs(calculated after picking at this round): 61, privacy reward: 0.08716085146198072, g: -0.0020881478897023195, curr_delay = 0.13263031187051721, data_size = 3229
user 15, emp_avg: 0.07016291105856766, h: 1.7062292221011133, ucb: 1.7766266121240886,num_of_obs(calculated after picking at this round): 11, privacy reward: 0.6440364210831411, g: 0.00013203380236794426, curr_delay = 0.7372660722111266, data_size = 684
user 27, emp_avg: 0.057345510482609954, h: 0.887026334712477, ucb: 0.9444530333227058,num_of_obs(calculated after picking at this round): 38, privacy reward: 0.21871188695221422, g: -0.005740623067313972, curr_delay = 0.9201062579217607, data_size = 1628
user 28, emp_avg: 0.05544423055909429, h: 1.3086180762998378, ucb: 1.3643414568882206,num_of_obs(calculated after picking at this round): 18, privacy reward: 0.48675225595997107, g: 0.0006281504140953263, curr_delay = 0.9862189694022574, data_size = 1205
num of fast users chosen: 2, num of slow users chosen: 3
max_delay = 0.99 seconds
after cleansing the weights updates who were almost zeros (meaning with absolute value of less than 10**-7, 0.00% of the weights upadtes) we get:
user No.0.0 has been picked 55, his deltas theta's mean
 is -0.0020391931757330894,
the empirical var of deltas thetas is 0.006346436217427254
the minimum of the deltas theta is -0.42934080958366394 and the maximum is 0.4946768581867218
the added laplace noise var is 0.026537149597472925
global epoch 128 has been done artifficialy in 0.99 secs, the total time by now is 108.81 
 with avg train loss 1.119, val loss 1.204, avg val acc 59.00%
iteration: 129
user 4, emp_avg: 0.5749814320896022, h: 0.6646812225941416, ucb: 1.2373897737827033,num_of_obs(calculated after picking at this round): 67, privacy reward: 0.06856315415427716, g: -0.0003130773503529745, curr_delay = 0.06896631900496615, data_size = 3770
user 8, emp_avg: 0.3855316702050422, h: 0.9127489785754747, ucb: 1.2930100777290772,num_of_obs(calculated after picking at this round): 36, privacy reward: 0.23692775868212124, g: 0.006244398165927564, curr_delay = 0.08771904324397994, data_size = 2674
user 9, emp_avg: 0.3899085838916523, h: 3.1176312817142673, ucb: 3.5469832495022566,num_of_obs(calculated after picking at this round): 4, privacy reward: 0.8521437889662112, g: 0.0012746196059843843, curr_delay = 0.1841088763731137, data_size = 450
user 14, emp_avg: 0.264131455487719, h: 0.8537984894893237, ucb: 1.1171148007959784,num_of_obs(calculated after picking at this round): 41, privacy reward: 0.19398004229089127, g: -4.5877211014977655e-05, curr_delay = 0.1684992517620384, data_size = 2315
user 26, emp_avg: 0.05822366833139065, h: 1.039210427238089, ucb: 1.0973594805870899,num_of_obs(calculated after picking at this round): 28, privacy reward: 0.3262797946230388, g: -0.003577473134649758, curr_delay = 0.8300370782474903, data_size = 1141
num of fast users chosen: 4, num of slow users chosen: 1
max_delay = 0.83 seconds
after cleansing the weights updates who were almost zeros (meaning with absolute value of less than 10**-7, 0.00% of the weights upadtes) we get:
user No.4.0 has been picked 67, his deltas theta's mean
 is -0.0018823883729055524,
the empirical var of deltas thetas is 0.00637045968323946
the minimum of the deltas theta is -0.3883385956287384 and the maximum is 0.5651614665985107
the added laplace noise var is 0.042886008171639435
global epoch 129 has been done artifficialy in 0.83 secs, the total time by now is 109.64 
 with avg train loss 1.221, val loss 1.190, avg val acc 59.44%
iteration: 130
user 4, emp_avg: 0.577622876942199, h: 0.6602261790503956, ucb: 1.2352076111399977,num_of_obs(calculated after picking at this round): 68, privacy reward: 0.06587475442640223, g: -0.0004601325449052156, curr_delay = 0.06626029825919635, data_size = 3770
user 6, emp_avg: 0.5169896941767483, h: 0.6919348815984638, ucb: 1.2096754319984289,num_of_obs(calculated after picking at this round): 62, privacy reward: 0.08374322559219538, g: -0.0021323177372609926, curr_delay = 0.10611487732729495, data_size = 3229
user 17, emp_avg: 0.06788003886395157, h: 0.9553338209549694, ucb: 1.0229686369664823,num_of_obs(calculated after picking at this round): 33, privacy reward: 0.26713530196584967, g: -7.206468866709565e-05, curr_delay = 0.6602650000818444, data_size = 1814
user 24, emp_avg: 0.061055690215863115, h: 1.2398048807167728, ucb: 1.3006172578798438,num_of_obs(calculated after picking at this round): 20, privacy reward: 0.449328964117221, g: -1.4972523744354652e-05, curr_delay = 0.7612825319755793, data_size = 1086
user 25, emp_avg: 0.062071021489432, h: 2.0425896274349347, ucb: 2.104889571822265,num_of_obs(calculated after picking at this round): 8, privacy reward: 0.7261490370736907, g: 0.0006662672909641047, curr_delay = 0.8268759666895342, data_size = 608
num of fast users chosen: 2, num of slow users chosen: 3
max_delay = 0.83 seconds
after cleansing the weights updates who were almost zeros (meaning with absolute value of less than 10**-7, 0.00% of the weights upadtes) we get:
user No.4.0 has been picked 68, his deltas theta's mean
 is -0.0022299280390143394,
the empirical var of deltas thetas is 0.007166984491050243
the minimum of the deltas theta is -0.5338664650917053 and the maximum is 0.5752251148223877
the added laplace noise var is 0.04463621936714514
global epoch 130 has been done artifficialy in 0.83 secs, the total time by now is 110.46 
 with avg train loss 1.134, val loss 1.223, avg val acc 58.64%
iteration: 131
user 4, emp_avg: 0.5818567615650646, h: 0.6558692474069959, ucb: 1.233492124349195,num_of_obs(calculated after picking at this round): 69, privacy reward: 0.06329176835964001, g: -0.000632525237180151, curr_delay = 0.05748706234645661, data_size = 3770
user 6, emp_avg: 0.5157748405771084, h: 0.6868721055204141, ucb: 1.2038617996971626,num_of_obs(calculated after picking at this round): 63, privacy reward: 0.08045960674953179, g: -0.0025229222628769155, curr_delay = 0.11351925371719909, data_size = 3229
user 17, emp_avg: 0.06795129823212417, h: 0.9414879252063195, ucb: 1.009367964070271,num_of_obs(calculated after picking at this round): 34, privacy reward: 0.25666077695355527, g: -0.00020288136954131774, curr_delay = 0.7112086458797281, data_size = 1814
user 25, emp_avg: 0.06159584155183823, h: 1.912171015469292, ucb: 1.974242036958724,num_of_obs(calculated after picking at this round): 9, privacy reward: 0.6976763260710308, g: 0.00034557343245791443, curr_delay = 0.8651356917890056, data_size = 608
user 26, emp_avg: 0.05822330980790286, h: 1.0220984006865292, ucb: 1.0803220690179198,num_of_obs(calculated after picking at this round): 29, privacy reward: 0.3134861808826046, g: -0.004128077144482981, curr_delay = 0.8589106746974133, data_size = 1141
num of fast users chosen: 2, num of slow users chosen: 3
max_delay = 0.87 seconds
after cleansing the weights updates who were almost zeros (meaning with absolute value of less than 10**-7, 0.00% of the weights upadtes) we get:
user No.4.0 has been picked 69, his deltas theta's mean
 is -0.0014265323989093304,
the empirical var of deltas thetas is 0.0070786792784929276
the minimum of the deltas theta is -0.45386362075805664 and the maximum is 0.520973801612854
the added laplace noise var is 0.0464578580365396
global epoch 131 has been done artifficialy in 0.87 secs, the total time by now is 111.33 
 with avg train loss 1.115, val loss 1.179, avg val acc 59.78%
iteration: 132
user 0, emp_avg: 0.786296650473343, h: 0.7298419696384868, ucb: 1.5229345125576264,num_of_obs(calculated after picking at this round): 56, privacy reward: 0.1064585043792523, g: 0.002184655475318853, curr_delay = 0.12120549062402457, data_size = 3537
user 12, emp_avg: 0.3181510424776147, h: 2.0457905051075778, ucb: 2.3792910590649434,num_of_obs(calculated after picking at this round): 8, privacy reward: 0.7261490370736907, g: 3.513319454050142e-05, curr_delay = 0.2372991985887639, data_size = 450
user 13, emp_avg: 0.28051796376918775, h: 0.8351904763573714, ucb: 1.1175622140420278,num_of_obs(calculated after picking at this round): 43, privacy reward: 0.17906614791149256, g: 0.001155439277336313, curr_delay = 0.2467193002877362, data_size = 2688
user 14, emp_avg: 0.26184983014372554, h: 0.8453143669162844, ucb: 1.1094458224040034,num_of_obs(calculated after picking at this round): 42, privacy reward: 0.1863739760394093, g: -5.3316473618907184e-05, curr_delay = 0.29708289956379297, data_size = 2315
user 24, emp_avg: 0.06088422892545546, h: 1.2103059847724091, ucb: 1.2713616749882724,num_of_obs(calculated after picking at this round): 21, privacy reward: 0.4317105234290791, g: -8.520655932834582e-05, curr_delay = 0.8702462324807125, data_size = 1086
num of fast users chosen: 4, num of slow users chosen: 1
max_delay = 0.87 seconds
after cleansing the weights updates who were almost zeros (meaning with absolute value of less than 10**-7, 0.00% of the weights upadtes) we get:
user No.0.0 has been picked 56, his deltas theta's mean
 is -0.00044636294478550553,
the empirical var of deltas thetas is 0.006512281950563192
the minimum of the deltas theta is -0.4312748908996582 and the maximum is 0.5241369009017944
the added laplace noise var is 0.02762015121740502
global epoch 132 has been done artifficialy in 0.87 secs, the total time by now is 112.20 
 with avg train loss 1.187, val loss 1.226, avg val acc 57.31%
iteration: 133
user 0, emp_avg: 0.790045832043986, h: 0.7238549426672165, ucb: 1.5101515931405594,num_of_obs(calculated after picking at this round): 57, privacy reward: 0.10228420671553695, g: 0.0017938895477886284, curr_delay = 0.05, data_size = 3537
user 7, emp_avg: 0.4232317404010857, h: 1.8056114621224124, ucb: 2.2168318094780934,num_of_obs(calculated after picking at this round): 10, privacy reward: 0.670320046035639, g: -0.00010575545767153558, curr_delay = 0.09410271854868948, data_size = 438
user 13, emp_avg: 0.27817665320522333, h: 0.8260594996494955, ucb: 1.1065774634186833,num_of_obs(calculated after picking at this round): 44, privacy reward: 0.17204486382304973, g: 0.0008332055777717264, curr_delay = 0.28168966640865006, data_size = 2688
user 17, emp_avg: 0.06773268617292696, h: 0.9289794332132713, ucb: 0.9969307314453955,num_of_obs(calculated after picking at this round): 35, privacy reward: 0.2465969639416059, g: -0.0003230770395419739, curr_delay = 0.8291890992801667, data_size = 1814
user 28, emp_avg: 0.05559003380919762, h: 1.2767601090549148, ucb: 1.332204339614009,num_of_obs(calculated after picking at this round): 19, privacy reward: 0.4676664270099087, g: 0.0005079201198786603, curr_delay = 0.8588926573959448, data_size = 1205
num of fast users chosen: 3, num of slow users chosen: 2
max_delay = 0.86 seconds
after cleansing the weights updates who were almost zeros (meaning with absolute value of less than 10**-7, 0.00% of the weights upadtes) we get:
user No.0.0 has been picked 57, his deltas theta's mean
 is -0.00017256758292205632,
the empirical var of deltas thetas is 0.005826620850712061
the minimum of the deltas theta is -0.369121253490448 and the maximum is 0.47786378860473633
the added laplace noise var is 0.028747350971898154
global epoch 133 has been done artifficialy in 0.86 secs, the total time by now is 113.06 
 with avg train loss 1.151, val loss 1.198, avg val acc 58.75%
iteration: 134
user 4, emp_avg: 0.5793777219205046, h: 0.6526094644113044, ucb: 1.234466225976369,num_of_obs(calculated after picking at this round): 70, privacy reward: 0.060810062625217265, g: -0.0004406413125645864, curr_delay = 0.12245178255436416, data_size = 3770
user 6, emp_avg: 0.5140405523881212, h: 0.682979453079416, ucb: 1.1987542936565245,num_of_obs(calculated after picking at this round): 64, privacy reward: 0.07730474044329905, g: -0.002217987116506354, curr_delay = 0.12352376852872705, data_size = 3229
user 16, emp_avg: 0.06924888677796373, h: 1.2777375578147117, ucb: 1.346775553561472,num_of_obs(calculated after picking at this round): 19, privacy reward: 0.4676664270099087, g: -1.9005591138275688e-05, curr_delay = 0.6845102485562721, data_size = 992
user 19, emp_avg: 0.06512194263698463, h: 2.4243365607813394, ucb: 2.490425458868198,num_of_obs(calculated after picking at this round): 6, privacy reward: 0.7866278610665532, g: 0.0016094207656899375, curr_delay = 0.829363923125707, data_size = 591
user 27, emp_avg: 0.05723970850635867, h: 0.8793992985601242, ucb: 0.9367448090427342,num_of_obs(calculated after picking at this round): 39, privacy reward: 0.21013607120076416, g: -0.004940190550220968, curr_delay = 0.9395099627970774, data_size = 1628
num of fast users chosen: 2, num of slow users chosen: 3
max_delay = 0.94 seconds
after cleansing the weights updates who were almost zeros (meaning with absolute value of less than 10**-7, 0.00% of the weights upadtes) we get:
user No.4.0 has been picked 70, his deltas theta's mean
 is -0.0010918705957010388,
the empirical var of deltas thetas is 0.006420162506401539
the minimum of the deltas theta is -0.4173964560031891 and the maximum is 0.46929866075515747
the added laplace noise var is 0.04835383919033085
global epoch 134 has been done artifficialy in 0.94 secs, the total time by now is 114.00 
 with avg train loss 1.155, val loss 1.159, avg val acc 60.77%
iteration: 135
user 4, emp_avg: 0.5801587296810651, h: 0.6484227971517899, ucb: 1.2278005190722945,num_of_obs(calculated after picking at this round): 71, privacy reward: 0.05842566596450016, g: -0.00060440272777277, curr_delay = 0.0787613333739221, data_size = 3770
user 10, emp_avg: 0.34771038015694045, h: 1.4499174525919591, ucb: 1.7980516211356186,num_of_obs(calculated after picking at this round): 15, privacy reward: 0.5488116360940261, g: 0.0014185459532342945, curr_delay = 0.1462940743781715, data_size = 1079
user 11, emp_avg: 0.28652020645773535, h: 1.6357274909356938, ucb: 1.927417352150907,num_of_obs(calculated after picking at this round): 12, privacy reward: 0.6187833918061405, g: -5.1766136959992743e-05, curr_delay = 0.21771882528414818, data_size = 567
user 13, emp_avg: 0.2774401785729258, h: 0.8178637454678469, ucb: 1.0960403986730702,num_of_obs(calculated after picking at this round): 45, privacy reward: 0.16529888822158578, g: 0.000688938885589694, curr_delay = 0.2040522368446498, data_size = 2688
user 14, emp_avg: 0.2623539001903984, h: 0.8371102315567039, ucb: 1.0989600617004296,num_of_obs(calculated after picking at this round): 43, privacy reward: 0.17906614791149256, g: -6.0947118355220696e-05, curr_delay = 0.1763513899548563, data_size = 2315
num of fast users chosen: 5, num of slow users chosen: 0
max_delay = 0.22 seconds
after cleansing the weights updates who were almost zeros (meaning with absolute value of less than 10**-7, 0.00% of the weights upadtes) we get:
user No.4.0 has been picked 71, his deltas theta's mean
 is -0.000429234147304669,
the empirical var of deltas thetas is 0.0061295838095247746
the minimum of the deltas theta is -0.3932579457759857 and the maximum is 0.44598686695098877
the added laplace noise var is 0.050327196802862476
global epoch 135 has been done artifficialy in 0.22 secs, the total time by now is 114.21 
 with avg train loss 1.202, val loss 1.157, avg val acc 59.95%
iteration: 136
user 6, emp_avg: 0.5092257676940808, h: 0.67864673839764, ucb: 1.192687290785761,num_of_obs(calculated after picking at this round): 65, privacy reward: 0.07427357821433322, g: -0.0022595279429842843, curr_delay = 0.24865781068969173, data_size = 3229
user 8, emp_avg: 0.3885851787910662, h: 0.90486231786352, ucb: 1.2903939880685622,num_of_obs(calculated after picking at this round): 37, privacy reward: 0.22763768838381226, g: 0.007333088025542243, curr_delay = 0.10029859133605472, data_size = 2674
user 21, emp_avg: 0.06536908951819743, h: 1.4018066750784222, ucb: 1.4675834305882076,num_of_obs(calculated after picking at this round): 16, privacy reward: 0.5272924240430481, g: 0.006859959413566208, curr_delay = 0.8438234704447813, data_size = 1474
user 24, emp_avg: 0.060789837790730446, h: 1.1847428757493637, ucb: 1.245627104674819,num_of_obs(calculated after picking at this round): 22, privacy reward: 0.41478291168158077, g: -0.0001470726932853521, curr_delay = 0.8502298959184191, data_size = 1086
user 29, emp_avg: 0.05429002394109499, h: 1.5057819158271306, ucb: 1.5602838496360947,num_of_obs(calculated after picking at this round): 14, privacy reward: 0.5712090638488144, g: -0.00035884927569881665, curr_delay = 0.9702107338650416, data_size = 585
num of fast users chosen: 2, num of slow users chosen: 3
max_delay = 0.97 seconds
after cleansing the weights updates who were almost zeros (meaning with absolute value of less than 10**-7, 0.00% of the weights upadtes) we get:
user No.6.0 has been picked 65, his deltas theta's mean
 is -0.0021343249827623367,
the empirical var of deltas thetas is 0.006977759301662445
the minimum of the deltas theta is -0.47462427616119385 and the maximum is 0.5165926218032837
the added laplace noise var is 0.039588775174511204
global epoch 136 has been done artifficialy in 0.97 secs, the total time by now is 115.18 
 with avg train loss 1.102, val loss 1.143, avg val acc 60.63%
iteration: 137
user 5, emp_avg: 0.5614810580902894, h: 1.811073516974233, ucb: 2.3238302481856654,num_of_obs(calculated after picking at this round): 10, privacy reward: 0.670320046035639, g: 0.00033927626909099987, curr_delay = 0.05, data_size = 642
user 6, emp_avg: 0.5084757372206428, h: 0.6739080689983299, ucb: 1.1831338366924107,num_of_obs(calculated after picking at this round): 66, privacy reward: 0.07136126955638533, g: -0.002641837832880905, curr_delay = 0.1087609663385879, data_size = 3229
user 8, emp_avg: 0.3854230834621409, h: 0.893215956378347, ucb: 1.2818011351694132,num_of_obs(calculated after picking at this round): 38, privacy reward: 0.21871188695221422, g: 0.006442685531092132, curr_delay = 0.18627138447885552, data_size = 2674
user 10, emp_avg: 0.34014677741165433, h: 1.4028515139996998, ucb: 1.75056189415664,num_of_obs(calculated after picking at this round): 16, privacy reward: 0.5272924240430481, g: 0.0010162223023513928, curr_delay = 0.22056286774336414, data_size = 1079
user 14, emp_avg: 0.264860412834309, h: 0.8285583663174382, ucb: 1.0909122665078366,num_of_obs(calculated after picking at this round): 44, privacy reward: 0.17204486382304973, g: -0.0001116058198765419, curr_delay = 0.13417759431331472, data_size = 2315
num of fast users chosen: 5, num of slow users chosen: 0
max_delay = 0.22 seconds
after cleansing the weights updates who were almost zeros (meaning with absolute value of less than 10**-7, 0.00% of the weights upadtes) we get:
user No.5.0 has been picked 10, his deltas theta's mean
 is -0.00022509766859002411,
the empirical var of deltas thetas is 0.0008152080699801445
the minimum of the deltas theta is -0.24584715068340302 and the maximum is 0.24279916286468506
the added laplace noise var is 0.004386561325032196
global epoch 137 has been done artifficialy in 0.22 secs, the total time by now is 115.40 
 with avg train loss 1.198, val loss 1.185, avg val acc 59.46%
iteration: 138
user 0, emp_avg: 0.7936657314915035, h: 0.7201793406146325, ucb: 1.5102251726586187,num_of_obs(calculated after picking at this round): 58, privacy reward: 0.09827358560436095, g: 0.002536480782547006, curr_delay = 0.05, data_size = 3537
user 2, emp_avg: 0.7403373083401247, h: 1.8124115951143116, ucb: 2.5636431232167065,num_of_obs(calculated after picking at this round): 10, privacy reward: 0.670320046035639, g: 0.0015266292919440903, curr_delay = 0.07784653679776601, data_size = 796
user 5, emp_avg: 0.550625325065755, h: 1.7194046094780377, ucb: 2.2808856675683273,num_of_obs(calculated after picking at this round): 11, privacy reward: 0.6440364210831411, g: 0.00013570190570798765, curr_delay = 0.11310477253688642, data_size = 642
user 6, emp_avg: 0.5061217625369334, h: 0.6692773365325541, ucb: 1.177753073753197,num_of_obs(calculated after picking at this round): 67, privacy reward: 0.06856315415427716, g: -0.003047826806543929, curr_delay = 0.1425478411617047, data_size = 3229
user 27, emp_avg: 0.05718123676244852, h: 0.8706543679817634, ucb: 0.927894076488122,num_of_obs(calculated after picking at this round): 40, privacy reward: 0.2018965179946548, g: -0.0048043051664088164, curr_delay = 0.910732898412105, data_size = 1628
num of fast users chosen: 4, num of slow users chosen: 1
max_delay = 0.91 seconds
after cleansing the weights updates who were almost zeros (meaning with absolute value of less than 10**-7, 0.00% of the weights upadtes) we get:
user No.0.0 has been picked 58, his deltas theta's mean
 is -0.001721208798699081,
the empirical var of deltas thetas is 0.006549001671373844
the minimum of the deltas theta is -0.46527814865112305 and the maximum is 0.47103631496429443
the added laplace noise var is 0.02992055262104161
global epoch 138 has been done artifficialy in 0.91 secs, the total time by now is 116.32 
 with avg train loss 1.169, val loss 1.150, avg val acc 60.25%
iteration: 139
user 0, emp_avg: 0.786532930541485, h: 0.7144668086543224, ucb: 1.508132540145826,num_of_obs(calculated after picking at this round): 59, privacy reward: 0.09442022319630183, g: 0.0021289713769942252, curr_delay = 0.1341092085912147, data_size = 3537
user 6, emp_avg: 0.5054874744443653, h: 0.6647504705087124, ucb: 1.1708722330456458,num_of_obs(calculated after picking at this round): 68, privacy reward: 0.06587475442640223, g: -0.0034763576983013163, curr_delay = 0.10799365299234227, data_size = 3229
user 10, emp_avg: 0.33442705478908563, h: 1.360304276595501, ucb: 1.7004510540071553,num_of_obs(calculated after picking at this round): 17, privacy reward: 0.5066169923655891, g: 0.0006895549990490969, curr_delay = 0.20583628801543188, data_size = 1079
user 15, emp_avg: 0.07030520751078322, h: 1.6405886858847663, ucb: 1.710751596943334,num_of_obs(calculated after picking at this round): 12, privacy reward: 0.6187833918061405, g: 0.00010980746279741084, curr_delay = 0.6956960355744447, data_size = 684
user 27, emp_avg: 0.05718684565034103, h: 0.8603319649818921, ucb: 0.9175132017443406,num_of_obs(calculated after picking at this round): 41, privacy reward: 0.19398004229089127, g: -0.00554640404105278, curr_delay = 0.8709101879856622, data_size = 1628
num of fast users chosen: 3, num of slow users chosen: 2
max_delay = 0.87 seconds
after cleansing the weights updates who were almost zeros (meaning with absolute value of less than 10**-7, 0.00% of the weights upadtes) we get:
user No.0.0 has been picked 59, his deltas theta's mean
 is 0.0002375206968281418,
the empirical var of deltas thetas is 0.005989008117467165
the minimum of the deltas theta is -0.4306083023548126 and the maximum is 0.5059723854064941
the added laplace noise var is 0.031141633537770413
global epoch 139 has been done artifficialy in 0.87 secs, the total time by now is 117.19 
 with avg train loss 1.151, val loss 1.181, avg val acc 59.68%
iteration: 140
user 0, emp_avg: 0.7900907150324603, h: 0.708900491877384, ucb: 1.495433422418869,num_of_obs(calculated after picking at this round): 60, privacy reward: 0.0907179532894119, g: 0.001762185515189007, curr_delay = 0.05, data_size = 3537
user 6, emp_avg: 0.5036588119188914, h: 0.6603236120139684, ucb: 1.1658110864583335,num_of_obs(calculated after picking at this round): 69, privacy reward: 0.06329176835964001, g: -0.003926343593903738, curr_delay = 0.13181838499329265, data_size = 3229
user 9, emp_avg: 0.40521549859680783, h: 2.7225839994229664, ucb: 3.1124925833146184,num_of_obs(calculated after picking at this round): 5, privacy reward: 0.8187307530779817, g: 0.0009233211836083121, curr_delay = 0.10719419763136093, data_size = 450
user 16, emp_avg: 0.06940031283869544, h: 1.249207212503738, ucb: 1.3184560992817016,num_of_obs(calculated after picking at this round): 20, privacy reward: 0.449328964117221, g: -3.301039965756884e-05, curr_delay = 0.6917790965210114, data_size = 992
user 27, emp_avg: 0.05727857553790033, h: 0.8503923704952223, ucb: 0.9075792161455634,num_of_obs(calculated after picking at this round): 42, privacy reward: 0.1863739760394093, g: -0.006330039030092475, curr_delay = 0.8191416908718924, data_size = 1628
num of fast users chosen: 3, num of slow users chosen: 2
max_delay = 0.82 seconds
after cleansing the weights updates who were almost zeros (meaning with absolute value of less than 10**-7, 0.00% of the weights upadtes) we get:
user No.0.0 has been picked 60, his deltas theta's mean
 is -0.003369285259395838,
the empirical var of deltas thetas is 0.006229659542441368
the minimum of the deltas theta is -0.5560271143913269 and the maximum is 0.5375491380691528
the added laplace noise var is 0.032412547712062464
global epoch 140 has been done artifficialy in 0.82 secs, the total time by now is 118.01 
 with avg train loss 1.170, val loss 1.171, avg val acc 60.66%
iteration: 141
user 2, emp_avg: 0.7639430075819316, h: 1.723152905062955, ucb: 2.46349021340308,num_of_obs(calculated after picking at this round): 11, privacy reward: 0.6440364210831411, g: 0.0011133906732190314, curr_delay = 0.05, data_size = 796
user 4, emp_avg: 0.5781582369829312, h: 0.646687761720228, ucb: 1.226846491401293,num_of_obs(calculated after picking at this round): 72, privacy reward: 0.0561347628341331, g: -9.23940859054752e-05, curr_delay = 0.11464648898938587, data_size = 3770
user 6, emp_avg: 0.5013882099424042, h: 0.6559930998031961, ucb: 1.1596519117220874,num_of_obs(calculated after picking at this round): 70, privacy reward: 0.060810062625217265, g: -0.004396745423204225, curr_delay = 0.14504665377203857, data_size = 3229
user 9, emp_avg: 0.39947311707988614, h: 2.4369062083826294, ucb: 2.8421217069794373,num_of_obs(calculated after picking at this round): 6, privacy reward: 0.7866278610665532, g: 0.0005520919131571855, curr_delay = 0.13485768931454756, data_size = 450
user 27, emp_avg: 0.05721711751281357, h: 0.8408125228762073, ucb: 0.8980910984141076,num_of_obs(calculated after picking at this round): 43, privacy reward: 0.17906614791149256, g: -0.007153224944770614, curr_delay = 0.9151495240818108, data_size = 1628
num of fast users chosen: 4, num of slow users chosen: 1
max_delay = 0.92 seconds
after cleansing the weights updates who were almost zeros (meaning with absolute value of less than 10**-7, 0.00% of the weights upadtes) we get:
user No.2.0 has been picked 11, his deltas theta's mean
 is -9.372528438689187e-05,
the empirical var of deltas thetas is 0.0018321835668757558
the minimum of the deltas theta is -0.25129085779190063 and the maximum is 0.2978416085243225
the added laplace noise var is 0.004565580288749148
global epoch 141 has been done artifficialy in 0.92 secs, the total time by now is 118.92 
 with avg train loss 1.144, val loss 1.142, avg val acc 60.67%
iteration: 142
user 2, emp_avg: 0.7581486768824811, h: 1.644134542869054, ucb: 2.4080775504509857,num_of_obs(calculated after picking at this round): 12, privacy reward: 0.6187833918061405, g: 0.0007195648695977401, curr_delay = 0.0720034636235462, data_size = 796
user 4, emp_avg: 0.5800205195117801, h: 0.6426395475952584, ucb: 1.2207977845781897,num_of_obs(calculated after picking at this round): 73, privacy reward: 0.053933687300355304, g: -0.00017182853751013393, curr_delay = 0.07001772805292066, data_size = 3770
user 5, emp_avg: 0.5419642548073783, h: 1.644134542869054, ucb: 2.194759867934809,num_of_obs(calculated after picking at this round): 12, privacy reward: 0.6187833918061405, g: 4.419717344234941e-05, curr_delay = 0.11193382924204084, data_size = 642
user 6, emp_avg: 0.508410911210821, h: 0.65175545748833, ucb: 1.1531436674307343,num_of_obs(calculated after picking at this round): 71, privacy reward: 0.05842566596450016, g: -0.004886569680792976, curr_delay = 0.05, data_size = 3229
user 27, emp_avg: 0.05721702318747252, h: 0.8315712550487973, ucb: 0.8887883725616108,num_of_obs(calculated after picking at this round): 44, privacy reward: 0.17204486382304973, g: -0.008014063325168476, curr_delay = 0.873927755348373, data_size = 1628
num of fast users chosen: 4, num of slow users chosen: 1
max_delay = 0.87 seconds
after cleansing the weights updates who were almost zeros (meaning with absolute value of less than 10**-7, 0.00% of the weights upadtes) we get:
user No.2.0 has been picked 12, his deltas theta's mean
 is -0.00019850346143357456,
the empirical var of deltas thetas is 0.0015366013394668698
the minimum of the deltas theta is -0.26455098390579224 and the maximum is 0.2754512429237366
the added laplace noise var is 0.004751905154970509
global epoch 142 has been done artifficialy in 0.87 secs, the total time by now is 119.79 
 with avg train loss 1.106, val loss 1.159, avg val acc 61.18%
iteration: 143
user 0, emp_avg: 0.7935318508516003, h: 0.7044746006961434, ucb: 1.4945653157286038,num_of_obs(calculated after picking at this round): 61, privacy reward: 0.08716085146198072, g: 0.0019207660712529458, curr_delay = 0.05, data_size = 3537
user 8, emp_avg: 0.3849779904524517, h: 0.8852158193814338, ucb: 1.2706389028435747,num_of_obs(calculated after picking at this round): 39, privacy reward: 0.21013607120076416, g: 0.007158017560988143, curr_delay = 0.1358457715040905, data_size = 2674
user 27, emp_avg: 0.05715514619967399, h: 0.8226490992458372, ucb: 0.8798661224333097,num_of_obs(calculated after picking at this round): 45, privacy reward: 0.16529888822158578, g: -0.008910738338058112, curr_delay = 0.9185678785009384, data_size = 1628
user 28, emp_avg: 0.05575227492760415, h: 1.2518842173964357, ucb: 1.3074742512056334,num_of_obs(calculated after picking at this round): 20, privacy reward: 0.449328964117221, g: 0.0006254148794966642, curr_delay = 0.8498363597473575, data_size = 1205
user 29, emp_avg: 0.05451677032533651, h: 1.4584009781155975, ucb: 1.5126910020566926,num_of_obs(calculated after picking at this round): 15, privacy reward: 0.5488116360940261, g: -0.0004518677036665458, curr_delay = 0.8666830109662472, data_size = 585
num of fast users chosen: 2, num of slow users chosen: 3
max_delay = 0.92 seconds
after cleansing the weights updates who were almost zeros (meaning with absolute value of less than 10**-7, 0.00% of the weights upadtes) we get:
user No.0.0 has been picked 61, his deltas theta's mean
 is -0.00028850644594058394,
the empirical var of deltas thetas is 0.006065727211534977
the minimum of the deltas theta is -0.42159074544906616 and the maximum is 0.46878767013549805
the added laplace noise var is 0.03373532887773946
global epoch 143 has been done artifficialy in 0.92 secs, the total time by now is 120.71 
 with avg train loss 1.067, val loss 1.168, avg val acc 59.15%
iteration: 144
user 0, emp_avg: 0.7960577492465706, h: 0.6991667147685611, ucb: 1.4926985656201612,num_of_obs(calculated after picking at this round): 62, privacy reward: 0.08374322559219538, g: 0.0015837099757026864, curr_delay = 0.05262395947775853, data_size = 3537
user 8, emp_avg: 0.3846203843018594, h: 0.8744064623921938, ucb: 1.2593844528446454,num_of_obs(calculated after picking at this round): 40, privacy reward: 0.2018965179946548, g: 0.006321204127666381, curr_delay = 0.13488951065863666, data_size = 2674
user 14, emp_avg: 0.2633383225662878, h: 0.8232264655479351, ucb: 1.0880868783822442,num_of_obs(calculated after picking at this round): 45, privacy reward: 0.16529888822158578, g: -5.068387647467383e-06, curr_delay = 0.2546261098354363, data_size = 2315
user 22, emp_avg: 0.060872834438978944, h: 1.2870914626365915, ucb: 1.348072065589518,num_of_obs(calculated after picking at this round): 19, privacy reward: 0.4676664270099087, g: -1.657590574747956e-05, curr_delay = 0.8484210712527812, data_size = 923
user 29, emp_avg: 0.05461179835504768, h: 1.4099380553167575, ucb: 1.464454825642094,num_of_obs(calculated after picking at this round): 16, privacy reward: 0.5272924240430481, g: -0.0007574466577972348, curr_delay = 0.892264124988332, data_size = 585
num of fast users chosen: 3, num of slow users chosen: 2
max_delay = 0.89 seconds
after cleansing the weights updates who were almost zeros (meaning with absolute value of less than 10**-7, 0.00% of the weights upadtes) we get:
user No.0.0 has been picked 62, his deltas theta's mean
 is -0.000941879756283015,
the empirical var of deltas thetas is 0.006518200505524874
the minimum of the deltas theta is -0.47419172525405884 and the maximum is 0.5240477323532104
the added laplace noise var is 0.03511209376687483
global epoch 144 has been done artifficialy in 0.89 secs, the total time by now is 121.61 
 with avg train loss 1.146, val loss 1.197, avg val acc 58.93%
iteration: 145
user 0, emp_avg: 0.7961268559580675, h: 0.6939880362281453, ucb: 1.4900457854747158,num_of_obs(calculated after picking at this round): 63, privacy reward: 0.08045960674953179, g: 0.0012831267011657115, curr_delay = 0.06246787027007057, data_size = 3537
user 13, emp_avg: 0.27767371253756773, h: 0.8145946838700888, ucb: 1.0920348624430147,num_of_obs(calculated after picking at this round): 46, privacy reward: 0.15881742610691996, g: 0.0017496437973380128, curr_delay = 0.173501021732909, data_size = 2688
user 16, emp_avg: 0.06924747256194595, h: 1.2218920258051331, ucb: 1.2912923386438286,num_of_obs(calculated after picking at this round): 21, privacy reward: 0.4317105234290791, g: -6.339689187495685e-05, curr_delay = 0.7553935055471998, data_size = 992
user 21, emp_avg: 0.06508473427662742, h: 1.3661168154326024, ucb: 1.4314859049508,num_of_obs(calculated after picking at this round): 17, privacy reward: 0.5066169923655891, g: 0.006851561896631053, curr_delay = 0.8259677601671804, data_size = 1474
user 29, emp_avg: 0.05448389800499896, h: 1.3661168154326024, ucb: 1.42072861378765,num_of_obs(calculated after picking at this round): 17, privacy reward: 0.5066169923655891, g: -0.0011356839160687482, curr_delay = 0.9535162287046492, data_size = 585
num of fast users chosen: 2, num of slow users chosen: 3
max_delay = 0.95 seconds
after cleansing the weights updates who were almost zeros (meaning with absolute value of less than 10**-7, 0.00% of the weights upadtes) we get:
user No.0.0 has been picked 63, his deltas theta's mean
 is -0.0010338400024920702,
the empirical var of deltas thetas is 0.0063513279892504215
the minimum of the deltas theta is -0.5536022186279297 and the maximum is 0.45819762349128723
the added laplace noise var is 0.036545045497016725
global epoch 145 has been done artifficialy in 0.95 secs, the total time by now is 122.56 
 with avg train loss 1.164, val loss 1.204, avg val acc 58.73%
iteration: 146
user 0, emp_avg: 0.7964530111467187, h: 0.6889333799921881, ucb: 1.4850602359502556,num_of_obs(calculated after picking at this round): 64, privacy reward: 0.07730474044329905, g: 0.0010176173718599252, curr_delay = 0.061199451374406154, data_size = 3537
user 8, emp_avg: 0.3852882374398778, h: 0.8646045299767117, ucb: 1.249224914278571,num_of_obs(calculated after picking at this round): 41, privacy reward: 0.19398004229089127, g: 0.00583187762960356, curr_delay = 0.12135852726839824, data_size = 2674
user 14, emp_avg: 0.26379895024925804, h: 0.8151569682548538, ucb: 1.0784952908211416,num_of_obs(calculated after picking at this round): 46, privacy reward: 0.15881742610691996, g: -2.4156541943256534e-05, curr_delay = 0.17573012599822424, data_size = 2315
user 18, emp_avg: 0.06597104649958199, h: 1.4118932851612174, ucb: 1.4775551861356468,num_of_obs(calculated after picking at this round): 16, privacy reward: 0.5272924240430481, g: -0.00017569891464388993, curr_delay = 0.7081327550805318, data_size = 683
user 22, emp_avg: 0.06120360490691101, h: 1.2545001044712678, ucb: 1.3153729389102466,num_of_obs(calculated after picking at this round): 20, privacy reward: 0.449328964117221, g: -8.479349119554913e-05, curr_delay = 0.740869775037219, data_size = 923
num of fast users chosen: 3, num of slow users chosen: 2
max_delay = 0.74 seconds
after cleansing the weights updates who were almost zeros (meaning with absolute value of less than 10**-7, 0.00% of the weights upadtes) we get:
user No.0.0 has been picked 64, his deltas theta's mean
 is -0.0008657524012960494,
the empirical var of deltas thetas is 0.007046285551041365
the minimum of the deltas theta is -0.49000051617622375 and the maximum is 0.5528879165649414
the added laplace noise var is 0.03803647709664604
global epoch 146 has been done artifficialy in 0.74 secs, the total time by now is 123.30 
 with avg train loss 1.197, val loss 1.187, avg val acc 59.75%
iteration: 147
user 4, emp_avg: 0.585695917896756, h: 0.6404471417525994, ucb: 1.2204676612643794,num_of_obs(calculated after picking at this round): 74, privacy reward: 0.05181891717272524, g: -7.100756166194278e-06, curr_delay = 0.05, data_size = 3770
user 5, emp_avg: 0.5317765746626221, h: 1.579625364885411, ucb: 2.1215896196927893,num_of_obs(calculated after picking at this round): 13, privacy reward: 0.5945205479701939, g: 6.151546537548424e-06, curr_delay = 0.12209284336142898, data_size = 642
user 8, emp_avg: 0.38512737549143145, h: 0.8545801354005829, ucb: 1.2398683728404607,num_of_obs(calculated after picking at this round): 42, privacy reward: 0.1863739760394093, g: 0.005101926224882278, curr_delay = 0.13208921649146124, data_size = 2674
user 10, emp_avg: 0.3279734361224162, h: 1.3271507632047115, ucb: 1.661577817993797,num_of_obs(calculated after picking at this round): 18, privacy reward: 0.48675225595997107, g: 0.0006615716118562042, curr_delay = 0.22908256409276934, data_size = 1079
user 14, emp_avg: 0.26290606668829214, h: 0.8067998448065264, ucb: 1.0705987950557845,num_of_obs(calculated after picking at this round): 47, privacy reward: 0.15259010575688325, g: -9.256214972005946e-05, curr_delay = 0.2253943492824199, data_size = 2315
num of fast users chosen: 5, num of slow users chosen: 0
max_delay = 0.23 seconds
after cleansing the weights updates who were almost zeros (meaning with absolute value of less than 10**-7, 0.00% of the weights upadtes) we get:
user No.4.0 has been picked 74, his deltas theta's mean
 is -0.0006763928686268628,
the empirical var of deltas thetas is 0.007782690227031708
the minimum of the deltas theta is -0.6017504334449768 and the maximum is 0.5512814521789551
the added laplace noise var is 0.05674375594404307
global epoch 147 has been done artifficialy in 0.23 secs, the total time by now is 123.53 
 with avg train loss 1.222, val loss 1.210, avg val acc 58.45%
iteration: 148
user 4, emp_avg: 0.5825728410322186, h: 0.6365370166364575, ucb: 1.2222329345332135,num_of_obs(calculated after picking at this round): 75, privacy reward: 0.049787068367863285, g: -3.6797386637513144e-05, curr_delay = 0.14226161417478855, data_size = 3770
user 8, emp_avg: 0.3834207816277536, h: 0.8449186160101977, ucb: 1.230045991501629,num_of_obs(calculated after picking at this round): 43, privacy reward: 0.17906614791149256, g: 0.004429641252577714, curr_delay = 0.16038809332599935, data_size = 2674
user 21, emp_avg: 0.06552094356552966, h: 1.3280519488994282, ucb: 1.3931366831760557,num_of_obs(calculated after picking at this round): 18, privacy reward: 0.48675225595997107, g: 0.006123708037632297, curr_delay = 0.6855278082656295, data_size = 1474
user 23, emp_avg: 0.06027613662005258, h: 2.069619483403538, ucb: 2.1300689296853785,num_of_obs(calculated after picking at this round): 8, privacy reward: 0.7261490370736907, g: 0.00023097280772107947, curr_delay = 0.8465541244726538, data_size = 477
user 24, emp_avg: 0.060894379149970215, h: 1.1674228345646407, ucb: 1.2282126723553712,num_of_obs(calculated after picking at this round): 23, privacy reward: 0.3985190410845135, g: -4.050351317497092e-05, curr_delay = 0.7912107367466685, data_size = 1086
num of fast users chosen: 2, num of slow users chosen: 3
max_delay = 0.85 seconds
after cleansing the weights updates who were almost zeros (meaning with absolute value of less than 10**-7, 0.00% of the weights upadtes) we get:
user No.4.0 has been picked 75, his deltas theta's mean
 is -0.000541284098289907,
the empirical var of deltas thetas is 0.009007912129163742
the minimum of the deltas theta is -0.5619112253189087 and the maximum is 0.569750964641571
the added laplace noise var is 0.0590595125547034
global epoch 148 has been done artifficialy in 0.85 secs, the total time by now is 124.38 
 with avg train loss 1.132, val loss 1.161, avg val acc 60.53%
iteration: 149
user 0, emp_avg: 0.7912298808928767, h: 0.6849233286889759, ucb: 1.4813763398356947,num_of_obs(calculated after picking at this round): 65, privacy reward: 0.07427357821433322, g: 0.0011476351065202964, curr_delay = 0.10942127109159733, data_size = 3537
user 6, emp_avg: 0.5058972207483853, h: 0.6502835550057251, ucb: 1.1586944662165461,num_of_obs(calculated after picking at this round): 72, privacy reward: 0.0561347628341331, g: -0.002857578571287579, curr_delay = 0.15270663442619845, data_size = 3229
user 12, emp_avg: 0.3254570421312238, h: 1.9372557212353496, ucb: 2.2554067637129642,num_of_obs(calculated after picking at this round): 9, privacy reward: 0.6976763260710308, g: 2.773448392059833e-05, curr_delay = 0.13024054095080753, data_size = 450
user 21, emp_avg: 0.06568936899769694, h: 1.2915038141568997, ucb: 1.3570247577224295,num_of_obs(calculated after picking at this round): 19, privacy reward: 0.4676664270099087, g: 0.005229259705441179, curr_delay = 0.7275793500941525, data_size = 1474
user 26, emp_avg: 0.05821193487970036, h: 1.0174965531700113, ucb: 1.075719862977914,num_of_obs(calculated after picking at this round): 30, privacy reward: 0.3011942119122014, g: -0.0020376673071835173, curr_delay = 0.8638254807331115, data_size = 1141
num of fast users chosen: 3, num of slow users chosen: 2
max_delay = 0.86 seconds
after cleansing the weights updates who were almost zeros (meaning with absolute value of less than 10**-7, 0.00% of the weights upadtes) we get:
user No.0.0 has been picked 65, his deltas theta's mean
 is -0.0021911098156124353,
the empirical var of deltas thetas is 0.0065607973374426365
the minimum of the deltas theta is -0.44708606600761414 and the maximum is 0.4744512736797333
the added laplace noise var is 0.039588775174511204
global epoch 149 has been done artifficialy in 0.86 secs, the total time by now is 125.24 
 with avg train loss 1.124, val loss 1.146, avg val acc 61.19%
iteration: 150
user 0, emp_avg: 0.7898103830799975, h: 0.6800883626364301, ucb: 1.4713182435293068,num_of_obs(calculated after picking at this round): 66, privacy reward: 0.07136126955638533, g: 0.0009044233132770856, curr_delay = 0.07168016622715473, data_size = 3537
user 8, emp_avg: 0.3841038969919351, h: 0.8361569309224854, ucb: 1.219577712550239,num_of_obs(calculated after picking at this round): 44, privacy reward: 0.17204486382304973, g: 0.004054208553855792, curr_delay = 0.12092545967023341, data_size = 2674
user 10, emp_avg: 0.348604529193403, h: 1.292366729956614, ucb: 1.6203401660790302,num_of_obs(calculated after picking at this round): 19, privacy reward: 0.4676664270099087, g: 0.00045656120705834526, curr_delay = 0.06944789711694958, data_size = 1079
user 17, emp_avg: 0.0677302298661883, h: 0.926804213637649, ucb: 0.9945368998105759,num_of_obs(calculated after picking at this round): 36, privacy reward: 0.23692775868212124, g: 1.876120342490204e-05, curr_delay = 0.7391610262692277, data_size = 1814
user 18, emp_avg: 0.06660982735740285, h: 1.3707619177983081, ucb: 1.43673296429789,num_of_obs(calculated after picking at this round): 17, privacy reward: 0.5066169923655891, g: -0.00029522412611899683, curr_delay = 0.6507847331040867, data_size = 683
num of fast users chosen: 3, num of slow users chosen: 2
max_delay = 0.74 seconds
after cleansing the weights updates who were almost zeros (meaning with absolute value of less than 10**-7, 0.00% of the weights upadtes) we get:
user No.0.0 has been picked 66, his deltas theta's mean
 is -0.0039070709608495235,
the empirical var of deltas thetas is 0.0067398459650576115
the minimum of the deltas theta is -0.42605555057525635 and the maximum is 0.5420395135879517
the added laplace noise var is 0.0412044237387114
global epoch 150 has been done artifficialy in 0.74 secs, the total time by now is 125.98 
 with avg train loss 1.193, val loss 1.170, avg val acc 60.01%
iteration: 151
user 2, emp_avg: 0.7477936877994456, h: 1.58386865566797, ucb: 2.342017332550451,num_of_obs(calculated after picking at this round): 13, privacy reward: 0.5945205479701939, g: 0.0006159974730546225, curr_delay = 0.0801881124843937, data_size = 796
user 4, emp_avg: 0.5800585838623945, h: 0.6335474622671879, ucb: 1.2161203032994066,num_of_obs(calculated after picking at this round): 76, privacy reward: 0.047834889494197785, g: -7.589069999633143e-06, curr_delay = 0.1277174126976895, data_size = 3770
user 6, emp_avg: 0.5053934405404809, h: 0.6466116709957456, ucb: 1.1525088917441308,num_of_obs(calculated after picking at this round): 73, privacy reward: 0.053933687300355304, g: -0.002890938561065278, curr_delay = 0.10658224998413207, data_size = 3229
user 9, emp_avg: 0.3756307056365684, h: 2.2399285338632846, ucb: 2.639401650943171,num_of_obs(calculated after picking at this round): 7, privacy reward: 0.7557837414557252, g: 0.00036950565112220434, curr_delay = 0.21498327021697078, data_size = 450
user 14, emp_avg: 0.264306406772458, h: 0.8003148186526954, ucb: 1.0632208853409875,num_of_obs(calculated after picking at this round): 48, privacy reward: 0.14660696213034952, g: -6.326660240489439e-05, curr_delay = 0.15145897825863805, data_size = 2315
num of fast users chosen: 5, num of slow users chosen: 0
max_delay = 0.21 seconds
after cleansing the weights updates who were almost zeros (meaning with absolute value of less than 10**-7, 0.00% of the weights upadtes) we get:
user No.2.0 has been picked 13, his deltas theta's mean
 is -0.00018587808881420642,
the empirical var of deltas thetas is 0.001751478179357946
the minimum of the deltas theta is -0.26858699321746826 and the maximum is 0.2912925183773041
the added laplace noise var is 0.004945834083233656
global epoch 151 has been done artifficialy in 0.21 secs, the total time by now is 126.19 
 with avg train loss 1.169, val loss 1.142, avg val acc 61.31%
iteration: 152
user 0, emp_avg: 0.7886545030970248, h: 0.6758079690163658, ucb: 1.4656183520963633,num_of_obs(calculated after picking at this round): 67, privacy reward: 0.06856315415427716, g: 0.00085243202373903, curr_delay = 0.07018859718815257, data_size = 3537
user 7, emp_avg: 0.4313586058563999, h: 1.736182108106107, ucb: 2.1594138485071928,num_of_obs(calculated after picking at this round): 11, privacy reward: 0.6440364210831411, g: -7.062802295654141e-05, curr_delay = 0.09753675596583494, data_size = 438
user 13, emp_avg: 0.2768935260771203, h: 0.8094990818948745, ucb: 1.0871727944324423,num_of_obs(calculated after picking at this round): 47, privacy reward: 0.15259010575688325, g: 0.0024544090023168414, curr_delay = 0.20746461941519834, data_size = 2688
user 24, emp_avg: 0.060951033139300025, h: 1.1448045803443003, ucb: 1.2056989594942706,num_of_obs(calculated after picking at this round): 24, privacy reward: 0.3828928859751114, g: -8.156578624558795e-05, curr_delay = 0.8031602764192844, data_size = 1086
user 27, emp_avg: 0.057145760069408975, h: 0.8184440946777225, ucb: 0.8755992408773965,num_of_obs(calculated after picking at this round): 46, privacy reward: 0.15881742610691996, g: -0.006848726201161979, curr_delay = 0.8814706791313679, data_size = 1628
num of fast users chosen: 3, num of slow users chosen: 2
max_delay = 0.88 seconds
after cleansing the weights updates who were almost zeros (meaning with absolute value of less than 10**-7, 0.00% of the weights upadtes) we get:
user No.0.0 has been picked 67, his deltas theta's mean
 is -0.001078709145076573,
the empirical var of deltas thetas is 0.006447809748351574
the minimum of the deltas theta is -0.43628570437431335 and the maximum is 0.44006580114364624
the added laplace noise var is 0.042886008171639435
global epoch 152 has been done artifficialy in 0.88 secs, the total time by now is 127.07 
 with avg train loss 1.051, val loss 1.129, avg val acc 61.14%
iteration: 153
user 0, emp_avg: 0.7836198727085664, h: 0.6711832671000846, ucb: 1.4598377701971095,num_of_obs(calculated after picking at this round): 68, privacy reward: 0.06587475442640223, g: 0.0006501718769372001, curr_delay = 0.11203235649426083, data_size = 3537
user 1, emp_avg: 0.6989133004284418, h: 1.3324596347126267, ucb: 2.0522759549574605,num_of_obs(calculated after picking at this round): 18, privacy reward: 0.48675225595997107, g: -0.00022334307691968092, curr_delay = 0.1455341548388729, data_size = 734
user 8, emp_avg: 0.38503686559826206, h: 0.8282323390586754, ucb: 1.2123362360506105,num_of_obs(calculated after picking at this round): 45, privacy reward: 0.16529888822158578, g: 0.0039385206959936, curr_delay = 0.11734679342877832, data_size = 2674
user 10, emp_avg: 0.35593629864058446, h: 1.2603806344107367, ucb: 1.6089851636041397,num_of_obs(calculated after picking at this round): 20, privacy reward: 0.449328964117221, g: 0.0002952996987939289, curr_delay = 0.10096116683826184, data_size = 1079
user 21, emp_avg: 0.06547156593466012, h: 1.2603806344107367, ucb: 1.3260700034084336,num_of_obs(calculated after picking at this round): 20, privacy reward: 0.449328964117221, g: 0.00475216976062869, curr_delay = 0.8152177315209275, data_size = 1474
num of fast users chosen: 4, num of slow users chosen: 1
max_delay = 0.82 seconds
after cleansing the weights updates who were almost zeros (meaning with absolute value of less than 10**-7, 0.00% of the weights upadtes) we get:
user No.0.0 has been picked 68, his deltas theta's mean
 is -0.00221267924644053,
the empirical var of deltas thetas is 0.007691275328397751
the minimum of the deltas theta is -0.45412513613700867 and the maximum is 0.5871508717536926
the added laplace noise var is 0.04463621936714514
global epoch 153 has been done artifficialy in 0.82 secs, the total time by now is 127.89 
 with avg train loss 1.219, val loss 1.137, avg val acc 60.73%
iteration: 154
user 4, emp_avg: 0.5767074139149008, h: 0.6305982499358277, ucb: 1.2106568337982222,num_of_obs(calculated after picking at this round): 77, privacy reward: 0.045959256649043545, g: 1.8268917466292327e-07, curr_delay = 0.15527058329019547, data_size = 3770
user 8, emp_avg: 0.3851345299883767, h: 0.8195081941761274, ucb: 1.2045450597743894,num_of_obs(calculated after picking at this round): 46, privacy reward: 0.15881742610691996, g: 0.003379276140653194, curr_delay = 0.1283600068814096, data_size = 2674
user 14, emp_avg: 0.2629348746223402, h: 0.7934853970311638, ucb: 1.0577918038036218,num_of_obs(calculated after picking at this round): 49, privacy reward: 0.1408584209210444, g: -7.029253114607287e-05, curr_delay = 0.25367662227656895, data_size = 2315
user 26, emp_avg: 0.05806585567207871, h: 1.0036884578805945, ucb: 1.0619003927602948,num_of_obs(calculated after picking at this round): 31, privacy reward: 0.2893842179390499, g: -0.0020534356989184398, curr_delay = 0.931385232819889, data_size = 1141
user 29, emp_avg: 0.05451301734213572, h: 1.3333221581157562, ucb: 1.387806056120755,num_of_obs(calculated after picking at this round): 18, privacy reward: 0.48675225595997107, g: -0.0011387042744328802, curr_delay = 0.9089579355941388, data_size = 585
num of fast users chosen: 3, num of slow users chosen: 2
max_delay = 0.93 seconds
after cleansing the weights updates who were almost zeros (meaning with absolute value of less than 10**-7, 0.00% of the weights upadtes) we get:
user No.4.0 has been picked 77, his deltas theta's mean
 is -2.911152841988951e-05,
the empirical var of deltas thetas is 0.006162676028907299
the minimum of the deltas theta is -0.4013688564300537 and the maximum is 0.5375398397445679
the added laplace noise var is 0.06397840617369704
global epoch 154 has been done artifficialy in 0.93 secs, the total time by now is 128.82 
 with avg train loss 1.087, val loss 1.147, avg val acc 61.30%
iteration: 155
user 3, emp_avg: 0.6920980435763148, h: 2.2457571366733418, ucb: 2.9698566664501325,num_of_obs(calculated after picking at this round): 7, privacy reward: 0.7557837414557252, g: 0.00048762307315894496, curr_delay = 0.09998217790214599, data_size = 464
user 4, emp_avg: 0.5821342419416329, h: 0.6268924668192676, ucb: 1.2035998807341683,num_of_obs(calculated after picking at this round): 78, privacy reward: 0.044157168419692305, g: -8.067181956311406e-06, curr_delay = 0.05, data_size = 3770
user 13, emp_avg: 0.27487220378131755, h: 0.802397348130939, ucb: 1.0792908742080594,num_of_obs(calculated after picking at this round): 48, privacy reward: 0.14660696213034952, g: 0.0023958836797490293, curr_delay = 0.2779784536996548, data_size = 2688
user 22, emp_avg: 0.061810979892698514, h: 1.2300518424342017, ucb: 1.2912554473411126,num_of_obs(calculated after picking at this round): 21, privacy reward: 0.4317105234290791, g: -6.56684933699412e-05, curr_delay = 0.6760550009236311, data_size = 923
user 27, emp_avg: 0.057161487763691635, h: 0.8110721661656238, ucb: 0.8682179262350328,num_of_obs(calculated after picking at this round): 47, privacy reward: 0.15259010575688325, g: -0.0069686755055694905, curr_delay = 0.8637822075193823, data_size = 1628
num of fast users chosen: 3, num of slow users chosen: 2
max_delay = 0.86 seconds
after cleansing the weights updates who were almost zeros (meaning with absolute value of less than 10**-7, 0.00% of the weights upadtes) we get:
user No.3.0 has been picked 7, his deltas theta's mean
 is -0.0008900323300622404,
the empirical var of deltas thetas is 0.0008494010544382036
the minimum of the deltas theta is -0.18157540261745453 and the maximum is 0.17384137213230133
the added laplace noise var is 0.003890530886084149
global epoch 155 has been done artifficialy in 0.86 secs, the total time by now is 129.69 
 with avg train loss 1.105, val loss 1.137, avg val acc 60.11%
iteration: 156
user 4, emp_avg: 0.5790785233187858, h: 0.6232579418636542, ucb: 1.2053921838052872,num_of_obs(calculated after picking at this round): 79, privacy reward: 0.04242574108051078, g: -3.6797386637513144e-05, curr_delay = 0.1467426919773539, data_size = 3770
user 8, emp_avg: 0.3821503204828219, h: 0.8115891020157978, ucb: 1.1967236320041745,num_of_obs(calculated after picking at this round): 47, privacy reward: 0.15259010575688325, g: 0.0030766478869335015, curr_delay = 0.20418440555889322, data_size = 2674
user 10, emp_avg: 0.3732217348408343, h: 1.2308358144670883, ucb: 1.5867721131076729,num_of_obs(calculated after picking at this round): 21, privacy reward: 0.4317105234290791, g: 0.00017324258018424103, curr_delay = 0.06954775581531181, data_size = 1079
user 17, emp_avg: 0.06775932348365928, h: 0.9174108500965763, ucb: 0.9851410799627646,num_of_obs(calculated after picking at this round): 37, privacy reward: 0.22763768838381226, g: 4.754823813188729e-05, curr_delay = 0.7266734862866056, data_size = 1814
user 29, emp_avg: 0.05457364366126366, h: 1.2974148664748086, ucb: 1.3519278838169444,num_of_obs(calculated after picking at this round): 19, privacy reward: 0.4676664270099087, g: -0.0015007641648898521, curr_delay = 0.8982318187181888, data_size = 585
num of fast users chosen: 3, num of slow users chosen: 2
max_delay = 0.90 seconds
after cleansing the weights updates who were almost zeros (meaning with absolute value of less than 10**-7, 0.00% of the weights upadtes) we get:
user No.4.0 has been picked 79, his deltas theta's mean
 is -0.0018444294109940529,
the empirical var of deltas thetas is 0.007054982706904411
the minimum of the deltas theta is -0.43027713894844055 and the maximum is 0.5508325695991516
the added laplace noise var is 0.06930698001842174
global epoch 156 has been done artifficialy in 0.90 secs, the total time by now is 130.58 
 with avg train loss 1.102, val loss 1.164, avg val acc 59.54%
iteration: 157
user 4, emp_avg: 0.5775997520427681, h: 0.6196923985015719, ucb: 1.1987709218203577,num_of_obs(calculated after picking at this round): 80, privacy reward: 0.0407622039783655, g: -8.55772696903208e-05, curr_delay = 0.10851240274137414, data_size = 3770
user 8, emp_avg: 0.38104521507531447, h: 0.8034165718460164, ucb: 1.1855668923288383,num_of_obs(calculated after picking at this round): 48, privacy reward: 0.14660696213034952, g: 0.0025985807744670726, curr_delay = 0.15192707603595434, data_size = 2674
user 10, emp_avg: 0.3694253078128419, h: 1.20193246843196, ucb: 1.5751542032727945,num_of_obs(calculated after picking at this round): 22, privacy reward: 0.41478291168158077, g: 5.790192046308657e-05, curr_delay = 0.17259213420725192, data_size = 1079
user 14, emp_avg: 0.26325746071609085, h: 0.7868495024020826, ucb: 1.0497843770244228,num_of_obs(calculated after picking at this round): 50, privacy reward: 0.13533528323661215, g: -7.739887880802415e-05, curr_delay = 0.17917025439685763, data_size = 2315
user 19, emp_avg: 0.06497061640354608, h: 2.2486097494559405, ucb: 2.313731692092925,num_of_obs(calculated after picking at this round): 7, privacy reward: 0.7557837414557252, g: 0.0015377737997118348, curr_delay = 0.7804858677146875, data_size = 591
num of fast users chosen: 4, num of slow users chosen: 1
max_delay = 0.78 seconds
after cleansing the weights updates who were almost zeros (meaning with absolute value of less than 10**-7, 0.00% of the weights upadtes) we get:
user No.4.0 has been picked 80, his deltas theta's mean
 is -0.002008735202252865,
the empirical var of deltas thetas is 0.006440974771976471
the minimum of the deltas theta is -0.46450525522232056 and the maximum is 0.6066922545433044
the added laplace noise var is 0.07213545152990992
global epoch 157 has been done artifficialy in 0.78 secs, the total time by now is 131.36 
 with avg train loss 1.204, val loss 1.188, avg val acc 58.62%
iteration: 158
user 2, emp_avg: 0.7243350602739448, h: 1.5285883431897298, ucb: 2.2763820309891756,num_of_obs(calculated after picking at this round): 14, privacy reward: 0.5712090638488144, g: 0.0004844847394213689, curr_delay = 0.11922563358004115, data_size = 796
user 4, emp_avg: 0.5746856960221902, h: 0.6161936606920121, ucb: 1.1937934127347802,num_of_obs(calculated after picking at this round): 81, privacy reward: 0.03916389509898632, g: -0.00015364095516179284, curr_delay = 0.14638664431308956, data_size = 3770
user 6, emp_avg: 0.5020860679920032, h: 0.6450610059092723, ucb: 1.150454446449753,num_of_obs(calculated after picking at this round): 74, privacy reward: 0.05181891717272524, g: -0.0015187835255810972, curr_delay = 0.19182968817405097, data_size = 3229
user 8, emp_avg: 0.378783457324199, h: 0.7955025952995822, ucb: 1.1765478103748968,num_of_obs(calculated after picking at this round): 49, privacy reward: 0.1408584209210444, g: 0.002166145249374838, curr_delay = 0.18503504276879235, data_size = 2674
user 20, emp_avg: 0.06499417553363701, h: 1.7428588639979372, ucb: 1.807687871113624,num_of_obs(calculated after picking at this round): 11, privacy reward: 0.6440364210831411, g: -3.3347120970233855e-05, curr_delay = 0.7502341513068056, data_size = 439
num of fast users chosen: 4, num of slow users chosen: 1
max_delay = 0.75 seconds
after cleansing the weights updates who were almost zeros (meaning with absolute value of less than 10**-7, 0.00% of the weights upadtes) we get:
user No.2.0 has been picked 14, his deltas theta's mean
 is 0.00018104209448210895,
the empirical var of deltas thetas is 0.0018785836873576045
the minimum of the deltas theta is -0.25644901394844055 and the maximum is 0.29077163338661194
the added laplace noise var is 0.005147677401197522
global epoch 158 has been done artifficialy in 0.75 secs, the total time by now is 132.11 
 with avg train loss 1.200, val loss 1.189, avg val acc 59.57%
iteration: 159
user 0, emp_avg: 0.7857690143988613, h: 0.668772198238742, ucb: 1.4523920709473084,num_of_obs(calculated after picking at this round): 69, privacy reward: 0.06329176835964001, g: 0.0012769193910940476, curr_delay = 0.05365321239270002, data_size = 3537
user 13, emp_avg: 0.27468702654742816, h: 0.7959981314535411, ucb: 1.0708703352348588,num_of_obs(calculated after picking at this round): 49, privacy reward: 0.1408584209210444, g: 0.002528760122813399, curr_delay = 0.18811240983500319, data_size = 2688
user 18, emp_avg: 0.0673029683553745, h: 1.337544396477484, ucb: 1.404154223834887,num_of_obs(calculated after picking at this round): 18, privacy reward: 0.48675225595997107, g: -0.0003039324901570479, curr_delay = 0.6322202290764709, data_size = 683
user 27, emp_avg: 0.05714154503231821, h: 0.804421626682751, ucb: 0.8615831144464426,num_of_obs(calculated after picking at this round): 48, privacy reward: 0.14660696213034952, g: -0.006773600081313542, curr_delay = 0.8896126515240209, data_size = 1628
user 28, emp_avg: 0.05565647401512802, h: 1.2331550026927147, ucb: 1.2889072776203188,num_of_obs(calculated after picking at this round): 21, privacy reward: 0.4317105234290791, g: 0.0010297209640846043, curr_delay = 0.9303977662206697, data_size = 1205
num of fast users chosen: 2, num of slow users chosen: 3
max_delay = 0.93 seconds
after cleansing the weights updates who were almost zeros (meaning with absolute value of less than 10**-7, 0.00% of the weights upadtes) we get:
user No.0.0 has been picked 69, his deltas theta's mean
 is -0.0015183828072622418,
the empirical var of deltas thetas is 0.007633048575371504
the minimum of the deltas theta is -0.5357123017311096 and the maximum is 0.5045569539070129
the added laplace noise var is 0.0464578580365396
global epoch 159 has been done artifficialy in 0.93 secs, the total time by now is 133.04 
 with avg train loss 1.090, val loss 1.159, avg val acc 60.15%
iteration: 160
user 0, emp_avg: 0.788829457050306, h: 0.6643187956051264, ucb: 1.4500878100039878,num_of_obs(calculated after picking at this round): 70, privacy reward: 0.060810062625217265, g: 0.0010340703890878618, curr_delay = 0.05, data_size = 3537
user 9, emp_avg: 0.3853724166123758, h: 2.0857010774524083, ucb: 2.4613317830889767,num_of_obs(calculated after picking at this round): 8, privacy reward: 0.7261490370736907, g: 0.00023127198336654562, curr_delay = 0.11023793031998781, data_size = 450
user 10, emp_avg: 0.36427590319552416, h: 1.1764940770125403, ucb: 1.5459193848253823,num_of_obs(calculated after picking at this round): 23, privacy reward: 0.3985190410845135, g: 1.495595458867575e-05, curr_delay = 0.19921191637229277, data_size = 1079
user 13, emp_avg: 0.27362380857865587, h: 0.7883209085940769, ucb: 1.063007935141505,num_of_obs(calculated after picking at this round): 50, privacy reward: 0.13533528323661215, g: 0.0021089743972834145, curr_delay = 0.22570700994439902, data_size = 2688
user 14, emp_avg: 0.26225751792618657, h: 0.7803978843052172, ucb: 1.043655345021308,num_of_obs(calculated after picking at this round): 51, privacy reward: 0.13002871087842538, g: -8.456186276055402e-05, curr_delay = 0.23555974209411887, data_size = 2315
num of fast users chosen: 5, num of slow users chosen: 0
max_delay = 0.24 seconds
after cleansing the weights updates who were almost zeros (meaning with absolute value of less than 10**-7, 0.00% of the weights upadtes) we get:
user No.0.0 has been picked 70, his deltas theta's mean
 is -0.002901412546634674,
the empirical var of deltas thetas is 0.006720962002873421
the minimum of the deltas theta is -0.5094770193099976 and the maximum is 0.5538585186004639
the added laplace noise var is 0.04835383919033085
global epoch 160 has been done artifficialy in 0.24 secs, the total time by now is 133.28 
 with avg train loss 1.159, val loss 1.129, avg val acc 61.80%
iteration: 161
user 0, emp_avg: 0.7918036900495975, h: 0.6599613212682216, ucb: 1.4487907783185277,num_of_obs(calculated after picking at this round): 71, privacy reward: 0.05842566596450016, g: 0.0008193537658951733, curr_delay = 0.05, data_size = 3537
user 5, emp_avg: 0.5211062556625436, h: 1.5314253338213235, ucb: 2.0632019084839457,num_of_obs(calculated after picking at this round): 14, privacy reward: 0.5712090638488144, g: 1.1340343111019109e-05, curr_delay = 0.1307558363979148, data_size = 642
user 8, emp_avg: 0.3816648088702658, h: 0.7888046522339055, ucb: 1.1675881095581044,num_of_obs(calculated after picking at this round): 50, privacy reward: 0.13533528323661215, g: 0.0021152187918194003, curr_delay = 0.09562953248360329, data_size = 2674
user 14, emp_avg: 0.26170670235965676, h: 0.7731832112982449, ucb: 1.0354407292244314,num_of_obs(calculated after picking at this round): 52, privacy reward: 0.12493021219858191, g: -0.0001813315068434183, curr_delay = 0.21402725332356007, data_size = 2315
user 22, emp_avg: 0.06157264294203628, h: 1.20491900913173, ucb: 1.2667299890244283,num_of_obs(calculated after picking at this round): 22, privacy reward: 0.41478291168158077, g: -9.036659202220789e-05, curr_delay = 0.8838987191959558, data_size = 923
num of fast users chosen: 4, num of slow users chosen: 1
max_delay = 0.88 seconds
after cleansing the weights updates who were almost zeros (meaning with absolute value of less than 10**-7, 0.00% of the weights upadtes) we get:
user No.0.0 has been picked 71, his deltas theta's mean
 is -0.0007019544136710465,
the empirical var of deltas thetas is 0.006281138863414526
the minimum of the deltas theta is -0.5078186392784119 and the maximum is 0.4360432028770447
the added laplace noise var is 0.050327196802862476
global epoch 161 has been done artifficialy in 0.88 secs, the total time by now is 134.16 
 with avg train loss 1.158, val loss 1.164, avg val acc 60.53%
iteration: 162
user 0, emp_avg: 0.7881437892283294, h: 0.6556963614893271, ucb: 1.4475000515389245,num_of_obs(calculated after picking at this round): 72, privacy reward: 0.0561347628341331, g: 0.0006317863184578214, curr_delay = 0.09464483779339528, data_size = 3537
user 6, emp_avg: 0.5011554320476448, h: 0.6422677097323108, ucb: 1.144353777724314,num_of_obs(calculated after picking at this round): 75, privacy reward: 0.049787068367863285, g: -0.001138143355909912, curr_delay = 0.11566353207599264, data_size = 3229
user 17, emp_avg: 0.06764453562176316, h: 0.9083037057777402, ucb: 0.9760630292613995,num_of_obs(calculated after picking at this round): 38, privacy reward: 0.21871188695221422, g: 8.592719145729742e-05, curr_delay = 0.7886760662395658, data_size = 1814
user 19, emp_avg: 0.0647339744644706, h: 2.088252106133408, ucb: 2.1532227225369542,num_of_obs(calculated after picking at this round): 8, privacy reward: 0.7261490370736907, g: 0.0011710866303292005, curr_delay = 0.7926759168846247, data_size = 591
user 24, emp_avg: 0.060778920655377384, h: 1.1277850343962257, ucb: 1.1887360675355256,num_of_obs(calculated after picking at this round): 25, privacy reward: 0.36787944117144167, g: -3.438340627253128e-05, curr_delay = 0.8826402503196915, data_size = 1086
num of fast users chosen: 2, num of slow users chosen: 3
max_delay = 0.88 seconds
after cleansing the weights updates who were almost zeros (meaning with absolute value of less than 10**-7, 0.00% of the weights upadtes) we get:
user No.0.0 has been picked 72, his deltas theta's mean
 is -0.0026773824356496334,
the empirical var of deltas thetas is 0.007074485067278147
the minimum of the deltas theta is -0.40525394678115845 and the maximum is 0.6053075194358826
the added laplace noise var is 0.05238108866731998
global epoch 162 has been done artifficialy in 0.88 secs, the total time by now is 135.05 
 with avg train loss 1.145, val loss 1.234, avg val acc 59.21%
iteration: 163
user 0, emp_avg: 0.791045929101914, h: 0.6515206699718463, ucb: 1.4396644592001757,num_of_obs(calculated after picking at this round): 73, privacy reward: 0.053933687300355304, g: 0.00047042024495329857, curr_delay = 0.05, data_size = 3537
user 13, emp_avg: 0.2748833173993828, h: 0.7818248039662156, ucb: 1.0554486125448714,num_of_obs(calculated after picking at this round): 51, privacy reward: 0.13002871087842538, g: 0.0020634401644838204, curr_delay = 0.14799083567197605, data_size = 2688
user 14, emp_avg: 0.26674454433989636, h: 0.7666422945451129, ucb: 1.0283489969047697,num_of_obs(calculated after picking at this round): 53, privacy reward: 0.12003162851145621, g: -0.00024693474085410227, curr_delay = 0.09456938568875231, data_size = 2315
user 15, emp_avg: 0.07055343805013649, h: 1.5958931983072617, ucb: 1.666198405818045,num_of_obs(calculated after picking at this round): 13, privacy reward: 0.5945205479701939, g: 0.00025587087568850993, curr_delay = 0.679974173557996, data_size = 684
user 16, emp_avg: 0.06916573989062037, h: 1.2063818633544288, ucb: 1.2756293359163746,num_of_obs(calculated after picking at this round): 22, privacy reward: 0.41478291168158077, g: 1.2870043398868336e-06, curr_delay = 0.7412969463519128, data_size = 992
num of fast users chosen: 3, num of slow users chosen: 2
max_delay = 0.74 seconds
after cleansing the weights updates who were almost zeros (meaning with absolute value of less than 10**-7, 0.00% of the weights upadtes) we get:
user No.0.0 has been picked 73, his deltas theta's mean
 is -0.0022122992668300867,
the empirical var of deltas thetas is 0.006995406933128834
the minimum of the deltas theta is -0.47735705971717834 and the maximum is 0.4420871138572693
the added laplace noise var is 0.054518801448873444
global epoch 163 has been done artifficialy in 0.74 secs, the total time by now is 135.79 
 with avg train loss 1.198, val loss 1.173, avg val acc 60.19%
iteration: 164
user 6, emp_avg: 0.5077191763628074, h: 0.6387404122379732, ucb: 1.139895844285618,num_of_obs(calculated after picking at this round): 76, privacy reward: 0.047834889494197785, g: -0.001173975783810514, curr_delay = 0.05, data_size = 3229
user 8, emp_avg: 0.38036493334590615, h: 0.782294044039007, ucb: 1.1639588529092728,num_of_obs(calculated after picking at this round): 51, privacy reward: 0.13002871087842538, g: 0.0020667284456093436, curr_delay = 0.158543350810355, data_size = 2674
user 10, emp_avg: 0.37473856472178174, h: 1.1534296414143643, ucb: 1.5177055446098886,num_of_obs(calculated after picking at this round): 24, privacy reward: 0.3828928859751114, g: 1.2620061900576583e-06, curr_delay = 0.08125063844990421, data_size = 1079
user 15, emp_avg: 0.07024609089349929, h: 1.5342048445855039, ucb: 1.6047582826356404,num_of_obs(calculated after picking at this round): 14, privacy reward: 0.5712090638488144, g: 0.00010706669127794638, curr_delay = 0.7547103982664254, data_size = 684
user 17, emp_avg: 0.06766227988982124, h: 0.8973528110788918, ucb: 0.964997346700655,num_of_obs(calculated after picking at this round): 39, privacy reward: 0.21013607120076416, g: 3.549105258227485e-05, curr_delay = 0.7316727456141562, data_size = 1814
num of fast users chosen: 3, num of slow users chosen: 2
max_delay = 0.75 seconds
after cleansing the weights updates who were almost zeros (meaning with absolute value of less than 10**-7, 0.00% of the weights upadtes) we get:
user No.6.0 has been picked 76, his deltas theta's mean
 is -0.0018737337086349726,
the empirical var of deltas thetas is 0.007536226883530617
the minimum of the deltas theta is -0.5987932682037354 and the maximum is 0.5302647948265076
the added laplace noise var is 0.061469776985485926
global epoch 164 has been done artifficialy in 0.75 secs, the total time by now is 136.54 
 with avg train loss 1.143, val loss 1.118, avg val acc 62.33%
iteration: 165
user 0, emp_avg: 0.7938696327626988, h: 0.6478169118504855, ucb: 1.4388628409523996,num_of_obs(calculated after picking at this round): 74, privacy reward: 0.05181891717272524, g: 0.0004402746408686282, curr_delay = 0.05, data_size = 3537
user 6, emp_avg: 0.5060787392741223, h: 0.6349023219880641, ucb: 1.1426214983508713,num_of_obs(calculated after picking at this round): 77, privacy reward: 0.045959256649043545, g: -0.0014101765459929865, curr_delay = 0.1310940647371572, data_size = 3229
user 16, emp_avg: 0.06919421724734874, h: 1.1800553308176136, ucb: 1.249221070708234,num_of_obs(calculated after picking at this round): 23, privacy reward: 0.3985190410845135, g: -1.1319963663450591e-05, curr_delay = 0.7161198086731493, data_size = 992
user 18, emp_avg: 0.06685237810035523, h: 1.304600254726913, ucb: 1.3719032230822876,num_of_obs(calculated after picking at this round): 19, privacy reward: 0.4676664270099087, g: -0.0003844081676910006, curr_delay = 0.851183306802052, data_size = 683
user 27, emp_avg: 0.05719608458249512, h: 0.7989012355964737, ucb: 0.8560427806287919,num_of_obs(calculated after picking at this round): 49, privacy reward: 0.1408584209210444, g: -0.0060238539011349965, curr_delay = 0.8359249376108959, data_size = 1628
num of fast users chosen: 2, num of slow users chosen: 3
max_delay = 0.85 seconds
after cleansing the weights updates who were almost zeros (meaning with absolute value of less than 10**-7, 0.00% of the weights upadtes) we get:
user No.0.0 has been picked 74, his deltas theta's mean
 is -0.0011300811311230063,
the empirical var of deltas thetas is 0.006725154351443052
the minimum of the deltas theta is -0.5905174016952515 and the maximum is 0.49622371792793274
the added laplace noise var is 0.05674375594404307
global epoch 165 has been done artifficialy in 0.85 secs, the total time by now is 137.39 
 with avg train loss 1.077, val loss 1.119, avg val acc 61.82%
iteration: 166
user 3, emp_avg: 0.7305857881292754, h: 2.0932519720739124, ucb: 2.785350015650227,num_of_obs(calculated after picking at this round): 8, privacy reward: 0.7261490370736907, g: 0.0003468232716547334, curr_delay = 0.05, data_size = 464
user 4, emp_avg: 0.5725170134763745, h: 0.615358238833677, ucb: 1.1900439348558671,num_of_obs(calculated after picking at this round): 82, privacy reward: 0.03762825680717552, g: 3.5785613966415466e-05, curr_delay = 0.1259910051608883, data_size = 3770
user 13, emp_avg: 0.27392345855730316, h: 0.7755064977432145, ucb: 1.0503898151425972,num_of_obs(calculated after picking at this round): 52, privacy reward: 0.12493021219858191, g: 0.002020022066775233, curr_delay = 0.22225120613907845, data_size = 2688
user 16, emp_avg: 0.0690079430826082, h: 1.1547995634503787, ucb: 1.2239937806977275,num_of_obs(calculated after picking at this round): 24, privacy reward: 0.3828928859751114, g: -7.370907431376404e-05, curr_delay = 0.772515298749485, data_size = 992
user 17, emp_avg: 0.06756044593647566, h: 0.8868256084186792, ucb: 0.9544878883085004,num_of_obs(calculated after picking at this round): 40, privacy reward: 0.2018965179946548, g: 7.425596567375135e-06, curr_delay = 0.7863004847268646, data_size = 1814
num of fast users chosen: 3, num of slow users chosen: 2
max_delay = 0.79 seconds
after cleansing the weights updates who were almost zeros (meaning with absolute value of less than 10**-7, 0.00% of the weights upadtes) we get:
user No.3.0 has been picked 8, his deltas theta's mean
 is -0.0008330282289534807,
the empirical var of deltas thetas is 0.000931287941057235
the minimum of the deltas theta is -0.19040848314762115 and the maximum is 0.1947365403175354
the added laplace noise var is 0.0040493064635646414
global epoch 166 has been done artifficialy in 0.79 secs, the total time by now is 138.18 
 with avg train loss 1.154, val loss 1.129, avg val acc 61.35%
iteration: 167
user 4, emp_avg: 0.5735993136776529, h: 0.6119537173087971, ucb: 1.1844707307851716,num_of_obs(calculated after picking at this round): 83, privacy reward: 0.03615283175404571, g: 8.502770098815191e-06, curr_delay = 0.0754890258149144, data_size = 3770
user 8, emp_avg: 0.3804853786187141, h: 0.7759619314810834, ucb: 1.1563268648269895,num_of_obs(calculated after picking at this round): 52, privacy reward: 0.12493021219858191, g: 0.002020512600540282, curr_delay = 0.129323247876739, data_size = 2674
user 10, emp_avg: 0.36820880730273337, h: 1.1311491736743606, ucb: 1.5058877383961424,num_of_obs(calculated after picking at this round): 25, privacy reward: 0.36787944117144167, g: -5.50034729644884e-06, curr_delay = 0.23641262276189348, data_size = 1079
user 14, emp_avg: 0.26609914473743335, h: 0.7611803504649685, ucb: 1.027924894804865,num_of_obs(calculated after picking at this round): 54, privacy reward: 0.11532512103806203, g: -0.00019771233663162005, curr_delay = 0.21561671707471003, data_size = 2315
user 19, emp_avg: 0.06511773200590043, h: 1.9592078397435444, ucb: 2.023941814208015,num_of_obs(calculated after picking at this round): 9, privacy reward: 0.6976763260710308, g: 0.0008718335692121029, curr_delay = 0.7332690836013529, data_size = 591
num of fast users chosen: 4, num of slow users chosen: 1
max_delay = 0.73 seconds
after cleansing the weights updates who were almost zeros (meaning with absolute value of less than 10**-7, 0.00% of the weights upadtes) we get:
user No.4.0 has been picked 83, his deltas theta's mean
 is -0.0019725512247532606,
the empirical var of deltas thetas is 0.00685002701357007
the minimum of the deltas theta is -0.439932256937027 and the maximum is 0.5091280937194824
the added laplace noise var is 0.08133249448723011
global epoch 167 has been done artifficialy in 0.73 secs, the total time by now is 138.91 
 with avg train loss 1.195, val loss 1.151, avg val acc 60.10%
iteration: 168
user 4, emp_avg: 0.5699757042616502, h: 0.6086107414888906, ucb: 1.1822100551665435,num_of_obs(calculated after picking at this round): 84, privacy reward: 0.034735258944737835, g: -1.292859939127149e-08, curr_delay = 0.18572438935802027, data_size = 3770
user 8, emp_avg: 0.3835768283801825, h: 0.7689126172771964, ucb: 1.1493979958959106,num_of_obs(calculated after picking at this round): 53, privacy reward: 0.12003162851145621, g: 0.0016659070309040294, curr_delay = 0.09185566926311695, data_size = 2674
user 14, emp_avg: 0.26543248744541886, h: 0.7545391514327182, ucb: 1.0206382961701514,num_of_obs(calculated after picking at this round): 55, privacy reward: 0.11080315836233334, g: -0.0003284911153435938, curr_delay = 0.2179285515947636, data_size = 2315
user 16, emp_avg: 0.06893963961515329, h: 1.1318087271490773, ucb: 1.2008166702316856,num_of_obs(calculated after picking at this round): 25, privacy reward: 0.36787944117144167, g: -0.00016610891852427754, curr_delay = 0.7429381161909685, data_size = 992
user 25, emp_avg: 0.06116674363729059, h: 1.8482359119627665, ucb: 1.9098317535146048,num_of_obs(calculated after picking at this round): 10, privacy reward: 0.670320046035639, g: 0.0006805252671048942, curr_delay = 0.8725263075485405, data_size = 608
num of fast users chosen: 3, num of slow users chosen: 2
max_delay = 0.87 seconds
after cleansing the weights updates who were almost zeros (meaning with absolute value of less than 10**-7, 0.00% of the weights upadtes) we get:
user No.4.0 has been picked 84, his deltas theta's mean
 is -0.001263040117919445,
the empirical var of deltas thetas is 0.007607406936585903
the minimum of the deltas theta is -0.46332189440727234 and the maximum is 0.4335336685180664
the added laplace noise var is 0.08465173655425208
global epoch 168 has been done artifficialy in 0.87 secs, the total time by now is 139.79 
 with avg train loss 1.170, val loss 1.146, avg val acc 60.63%
iteration: 169
user 0, emp_avg: 0.7966180376591961, h: 0.6449323481128942, ucb: 1.438801980875593,num_of_obs(calculated after picking at this round): 75, privacy reward: 0.049787068367863285, g: 0.0006521456407344407, curr_delay = 0.05, data_size = 3537
user 6, emp_avg: 0.5046064623634227, h: 0.6322439144796913, ucb: 1.1383226537538136,num_of_obs(calculated after picking at this round): 78, privacy reward: 0.044157168419692305, g: -0.0010606458745181862, curr_delay = 0.1277984211205034, data_size = 3229
user 11, emp_avg: 0.28737092755740573, h: 1.6015459273656616, ucb: 1.888066133823397,num_of_obs(calculated after picking at this round): 13, privacy reward: 0.5945205479701939, g: 1.0762963146904269e-05, curr_delay = 0.1680222812109743, data_size = 567
user 27, emp_avg: 0.057146742216250324, h: 0.7925596905292401, ucb: 0.8497557751117353,num_of_obs(calculated after picking at this round): 50, privacy reward: 0.13533528323661215, g: -0.005874490967763231, curr_delay = 0.9135929911976886, data_size = 1628
user 28, emp_avg: 0.05565400380197168, h: 1.2106549248736727, ucb: 1.2663113988888006,num_of_obs(calculated after picking at this round): 22, privacy reward: 0.41478291168158077, g: 0.001129973203449993, curr_delay = 0.8992461369082784, data_size = 1205
num of fast users chosen: 3, num of slow users chosen: 2
max_delay = 0.91 seconds
after cleansing the weights updates who were almost zeros (meaning with absolute value of less than 10**-7, 0.00% of the weights upadtes) we get:
user No.0.0 has been picked 75, his deltas theta's mean
 is -0.00012851227074861526,
the empirical var of deltas thetas is 0.0061612301506102085
the minimum of the deltas theta is -0.41318994760513306 and the maximum is 0.4147856533527374
the added laplace noise var is 0.0590595125547034
global epoch 169 has been done artifficialy in 0.91 secs, the total time by now is 140.70 
 with avg train loss 1.046, val loss 1.124, avg val acc 61.90%
iteration: 170
user 4, emp_avg: 0.5663615407614702, h: 0.6056754456832389, ucb: 1.1756511499448892,num_of_obs(calculated after picking at this round): 85, privacy reward: 0.0333732699603253, g: -3.375745157810945e-08, curr_delay = 0.19027916510185472, data_size = 3770
user 13, emp_avg: 0.2748042582962424, h: 0.7698000567367823, ucb: 1.0437235152940856,num_of_obs(calculated after picking at this round): 53, privacy reward: 0.12003162851145621, g: 0.0021428768934521883, curr_delay = 0.1559547363944615, data_size = 2688
user 17, emp_avg: 0.06772959465384491, h: 0.8777071069312014, ucb: 0.945267552867677,num_of_obs(calculated after picking at this round): 41, privacy reward: 0.19398004229089127, g: 5.6199158603996375e-06, curr_delay = 0.6711810902031572, data_size = 1814
user 25, emp_avg: 0.061380223458096794, h: 1.7554142138624027, ucb: 1.8165809574996934,num_of_obs(calculated after picking at this round): 11, privacy reward: 0.6440364210831411, g: 0.0004340879898629744, curr_delay = 0.7872153498239336, data_size = 608
user 26, emp_avg: 0.05801102825709055, h: 0.9970082767686596, ucb: 1.0550741324407382,num_of_obs(calculated after picking at this round): 32, privacy reward: 0.2780373004531934, g: -0.001079950289862526, curr_delay = 0.8879200159429437, data_size = 1141
num of fast users chosen: 2, num of slow users chosen: 3
max_delay = 0.89 seconds
after cleansing the weights updates who were almost zeros (meaning with absolute value of less than 10**-7, 0.00% of the weights upadtes) we get:
user No.4.0 has been picked 85, his deltas theta's mean
 is -0.0011580289574339986,
the empirical var of deltas thetas is 0.006476624868810177
the minimum of the deltas theta is -0.518700897693634 and the maximum is 0.48807868361473083
the added laplace noise var is 0.0881064394597612
global epoch 170 has been done artifficialy in 0.89 secs, the total time by now is 141.59 
 with avg train loss 1.084, val loss 1.136, avg val acc 61.41%
iteration: 171
user 0, emp_avg: 0.7992941161110488, h: 0.6413525430839211, ucb: 1.4379705807431171,num_of_obs(calculated after picking at this round): 76, privacy reward: 0.047834889494197785, g: 0.0006155596019028636, curr_delay = 0.05, data_size = 3537
user 1, emp_avg: 0.7023813256366012, h: 1.3091553964933091, ucb: 2.008068696921751,num_of_obs(calculated after picking at this round): 19, privacy reward: 0.4676664270099087, g: -8.275020481350062e-05, curr_delay = 0.06537607500862033, data_size = 734
user 8, emp_avg: 0.3807750210890266, h: 0.7629384769456019, ucb: 1.1465153053257844,num_of_obs(calculated after picking at this round): 54, privacy reward: 0.11532512103806203, g: 0.0016319833308923483, curr_delay = 0.2152581571644514, data_size = 2674
user 14, emp_avg: 0.26485381997799723, h: 0.7489384164392103, ucb: 1.0143709038846291,num_of_obs(calculated after picking at this round): 56, privacy reward: 0.1064585043792523, g: -0.00033610546438074464, curr_delay = 0.2145673100296154, data_size = 2315
user 28, emp_avg: 0.055429332343147994, h: 1.1841756115737987, ucb: 1.2398296153757704,num_of_obs(calculated after picking at this round): 23, privacy reward: 0.3985190410845135, g: 0.0008538351844477528, curr_delay = 0.9903625787412139, data_size = 1205
num of fast users chosen: 4, num of slow users chosen: 1
max_delay = 0.99 seconds
after cleansing the weights updates who were almost zeros (meaning with absolute value of less than 10**-7, 0.00% of the weights upadtes) we get:
user No.0.0 has been picked 76, his deltas theta's mean
 is -0.0021456151735037565,
the empirical var of deltas thetas is 0.008278198540210724
the minimum of the deltas theta is -0.5665594339370728 and the maximum is 0.5589610934257507
the added laplace noise var is 0.061469776985485926
global epoch 171 has been done artifficialy in 0.99 secs, the total time by now is 142.58 
 with avg train loss 1.153, val loss 1.181, avg val acc 59.54%
iteration: 172
user 4, emp_avg: 0.5655499872932702, h: 0.6027873184668694, ucb: 1.1691488592283394,num_of_obs(calculated after picking at this round): 86, privacy reward: 0.03206468532786, g: -6.357027464491354e-08, curr_delay = 0.10069115567277206, data_size = 3770
user 8, emp_avg: 0.37976333305626053, h: 0.7562696812361648, ucb: 1.1370447023251913,num_of_obs(calculated after picking at this round): 55, privacy reward: 0.11080315836233334, g: 0.0013239297554944473, curr_delay = 0.15378360920676773, data_size = 2674
user 11, emp_avg: 0.27907562775954103, h: 1.5413522250304144, ucb: 1.82872315258782,num_of_obs(calculated after picking at this round): 14, privacy reward: 0.5712090638488144, g: -1.6764621396287019e-06, curr_delay = 0.2919934285530391, data_size = 567
user 27, emp_avg: 0.05717955100972848, h: 0.7859385072749739, ucb: 0.8430852494912242,num_of_obs(calculated after picking at this round): 51, privacy reward: 0.13002871087842538, g: -0.0059910810545332465, curr_delay = 0.8500511376978189, data_size = 1628
user 28, emp_avg: 0.05557916201280719, h: 1.1588031093008202, ucb: 1.2142324416439683,num_of_obs(calculated after picking at this round): 24, privacy reward: 0.3828928859751114, g: 0.0005834398145963372, curr_delay = 0.8470951792843425, data_size = 1205
num of fast users chosen: 3, num of slow users chosen: 2
max_delay = 0.85 seconds
after cleansing the weights updates who were almost zeros (meaning with absolute value of less than 10**-7, 0.00% of the weights upadtes) we get:
user No.4.0 has been picked 86, his deltas theta's mean
 is -0.0032075403723865747,
the empirical var of deltas thetas is 0.006567918695509434
the minimum of the deltas theta is -0.4290328025817871 and the maximum is 0.47807133197784424
the added laplace noise var is 0.09170213146544885
global epoch 172 has been done artifficialy in 0.85 secs, the total time by now is 143.43 
 with avg train loss 1.069, val loss 1.155, avg val acc 59.00%
iteration: 173
user 0, emp_avg: 0.8019006860316845, h: 0.637839172591281, ucb: 1.4371332887023298,num_of_obs(calculated after picking at this round): 77, privacy reward: 0.045959256649043545, g: 0.000580839232691775, curr_delay = 0.05, data_size = 3537
user 6, emp_avg: 0.5108772666373034, h: 0.6296086448982402, ucb: 1.1342151072616629,num_of_obs(calculated after picking at this round): 79, privacy reward: 0.04242574108051078, g: -0.0007735801502288887, curr_delay = 0.05, data_size = 3229
user 20, emp_avg: 0.06527673601907567, h: 1.6765698089466827, ucb: 1.7415639844803197,num_of_obs(calculated after picking at this round): 12, privacy reward: 0.6187833918061405, g: -3.68130078551554e-05, curr_delay = 0.7311555475906526, data_size = 439
user 26, emp_avg: 0.05810818423160574, h: 0.9829761817909596, ucb: 1.0409872100480502,num_of_obs(calculated after picking at this round): 33, privacy reward: 0.26713530196584967, g: -0.0012588839196919078, curr_delay = 0.8167642440238538, data_size = 1141
user 27, emp_avg: 0.05719706826947172, h: 0.7786331609639291, ucb: 0.8358127119736576,num_of_obs(calculated after picking at this round): 52, privacy reward: 0.12493021219858191, g: -0.006642590252280744, curr_delay = 0.8607266990872657, data_size = 1628
num of fast users chosen: 2, num of slow users chosen: 3
max_delay = 0.86 seconds
after cleansing the weights updates who were almost zeros (meaning with absolute value of less than 10**-7, 0.00% of the weights upadtes) we get:
user No.0.0 has been picked 77, his deltas theta's mean
 is -1.146692511611036e-06,
the empirical var of deltas thetas is 0.006178074516355991
the minimum of the deltas theta is -0.3960469365119934 and the maximum is 0.4787837564945221
the added laplace noise var is 0.06397840617369704
global epoch 173 has been done artifficialy in 0.86 secs, the total time by now is 144.29 
 with avg train loss 1.050, val loss 1.130, avg val acc 62.00%
iteration: 174
user 2, emp_avg: 0.7028934068977718, h: 1.4869511423255874, ucb: 2.211286202599532,num_of_obs(calculated after picking at this round): 15, privacy reward: 0.5488116360940261, g: 0.00056785579098859, curr_delay = 0.12415874392117798, data_size = 796
user 3, emp_avg: 0.7077849800999554, h: 1.967051467148457, ucb: 2.6976372552777326,num_of_obs(calculated after picking at this round): 9, privacy reward: 0.6976763260710308, g: 0.0002194799278789643, curr_delay = 0.09516947969910958, data_size = 464
user 4, emp_avg: 0.5640492381165629, h: 0.5999450730215843, ucb: 1.1654950603148544,num_of_obs(calculated after picking at this round): 87, privacy reward: 0.03080741103275031, g: -1.0173453404292682e-07, curr_delay = 0.11494654290151597, data_size = 3770
user 13, emp_avg: 0.2758744941154036, h: 0.7642277122281643, ucb: 1.0390319705244067,num_of_obs(calculated after picking at this round): 54, privacy reward: 0.11532512103806203, g: 0.002263463416789793, curr_delay = 0.15033208694858397, data_size = 2688
user 27, emp_avg: 0.05719398027615535, h: 0.7715410627100998, ucb: 0.8287381309795715,num_of_obs(calculated after picking at this round): 53, privacy reward: 0.12003162851145621, g: -0.007319653620962137, curr_delay = 0.8766792080867496, data_size = 1628
num of fast users chosen: 4, num of slow users chosen: 1
max_delay = 0.88 seconds
after cleansing the weights updates who were almost zeros (meaning with absolute value of less than 10**-7, 0.00% of the weights upadtes) we get:
user No.2.0 has been picked 15, his deltas theta's mean
 is -0.0006547975935973227,
the empirical var of deltas thetas is 0.0020419249776750803
the minimum of the deltas theta is -0.28826332092285156 and the maximum is 0.2943256199359894
the added laplace noise var is 0.005357758101233054
global epoch 174 has been done artifficialy in 0.88 secs, the total time by now is 145.17 
 with avg train loss 1.080, val loss 1.158, avg val acc 59.21%
iteration: 175
user 0, emp_avg: 0.7958977631004621, h: 0.6343901442416356, ucb: 1.4362908302733202,num_of_obs(calculated after picking at this round): 78, privacy reward: 0.044157168419692305, g: 0.0005478860040159348, curr_delay = 0.14984744149027437, data_size = 3537
user 1, emp_avg: 0.7171444617023658, h: 1.277100248373987, ucb: 1.9794815740105882,num_of_obs(calculated after picking at this round): 20, privacy reward: 0.449328964117221, g: -0.0001538836437594307, curr_delay = 0.05011807583352523, data_size = 734
user 2, emp_avg: 0.721462568966661, h: 1.4373289079293596, ucb: 2.1402223148271315,num_of_obs(calculated after picking at this round): 16, privacy reward: 0.5272924240430481, g: 0.00034503840226166206, curr_delay = 0.05, data_size = 796
user 6, emp_avg: 0.5083633301998252, h: 0.6263084111423131, ucb: 1.1371856777796165,num_of_obs(calculated after picking at this round): 80, privacy reward: 0.0407622039783655, g: -0.0008051308795907501, curr_delay = 0.16141406383130225, data_size = 3229
user 21, emp_avg: 0.06542909132451144, h: 1.24476334786057, ucb: 1.31023491379523,num_of_obs(calculated after picking at this round): 21, privacy reward: 0.4317105234290791, g: 0.006214685296344998, curr_delay = 0.774238314887971, data_size = 1474
num of fast users chosen: 4, num of slow users chosen: 1
max_delay = 0.77 seconds
after cleansing the weights updates who were almost zeros (meaning with absolute value of less than 10**-7, 0.00% of the weights upadtes) we get:
user No.0.0 has been picked 78, his deltas theta's mean
 is 0.00031709682662039995,
the empirical var of deltas thetas is 0.007117758970707655
the minimum of the deltas theta is -0.48279231786727905 and the maximum is 0.48218458890914917
the added laplace noise var is 0.0665894144612407
global epoch 175 has been done artifficialy in 0.77 secs, the total time by now is 145.94 
 with avg train loss 1.193, val loss 1.148, avg val acc 60.60%
iteration: 176
user 4, emp_avg: 0.5642023426421573, h: 0.5971474718242382, ucb: 1.1611967099408012,num_of_obs(calculated after picking at this round): 88, privacy reward: 0.029599435167891208, g: -1.4766095019925046e-07, curr_delay = 0.08657672300035982, data_size = 3770
user 8, emp_avg: 0.38040745601607096, h: 0.751034486198009, ucb: 1.1307978192542696,num_of_obs(calculated after picking at this round): 56, privacy reward: 0.1064585043792523, g: 0.00143181519073794, curr_delay = 0.12024022492331198, data_size = 2674
user 19, emp_avg: 0.06495634632305591, h: 1.8566069400994478, ucb: 1.9217246721053483,num_of_obs(calculated after picking at this round): 10, privacy reward: 0.670320046035639, g: 0.0006914089308751445, curr_delay = 0.7873535254388809, data_size = 591
user 21, emp_avg: 0.06514311711349474, h: 1.215434548398009, ucb: 1.2808636397225204,num_of_obs(calculated after picking at this round): 22, privacy reward: 0.41478291168158077, g: 0.005446559228843542, curr_delay = 0.845484943337751, data_size = 1474
user 28, emp_avg: 0.05537396560767714, h: 1.1369349140384148, ucb: 1.192514076051222,num_of_obs(calculated after picking at this round): 25, privacy reward: 0.36787944117144167, g: 0.00046275722589429806, curr_delay = 0.9910949743004305, data_size = 1205
num of fast users chosen: 2, num of slow users chosen: 3
max_delay = 0.99 seconds
after cleansing the weights updates who were almost zeros (meaning with absolute value of less than 10**-7, 0.00% of the weights upadtes) we get:
user No.4.0 has been picked 88, his deltas theta's mean
 is -0.00118266511708498,
the empirical var of deltas thetas is 0.007700763177126646
the minimum of the deltas theta is -0.4595235586166382 and the maximum is 0.5353601574897766
the added laplace noise var is 0.09933973309474964
global epoch 176 has been done artifficialy in 0.99 secs, the total time by now is 146.93 
 with avg train loss 1.158, val loss 1.158, avg val acc 59.94%
iteration: 177
user 0, emp_avg: 0.7918678292002554, h: 0.6310034580286709, ucb: 1.426901221129133,num_of_obs(calculated after picking at this round): 79, privacy reward: 0.04242574108051078, g: 0.0005166073846119954, curr_delay = 0.10470480903358126, data_size = 3537
user 6, emp_avg: 0.5103680317849038, h: 0.6230659916437722, ucb: 1.1314293218435973,num_of_obs(calculated after picking at this round): 81, privacy reward: 0.03916389509898632, g: -0.0008365779906882938, curr_delay = 0.07454407073036401, data_size = 3229
user 20, emp_avg: 0.06486336704412893, h: 1.6087494728163594, ucb: 1.674026208835435,num_of_obs(calculated after picking at this round): 13, privacy reward: 0.5945205479701939, g: -0.00010568184468779698, curr_delay = 0.8346835822567521, data_size = 439
user 22, emp_avg: 0.06181380141545395, h: 1.1881402273270871, ucb: 1.2497128702691234,num_of_obs(calculated after picking at this round): 23, privacy reward: 0.3985190410845135, g: -1.132414799565133e-05, curr_delay = 0.7449423498974141, data_size = 923
user 27, emp_avg: 0.05711888166432478, h: 0.7654927922641453, ucb: 0.8226867725403006,num_of_obs(calculated after picking at this round): 54, privacy reward: 0.11532512103806203, g: -0.007420001021347779, curr_delay = 0.940934612980177, data_size = 1628
num of fast users chosen: 2, num of slow users chosen: 3
max_delay = 0.94 seconds
after cleansing the weights updates who were almost zeros (meaning with absolute value of less than 10**-7, 0.00% of the weights upadtes) we get:
user No.0.0 has been picked 79, his deltas theta's mean
 is -0.0026883131358772516,
the empirical var of deltas thetas is 0.0072526391595602036
the minimum of the deltas theta is -0.4885876476764679 and the maximum is 0.4842098355293274
the added laplace noise var is 0.06930698001842174
global epoch 177 has been done artifficialy in 0.94 secs, the total time by now is 147.87 
 with avg train loss 1.062, val loss 1.160, avg val acc 60.33%
iteration: 178
user 0, emp_avg: 0.7944694813352522, h: 0.6273381711922541, ucb: 1.4192060003925095,num_of_obs(calculated after picking at this round): 80, privacy reward: 0.0407622039783655, g: 0.0003836403893961865, curr_delay = 0.05, data_size = 3537
user 6, emp_avg: 0.5092100120822565, h: 0.6195448478844404, ucb: 1.129912879669344,num_of_obs(calculated after picking at this round): 82, privacy reward: 0.03762825680717552, g: -0.0010241559496757921, curr_delay = 0.12036289427032605, data_size = 3229
user 9, emp_avg: 0.40504338761976294, h: 1.9713796343472416, ucb: 2.3567520509596176,num_of_obs(calculated after picking at this round): 9, privacy reward: 0.6976763260710308, g: 0.0001963868396751945, curr_delay = 0.08890293070315677, data_size = 450
user 17, emp_avg: 0.0676149113074592, h: 0.8708098459753554, ucb: 0.9385394406292003,num_of_obs(calculated after picking at this round): 42, privacy reward: 0.1863739760394093, g: 5.369482335979239e-05, curr_delay = 0.7947496409247787, data_size = 1814
user 26, emp_avg: 0.05809530022774688, h: 0.970640233912375, ucb: 1.0287484181439808,num_of_obs(calculated after picking at this round): 34, privacy reward: 0.25666077695355527, g: -0.0012890192607224243, curr_delay = 0.8669999815667012, data_size = 1141
num of fast users chosen: 3, num of slow users chosen: 2
max_delay = 0.87 seconds
after cleansing the weights updates who were almost zeros (meaning with absolute value of less than 10**-7, 0.00% of the weights upadtes) we get:
user No.0.0 has been picked 80, his deltas theta's mean
 is -0.0007362217293120921,
the empirical var of deltas thetas is 0.006853865459561348
the minimum of the deltas theta is -0.4056856036186218 and the maximum is 0.6455133557319641
the added laplace noise var is 0.07213545152990992
global epoch 178 has been done artifficialy in 0.87 secs, the total time by now is 148.74 
 with avg train loss 1.087, val loss 1.161, avg val acc 61.22%
iteration: 179
user 0, emp_avg: 0.797006895145928, h: 0.6237418820618482, ucb: 1.4182113633971003,num_of_obs(calculated after picking at this round): 81, privacy reward: 0.03916389509898632, g: 0.00027157690501130254, curr_delay = 0.05, data_size = 3537
user 6, emp_avg: 0.5107411420059687, h: 0.6160883175824053, ucb: 1.1252983296646617,num_of_obs(calculated after picking at this round): 83, privacy reward: 0.03615283175404571, g: -0.0012282792770312554, curr_delay = 0.07858005269568255, data_size = 3229
user 8, emp_avg: 0.3784935717683118, h: 0.7455141422804002, ucb: 1.1259215982964712,num_of_obs(calculated after picking at this round): 57, privacy reward: 0.10228420671553695, g: 0.0014055129889891818, curr_delay = 0.18428692029986377, data_size = 2674
user 15, emp_avg: 0.07062997563859012, h: 1.4910282845608005, ucb: 1.5612743754542997,num_of_obs(calculated after picking at this round): 15, privacy reward: 0.5488116360940261, g: 0.00013003538215028377, curr_delay = 0.657856978709207, data_size = 684
user 24, emp_avg: 0.060697498464189155, h: 1.1157833989631596, ucb: 1.176562319618537,num_of_obs(calculated after picking at this round): 26, privacy reward: 0.3534546819587794, g: 6.862341534343381e-06, curr_delay = 0.852341345335021, data_size = 1086
num of fast users chosen: 3, num of slow users chosen: 2
max_delay = 0.85 seconds
after cleansing the weights updates who were almost zeros (meaning with absolute value of less than 10**-7, 0.00% of the weights upadtes) we get:
user No.0.0 has been picked 81, his deltas theta's mean
 is -0.0025926539674401283,
the empirical var of deltas thetas is 0.006706326734274626
the minimum of the deltas theta is -0.4083276391029358 and the maximum is 0.5371553897857666
the added laplace noise var is 0.07507935515356305
global epoch 179 has been done artifficialy in 0.85 secs, the total time by now is 149.59 
 with avg train loss 1.113, val loss 1.154, avg val acc 60.37%
iteration: 180
user 0, emp_avg: 0.7987797851222416, h: 0.6202124397626283, ucb: 1.4172193349085562,num_of_obs(calculated after picking at this round): 82, privacy reward: 0.03762825680717552, g: 0.0001797467067908736, curr_delay = 0.05305693510015708, data_size = 3537
user 7, emp_avg: 0.4261117042235841, h: 1.6830097797301675, ucb: 2.1143683855865674,num_of_obs(calculated after picking at this round): 12, privacy reward: 0.6187833918061405, g: -1.3880731975689113e-05, curr_delay = 0.1357235936579297, data_size = 438
user 13, emp_avg: 0.2762899627229733, h: 0.7596020047725439, ucb: 1.0354764988879475,num_of_obs(calculated after picking at this round): 55, privacy reward: 0.11080315836233334, g: 0.0027220815380349307, curr_delay = 0.1673778733654925, data_size = 2688
user 21, emp_avg: 0.0650621004799867, h: 1.1900676280504792, ucb: 1.255210745163974,num_of_obs(calculated after picking at this round): 23, privacy reward: 0.3985190410845135, g: 0.005026351624229353, curr_delay = 0.7901423790925393, data_size = 1474
user 24, emp_avg: 0.06059000305314433, h: 1.094702999857834, ucb: 1.1554004983220232,num_of_obs(calculated after picking at this round): 27, privacy reward: 0.33959552564493845, g: -4.665741876717267e-06, curr_delay = 0.8651249093891085, data_size = 1086
num of fast users chosen: 3, num of slow users chosen: 2
max_delay = 0.87 seconds
after cleansing the weights updates who were almost zeros (meaning with absolute value of less than 10**-7, 0.00% of the weights upadtes) we get:
user No.0.0 has been picked 82, his deltas theta's mean
 is -0.0027159086894243956,
the empirical var of deltas thetas is 0.007033396512269974
the minimum of the deltas theta is -0.5909304618835449 and the maximum is 0.5474141836166382
the added laplace noise var is 0.07814340176324523
global epoch 180 has been done artifficialy in 0.87 secs, the total time by now is 150.46 
 with avg train loss 1.089, val loss 1.159, avg val acc 59.61%
iteration: 181
user 4, emp_avg: 0.5627209606412673, h: 0.5953511395844373, ucb: 1.1595534822265945,num_of_obs(calculated after picking at this round): 89, privacy reward: 0.028438824714183686, g: 6.0001596490374906e-05, curr_delay = 0.11564454574363839, data_size = 3770
user 8, emp_avg: 0.38068757246732604, h: 0.7397365840739901, ucb: 1.1182301558423018,num_of_obs(calculated after picking at this round): 58, privacy reward: 0.09827358560436095, g: 0.0012547327372729735, curr_delay = 0.0988639323463664, data_size = 2674
user 21, emp_avg: 0.06500064843411309, h: 1.164529802250769, ucb: 1.2295919027307558,num_of_obs(calculated after picking at this round): 24, privacy reward: 0.3828928859751114, g: 0.004362228188522698, curr_delay = 0.7863211400972258, data_size = 1474
user 28, emp_avg: 0.055479186585282024, h: 1.1169777470942732, ucb: 1.1723517127019503,num_of_obs(calculated after picking at this round): 26, privacy reward: 0.3534546819587794, g: 0.0003902158587791326, curr_delay = 0.8604413809275572, data_size = 1205
user 29, emp_avg: 0.054568914387969694, h: 1.2812613478335972, ucb: 1.3358349914948608,num_of_obs(calculated after picking at this round): 20, privacy reward: 0.449328964117221, g: -0.0008024448675771307, curr_delay = 0.917783854131244, data_size = 585
num of fast users chosen: 2, num of slow users chosen: 3
max_delay = 0.92 seconds
after cleansing the weights updates who were almost zeros (meaning with absolute value of less than 10**-7, 0.00% of the weights upadtes) we get:
user No.4.0 has been picked 89, his deltas theta's mean
 is -0.0023500286042690277,
the empirical var of deltas thetas is 0.007021379191428423
the minimum of the deltas theta is -0.44337430596351624 and the maximum is 0.4844967722892761
the added laplace noise var is 0.10339386451041159
global epoch 181 has been done artifficialy in 0.92 secs, the total time by now is 151.37 
 with avg train loss 1.072, val loss 1.134, avg val acc 60.87%
iteration: 182
user 1, emp_avg: 0.7066141983427229, h: 1.2494806945779668, ucb: 1.9666251562803327,num_of_obs(calculated after picking at this round): 21, privacy reward: 0.4317105234290791, g: -0.0001883390071693393, curr_delay = 0.10080463648928328, data_size = 734
user 4, emp_avg: 0.5613593034560279, h: 0.5923106545456728, ucb: 1.1550316151869402,num_of_obs(calculated after picking at this round): 90, privacy reward: 0.027323722447291754, g: 2.4235200771860133e-05, curr_delay = 0.11359200751422846, data_size = 3770
user 13, emp_avg: 0.2773098495467793, h: 0.7534652084923217, ucb: 1.029755171215295,num_of_obs(calculated after picking at this round): 56, privacy reward: 0.1064585043792523, g: 0.0024975774933702283, curr_delay = 0.14996837548355663, data_size = 2688
user 17, emp_avg: 0.06749205564919145, h: 0.8622235943914179, ucb: 0.9298385056988772,num_of_obs(calculated after picking at this round): 43, privacy reward: 0.17906614791149256, g: 4.754823813188729e-05, curr_delay = 0.802154677279523, data_size = 1814
user 26, emp_avg: 0.05809575224992159, h: 0.9583079469819951, ucb: 1.016403247209742,num_of_obs(calculated after picking at this round): 35, privacy reward: 0.2465969639416059, g: -0.0013929945918867402, curr_delay = 0.8604205036188708, data_size = 1141
num of fast users chosen: 3, num of slow users chosen: 2
max_delay = 0.86 seconds
after cleansing the weights updates who were almost zeros (meaning with absolute value of less than 10**-7, 0.01% of the weights upadtes) we get:
user No.1.0 has been picked 21, his deltas theta's mean
 is 0.00042007389129139483,
the empirical var of deltas thetas is 0.0010823971824720502
the minimum of the deltas theta is -0.2475566864013672 and the maximum is 0.3006061613559723
the added laplace noise var is 0.006811045433820142
global epoch 182 has been done artifficialy in 0.86 secs, the total time by now is 152.23 
 with avg train loss 1.095, val loss 1.126, avg val acc 62.46%
iteration: 183
user 0, emp_avg: 0.7950150200049829, h: 0.6173993145627414, ucb: 1.416179099684983,num_of_obs(calculated after picking at this round): 83, privacy reward: 0.03615283175404571, g: 0.00023468809646290105, curr_delay = 0.10281628605021609, data_size = 3537
user 6, emp_avg: 0.5079910279069663, h: 0.6136687709557721, ucb: 1.1244099129617409,num_of_obs(calculated after picking at this round): 84, privacy reward: 0.034735258944737835, g: -0.0009301383376014978, curr_delay = 0.17874279331562662, data_size = 3229
user 15, emp_avg: 0.0699814757870775, h: 1.4435354034926087, ucb: 1.5141653791311989,num_of_obs(calculated after picking at this round): 16, privacy reward: 0.5272924240430481, g: 5.849776470827151e-05, curr_delay = 0.8298207296464352, data_size = 684
user 21, emp_avg: 0.0650537135272419, h: 1.141214939531706, ucb: 1.206215587965819,num_of_obs(calculated after picking at this round): 25, privacy reward: 0.36787944117144167, g: 0.0038404604432739292, curr_delay = 0.7538376848034902, data_size = 1474
num of fast users chosen: 2, num of slow users chosen: 2
max_delay = 0.83 seconds
after cleansing the weights updates who were almost zeros (meaning with absolute value of less than 10**-7, 0.00% of the weights upadtes) we get:
user No.0.0 has been picked 83, his deltas theta's mean
 is -0.0019844206981360912,
the empirical var of deltas thetas is 0.007627524901181459
the minimum of the deltas theta is -0.4219284653663635 and the maximum is 0.4879458248615265
the added laplace noise var is 0.08133249448723011
global epoch 183 has been done artifficialy in 0.83 secs, the total time by now is 153.06 
 with avg train loss 1.177, val loss 1.162, avg val acc 59.55%
iteration: 184
user 4, emp_avg: 0.5602535461506158, h: 0.58962902221702, ucb: 1.150988325673048,num_of_obs(calculated after picking at this round): 91, privacy reward: 0.026252343965687097, g: 2.307342266583782e-05, curr_delay = 0.10852216094152549, data_size = 3770
user 13, emp_avg: 0.2781151434218975, h: 0.7474912152571942, ucb: 1.0248010648039734,num_of_obs(calculated after picking at this round): 57, privacy reward: 0.10228420671553695, g: 0.002287301901368469, curr_delay = 0.15469741783311364, data_size = 2688
user 14, emp_avg: 0.26426652556650176, h: 0.7474912152571942, ucb: 1.0123450352351915,num_of_obs(calculated after picking at this round): 57, privacy reward: 0.10228420671553695, g: -1.089056121813915e-06, curr_delay = 0.2160965678472653, data_size = 2315
user 19, emp_avg: 0.06516875054777738, h: 1.7688870666510599, ucb: 1.8338434129741157,num_of_obs(calculated after picking at this round): 11, privacy reward: 0.6440364210831411, g: 0.0005328338215571871, curr_delay = 0.7430216212355072, data_size = 591
user 22, emp_avg: 0.061850376650574225, h: 1.1663695913920609, ucb: 1.2281833928075148,num_of_obs(calculated after picking at this round): 24, privacy reward: 0.3828928859751114, g: -1.657590574747956e-05, curr_delay = 0.7975549255496074, data_size = 923
num of fast users chosen: 3, num of slow users chosen: 2
max_delay = 0.80 seconds
after cleansing the weights updates who were almost zeros (meaning with absolute value of less than 10**-7, 0.00% of the weights upadtes) we get:
user No.4.0 has been picked 91, his deltas theta's mean
 is -0.0015296211931854486,
the empirical var of deltas thetas is 0.01082606241106987
the minimum of the deltas theta is -0.5630836486816406 and the maximum is 0.530143678188324
the added laplace noise var is 0.11200523630106572
global epoch 184 has been done artifficialy in 0.80 secs, the total time by now is 153.86 
 with avg train loss 1.155, val loss 1.202, avg val acc 57.28%
iteration: 185
user 4, emp_avg: 0.5587283598798907, h: 0.5866849965441415, ucb: 1.1469385426947574,num_of_obs(calculated after picking at this round): 92, privacy reward: 0.025222974835226397, g: 4.169858572561792e-06, curr_delay = 0.11906564636780607, data_size = 3770
user 6, emp_avg: 0.5137793687551195, h: 0.6106411048514225, ucb: 1.1186321327583888,num_of_obs(calculated after picking at this round): 85, privacy reward: 0.0333732699603253, g: -0.000961019275877433, curr_delay = 0.05, data_size = 3229
user 10, emp_avg: 0.36693105181115065, h: 1.1193236341732438, ucb: 1.4875324414759772,num_of_obs(calculated after picking at this round): 26, privacy reward: 0.3534546819587794, g: 3.883979075148714e-05, curr_delay = 0.14925945019836345, data_size = 1079
user 11, emp_avg: 0.2785565982193072, h: 1.4957591228553466, ucb: 1.7748347506148876,num_of_obs(calculated after picking at this round): 15, privacy reward: 0.5488116360940261, g: -1.929495984614518e-06, curr_delay = 0.1843044932251955, data_size = 567
user 21, emp_avg: 0.06492786759752336, h: 1.1193236341732438, ucb: 1.1843773477004857,num_of_obs(calculated after picking at this round): 26, privacy reward: 0.3534546819587794, g: 0.0033621273782841665, curr_delay = 0.8093008825645385, data_size = 1474
num of fast users chosen: 4, num of slow users chosen: 1
max_delay = 0.81 seconds
after cleansing the weights updates who were almost zeros (meaning with absolute value of less than 10**-7, 0.00% of the weights upadtes) we get:
user No.4.0 has been picked 92, his deltas theta's mean
 is -6.786584708606824e-05,
the empirical var of deltas thetas is 0.005642329808324575
the minimum of the deltas theta is -0.5553481578826904 and the maximum is 0.5414961576461792
the added laplace noise var is 0.1165762567081136
global epoch 185 has been done artifficialy in 0.81 secs, the total time by now is 154.67 
 with avg train loss 1.108, val loss 1.171, avg val acc 58.96%
iteration: 186
user 4, emp_avg: 0.5617366750588237, h: 0.5837889735828761, ucb: 1.1425173334627667,num_of_obs(calculated after picking at this round): 93, privacy reward: 0.024233967845690207, g: -4.757424613630303e-07, curr_delay = 0.059630173317749224, data_size = 3770
user 12, emp_avg: 0.31642527961899913, h: 1.8665023749807557, ucb: 2.1919594171119794,num_of_obs(calculated after picking at this round): 10, privacy reward: 0.670320046035639, g: 0.00011173615401470973, curr_delay = 0.21263980593305226, data_size = 450
user 13, emp_avg: 0.279477706478334, h: 0.7416728370602287, ucb: 1.0197879804821262,num_of_obs(calculated after picking at this round): 58, privacy reward: 0.09827358560436095, g: 0.002090497475989663, curr_delay = 0.13999963012845448, data_size = 2688
user 27, emp_avg: 0.05709401228195028, h: 0.7619964037326337, ucb: 0.8191152853969584,num_of_obs(calculated after picking at this round): 55, privacy reward: 0.11080315836233334, g: -0.005933155677878194, curr_delay = 0.8968438438197591, data_size = 1628
user 28, emp_avg: 0.05545194045138352, h: 1.0981536960224019, ucb: 1.1536328826076838,num_of_obs(calculated after picking at this round): 27, privacy reward: 0.33959552564493845, g: 0.0003272655695277518, curr_delay = 0.9133497598808994, data_size = 1205
num of fast users chosen: 3, num of slow users chosen: 2
max_delay = 0.91 seconds
after cleansing the weights updates who were almost zeros (meaning with absolute value of less than 10**-7, 0.00% of the weights upadtes) we get:
user No.4.0 has been picked 93, his deltas theta's mean
 is -0.0016058230539783835,
the empirical var of deltas thetas is 0.006559308618307114
the minimum of the deltas theta is -0.4329046905040741 and the maximum is 0.41849103569984436
the added laplace noise var is 0.12133382399682234
global epoch 186 has been done artifficialy in 0.91 secs, the total time by now is 155.58 
 with avg train loss 1.043, val loss 1.149, avg val acc 60.82%
iteration: 187
user 4, emp_avg: 0.5605156399286947, h: 0.5809396513466331, ucb: 1.1426763264054567,num_of_obs(calculated after picking at this round): 94, privacy reward: 0.02328374037489611, g: -1.1507618960129175e-05, curr_delay = 0.11186699069265768, data_size = 3770
user 6, emp_avg: 0.5105363966240711, h: 0.6076633326897534, ucb: 1.121442701444873,num_of_obs(calculated after picking at this round): 86, privacy reward: 0.03206468532786, g: -0.0009917278863397303, curr_delay = 0.2128712467495051, data_size = 3229
user 24, emp_avg: 0.06054346070652537, h: 1.078178362574227, ucb: 1.1387683656273713,num_of_obs(calculated after picking at this round): 28, privacy reward: 0.3262797946230388, g: -4.4125839458385385e-06, curr_delay = 0.8433578025730212, data_size = 1086
user 25, emp_avg: 0.06132941324142338, h: 1.6891808585316654, ucb: 1.7505610819897623,num_of_obs(calculated after picking at this round): 12, privacy reward: 0.6187833918061405, g: 0.0004340879898629744, curr_delay = 0.8227676141228459, data_size = 608
user 27, emp_avg: 0.05708697197773991, h: 0.7554246451936519, ucb: 0.8125186574756023,num_of_obs(calculated after picking at this round): 56, privacy reward: 0.1064585043792523, g: -0.006532203217925967, curr_delay = 0.8818380217501595, data_size = 1628
num of fast users chosen: 2, num of slow users chosen: 3
max_delay = 0.88 seconds
after cleansing the weights updates who were almost zeros (meaning with absolute value of less than 10**-7, 0.00% of the weights upadtes) we get:
user No.4.0 has been picked 94, his deltas theta's mean
 is 0.002579430816695094,
the empirical var of deltas thetas is 0.024341823533177376
the minimum of the deltas theta is -0.6241512298583984 and the maximum is 0.5657021999359131
the added laplace noise var is 0.1262855512898556
global epoch 187 has been done artifficialy in 0.88 secs, the total time by now is 156.47 
 with avg train loss 1.032, val loss 1.203, avg val acc 57.67%
iteration: 188
user 2, emp_avg: 0.7378471237333281, h: 1.4013085798856835, ucb: 2.1227711488523444,num_of_obs(calculated after picking at this round): 17, privacy reward: 0.5066169923655891, g: 0.0003679917891481744, curr_delay = 0.05, data_size = 796
user 4, emp_avg: 0.5585600583489113, h: 0.5781357767435327, ucb: 1.1386514166722272,num_of_obs(calculated after picking at this round): 95, privacy reward: 0.02237077185616476, g: -3.6797386637513144e-05, curr_delay = 0.13342748337730165, data_size = 3770
user 6, emp_avg: 0.5072077098934517, h: 0.6044279611313811, ucb: 1.1149643577554522,num_of_obs(calculated after picking at this round): 87, privacy reward: 0.03080741103275031, g: -0.0011828829446009432, curr_delay = 0.22630511750588472, data_size = 3229
user 14, emp_avg: 0.26514214126938984, h: 0.7424314225165813, ucb: 1.006697948083083,num_of_obs(calculated after picking at this round): 58, privacy reward: 0.09827358560436095, g: 1.2714413456348107e-08, curr_delay = 0.15870384093065554, data_size = 2315
user 15, emp_avg: 0.06951559894002293, h: 1.4013085798856835, ucb: 1.471290055672761,num_of_obs(calculated after picking at this round): 17, privacy reward: 0.5066169923655891, g: 2.033300439940955e-05, curr_delay = 0.8056515568933195, data_size = 684
num of fast users chosen: 4, num of slow users chosen: 1
max_delay = 0.81 seconds
after cleansing the weights updates who were almost zeros (meaning with absolute value of less than 10**-7, 0.00% of the weights upadtes) we get:
user No.2.0 has been picked 17, his deltas theta's mean
 is -0.0008167882915586233,
the empirical var of deltas thetas is 0.0021234003361314535
the minimum of the deltas theta is -0.26572054624557495 and the maximum is 0.33446404337882996
the added laplace noise var is 0.0058039900627965095
global epoch 188 has been done artifficialy in 0.81 secs, the total time by now is 157.27 
 with avg train loss 1.176, val loss 1.189, avg val acc 59.27%
iteration: 189
user 4, emp_avg: 0.5586950507077126, h: 0.5753761432439594, ucb: 1.1339362015928707,num_of_obs(calculated after picking at this round): 96, privacy reward: 0.02149360134508893, g: -7.589175845838154e-05, curr_delay = 0.08748610559762934, data_size = 3770
user 8, emp_avg: 0.37920492281131735, h: 0.7363760528514398, ucb: 1.1170636253187658,num_of_obs(calculated after picking at this round): 59, privacy reward: 0.09442022319630183, g: 0.0018888608706328662, curr_delay = 0.17052552122104678, data_size = 2674
user 17, emp_avg: 0.06740746875624842, h: 0.8552231055349712, ucb: 0.9227151611841626,num_of_obs(calculated after picking at this round): 44, privacy reward: 0.17204486382304973, g: 0.00010305348633971881, curr_delay = 0.7840648865441376, data_size = 1814
user 23, emp_avg: 0.06048016851126744, h: 1.9827532023160956, ucb: 2.0430293389361482,num_of_obs(calculated after picking at this round): 9, privacy reward: 0.6976763260710308, g: 0.0004067096853249899, curr_delay = 0.8049919334818283, data_size = 477
user 26, emp_avg: 0.05808437887321537, h: 0.9479373410630331, ucb: 1.0060330933129547,num_of_obs(calculated after picking at this round): 36, privacy reward: 0.23692775868212124, g: -0.001274121683628975, curr_delay = 0.8667567643560524, data_size = 1141
num of fast users chosen: 2, num of slow users chosen: 3
max_delay = 0.87 seconds
after cleansing the weights updates who were almost zeros (meaning with absolute value of less than 10**-7, 0.00% of the weights upadtes) we get:
user No.4.0 has been picked 96, his deltas theta's mean
 is -0.0001796576107153669,
the empirical var of deltas thetas is 0.00559240160509944
the minimum of the deltas theta is -0.45076605677604675 and the maximum is 0.5210556387901306
the added laplace noise var is 0.13680350454650322
global epoch 189 has been done artifficialy in 0.87 secs, the total time by now is 158.14 
 with avg train loss 1.084, val loss 1.164, avg val acc 59.01%
iteration: 190
user 4, emp_avg: 0.5578298191576785, h: 0.5726595886825178, ucb: 1.1313546393902305,num_of_obs(calculated after picking at this round): 97, privacy reward: 0.020650825181711685, g: -0.0001283517434665781, curr_delay = 0.10531468662946472, data_size = 3770
user 13, emp_avg: 0.2787148172393253, h: 0.7367466278658996, ucb: 1.0162243343442336,num_of_obs(calculated after picking at this round): 59, privacy reward: 0.09442022319630183, g: 0.0022005868821112174, curr_delay = 0.2132494062129677, data_size = 2688
user 15, emp_avg: 0.06949127014506246, h: 1.360841963270467, ucb: 1.4303575622104898,num_of_obs(calculated after picking at this round): 18, privacy reward: 0.48675225595997107, g: 2.0139029262395096e-08, curr_delay = 0.7238227969361479, data_size = 684
user 17, emp_avg: 0.06740248443607044, h: 0.8458742711345103, ucb: 0.9132817398907587,num_of_obs(calculated after picking at this round): 45, privacy reward: 0.16529888822158578, g: 3.7037040155663535e-05, curr_delay = 0.7442339616289719, data_size = 1814
user 26, emp_avg: 0.058090145672259154, h: 0.9351491923895073, ucb: 0.9932335712627227,num_of_obs(calculated after picking at this round): 37, privacy reward: 0.22763768838381226, g: -0.001598667490350763, curr_delay = 0.8576660269818911, data_size = 1141
num of fast users chosen: 2, num of slow users chosen: 3
max_delay = 0.86 seconds
after cleansing the weights updates who were almost zeros (meaning with absolute value of less than 10**-7, 0.00% of the weights upadtes) we get:
user No.4.0 has been picked 97, his deltas theta's mean
 is -0.0007099192589521408,
the empirical var of deltas thetas is 0.005960961803793907
the minimum of the deltas theta is -0.3883463740348816 and the maximum is 0.4004306495189667
the added laplace noise var is 0.14238656147927792
global epoch 190 has been done artifficialy in 0.86 secs, the total time by now is 159.00 
 with avg train loss 1.063, val loss 1.205, avg val acc 59.57%
iteration: 191
user 4, emp_avg: 0.5552200406873717, h: 0.5699849931853403, ucb: 1.127814812343019,num_of_obs(calculated after picking at this round): 98, privacy reward: 0.019841094744369348, g: -0.00019375214876432058, curr_delay = 0.1655237094152207, data_size = 3770
user 6, emp_avg: 0.5043607672978105, h: 0.601851936657504, ucb: 1.1090596465509557,num_of_obs(calculated after picking at this round): 88, privacy reward: 0.029599435167891208, g: -0.0010525897144555596, curr_delay = 0.1947975333344396, data_size = 3229
user 12, emp_avg: 0.3104496155287984, h: 1.775208172814664, ucb: 2.0916334524336633,num_of_obs(calculated after picking at this round): 11, privacy reward: 0.6440364210831411, g: 4.3581230493578164e-05, curr_delay = 0.1994471527350758, data_size = 450
user 14, emp_avg: 0.2670145137497686, h: 0.7371150727583735, ucb: 1.0022572140277632,num_of_obs(calculated after picking at this round): 59, privacy reward: 0.09442022319630183, g: -1.3008565949605746e-07, curr_delay = 0.13311604619658185, data_size = 2315
user 28, emp_avg: 0.05529509605279403, h: 1.0803572894645785, ucb: 1.1358092299159621,num_of_obs(calculated after picking at this round): 28, privacy reward: 0.3262797946230388, g: 0.00027271789454945004, curr_delay = 0.979234408197088, data_size = 1205
num of fast users chosen: 4, num of slow users chosen: 1
max_delay = 0.98 seconds
after cleansing the weights updates who were almost zeros (meaning with absolute value of less than 10**-7, 0.00% of the weights upadtes) we get:
user No.4.0 has been picked 98, his deltas theta's mean
 is 0.0007066885009407997,
the empirical var of deltas thetas is 0.008290965110063553
the minimum of the deltas theta is -0.4769292175769806 and the maximum is 0.5026360750198364
the added laplace noise var is 0.14819746728783936
global epoch 191 has been done artifficialy in 0.98 secs, the total time by now is 159.98 
 with avg train loss 1.128, val loss 1.181, avg val acc 60.61%
iteration: 192
user 0, emp_avg: 0.7928786942501, h: 0.6164899888981547, ucb: 1.4115050089031376,num_of_obs(calculated after picking at this round): 84, privacy reward: 0.034735258944737835, g: 0.0009681617817380292, curr_delay = 0.0812263678408032, data_size = 3537
user 6, emp_avg: 0.5027642546725032, h: 0.598719962542881, ucb: 1.1030807298406915,num_of_obs(calculated after picking at this round): 89, privacy reward: 0.028438824714183686, g: -0.0012446494831960162, curr_delay = 0.1380181692001784, data_size = 3229
user 8, emp_avg: 0.3803176456686783, h: 0.7312048593300717, ucb: 1.1104097821413892,num_of_obs(calculated after picking at this round): 60, privacy reward: 0.0907179532894119, g: 0.0018531016550762155, curr_delay = 0.11211559351714279, data_size = 2674
user 15, emp_avg: 0.06969529688154873, h: 1.3238196468335837, ucb: 1.3933109169786462,num_of_obs(calculated after picking at this round): 19, privacy reward: 0.4676664270099087, g: -1.7093294300575257e-05, curr_delay = 0.6814980808843326, data_size = 684
user 21, emp_avg: 0.0646849890875638, h: 1.1014845267981035, ucb: 1.1664123943956268,num_of_obs(calculated after picking at this round): 27, privacy reward: 0.33959552564493845, g: 0.0033295580715857714, curr_delay = 0.8566022506368951, data_size = 1474
num of fast users chosen: 3, num of slow users chosen: 2
max_delay = 0.86 seconds
after cleansing the weights updates who were almost zeros (meaning with absolute value of less than 10**-7, 0.00% of the weights upadtes) we get:
user No.0.0 has been picked 84, his deltas theta's mean
 is -0.0027697246987372637,
the empirical var of deltas thetas is 0.006803005002439022
the minimum of the deltas theta is -0.5069242119789124 and the maximum is 0.513873279094696
the added laplace noise var is 0.08465173655425208
global epoch 192 has been done artifficialy in 0.86 secs, the total time by now is 160.83 
 with avg train loss 1.181, val loss 1.315, avg val acc 51.46%
iteration: 193
user 0, emp_avg: 0.7878913423542614, h: 0.6131120958394433, ucb: 1.4059907900895432,num_of_obs(calculated after picking at this round): 85, privacy reward: 0.0333732699603253, g: 0.0007937632453251833, curr_delay = 0.13551832855425716, data_size = 3537
user 8, emp_avg: 0.3796839599399048, h: 0.725444014993913, ucb: 1.1057616606625913,num_of_obs(calculated after picking at this round): 61, privacy reward: 0.08716085146198072, g: 0.0015569736084906473, curr_delay = 0.14634311264576347, data_size = 2674
user 11, emp_avg: 0.2755416906491182, h: 1.450888029987826, ucb: 1.7294446282071332,num_of_obs(calculated after picking at this round): 16, privacy reward: 0.5272924240430481, g: -1.1789571645067149e-05, curr_delay = 0.21709107956427562, data_size = 567
user 14, emp_avg: 0.2654108581221475, h: 0.7315660139522533, ucb: 0.9985805277020219,num_of_obs(calculated after picking at this round): 60, privacy reward: 0.0907179532894119, g: -5.737147331055162e-06, curr_delay = 0.29274831493437437, data_size = 2315
user 28, emp_avg: 0.05538992083826294, h: 1.0619413007289547, ucb: 1.1172363967817487,num_of_obs(calculated after picking at this round): 29, privacy reward: 0.3134861808826046, g: 0.00016378135240495173, curr_delay = 0.8614004173353846, data_size = 1205
num of fast users chosen: 4, num of slow users chosen: 1
max_delay = 0.86 seconds
after cleansing the weights updates who were almost zeros (meaning with absolute value of less than 10**-7, 0.00% of the weights upadtes) we get:
user No.0.0 has been picked 85, his deltas theta's mean
 is -0.0012515210546553135,
the empirical var of deltas thetas is 0.00645523751154542
the minimum of the deltas theta is -0.4264978766441345 and the maximum is 0.4697256088256836
the added laplace noise var is 0.0881064394597612
global epoch 193 has been done artifficialy in 0.86 secs, the total time by now is 161.69 
 with avg train loss 1.127, val loss 1.152, avg val acc 59.48%
iteration: 194
user 4, emp_avg: 0.5543312678477946, h: 0.5679101408725838, ucb: 1.1231301815599557,num_of_obs(calculated after picking at this round): 99, privacy reward: 0.019063114291610672, g: -0.000125904649926395, curr_delay = 0.10701332601868062, data_size = 3770
user 8, emp_avg: 0.3844664390774882, h: 0.7198263560461565, ucb: 1.0995103159860613,num_of_obs(calculated after picking at this round): 62, privacy reward: 0.08374322559219538, g: 0.001289265555179511, curr_delay = 0.07394287569936887, data_size = 2674
user 10, emp_avg: 0.39037804989221914, h: 1.1025695330311194, ucb: 1.46950058484227,num_of_obs(calculated after picking at this round): 27, privacy reward: 0.33959552564493845, g: 5.3973624313564204e-05, curr_delay = 0.05, data_size = 1079
user 11, emp_avg: 0.2720393675162657, h: 1.4055058910046403, ucb: 1.6810475816537584,num_of_obs(calculated after picking at this round): 17, privacy reward: 0.5066169923655891, g: -6.703702491975902e-05, curr_delay = 0.23147912662007963, data_size = 567
user 14, emp_avg: 0.26453933060500534, h: 0.7258001211809851, ucb: 0.9912109793031326,num_of_obs(calculated after picking at this round): 61, privacy reward: 0.08716085146198072, g: -3.568990600735553e-05, curr_delay = 0.2355738357176404, data_size = 2315
num of fast users chosen: 5, num of slow users chosen: 0
max_delay = 0.24 seconds
after cleansing the weights updates who were almost zeros (meaning with absolute value of less than 10**-7, 0.00% of the weights upadtes) we get:
user No.4.0 has been picked 99, his deltas theta's mean
 is -0.00011385096149751917,
the empirical var of deltas thetas is 0.006434133276343346
the minimum of the deltas theta is -0.40285301208496094 and the maximum is 0.4406396150588989
the added laplace noise var is 0.15424552066120722
global epoch 194 has been done artifficialy in 0.24 secs, the total time by now is 161.93 
 with avg train loss 1.163, val loss 1.211, avg val acc 55.99%
iteration: 195
user 0, emp_avg: 0.7836020513233248, h: 0.6100915779993002, ucb: 1.3979829203535616,num_of_obs(calculated after picking at this round): 86, privacy reward: 0.03206468532786, g: 0.0007567741838110943, curr_delay = 0.11932823539059007, data_size = 3537
user 11, emp_avg: 0.27901107051511076, h: 1.3642062409065505, ucb: 1.6362456084228163,num_of_obs(calculated after picking at this round): 18, privacy reward: 0.48675225595997107, g: -0.00016622621266144602, curr_delay = 0.12577666414200322, data_size = 567
user 13, emp_avg: 0.2786565565543672, h: 0.7322822155725011, ucb: 1.0109970328118263,num_of_obs(calculated after picking at this round): 60, privacy reward: 0.0907179532894119, g: 0.0024610993843012406, curr_delay = 0.18167338737410982, data_size = 2688
user 17, emp_avg: 0.06731991204026126, h: 0.8384906724636235, ucb: 0.905893156899694,num_of_obs(calculated after picking at this round): 46, privacy reward: 0.15881742610691996, g: 4.754823813188729e-05, curr_delay = 0.786112174687519, data_size = 1814
user 26, emp_avg: 0.05801684538888942, h: 0.9247059043267886, ucb: 0.9827960499990477,num_of_obs(calculated after picking at this round): 38, privacy reward: 0.21871188695221422, g: -0.0016203237888266259, curr_delay = 0.9040817225975802, data_size = 1141
num of fast users chosen: 3, num of slow users chosen: 2
max_delay = 0.90 seconds
after cleansing the weights updates who were almost zeros (meaning with absolute value of less than 10**-7, 0.00% of the weights upadtes) we get:
user No.0.0 has been picked 86, his deltas theta's mean
 is -0.0010740222642198205,
the empirical var of deltas thetas is 0.008034966886043549
the minimum of the deltas theta is -0.46633273363113403 and the maximum is 0.5462057590484619
the added laplace noise var is 0.09170213146544885
global epoch 195 has been done artifficialy in 0.90 secs, the total time by now is 162.83 
 with avg train loss 1.070, val loss 1.175, avg val acc 57.73%
iteration: 196
user 4, emp_avg: 0.5554660323490129, h: 0.5655844206863035, ucb: 1.1199156885340982,num_of_obs(calculated after picking at this round): 100, privacy reward: 0.01831563888873322, g: -0.00012472703316359344, curr_delay = 0.07487185106518023, data_size = 3770
user 13, emp_avg: 0.2805847156043077, h: 0.726506342658515, ucb: 1.0051628992128823,num_of_obs(calculated after picking at this round): 61, privacy reward: 0.08716085146198072, g: 0.002120705863296254, curr_delay = 0.12617524079548498, data_size = 2688
user 24, emp_avg: 0.06058141900938338, h: 1.0634963891970253, ucb: 1.1240398499035507,num_of_obs(calculated after picking at this round): 29, privacy reward: 0.3134861808826046, g: -3.2802108963080293e-07, curr_delay = 0.8111056390812297, data_size = 1086
user 25, emp_avg: 0.060898392389525324, h: 1.624517568269195, ucb: 1.6858469815106183,num_of_obs(calculated after picking at this round): 13, privacy reward: 0.5945205479701939, g: 0.0003398056456555994, curr_delay = 0.8972449564225281, data_size = 608
user 27, emp_avg: 0.05703268533867056, h: 0.7520055085686244, ucb: 0.8090924805463643,num_of_obs(calculated after picking at this round): 57, privacy reward: 0.10228420671553695, g: -0.0052444659753065285, curr_delay = 0.9260522540166223, data_size = 1628
num of fast users chosen: 2, num of slow users chosen: 3
max_delay = 0.93 seconds
after cleansing the weights updates who were almost zeros (meaning with absolute value of less than 10**-7, 0.00% of the weights upadtes) we get:
user No.4.0 has been picked 100, his deltas theta's mean
 is -7.228129106806591e-05,
the empirical var of deltas thetas is 0.005399692337960005
the minimum of the deltas theta is -0.47983208298683167 and the maximum is 0.4621606469154358
the added laplace noise var is 0.16054039977509912
global epoch 196 has been done artifficialy in 0.93 secs, the total time by now is 163.76 
 with avg train loss 1.025, val loss 1.152, avg val acc 59.86%
iteration: 197
user 0, emp_avg: 0.7860893840667349, h: 0.6071207532128351, ucb: 1.39072280453616,num_of_obs(calculated after picking at this round): 87, privacy reward: 0.03080741103275031, g: 0.0007213919955546749, curr_delay = 0.05, data_size = 3537
user 6, emp_avg: 0.4992838799026031, h: 0.5968006684752026, ucb: 1.0995649231477058,num_of_obs(calculated after picking at this round): 90, privacy reward: 0.027323722447291754, g: -0.0008250053630829192, curr_delay = 0.2638097472655529, data_size = 3229
user 7, emp_avg: 0.42596297950271855, h: 1.625300545858825, ucb: 2.051412250082409,num_of_obs(calculated after picking at this round): 13, privacy reward: 0.5945205479701939, g: -1.2448759121010037e-05, curr_delay = 0.1178749644224629, data_size = 438
user 14, emp_avg: 0.2649943102138425, h: 0.7208740411157529, ucb: 0.9854133717207583,num_of_obs(calculated after picking at this round): 62, privacy reward: 0.08374322559219538, g: -4.020095723916638e-05, curr_delay = 0.1707953211199857, data_size = 2315
user 26, emp_avg: 0.058095214964618815, h: 0.9133400584844147, ucb: 0.9713569038733041,num_of_obs(calculated after picking at this round): 39, privacy reward: 0.21013607120076416, g: -0.001883825353881712, curr_delay = 0.8186889147192549, data_size = 1141
num of fast users chosen: 4, num of slow users chosen: 1
max_delay = 0.82 seconds
after cleansing the weights updates who were almost zeros (meaning with absolute value of less than 10**-7, 0.00% of the weights upadtes) we get:
user No.0.0 has been picked 87, his deltas theta's mean
 is -0.0009978375164791942,
the empirical var of deltas thetas is 0.00675928732380271
the minimum of the deltas theta is -0.42061805725097656 and the maximum is 0.4883274734020233
the added laplace noise var is 0.09544456644564597
global epoch 197 has been done artifficialy in 0.82 secs, the total time by now is 164.58 
 with avg train loss 1.076, val loss 1.187, avg val acc 58.66%
iteration: 198
user 0, emp_avg: 0.7824470310815336, h: 0.6039106482604705, ucb: 1.3900000323272055,num_of_obs(calculated after picking at this round): 88, privacy reward: 0.029599435167891208, g: 0.0005766253920938541, curr_delay = 0.10739700724270757, data_size = 3537
user 2, emp_avg: 0.7524111724148098, h: 1.36617977854452, ucb: 2.104026902277848,num_of_obs(calculated after picking at this round): 18, privacy reward: 0.48675225595997107, g: 0.0003396984140151326, curr_delay = 0.05, data_size = 796
user 6, emp_avg: 0.49864874794629127, h: 0.5937601665484438, ucb: 1.093044046451047,num_of_obs(calculated after picking at this round): 91, privacy reward: 0.026252343965687097, g: -0.0009917278863397303, curr_delay = 0.11325365075360938, data_size = 3229
user 17, emp_avg: 0.06750223230309285, h: 0.83052631537199, ucb: 0.8978462274122512,num_of_obs(calculated after picking at this round): 47, privacy reward: 0.15259010575688325, g: 2.8531851891288718e-05, curr_delay = 0.6588573239824598, data_size = 1814
user 25, emp_avg: 0.061847937995791843, h: 1.5622863468491697, ucb: 1.6231847392386949,num_of_obs(calculated after picking at this round): 14, privacy reward: 0.5712090638488144, g: 0.00019604878263193988, curr_delay = 0.673926827568854, data_size = 608
num of fast users chosen: 3, num of slow users chosen: 2
max_delay = 0.67 seconds
after cleansing the weights updates who were almost zeros (meaning with absolute value of less than 10**-7, 0.00% of the weights upadtes) we get:
user No.0.0 has been picked 88, his deltas theta's mean
 is -0.0017400197684764862,
the empirical var of deltas thetas is 0.007438956759870052
the minimum of the deltas theta is -0.4511895179748535 and the maximum is 0.4327719807624817
the added laplace noise var is 0.09933973309474964
global epoch 198 has been done artifficialy in 0.67 secs, the total time by now is 165.25 
 with avg train loss 1.095, val loss 1.219, avg val acc 57.67%
iteration: 199
user 4, emp_avg: 0.5534872636616708, h: 0.5635585945431668, ucb: 1.1190246268921797,num_of_obs(calculated after picking at this round): 101, privacy reward: 0.017597472415622373, g: -7.359319748388368e-05, curr_delay = 0.14060331394474473, data_size = 3770
user 11, emp_avg: 0.2736719810016818, h: 1.3283203459914446, ucb: 1.6073314165065553,num_of_obs(calculated after picking at this round): 19, privacy reward: 0.4676664270099087, g: -0.0002613281952681553, curr_delay = 0.2815816807215767, data_size = 567
user 13, emp_avg: 0.2831629517752294, h: 0.7215628410467506, ucb: 1.0021475566510583,num_of_obs(calculated after picking at this round): 62, privacy reward: 0.08374322559219538, g: 0.002083092477910523, curr_delay = 0.11352403722575416, data_size = 2688
user 17, emp_avg: 0.067559340459758, h: 0.8220346960160444, ucb: 0.8895369283191372,num_of_obs(calculated after picking at this round): 48, privacy reward: 0.14660696213034952, g: 2.201808734815966e-06, curr_delay = 0.7118104055687251, data_size = 1814
user 26, emp_avg: 0.058009207357343086, h: 0.9024159730518696, ucb: 0.9605111880164884,num_of_obs(calculated after picking at this round): 40, privacy reward: 0.2018965179946548, g: -0.0021612787656566457, curr_delay = 0.9148308794905966, data_size = 1141
num of fast users chosen: 3, num of slow users chosen: 2
max_delay = 0.91 seconds
after cleansing the weights updates who were almost zeros (meaning with absolute value of less than 10**-7, 0.00% of the weights upadtes) we get:
user No.4.0 has been picked 101, his deltas theta's mean
 is -0.0009951097890734673,
the empirical var of deltas thetas is 0.016441555693745613
the minimum of the deltas theta is -0.54929518699646 and the maximum is 0.6653491258621216
the added laplace noise var is 0.1670921777790764
global epoch 199 has been done artifficialy in 0.91 secs, the total time by now is 166.17 
 with avg train loss 1.112, val loss 1.284, avg val acc 54.56%
iteration: 200
user 0, emp_avg: 0.78489144646264, h: 0.6010398583750898, ucb: 1.3834868894566235,num_of_obs(calculated after picking at this round): 89, privacy reward: 0.028438824714183686, g: 0.0005478860040159348, curr_delay = 0.05, data_size = 3537
user 8, emp_avg: 0.3839109122155386, h: 0.7160589293564464, ucb: 1.1005253684339347,num_of_obs(calculated after picking at this round): 63, privacy reward: 0.08045960674953179, g: 0.0016272618602869797, curr_delay = 0.143074515242695, data_size = 2674
user 15, emp_avg: 0.06992925810073042, h: 1.2935040984063857, ucb: 1.3631993952879344,num_of_obs(calculated after picking at this round): 20, privacy reward: 0.449328964117221, g: -2.899180365518575e-05, curr_delay = 0.672273234831656, data_size = 684
user 16, emp_avg: 0.06891469525016897, h: 1.1276507296018252, ucb: 1.1965903692169786,num_of_obs(calculated after picking at this round): 26, privacy reward: 0.3534546819587794, g: 2.468915196975065e-05, curr_delay = 0.7321599763118349, data_size = 992
user 17, emp_avg: 0.06768745571954268, h: 0.8138118153593646, ucb: 0.8813711558191226,num_of_obs(calculated after picking at this round): 49, privacy reward: 0.1408584209210444, g: -5.453374725201543e-06, curr_delay = 0.6771673821780906, data_size = 1814
num of fast users chosen: 2, num of slow users chosen: 3
max_delay = 0.73 seconds
after cleansing the weights updates who were almost zeros (meaning with absolute value of less than 10**-7, 0.00% of the weights upadtes) we get:
user No.0.0 has been picked 89, his deltas theta's mean
 is -0.002021519932895899,
the empirical var of deltas thetas is 0.007153595797717571
the minimum of the deltas theta is -0.4825160801410675 and the maximum is 0.4740906357765198
the added laplace noise var is 0.10339386451041159
global epoch 200 has been done artifficialy in 0.73 secs, the total time by now is 166.90 
 with avg train loss 1.190, val loss 1.202, avg val acc 57.79%
iteration: 201
user 0, emp_avg: 0.787281541501944, h: 0.5979349241991275, ucb: 1.3828263706617676,num_of_obs(calculated after picking at this round): 90, privacy reward: 0.027323722447291754, g: 0.0004252213192416654, curr_delay = 0.05, data_size = 3537
user 10, emp_avg: 0.3866596697770751, h: 1.0855930184884692, ucb: 1.4759710683806884,num_of_obs(calculated after picking at this round): 28, privacy reward: 0.3262797946230388, g: 4.954660197481868e-05, curr_delay = 0.17466430858889284, data_size = 1079
user 13, emp_avg: 0.2817883696901037, h: 0.7163958791189549, ucb: 0.9995588308941843,num_of_obs(calculated after picking at this round): 63, privacy reward: 0.08045960674953179, g: 0.001911076399568885, curr_delay = 0.2543697150627822, data_size = 2688
user 14, emp_avg: 0.2643665167794408, h: 0.7163958791189549, ucb: 0.9813901893327974,num_of_obs(calculated after picking at this round): 63, privacy reward: 0.08045960674953179, g: -2.655818989186757e-05, curr_delay = 0.22178523252272672, data_size = 2315
user 19, emp_avg: 0.06514354601401785, h: 1.7007973918230892, ucb: 1.7659661423708666,num_of_obs(calculated after picking at this round): 12, privacy reward: 0.6187833918061405, g: 0.0005155011958643503, curr_delay = 0.7708163248604945, data_size = 591
num of fast users chosen: 4, num of slow users chosen: 1
max_delay = 0.77 seconds
after cleansing the weights updates who were almost zeros (meaning with absolute value of less than 10**-7, 0.00% of the weights upadtes) we get:
user No.0.0 has been picked 90, his deltas theta's mean
 is -0.0008829653961583972,
the empirical var of deltas thetas is 0.007136357482522726
the minimum of the deltas theta is -0.412187397480011 and the maximum is 0.46800053119659424
the added laplace noise var is 0.10761344816782437
global epoch 201 has been done artifficialy in 0.77 secs, the total time by now is 167.67 
 with avg train loss 1.215, val loss 1.265, avg val acc 56.67%
iteration: 202
user 0, emp_avg: 0.7896191069799445, h: 0.5948819321176937, ucb: 1.3821634736196375,num_of_obs(calculated after picking at this round): 91, privacy reward: 0.026252343965687097, g: 0.00031906570550549983, curr_delay = 0.05, data_size = 3537
user 11, emp_avg: 0.27764487808626315, h: 1.2947181401128287, ucb: 1.5683901211145104,num_of_obs(calculated after picking at this round): 20, privacy reward: 0.449328964117221, g: -0.00039096335302241304, curr_delay = 0.1415909465237376, data_size = 567
user 13, emp_avg: 0.2801528393209902, h: 0.7110199044431882, ucb: 0.9928082741332919,num_of_obs(calculated after picking at this round): 64, privacy reward: 0.07730474044329905, g: 0.0016234761392060558, curr_delay = 0.2823033736457452, data_size = 2688
user 22, emp_avg: 0.0618960463714644, h: 1.1519839080257595, ucb: 1.2138342846763337,num_of_obs(calculated after picking at this round): 25, privacy reward: 0.36787944117144167, g: 4.480702443190075e-06, curr_delay = 0.7937500795288752, data_size = 923
user 27, emp_avg: 0.05708778386921041, h: 0.7475058667188333, ucb: 0.8045385520575039,num_of_obs(calculated after picking at this round): 58, privacy reward: 0.09827358560436095, g: -0.0047448149758911404, curr_delay = 0.8301731393943126, data_size = 1628
num of fast users chosen: 3, num of slow users chosen: 2
max_delay = 0.83 seconds
after cleansing the weights updates who were almost zeros (meaning with absolute value of less than 10**-7, 0.00% of the weights upadtes) we get:
user No.0.0 has been picked 91, his deltas theta's mean
 is -0.0018704422982409596,
the empirical var of deltas thetas is 0.009479861706495285
the minimum of the deltas theta is -0.5379522442817688 and the maximum is 0.591507613658905
the added laplace noise var is 0.11200523630106572
global epoch 202 has been done artifficialy in 0.83 secs, the total time by now is 168.50 
 with avg train loss 1.059, val loss 1.142, avg val acc 61.42%
iteration: 203
user 0, emp_avg: 0.7901588365732237, h: 0.5918794415617209, ucb: 1.3814985485416655,num_of_obs(calculated after picking at this round): 92, privacy reward: 0.025222974835226397, g: 0.00022895027171077121, curr_delay = 0.05957528330890903, data_size = 3537
user 10, emp_avg: 0.3846637408051521, h: 1.0670258377218882, ucb: 1.4536855074989634,num_of_obs(calculated after picking at this round): 29, privacy reward: 0.3134861808826046, g: 1.1807872100464189e-05, curr_delay = 0.15207842715549336, data_size = 1079
user 12, emp_avg: 0.3160294766046019, h: 1.7023843138976027, ucb: 2.0128339294264013,num_of_obs(calculated after picking at this round): 12, privacy reward: 0.6187833918061405, g: 2.275706916124842e-05, curr_delay = 0.13248263638028704, data_size = 450
user 13, emp_avg: 0.28197605549441673, h: 0.7057712522731197, ucb: 0.9859240915941099,num_of_obs(calculated after picking at this round): 65, privacy reward: 0.07427357821433322, g: 0.0013618044920501115, curr_delay = 0.12541956274159163, data_size = 2688
user 21, emp_avg: 0.0645466677265049, h: 1.0866059266298265, ucb: 1.1512909157173903,num_of_obs(calculated after picking at this round): 28, privacy reward: 0.3262797946230388, g: 0.003613700629145034, curr_delay = 0.8222062655070529, data_size = 1474
num of fast users chosen: 4, num of slow users chosen: 1
max_delay = 0.82 seconds
after cleansing the weights updates who were almost zeros (meaning with absolute value of less than 10**-7, 0.00% of the weights upadtes) we get:
user No.0.0 has been picked 92, his deltas theta's mean
 is -0.0014174303505569696,
the empirical var of deltas thetas is 0.007482517044991255
the minimum of the deltas theta is -0.6245930194854736 and the maximum is 0.4490097165107727
the added laplace noise var is 0.1165762567081136
global epoch 203 has been done artifficialy in 0.82 secs, the total time by now is 169.32 
 with avg train loss 1.143, val loss 1.176, avg val acc 59.13%
iteration: 204
user 0, emp_avg: 0.7924151931692105, h: 0.5889260672121875, ucb: 1.3790849037854112,num_of_obs(calculated after picking at this round): 93, privacy reward: 0.024233967845690207, g: 0.00015441970917749788, curr_delay = 0.05, data_size = 3537
user 8, emp_avg: 0.3819981561263072, h: 0.7116794351822694, ucb: 1.095590347397808,num_of_obs(calculated after picking at this round): 64, privacy reward: 0.07730474044329905, g: 0.0017235620231197445, curr_delay = 0.19120859405036128, data_size = 2674
user 11, emp_avg: 0.2780704341372319, h: 1.263105695558873, ucb: 1.5407505736451363,num_of_obs(calculated after picking at this round): 21, privacy reward: 0.4317105234290791, g: -0.0005641861492087559, curr_delay = 0.17447040502197275, data_size = 567
user 14, emp_avg: 0.2635075796541744, h: 0.7116794351822694, ucb: 0.9760459519617102,num_of_obs(calculated after picking at this round): 64, privacy reward: 0.07730474044329905, g: -3.0462472052856948e-05, curr_delay = 0.23878368470330552, data_size = 2315
user 22, emp_avg: 0.061943407315681646, h: 1.1297560792147179, ucb: 1.1916521255861823,num_of_obs(calculated after picking at this round): 26, privacy reward: 0.3534546819587794, g: -2.6256036060640777e-06, curr_delay = 0.792048706409142, data_size = 923
num of fast users chosen: 4, num of slow users chosen: 1
max_delay = 0.79 seconds
after cleansing the weights updates who were almost zeros (meaning with absolute value of less than 10**-7, 0.00% of the weights upadtes) we get:
user No.0.0 has been picked 93, his deltas theta's mean
 is -0.0008785840473137796,
the empirical var of deltas thetas is 0.007527245674282312
the minimum of the deltas theta is -0.40911439061164856 and the maximum is 0.4794192910194397
the added laplace noise var is 0.12133382399682234
global epoch 204 has been done artifficialy in 0.79 secs, the total time by now is 170.11 
 with avg train loss 1.123, val loss 1.175, avg val acc 60.27%
iteration: 205
user 0, emp_avg: 0.7895668229766025, h: 0.5860204763095662, ucb: 1.3784356694787767,num_of_obs(calculated after picking at this round): 94, privacy reward: 0.02328374037489611, g: 9.503185385011665e-05, curr_delay = 0.09529828834819712, data_size = 3537
user 6, emp_avg: 0.5007754502320931, h: 0.5924252618957119, ucb: 1.091074009842003,num_of_obs(calculated after picking at this round): 92, privacy reward: 0.025222974835226397, g: -0.0004346681194808425, curr_delay = 0.07201442334643782, data_size = 3229
user 7, emp_avg: 0.42795393282200916, h: 1.567409913368363, ucb: 1.9933728928710814,num_of_obs(calculated after picking at this round): 14, privacy reward: 0.5712090638488144, g: -3.6351354801962595e-05, curr_delay = 0.1101718772573487, data_size = 438
user 14, emp_avg: 0.26216856114928966, h: 0.7064221015400253, ucb: 0.9699296811941996,num_of_obs(calculated after picking at this round): 65, privacy reward: 0.07427357821433322, g: -7.904764726910632e-05, curr_delay = 0.2833320671956726, data_size = 2315
user 16, emp_avg: 0.06884392195789614, h: 1.1083261786417884, ucb: 1.1772408738919573,num_of_obs(calculated after picking at this round): 27, privacy reward: 0.33959552564493845, g: 9.856772145226716e-06, curr_delay = 0.7462261512426707, data_size = 992
num of fast users chosen: 4, num of slow users chosen: 1
max_delay = 0.75 seconds
after cleansing the weights updates who were almost zeros (meaning with absolute value of less than 10**-7, 0.00% of the weights upadtes) we get:
user No.0.0 has been picked 94, his deltas theta's mean
 is -0.0016985246911644936,
the empirical var of deltas thetas is 0.007276506163179874
the minimum of the deltas theta is -0.411213219165802 and the maximum is 0.5378356575965881
the added laplace noise var is 0.1262855512898556
global epoch 205 has been done artifficialy in 0.75 secs, the total time by now is 170.86 
 with avg train loss 1.126, val loss 1.183, avg val acc 57.82%
iteration: 206
user 4, emp_avg: 0.557864839508125, h: 0.5625899885134988, ucb: 1.1160772521751696,num_of_obs(calculated after picking at this round): 102, privacy reward: 0.01690746565270429, g: 1.3268920242292162e-05, curr_delay = 0.05, data_size = 3770
user 8, emp_avg: 0.3815697009319822, h: 0.7067449262810617, ucb: 1.088743082407369,num_of_obs(calculated after picking at this round): 65, privacy reward: 0.07427357821433322, g: 0.0015728935696866018, curr_delay = 0.1411836851761265, data_size = 2674
user 15, emp_avg: 0.06986321457067306, h: 1.264263758334025, ucb: 1.3341930164347555,num_of_obs(calculated after picking at this round): 21, privacy reward: 0.4317105234290791, g: -5.58275319732439e-05, curr_delay = 0.7294760742677582, data_size = 684
user 27, emp_avg: 0.057119402404626256, h: 0.7424012416933903, ucb: 0.7994890255626007,num_of_obs(calculated after picking at this round): 59, privacy reward: 0.09442022319630183, g: -0.004659126934233818, curr_delay = 0.8481292670282777, data_size = 1628
user 28, emp_avg: 0.05547861535971619, h: 1.0499139047254187, ucb: 1.1053038255636816,num_of_obs(calculated after picking at this round): 30, privacy reward: 0.3011942119122014, g: 0.00029236656937054037, curr_delay = 0.861315218443776, data_size = 1205
num of fast users chosen: 2, num of slow users chosen: 3
max_delay = 0.86 seconds
after cleansing the weights updates who were almost zeros (meaning with absolute value of less than 10**-7, 0.00% of the weights upadtes) we get:
user No.4.0 has been picked 102, his deltas theta's mean
 is -0.0016890071565285325,
the empirical var of deltas thetas is 0.007712014950811863
the minimum of the deltas theta is -0.5169827938079834 and the maximum is 0.6616028547286987
the added laplace noise var is 0.17391133891573268
global epoch 206 has been done artifficialy in 0.86 secs, the total time by now is 171.72 
 with avg train loss 1.076, val loss 1.179, avg val acc 60.17%
iteration: 207
user 0, emp_avg: 0.7913717189488261, h: 0.5834263500675202, ucb: 1.3729931730441227,num_of_obs(calculated after picking at this round): 95, privacy reward: 0.02237077185616476, g: 8.65027352938737e-05, curr_delay = 0.05202740710409957, data_size = 3537
user 6, emp_avg: 0.5017680991606782, h: 0.5897338452695734, ucb: 1.0905092955016666,num_of_obs(calculated after picking at this round): 93, privacy reward: 0.024233967845690207, g: -0.00045756210168144084, curr_delay = 0.08430398118844035, data_size = 3229
user 7, emp_avg: 0.4187762985962336, h: 1.5117707866602808, ucb: 1.93972471948229,num_of_obs(calculated after picking at this round): 15, privacy reward: 0.5488116360940261, g: -0.00010500971026585787, curr_delay = 0.17224189602656537, data_size = 438
user 16, emp_avg: 0.06905226295407456, h: 1.0885993848637054, ucb: 1.1574433068216017,num_of_obs(calculated after picking at this round): 28, privacy reward: 0.3262797946230388, g: -2.1712304913278385e-07, curr_delay = 0.6695459835454334, data_size = 992
user 17, emp_avg: 0.06762262177777548, h: 0.8080754758594988, ucb: 0.8757629315790415,num_of_obs(calculated after picking at this round): 50, privacy reward: 0.13533528323661215, g: 9.020781993894626e-07, curr_delay = 0.7758462474799342, data_size = 1814
num of fast users chosen: 3, num of slow users chosen: 2
max_delay = 0.78 seconds
after cleansing the weights updates who were almost zeros (meaning with absolute value of less than 10**-7, 0.00% of the weights upadtes) we get:
user No.0.0 has been picked 95, his deltas theta's mean
 is -0.0013285870663821697,
the empirical var of deltas thetas is 0.006720406468957663
the minimum of the deltas theta is -0.43589115142822266 and the maximum is 0.41439157724380493
the added laplace noise var is 0.1314393624073072
global epoch 207 has been done artifficialy in 0.78 secs, the total time by now is 172.50 
 with avg train loss 1.068, val loss 1.208, avg val acc 57.99%
iteration: 208
user 0, emp_avg: 0.7928606071137753, h: 0.5806097382852463, ucb: 1.3719814572340723,num_of_obs(calculated after picking at this round): 96, privacy reward: 0.02149360134508893, g: 4.4571588096491357e-05, curr_delay = 0.053515715875789634, data_size = 3537
user 2, emp_avg: 0.7391175465870501, h: 1.3338588230770299, ucb: 2.08626999549184,num_of_obs(calculated after picking at this round): 19, privacy reward: 0.4676664270099087, g: 0.0003150991911062437, curr_delay = 0.10003355491807338, data_size = 796
user 8, emp_avg: 0.38339084624475234, h: 0.701922946441887, ucb: 1.0834926473738693,num_of_obs(calculated after picking at this round): 66, privacy reward: 0.07136126955638533, g: 0.00143181519073794, curr_delay = 0.09964818380138077, data_size = 2674
user 21, emp_avg: 0.06441750488682402, h: 1.0694662967742352, ucb: 1.1340129645007402,num_of_obs(calculated after picking at this round): 29, privacy reward: 0.3134861808826046, g: 0.0034226717958745984, curr_delay = 0.8223556342914085, data_size = 1474
user 25, emp_avg: 0.062037456400340744, h: 1.512453741399053, ucb: 1.574301679394845,num_of_obs(calculated after picking at this round): 15, privacy reward: 0.5488116360940261, g: 0.00015253770266898892, curr_delay = 0.7729084571630206, data_size = 608
num of fast users chosen: 3, num of slow users chosen: 2
max_delay = 0.82 seconds
after cleansing the weights updates who were almost zeros (meaning with absolute value of less than 10**-7, 0.00% of the weights upadtes) we get:
user No.0.0 has been picked 96, his deltas theta's mean
 is 0.0016558412462472916,
the empirical var of deltas thetas is 0.0067842872813344
the minimum of the deltas theta is -0.4649531841278076 and the maximum is 0.46555304527282715
the added laplace noise var is 0.13680350454650322
global epoch 208 has been done artifficialy in 0.82 secs, the total time by now is 173.32 
 with avg train loss 1.168, val loss 1.164, avg val acc 59.98%
iteration: 209
user 0, emp_avg: 0.7949960647723961, h: 0.5778372528210696, ucb: 1.370697859934845,num_of_obs(calculated after picking at this round): 97, privacy reward: 0.020650825181711685, g: 1.662047207996158e-05, curr_delay = 0.05, data_size = 3537
user 6, emp_avg: 0.5017077999805374, h: 0.5870832359497362, ucb: 1.0888513351104145,num_of_obs(calculated after picking at this round): 94, privacy reward: 0.02328374037489611, g: -0.0004805887017296818, curr_delay = 0.10078613665782005, data_size = 3229
user 15, emp_avg: 0.0700001012861388, h: 1.2354680144977808, ucb: 1.3053312290684538,num_of_obs(calculated after picking at this round): 22, privacy reward: 0.41478291168158077, g: -0.00011800200202253185, curr_delay = 0.6861089608914798, data_size = 684
user 21, emp_avg: 0.06425120923126049, h: 1.0513374980895864, ucb: 1.1157550029764105,num_of_obs(calculated after picking at this round): 30, privacy reward: 0.3011942119122014, g: 0.0029553367188314837, curr_delay = 0.8413452507359972, data_size = 1474
user 28, emp_avg: 0.055527462369903705, h: 1.033666701791715, ucb: 1.0891453171514311,num_of_obs(calculated after picking at this round): 31, privacy reward: 0.2893842179390499, g: 0.00020548532201187896, curr_delay = 0.8773026810678447, data_size = 1205
num of fast users chosen: 2, num of slow users chosen: 3
max_delay = 0.88 seconds
after cleansing the weights updates who were almost zeros (meaning with absolute value of less than 10**-7, 0.00% of the weights upadtes) we get:
user No.0.0 has been picked 97, his deltas theta's mean
 is -0.0016524638049304485,
the empirical var of deltas thetas is 0.006971476599574089
the minimum of the deltas theta is -0.5423151254653931 and the maximum is 0.4198208749294281
the added laplace noise var is 0.14238656147927792
global epoch 209 has been done artifficialy in 0.88 secs, the total time by now is 174.20 
 with avg train loss 1.095, val loss 1.243, avg val acc 56.00%
iteration: 210
user 4, emp_avg: 0.5563114476677584, h: 0.5608348572450071, ucb: 1.1186996967531322,num_of_obs(calculated after picking at this round): 103, privacy reward: 0.016244514441948854, g: 6.756230639363976e-05, curr_delay = 0.1256706161244221, data_size = 3770
user 13, emp_avg: 0.28154240984842777, h: 0.7025518889602479, ucb: 0.9845279444546646,num_of_obs(calculated after picking at this round): 66, privacy reward: 0.07136126955638533, g: 0.0018190021761641422, curr_delay = 0.19735119733661455, data_size = 2688
user 14, emp_avg: 0.2622034120617947, h: 0.7025518889602479, ucb: 0.9647204501095376,num_of_obs(calculated after picking at this round): 66, privacy reward: 0.07136126955638533, g: -3.868295090180873e-05, curr_delay = 0.189058274037536, data_size = 2315
user 15, emp_avg: 0.06973799264521124, h: 1.2076017778357386, ucb: 1.2776018791218775,num_of_obs(calculated after picking at this round): 23, privacy reward: 0.3985190410845135, g: -0.00022941066129073795, curr_delay = 0.7815968025028074, data_size = 684
user 28, emp_avg: 0.05544173590723728, h: 1.0173121635974776, ucb: 1.0728396259673814,num_of_obs(calculated after picking at this round): 32, privacy reward: 0.2780373004531934, g: 0.00010519336068329614, curr_delay = 0.9472528759819914, data_size = 1205
num of fast users chosen: 3, num of slow users chosen: 2
max_delay = 0.95 seconds
after cleansing the weights updates who were almost zeros (meaning with absolute value of less than 10**-7, 0.00% of the weights upadtes) we get:
user No.4.0 has been picked 103, his deltas theta's mean
 is -0.0016888523241505027,
the empirical var of deltas thetas is 0.005913737695664167
the minimum of the deltas theta is -0.42857375741004944 and the maximum is 0.5286109447479248
the added laplace noise var is 0.18100879529771854
global epoch 210 has been done artifficialy in 0.95 secs, the total time by now is 175.14 
 with avg train loss 1.129, val loss 1.263, avg val acc 56.48%
iteration: 211
user 6, emp_avg: 0.5013265527032356, h: 0.584472382552467, ucb: 1.0861801825330044,num_of_obs(calculated after picking at this round): 95, privacy reward: 0.02237077185616476, g: -0.0005037280716313833, curr_delay = 0.10741385263266272, data_size = 3229
user 8, emp_avg: 0.3822259615767871, h: 0.6975188582316132, ucb: 1.0809097044763656,num_of_obs(calculated after picking at this round): 67, privacy reward: 0.06856315415427716, g: 0.0014094862632234814, curr_delay = 0.1637499667287423, data_size = 2674
user 19, emp_avg: 0.06543199387957646, h: 1.6358267227118015, ucb: 1.7009702687258195,num_of_obs(calculated after picking at this round): 13, privacy reward: 0.5945205479701939, g: 0.00042267172686500466, curr_delay = 0.7257592604087079, data_size = 591
user 22, emp_avg: 0.06199052720875348, h: 1.1113254179799557, ucb: 1.1732688252956374,num_of_obs(calculated after picking at this round): 27, privacy reward: 0.33959552564493845, g: -5.262897783580992e-06, curr_delay = 0.7909434516080366, data_size = 923
user 27, emp_avg: 0.05702104282775414, h: 0.7377375951763263, ucb: 0.7948569975809525,num_of_obs(calculated after picking at this round): 60, privacy reward: 0.0907179532894119, g: -0.004399039136416131, curr_delay = 0.9762225802070744, data_size = 1628
num of fast users chosen: 2, num of slow users chosen: 3
max_delay = 0.98 seconds
after cleansing the weights updates who were almost zeros (meaning with absolute value of less than 10**-7, 0.00% of the weights upadtes) we get:
user No.6.0 has been picked 95, his deltas theta's mean
 is -0.0007499678176827729,
the empirical var of deltas thetas is 0.005744765512645245
the minimum of the deltas theta is -0.5258920192718506 and the maximum is 0.41444844007492065
the added laplace noise var is 0.1314393624073072
global epoch 211 has been done artifficialy in 0.98 secs, the total time by now is 176.12 
 with avg train loss 1.070, val loss 1.198, avg val acc 57.80%
iteration: 212
user 4, emp_avg: 0.5594376504836103, h: 0.5586001717889474, ucb: 1.1149116194567057,num_of_obs(calculated after picking at this round): 104, privacy reward: 0.015607557919981918, g: 6.536493607299876e-05, curr_delay = 0.05672558114133741, data_size = 3770
user 11, emp_avg: 0.2765523684749223, h: 1.2371148779862202, ucb: 1.5151853121234522,num_of_obs(calculated after picking at this round): 22, privacy reward: 0.41478291168158077, g: -0.0006135524583957202, curr_delay = 0.20435439191143956, data_size = 567
user 13, emp_avg: 0.2802243919383623, h: 0.6978269044731269, ucb: 0.9793693143215547,num_of_obs(calculated after picking at this round): 67, privacy reward: 0.06856315415427716, g: 0.001668952619507448, curr_delay = 0.25875201539404713, data_size = 2688
user 17, emp_avg: 0.06768814766628421, h: 0.8017420738371172, ucb: 0.8693646956148926,num_of_obs(calculated after picking at this round): 51, privacy reward: 0.13002871087842538, g: 3.296756377904606e-06, curr_delay = 0.7045782158813505, data_size = 1814
user 26, emp_avg: 0.05799647719772154, h: 0.8963748887607249, ucb: 0.954384096118068,num_of_obs(calculated after picking at this round): 41, privacy reward: 0.19398004229089127, g: -0.0015357699798105413, curr_delay = 0.869757761901179, data_size = 1141
num of fast users chosen: 3, num of slow users chosen: 2
max_delay = 0.87 seconds
after cleansing the weights updates who were almost zeros (meaning with absolute value of less than 10**-7, 0.00% of the weights upadtes) we get:
user No.4.0 has been picked 104, his deltas theta's mean
 is -0.002754009561613202,
the empirical var of deltas thetas is 0.009494949132204056
the minimum of the deltas theta is -0.6152729988098145 and the maximum is 0.636581540107727
the added laplace noise var is 0.18839590436945
global epoch 212 has been done artifficialy in 0.87 secs, the total time by now is 176.99 
 with avg train loss 1.086, val loss 1.258, avg val acc 56.91%
iteration: 213
user 3, emp_avg: 0.686835944814469, h: 1.890554092624598, ucb: 2.5983390727245537,num_of_obs(calculated after picking at this round): 10, privacy reward: 0.670320046035639, g: 0.0003436702479732904, curr_delay = 0.1003422418508379, data_size = 464
user 4, emp_avg: 0.5607088607139126, h: 0.5561522428728188, ucb: 1.1155898933564292,num_of_obs(calculated after picking at this round): 105, privacy reward: 0.014995576820476808, g: 3.216028920902147e-05, curr_delay = 0.07215895148446648, data_size = 3770
user 10, emp_avg: 0.3847783603455865, h: 1.0532012447158023, ucb: 1.4378649855209544,num_of_obs(calculated after picking at this round): 30, privacy reward: 0.3011942119122014, g: 2.7217696115283262e-05, curr_delay = 0.12883200259105143, data_size = 1079
user 13, emp_avg: 0.27959483357380893, h: 0.6929038290644578, ucb: 0.97312822100282,num_of_obs(calculated after picking at this round): 68, privacy reward: 0.06587475442640223, g: 0.001415232848266237, curr_delay = 0.21060220072930108, data_size = 2688
user 21, emp_avg: 0.06415085981878935, h: 1.0354991227142036, ucb: 1.0997503319454642,num_of_obs(calculated after picking at this round): 31, privacy reward: 0.2893842179390499, g: 0.002732562625885019, curr_delay = 0.8177901754901732, data_size = 1474
num of fast users chosen: 4, num of slow users chosen: 1
max_delay = 0.82 seconds
after cleansing the weights updates who were almost zeros (meaning with absolute value of less than 10**-7, 0.00% of the weights upadtes) we get:
user No.3.0 has been picked 10, his deltas theta's mean
 is 0.0002210472448496148,
the empirical var of deltas thetas is 0.001143756089732051
the minimum of the deltas theta is -0.20899541676044464 and the maximum is 0.21855373680591583
the added laplace noise var is 0.004386561325032196
global epoch 213 has been done artifficialy in 0.82 secs, the total time by now is 177.81 
 with avg train loss 1.166, val loss 1.225, avg val acc 56.09%
iteration: 214
user 0, emp_avg: 0.7964483622503223, h: 0.5761215515551384, ucb: 1.3711176163275347,num_of_obs(calculated after picking at this round): 98, privacy reward: 0.019841094744369348, g: 0.00010273721529748129, curr_delay = 0.05334350600484156, data_size = 3537
user 6, emp_avg: 0.5024166212623569, h: 0.5821544024716893, ucb: 1.0834809551749247,num_of_obs(calculated after picking at this round): 96, privacy reward: 0.02149360134508893, g: -0.0004356191152948498, curr_delay = 0.0825119088014517, data_size = 3229
user 8, emp_avg: 0.3811010103282492, h: 0.6932064378843757, ucb: 1.075432399461163,num_of_obs(calculated after picking at this round): 68, privacy reward: 0.06587475442640223, g: 0.0013879515484072854, curr_delay = 0.16354338237928595, data_size = 2674
user 25, emp_avg: 0.06199684005099777, h: 1.4650564514750757, ucb: 1.5270939078754164,num_of_obs(calculated after picking at this round): 16, privacy reward: 0.5272924240430481, g: 9.148635248283202e-05, curr_delay = 0.8144968076051761, data_size = 608
user 26, emp_avg: 0.05807859855833347, h: 0.8861516702495824, ucb: 0.9441481474473039,num_of_obs(calculated after picking at this round): 42, privacy reward: 0.1863739760394093, g: -0.0017722787343112758, curr_delay = 0.8137282551961738, data_size = 1141
num of fast users chosen: 3, num of slow users chosen: 2
max_delay = 0.81 seconds
after cleansing the weights updates who were almost zeros (meaning with absolute value of less than 10**-7, 0.00% of the weights upadtes) we get:
user No.0.0 has been picked 98, his deltas theta's mean
 is 0.0004755317058879882,
the empirical var of deltas thetas is 0.007950217463076115
the minimum of the deltas theta is -0.4111116826534271 and the maximum is 0.48163747787475586
the added laplace noise var is 0.14819746728783936
global epoch 214 has been done artifficialy in 0.81 secs, the total time by now is 178.62 
 with avg train loss 1.086, val loss 1.214, avg val acc 58.58%
iteration: 215
user 4, emp_avg: 0.557852849520443, h: 0.5539797844752956, ucb: 1.1146886451892082,num_of_obs(calculated after picking at this round): 106, privacy reward: 0.014407591843111467, g: 3.093386424168498e-05, curr_delay = 0.19381972906081835, data_size = 3770
user 8, emp_avg: 0.3827565463852548, h: 0.6883892982980374, ucb: 1.0694903086262866,num_of_obs(calculated after picking at this round): 69, privacy reward: 0.06329176835964001, g: 0.001160101593447748, curr_delay = 0.10094219479718546, data_size = 2674
user 10, emp_avg: 0.3835112041679657, h: 1.0364012763527128, ucb: 1.4211796366982994,num_of_obs(calculated after picking at this round): 31, privacy reward: 0.2893842179390499, g: 3.3577235010723354e-06, curr_delay = 0.14471925843991076, data_size = 1079
user 18, emp_avg: 0.06687525841981566, h: 1.3023021754765063, ucb: 1.3691545535768614,num_of_obs(calculated after picking at this round): 20, privacy reward: 0.449328964117221, g: 1.2376257260944897e-06, curr_delay = 0.7428318455154643, data_size = 683
user 27, emp_avg: 0.05698756938206121, h: 0.7328463705393964, ucb: 0.7898674133671505,num_of_obs(calculated after picking at this round): 61, privacy reward: 0.08716085146198072, g: -0.0043262410433812844, curr_delay = 0.9094354587929159, data_size = 1628
num of fast users chosen: 3, num of slow users chosen: 2
max_delay = 0.91 seconds
after cleansing the weights updates who were almost zeros (meaning with absolute value of less than 10**-7, 0.00% of the weights upadtes) we get:
user No.4.0 has been picked 106, his deltas theta's mean
 is -0.0006575099541805685,
the empirical var of deltas thetas is 0.005412441678345203
the minimum of the deltas theta is -0.418252557516098 and the maximum is 0.43698376417160034
the added laplace noise var is 0.2040868468063534
global epoch 215 has been done artifficialy in 0.91 secs, the total time by now is 179.53 
 with avg train loss 1.121, val loss 1.187, avg val acc 58.03%
iteration: 216
user 4, emp_avg: 0.5547255666154717, h: 0.5515986239507734, ucb: 1.1094514734712164,num_of_obs(calculated after picking at this round): 107, privacy reward: 0.013842662086478552, g: 1.0196362160418898e-05, curr_delay = 0.22398064078776933, data_size = 3770
user 13, emp_avg: 0.2792933540585767, h: 0.6886866277678476, ucb: 0.9682814613416566,num_of_obs(calculated after picking at this round): 69, privacy reward: 0.06329176835964001, g: 0.0013956766831397097, curr_delay = 0.19320479640643914, data_size = 2688
user 18, emp_avg: 0.06677701284809785, h: 1.269875396369758, ucb: 1.3367506547895736,num_of_obs(calculated after picking at this round): 21, privacy reward: 0.4317105234290791, g: -9.659746598574646e-06, curr_delay = 0.7714608677909489, data_size = 683
user 21, emp_avg: 0.06404953732749946, h: 1.0199884636619116, ucb: 1.084139323480701,num_of_obs(calculated after picking at this round): 32, privacy reward: 0.2780373004531934, g: 0.0024602067312324625, curr_delay = 0.8209029459571853, data_size = 1474
user 28, emp_avg: 0.05555393878866164, h: 1.0039246492843878, ucb: 1.059366385191625,num_of_obs(calculated after picking at this round): 33, privacy reward: 0.26713530196584967, g: 9.461999433734385e-05, curr_delay = 0.8453881313841433, data_size = 1205
num of fast users chosen: 2, num of slow users chosen: 3
max_delay = 0.85 seconds
after cleansing the weights updates who were almost zeros (meaning with absolute value of less than 10**-7, 0.00% of the weights upadtes) we get:
user No.4.0 has been picked 107, his deltas theta's mean
 is -0.000639383855741471,
the empirical var of deltas thetas is 0.0065040625631809235
the minimum of the deltas theta is -0.446208655834198 and the maximum is 0.5089982748031616
the added laplace noise var is 0.21241578902700403
global epoch 216 has been done artifficialy in 0.85 secs, the total time by now is 180.38 
 with avg train loss 1.126, val loss 1.193, avg val acc 58.63%
iteration: 217
user 4, emp_avg: 0.5562259522924317, h: 0.5492508417056985, ucb: 1.10397640832117,num_of_obs(calculated after picking at this round): 108, privacy reward: 0.013299883542442825, g: 7.163209245726545e-07, curr_delay = 0.06975765440142989, data_size = 3770
user 13, emp_avg: 0.2798766040497775, h: 0.6839716084585904, ucb: 0.9632649625171671,num_of_obs(calculated after picking at this round): 70, privacy reward: 0.060810062625217265, g: 0.0011697235199228243, curr_delay = 0.15619101180785747, data_size = 2688
user 22, emp_avg: 0.06171084622392809, h: 1.0934042002988709, ucb: 1.1553947275076244,num_of_obs(calculated after picking at this round): 28, privacy reward: 0.3262797946230388, g: -1.2217226715512454e-05, curr_delay = 0.9231997574979727, data_size = 923
user 27, emp_avg: 0.05697640366875757, h: 0.7274408783507996, ucb: 0.7844284477328608,num_of_obs(calculated after picking at this round): 62, privacy reward: 0.08374322559219538, g: -0.004598249037074738, curr_delay = 0.8881736894770282, data_size = 1628
user 29, emp_avg: 0.0548472000036816, h: 1.2704208775292296, ucb: 1.3249897919171993,num_of_obs(calculated after picking at this round): 21, privacy reward: 0.4317105234290791, g: -0.00024090084391189013, curr_delay = 0.8276376370812532, data_size = 585
num of fast users chosen: 2, num of slow users chosen: 3
max_delay = 0.92 seconds
after cleansing the weights updates who were almost zeros (meaning with absolute value of less than 10**-7, 0.00% of the weights upadtes) we get:
user No.4.0 has been picked 108, his deltas theta's mean
 is -0.0025711003690958023,
the empirical var of deltas thetas is 0.0061697885394096375
the minimum of the deltas theta is -0.43232232332229614 and the maximum is 0.4576912522315979
the added laplace noise var is 0.2210846418278831
global epoch 217 has been done artifficialy in 0.92 secs, the total time by now is 181.30 
 with avg train loss 1.035, val loss 1.269, avg val acc 55.73%
iteration: 218
user 4, emp_avg: 0.5534480122405873, h: 0.5469356585553677, ucb: 1.1031616108477995,num_of_obs(calculated after picking at this round): 109, privacy reward: 0.012778387649534761, g: -2.1872309518128795e-06, curr_delay = 0.19729275929912463, data_size = 3770
user 13, emp_avg: 0.28015430425375065, h: 0.6793586300615196, ucb: 0.9592352341112971,num_of_obs(calculated after picking at this round): 71, privacy reward: 0.05842566596450016, g: 0.0009655098159724173, curr_delay = 0.16689290750882105, data_size = 2688
user 14, emp_avg: 0.2614852211006908, h: 0.6996424452265917, ucb: 0.9618458572883863,num_of_obs(calculated after picking at this round): 67, privacy reward: 0.06856315415427716, g: 3.0465320890263384e-07, curr_delay = 0.23355251089351217, data_size = 2315
user 25, emp_avg: 0.06158166545138686, h: 1.4209805236335606, ucb: 1.4829773636845585,num_of_obs(calculated after picking at this round): 17, privacy reward: 0.5066169923655891, g: 3.9235345433917174e-05, curr_delay = 0.9101024158193025, data_size = 608
user 26, emp_avg: 0.058165991541470105, h: 0.8770482201101837, ucb: 0.9351268186685171,num_of_obs(calculated after picking at this round): 43, privacy reward: 0.17906614791149256, g: -0.001863666721326201, curr_delay = 0.8085839683781656, data_size = 1141
num of fast users chosen: 3, num of slow users chosen: 2
max_delay = 0.91 seconds
after cleansing the weights updates who were almost zeros (meaning with absolute value of less than 10**-7, 0.00% of the weights upadtes) we get:
user No.4.0 has been picked 109, his deltas theta's mean
 is -0.0014388581039384007,
the empirical var of deltas thetas is 0.005918878596276045
the minimum of the deltas theta is -0.39278358221054077 and the maximum is 0.4391986131668091
the added laplace noise var is 0.23010727722292584
global epoch 218 has been done artifficialy in 0.91 secs, the total time by now is 182.21 
 with avg train loss 1.120, val loss 1.311, avg val acc 54.43%
iteration: 219
user 4, emp_avg: 0.5575075757656729, h: 0.5446523205358887, ucb: 1.098100332776476,num_of_obs(calculated after picking at this round): 110, privacy reward: 0.012277339903067452, g: -1.4310937139900202e-05, curr_delay = 0.05, data_size = 3770
user 10, emp_avg: 0.379264664782328, h: 1.0212963043381713, ucb: 1.4048075085061371,num_of_obs(calculated after picking at this round): 32, privacy reward: 0.2780373004531934, g: -3.430588823042794e-08, curr_delay = 0.2019207152126192, data_size = 1079
user 13, emp_avg: 0.281264158755132, h: 0.6748440652320055, ucb: 0.9549983694857561,num_of_obs(calculated after picking at this round): 72, privacy reward: 0.0561347628341331, g: 0.0007824695965982422, curr_delay = 0.13886426811790822, data_size = 2688
user 19, emp_avg: 0.06529873037155957, h: 1.57710617121991, ucb: 1.6425381650994864,num_of_obs(calculated after picking at this round): 14, privacy reward: 0.5712090638488144, g: 0.0003265353438324754, curr_delay = 0.7865802516444166, data_size = 591
user 21, emp_avg: 0.06400317138877566, h: 1.0052118927572404, ucb: 1.0692614300847398,num_of_obs(calculated after picking at this round): 33, privacy reward: 0.26713530196584967, g: 0.002209025204862164, curr_delay = 0.7997509722675947, data_size = 1474
num of fast users chosen: 3, num of slow users chosen: 2
max_delay = 0.80 seconds
after cleansing the weights updates who were almost zeros (meaning with absolute value of less than 10**-7, 0.00% of the weights upadtes) we get:
user No.4.0 has been picked 110, his deltas theta's mean
 is -0.0011625037295743823,
the empirical var of deltas thetas is 0.010387466289103031
the minimum of the deltas theta is -0.5858446955680847 and the maximum is 0.574156641960144
the added laplace noise var is 0.23949813335369596
global epoch 219 has been done artifficialy in 0.80 secs, the total time by now is 183.01 
 with avg train loss 1.196, val loss 1.335, avg val acc 52.20%
iteration: 220
user 0, emp_avg: 0.7985044393993089, h: 0.5746495407416893, ucb: 1.3710979029920116,num_of_obs(calculated after picking at this round): 99, privacy reward: 0.019063114291610672, g: 0.000322289362554332, curr_delay = 0.05, data_size = 3537
user 6, emp_avg: 0.5037274930169295, h: 0.580604617314591, ucb: 1.083021238576948,num_of_obs(calculated after picking at this round): 97, privacy reward: 0.020650825181711685, g: -0.0001771532572422295, curr_delay = 0.07941913714089145, data_size = 3229
user 8, emp_avg: 0.38163437879666257, h: 0.68484384423543, ucb: 1.0676003906206848,num_of_obs(calculated after picking at this round): 70, privacy reward: 0.060810062625217265, g: 0.0013471080268933336, curr_delay = 0.1643629472787608, data_size = 2674
user 15, emp_avg: 0.06976808589558439, h: 1.186184333466551, ucb: 1.2559223261117622,num_of_obs(calculated after picking at this round): 24, privacy reward: 0.3828928859751114, g: -0.00022290066847882259, curr_delay = 0.7096201578647977, data_size = 684
user 24, emp_avg: 0.06064260099312761, h: 1.0563725387497662, ucb: 1.1169539577591496,num_of_obs(calculated after picking at this round): 30, privacy reward: 0.3011942119122014, g: 0.00010954196590571423, curr_delay = 0.8010653718065764, data_size = 1086
num of fast users chosen: 3, num of slow users chosen: 2
max_delay = 0.80 seconds
after cleansing the weights updates who were almost zeros (meaning with absolute value of less than 10**-7, 0.00% of the weights upadtes) we get:
user No.0.0 has been picked 99, his deltas theta's mean
 is -0.0026760862674564123,
the empirical var of deltas thetas is 0.011152071878314018
the minimum of the deltas theta is -0.655009388923645 and the maximum is 0.520066499710083
the added laplace noise var is 0.15424552066120722
global epoch 220 has been done artifficialy in 0.80 secs, the total time by now is 183.81 
 with avg train loss 1.156, val loss 1.322, avg val acc 53.20%
iteration: 221
user 4, emp_avg: 0.5546912866291579, h: 0.5426280846626027, ucb: 1.1001356604282755,num_of_obs(calculated after picking at this round): 111, privacy reward: 0.011795938519750582, g: -1.4467688755451214e-05, curr_delay = 0.20416539745524373, data_size = 3770
user 6, emp_avg: 0.5040609261363482, h: 0.5778468406315831, ucb: 1.0815743336485126,num_of_obs(calculated after picking at this round): 98, privacy reward: 0.019841094744369348, g: -0.00025154860840069206, curr_delay = 0.09321333493433535, data_size = 3229
user 7, emp_avg: 0.4158806415934403, h: 1.4694437997443457, ucb: 1.8882200983405792,num_of_obs(calculated after picking at this round): 16, privacy reward: 0.5272924240430481, g: -0.00010999557431527804, curr_delay = 0.13424772626090864, data_size = 438
user 16, emp_avg: 0.06918555157020871, h: 1.0755227335232076, ucb: 1.1445749964772822,num_of_obs(calculated after picking at this round): 29, privacy reward: 0.3134861808826046, g: 1.0705888365275885e-05, curr_delay = 0.6857052000313766, data_size = 992
user 17, emp_avg: 0.06765953422476678, h: 0.7969177905433166, ucb: 0.8646059382096007,num_of_obs(calculated after picking at this round): 52, privacy reward: 0.12493021219858191, g: 4.754823813188729e-05, curr_delay = 0.7552841715295209, data_size = 1814
num of fast users chosen: 3, num of slow users chosen: 2
max_delay = 0.76 seconds
after cleansing the weights updates who were almost zeros (meaning with absolute value of less than 10**-7, 0.00% of the weights upadtes) we get:
user No.4.0 has been picked 111, his deltas theta's mean
 is -0.002313104225322604,
the empirical var of deltas thetas is 0.005369098857045174
the minimum of the deltas theta is -0.49989068508148193 and the maximum is 0.405364990234375
the added laplace noise var is 0.24927223759349212
global epoch 221 has been done artifficialy in 0.76 secs, the total time by now is 184.57 
 with avg train loss 1.165, val loss 1.296, avg val acc 53.46%
iteration: 222
user 0, emp_avg: 0.7982395276868565, h: 0.5722193572754631, ucb: 1.370723796674772,num_of_obs(calculated after picking at this round): 100, privacy reward: 0.01831563888873322, g: 0.0003048871815607124, curr_delay = 0.06476572626731371, data_size = 3537
user 3, emp_avg: 0.657799430696827, h: 1.8004461750142289, ucb: 2.4872821198286976,num_of_obs(calculated after picking at this round): 11, privacy reward: 0.6440364210831411, g: 0.0002479623849113445, curr_delay = 0.13607875319764617, data_size = 464
user 8, emp_avg: 0.38219167696356726, h: 0.680504689720732, ucb: 1.0621390685173946,num_of_obs(calculated after picking at this round): 71, privacy reward: 0.05842566596450016, g: 0.0012266818785073642, curr_delay = 0.11870773375095628, data_size = 2674
user 26, emp_avg: 0.058056648523757894, h: 0.8682522446047855, ucb: 0.9264182361462555,num_of_obs(calculated after picking at this round): 44, privacy reward: 0.17204486382304973, g: -0.001953936119676651, curr_delay = 0.9371210734165221, data_size = 1141
num of fast users chosen: 3, num of slow users chosen: 1
max_delay = 0.94 seconds
after cleansing the weights updates who were almost zeros (meaning with absolute value of less than 10**-7, 0.00% of the weights upadtes) we get:
user No.0.0 has been picked 100, his deltas theta's mean
 is -0.0024830251932144165,
the empirical var of deltas thetas is 0.006870534271001816
the minimum of the deltas theta is -0.48468878865242004 and the maximum is 0.5871824622154236
the added laplace noise var is 0.16054039977509912
global epoch 222 has been done artifficialy in 0.94 secs, the total time by now is 185.50 
 with avg train loss 1.168, val loss 1.309, avg val acc 52.28%
iteration: 223
user 0, emp_avg: 0.7995851370102786, h: 0.5695878389569138, ucb: 1.3678273666437701,num_of_obs(calculated after picking at this round): 101, privacy reward: 0.017597472415622373, g: 0.0002242947012174977, curr_delay = 0.053524819768986966, data_size = 3537
user 2, emp_avg: 0.7246366147770693, h: 1.3067241207804772, ucb: 2.0458416673675273,num_of_obs(calculated after picking at this round): 20, privacy reward: 0.449328964117221, g: 0.00036434034239494237, curr_delay = 0.11123497486768913, data_size = 796
user 9, emp_avg: 0.4029321453201303, h: 1.8986261298563791, ucb: 2.303669517476142,num_of_obs(calculated after picking at this round): 10, privacy reward: 0.670320046035639, g: 0.0003459185129241521, curr_delay = 0.13023174634804613, data_size = 450
user 13, emp_avg: 0.28176164975811524, h: 0.6712657056797081, ucb: 0.9525298644348401,num_of_obs(calculated after picking at this round): 73, privacy reward: 0.053933687300355304, g: 0.0008587019167219872, curr_delay = 0.15744014814924406, data_size = 2688
user 17, emp_avg: 0.06758880865668676, h: 0.7898762150922606, ucb: 0.8575357493170274,num_of_obs(calculated after picking at this round): 53, privacy reward: 0.12003162851145621, g: 2.0078440764619935e-05, curr_delay = 0.7823369702276185, data_size = 1814
num of fast users chosen: 4, num of slow users chosen: 1
max_delay = 0.78 seconds
after cleansing the weights updates who were almost zeros (meaning with absolute value of less than 10**-7, 0.00% of the weights upadtes) we get:
user No.0.0 has been picked 101, his deltas theta's mean
 is -0.002687034895643592,
the empirical var of deltas thetas is 0.00689442316070199
the minimum of the deltas theta is -0.4173966646194458 and the maximum is 0.44389891624450684
the added laplace noise var is 0.1670921777790764
global epoch 223 has been done artifficialy in 0.78 secs, the total time by now is 186.29 
 with avg train loss 1.243, val loss 1.347, avg val acc 52.24%
iteration: 224
user 0, emp_avg: 0.7991056674548741, h: 0.5669955236794878, ucb: 1.3665806606897664,num_of_obs(calculated after picking at this round): 102, privacy reward: 0.01690746565270429, g: 0.0001566028919876157, curr_delay = 0.06660634419951925, data_size = 3537
user 3, emp_avg: 0.6557655911077138, h: 1.7180823430137089, ucb: 2.3758817737105358,num_of_obs(calculated after picking at this round): 12, privacy reward: 0.6187833918061405, g: 0.00013653276585092603, curr_delay = 0.07893988712664612, data_size = 464
user 13, emp_avg: 0.2809607890916934, h: 0.6669279017853926, ucb: 0.9486895515435079,num_of_obs(calculated after picking at this round): 74, privacy reward: 0.05181891717272524, g: 0.0006906759345133543, curr_delay = 0.22472116104107803, data_size = 2688
user 17, emp_avg: 0.06765659995798647, h: 0.7827127031559553, ucb: 0.850301511812642,num_of_obs(calculated after picking at this round): 54, privacy reward: 0.11532512103806203, g: 1.1185409469454296e-06, curr_delay = 0.7017589271885579, data_size = 1814
user 28, emp_avg: 0.0555286274575613, h: 0.9919353032289079, ucb: 1.0474892420175694,num_of_obs(calculated after picking at this round): 34, privacy reward: 0.25666077695355527, g: 0.00011138692674596573, curr_delay = 0.9141878632735834, data_size = 1205
num of fast users chosen: 3, num of slow users chosen: 2
max_delay = 0.91 seconds
after cleansing the weights updates who were almost zeros (meaning with absolute value of less than 10**-7, 0.00% of the weights upadtes) we get:
user No.0.0 has been picked 102, his deltas theta's mean
 is -0.0004638614773284644,
the empirical var of deltas thetas is 0.007197709754109383
the minimum of the deltas theta is -0.481778085231781 and the maximum is 0.4212818145751953
the added laplace noise var is 0.17391133891573268
global epoch 224 has been done artifficialy in 0.91 secs, the total time by now is 187.20 
 with avg train loss 1.122, val loss 1.354, avg val acc 52.86%
iteration: 225
user 0, emp_avg: 0.7950783847880193, h: 0.564441441875189, ucb: 1.363547109330063,num_of_obs(calculated after picking at this round): 103, privacy reward: 0.016244514441948854, g: 0.0001014780521602985, curr_delay = 0.13010819313352584, data_size = 3537
user 2, emp_avg: 0.7086389620401904, h: 1.2746882444979737, ucb: 1.999324859275043,num_of_obs(calculated after picking at this round): 21, privacy reward: 0.4317105234290791, g: 0.00023717867045802043, curr_delay = 0.12863857181493513, data_size = 796
user 6, emp_avg: 0.5032050411497324, h: 0.5758454513221701, ucb: 1.0799063774585185,num_of_obs(calculated after picking at this round): 99, privacy reward: 0.019063114291610672, g: -0.00015629531331458205, curr_delay = 0.1192383116382228, data_size = 3229
user 17, emp_avg: 0.06773409394119755, h: 0.7757505614424451, ucb: 0.8434071614004316,num_of_obs(calculated after picking at this round): 55, privacy reward: 0.11080315836233334, g: -5.453374725201543e-06, curr_delay = 0.6952288070440688, data_size = 1814
user 20, emp_avg: 0.06479280650022096, h: 1.5810561809029022, ucb: 1.6459195479470312,num_of_obs(calculated after picking at this round): 14, privacy reward: 0.5712090638488144, g: -6.82960606787052e-08, curr_delay = 0.7827724994902037, data_size = 439
num of fast users chosen: 3, num of slow users chosen: 2
max_delay = 0.78 seconds
after cleansing the weights updates who were almost zeros (meaning with absolute value of less than 10**-7, 0.00% of the weights upadtes) we get:
user No.0.0 has been picked 103, his deltas theta's mean
 is -0.0012761480174958706,
the empirical var of deltas thetas is 0.006353803910315037
the minimum of the deltas theta is -0.43211764097213745 and the maximum is 0.5082364082336426
the added laplace noise var is 0.18100879529771854
global epoch 225 has been done artifficialy in 0.78 secs, the total time by now is 187.98 
 with avg train loss 1.215, val loss 1.310, avg val acc 53.42%
iteration: 226
user 4, emp_avg: 0.5524172107358561, h: 0.5412964916314866, ucb: 1.0959877782606444,num_of_obs(calculated after picking at this round): 112, privacy reward: 0.011333413154666405, g: 7.747719552012919e-06, curr_delay = 0.1666695630618047, data_size = 3770
user 13, emp_avg: 0.2801757397399007, h: 0.6629501020279235, ucb: 0.9439108911196169,num_of_obs(calculated after picking at this round): 75, privacy reward: 0.049787068367863285, g: 0.0006120647767505051, curr_delay = 0.22514197572707023, data_size = 2688
user 26, emp_avg: 0.05809177755185953, h: 0.8597463948962683, ucb: 0.9178030434200262,num_of_obs(calculated after picking at this round): 45, privacy reward: 0.16529888822158578, g: -0.0020430328978391513, curr_delay = 0.8383992941593972, data_size = 1141
user 27, emp_avg: 0.056993005922194764, h: 0.7242706007808011, ucb: 0.7812470044495586,num_of_obs(calculated after picking at this round): 63, privacy reward: 0.08045960674953179, g: -0.0037259649487723086, curr_delay = 0.8617369644838989, data_size = 1628
user 29, emp_avg: 0.055072434866354936, h: 1.2444775150666112, ucb: 1.299324715070293,num_of_obs(calculated after picking at this round): 22, privacy reward: 0.41478291168158077, g: -0.0002648898212194566, curr_delay = 0.8360873076250603, data_size = 585
num of fast users chosen: 2, num of slow users chosen: 3
max_delay = 0.86 seconds
after cleansing the weights updates who were almost zeros (meaning with absolute value of less than 10**-7, 0.00% of the weights upadtes) we get:
user No.4.0 has been picked 112, his deltas theta's mean
 is -0.0016790886875241995,
the empirical var of deltas thetas is 0.006197690032422543
the minimum of the deltas theta is -0.4972289204597473 and the maximum is 0.5133848786354065
the added laplace noise var is 0.2594452305943515
global epoch 226 has been done artifficialy in 0.86 secs, the total time by now is 188.85 
 with avg train loss 1.028, val loss 1.350, avg val acc 53.02%
iteration: 227
user 1, emp_avg: 0.7199499165998718, h: 1.2449842245106566, ucb: 1.9515984228533796,num_of_obs(calculated after picking at this round): 22, privacy reward: 0.41478291168158077, g: 1.3362173763242944e-05, curr_delay = 0.05, data_size = 734
user 4, emp_avg: 0.5547612212000308, h: 0.5390939828685487, ucb: 1.0915111936044049,num_of_obs(calculated after picking at this round): 113, privacy reward: 0.010889023668553377, g: 2.93595531564292e-07, curr_delay = 0.06117776547573292, data_size = 3770
user 10, emp_avg: 0.37634170226099584, h: 1.008552491582745, ucb: 1.387817156365073,num_of_obs(calculated after picking at this round): 33, privacy reward: 0.26713530196584967, g: 1.585074428419995e-07, curr_delay = 0.1767990799409289, data_size = 1079
user 13, emp_avg: 0.2792091678542896, h: 0.6587837288507604, ucb: 0.938959468590661,num_of_obs(calculated after picking at this round): 76, privacy reward: 0.047834889494197785, g: 0.0004742418879455577, curr_delay = 0.2418774218589114, data_size = 2688
user 21, emp_avg: 0.06399082730400207, h: 0.9931538393587281, ucb: 1.057157010747504,num_of_obs(calculated after picking at this round): 34, privacy reward: 0.25666077695355527, g: 0.002279541124452255, curr_delay = 0.7863678724830471, data_size = 1474
num of fast users chosen: 4, num of slow users chosen: 1
max_delay = 0.79 seconds
after cleansing the weights updates who were almost zeros (meaning with absolute value of less than 10**-7, 0.00% of the weights upadtes) we get:
user No.1.0 has been picked 22, his deltas theta's mean
 is 0.0001831003901315853,
the empirical var of deltas thetas is 0.001152279321104288
the minimum of the deltas theta is -0.23106908798217773 and the maximum is 0.28174179792404175
the added laplace noise var is 0.007089009471033874
global epoch 227 has been done artifficialy in 0.79 secs, the total time by now is 189.63 
 with avg train loss 1.263, val loss 1.329, avg val acc 52.27%
iteration: 228
user 4, emp_avg: 0.5549437548921512, h: 0.5369207005746245, ucb: 1.0916819217746552,num_of_obs(calculated after picking at this round): 114, privacy reward: 0.010462058943425778, g: -2.822803345825704e-06, curr_delay = 0.08687039735426771, data_size = 3770
user 6, emp_avg: 0.5006706613613117, h: 0.5736298895975201, ucb: 1.0768349307472525,num_of_obs(calculated after picking at this round): 100, privacy reward: 0.01831563888873322, g: -0.0001244738105110636, curr_delay = 0.20018652394770042, data_size = 3229
user 8, emp_avg: 0.38864980859014575, h: 0.6773610119242347, ucb: 1.059552688887802,num_of_obs(calculated after picking at this round): 72, privacy reward: 0.0561347628341331, g: 0.0015159984791674184, curr_delay = 0.05901953299774977, data_size = 2674
user 16, emp_avg: 0.06903231582091844, h: 1.0598645615120805, ucb: 1.1290501130822892,num_of_obs(calculated after picking at this round): 30, privacy reward: 0.3011942119122014, g: 7.70526277249406e-06, curr_delay = 0.7741318684585651, data_size = 992
user 25, emp_avg: 0.061482898780354955, h: 1.3842830757285975, ucb: 1.4458647411799843,num_of_obs(calculated after picking at this round): 18, privacy reward: 0.48675225595997107, g: 2.597843320131122e-05, curr_delay = 0.8360663593950666, data_size = 608
num of fast users chosen: 3, num of slow users chosen: 2
max_delay = 0.84 seconds
after cleansing the weights updates who were almost zeros (meaning with absolute value of less than 10**-7, 0.00% of the weights upadtes) we get:
user No.4.0 has been picked 114, his deltas theta's mean
 is -0.0009043546742759645,
the empirical var of deltas thetas is 0.005323636811226606
the minimum of the deltas theta is -0.4824378490447998 and the maximum is 0.43425989151000977
the added laplace noise var is 0.2810536630728085
global epoch 228 has been done artifficialy in 0.84 secs, the total time by now is 190.47 
 with avg train loss 1.160, val loss 1.510, avg val acc 42.70%
iteration: 229
user 4, emp_avg: 0.5557483812159649, h: 0.5347759985340758, ucb: 1.0897197534262268,num_of_obs(calculated after picking at this round): 115, privacy reward: 0.010051835744632642, g: -1.5075194957931642e-05, curr_delay = 0.07722296552229202, data_size = 3770
user 7, emp_avg: 0.42726727333983133, h: 1.4274612959141273, ucb: 1.8433419375075677,num_of_obs(calculated after picking at this round): 17, privacy reward: 0.5066169923655891, g: -0.00015583951892388242, curr_delay = 0.08204072950553919, data_size = 438
user 13, emp_avg: 0.27869361572172596, h: 0.6549641615479254, ucb: 0.934173329402215,num_of_obs(calculated after picking at this round): 77, privacy reward: 0.045959256649043545, g: 0.00041192120258959635, curr_delay = 0.20875810942258183, data_size = 2688
user 21, emp_avg: 0.06389965577606477, h: 0.9792303703798598, ucb: 1.043221197683862,num_of_obs(calculated after picking at this round): 35, privacy reward: 0.2465969639416059, g: 0.0019933879940884987, curr_delay = 0.8223708039505375, data_size = 1474
user 26, emp_avg: 0.05804639371766659, h: 0.8511734647770484, ucb: 0.9092652423289079,num_of_obs(calculated after picking at this round): 46, privacy reward: 0.15881742610691996, g: -0.002210523642414998, curr_delay = 0.8927914401192781, data_size = 1141
num of fast users chosen: 3, num of slow users chosen: 2
max_delay = 0.89 seconds
after cleansing the weights updates who were almost zeros (meaning with absolute value of less than 10**-7, 0.00% of the weights upadtes) we get:
user No.4.0 has been picked 115, his deltas theta's mean
 is -0.0008365405956283212,
the empirical var of deltas thetas is 0.005896939430385828
the minimum of the deltas theta is -0.3805648684501648 and the maximum is 0.547925591468811
the added laplace noise var is 0.2925236806524165
global epoch 229 has been done artifficialy in 0.89 secs, the total time by now is 191.36 
 with avg train loss 1.175, val loss 1.397, avg val acc 49.41%
iteration: 230
user 1, emp_avg: 0.7182586118965253, h: 1.217831079746791, ucb: 1.937780996346663,num_of_obs(calculated after picking at this round): 23, privacy reward: 0.3985190410845135, g: 2.644736584099261e-07, curr_delay = 0.07341605862011537, data_size = 734
user 4, emp_avg: 0.5538512933769568, h: 0.5326592503536357, ucb: 1.0884076315696007,num_of_obs(calculated after picking at this round): 116, privacy reward: 0.009657697627536765, g: -3.6797386637513144e-05, curr_delay = 0.1489486347899338, data_size = 3770
user 6, emp_avg: 0.4985132723382025, h: 0.5712134089247133, ucb: 1.0718840702860248,num_of_obs(calculated after picking at this round): 101, privacy reward: 0.017597472415622373, g: -0.00013756628688561286, curr_delay = 0.17681941964957915, data_size = 3229
user 14, emp_avg: 0.26226863365532027, h: 0.6978482477720318, ucb: 0.9593334688727226,num_of_obs(calculated after picking at this round): 68, privacy reward: 0.06587475442640223, g: 0.00014399759385521756, curr_delay = 0.15885256354856095, data_size = 2315
user 22, emp_avg: 0.0617040625211968, h: 1.0794918754001672, ucb: 1.1412027216240954,num_of_obs(calculated after picking at this round): 29, privacy reward: 0.3134861808826046, g: -6.568815062720199e-07, curr_delay = 0.8128215268142657, data_size = 923
num of fast users chosen: 4, num of slow users chosen: 1
max_delay = 0.81 seconds
after cleansing the weights updates who were almost zeros (meaning with absolute value of less than 10**-7, 0.00% of the weights upadtes) we get:
user No.1.0 has been picked 23, his deltas theta's mean
 is -0.0005690482794307172,
the empirical var of deltas thetas is 0.004713720176368952
the minimum of the deltas theta is -0.3614773750305176 and the maximum is 0.34911903738975525
the added laplace noise var is 0.0073783174358039395
global epoch 230 has been done artifficialy in 0.81 secs, the total time by now is 192.17 
 with avg train loss 1.254, val loss 1.612, avg val acc 37.45%
iteration: 231
user 2, emp_avg: 0.7142400457528695, h: 1.2469869641341533, ucb: 1.9556259261743438,num_of_obs(calculated after picking at this round): 22, privacy reward: 0.41478291168158077, g: 0.00017903521525934997, curr_delay = 0.06010606529881815, data_size = 796
user 4, emp_avg: 0.5576645301857007, h: 0.5305698486884965, ucb: 1.0844211420654535,num_of_obs(calculated after picking at this round): 117, privacy reward: 0.009279013887063758, g: -6.774256427233448e-05, curr_delay = 0.05, data_size = 3770
user 9, emp_avg: 0.3878194483786683, h: 1.8070557894855033, ucb: 2.2099879348056337,num_of_obs(calculated after picking at this round): 11, privacy reward: 0.6440364210831411, g: 0.0002454732456515653, curr_delay = 0.21124456602440062, data_size = 450
user 13, emp_avg: 0.27785026116831474, h: 0.6512177031713557, ucb: 0.9299113188930817,num_of_obs(calculated after picking at this round): 78, privacy reward: 0.044157168419692305, g: 0.0003549545651379712, curr_delay = 0.23483885014966688, data_size = 2688
user 17, emp_avg: 0.06764477420465188, h: 0.770531177625725, ucb: 0.8382652715669225,num_of_obs(calculated after picking at this round): 56, privacy reward: 0.1064585043792523, g: -1.8531671196407083e-07, curr_delay = 0.7970389849361674, data_size = 1814
num of fast users chosen: 4, num of slow users chosen: 1
max_delay = 0.80 seconds
after cleansing the weights updates who were almost zeros (meaning with absolute value of less than 10**-7, 0.00% of the weights upadtes) we get:
user No.2.0 has been picked 22, his deltas theta's mean
 is -0.0009591107373125851,
the empirical var of deltas thetas is 0.002630655188113451
the minimum of the deltas theta is -0.3738502562046051 and the maximum is 0.3145473599433899
the added laplace noise var is 0.007089009471033874
global epoch 231 has been done artifficialy in 0.80 secs, the total time by now is 192.97 
 with avg train loss 1.287, val loss 1.411, avg val acc 50.22%
iteration: 232
user 3, emp_avg: 0.6413097213455395, h: 1.6502632171363316, ucb: 2.3060288082440454,num_of_obs(calculated after picking at this round): 13, privacy reward: 0.5945205479701939, g: 8.222370081141006e-05, curr_delay = 0.10687430852575439, data_size = 464
user 4, emp_avg: 0.5579360777627422, h: 0.5285072045049688, ucb: 1.0861717346906694,num_of_obs(calculated after picking at this round): 118, privacy reward: 0.008915178548438596, g: -0.00010767029495808014, curr_delay = 0.08478784848593975, data_size = 3770
user 6, emp_avg: 0.49714275725717516, h: 0.568830868301512, ucb: 1.0673441406397144,num_of_obs(calculated after picking at this round): 102, privacy reward: 0.01690746565270429, g: -0.00015107075651068686, curr_delay = 0.1393841929130506, data_size = 3229
user 17, emp_avg: 0.06761947431844426, h: 0.7639234281700651, ucb: 0.831568202374717,num_of_obs(calculated after picking at this round): 57, privacy reward: 0.10228420671553695, g: -1.3797930182497083e-05, curr_delay = 0.7552564258464458, data_size = 1814
user 22, emp_avg: 0.06166661993258356, h: 1.061560728524164, ucb: 1.1232647910453608,num_of_obs(calculated after picking at this round): 30, privacy reward: 0.3011942119122014, g: -1.657590574747956e-05, curr_delay = 0.8253442096076785, data_size = 923
num of fast users chosen: 3, num of slow users chosen: 2
max_delay = 0.83 seconds
after cleansing the weights updates who were almost zeros (meaning with absolute value of less than 10**-7, 0.00% of the weights upadtes) we get:
user No.3.0 has been picked 13, his deltas theta's mean
 is -0.0010234866058453918,
the empirical var of deltas thetas is 0.0014203820610418916
the minimum of the deltas theta is -0.25086864829063416 and the maximum is 0.21150881052017212
the added laplace noise var is 0.004945834083233656
global epoch 232 has been done artifficialy in 0.83 secs, the total time by now is 193.80 
 with avg train loss 1.226, val loss 1.449, avg val acc 48.04%
iteration: 233
user 4, emp_avg: 0.5557893724289071, h: 0.5264707463776845, ucb: 1.0844068241404268,num_of_obs(calculated after picking at this round): 119, privacy reward: 0.008565609397496954, g: -0.00015634634464048856, curr_delay = 0.16530119994154252, data_size = 3770
user 5, emp_avg: 0.527921032896629, h: 1.528449978652374, ucb: 2.0495562343149176,num_of_obs(calculated after picking at this round): 15, privacy reward: 0.5488116360940261, g: 0.0005772990018288616, curr_delay = 0.08021460111612586, data_size = 642
user 13, emp_avg: 0.27862623889966626, h: 0.6475420065712221, ucb: 0.9253922677395368,num_of_obs(calculated after picking at this round): 79, privacy reward: 0.04242574108051078, g: 0.0003030949647244447, curr_delay = 0.14742630443014124, data_size = 2688
user 27, emp_avg: 0.0569937739416783, h: 0.7205182297396849, ucb: 0.7775112356618797,num_of_obs(calculated after picking at this round): 64, privacy reward: 0.07730474044329905, g: -0.003259344103643295, curr_delay = 0.8765446597443926, data_size = 1628
user 28, emp_avg: 0.055549154427217286, h: 0.9807894587494032, ucb: 1.0363180862069645,num_of_obs(calculated after picking at this round): 35, privacy reward: 0.2465969639416059, g: 0.00014286661415056052, curr_delay = 0.888935170480388, data_size = 1205
num of fast users chosen: 3, num of slow users chosen: 2
max_delay = 0.89 seconds
after cleansing the weights updates who were almost zeros (meaning with absolute value of less than 10**-7, 0.00% of the weights upadtes) we get:
user No.4.0 has been picked 119, his deltas theta's mean
 is -0.0010590458987280726,
the empirical var of deltas thetas is 0.006231729872524738
the minimum of the deltas theta is -0.44927307963371277 and the maximum is 0.4342740774154663
the added laplace noise var is 0.34327971926814715
global epoch 233 has been done artifficialy in 0.89 secs, the total time by now is 194.68 
 with avg train loss 1.201, val loss 1.432, avg val acc 49.78%
iteration: 234
user 0, emp_avg: 0.7926399084445029, h: 0.5637248407159777, ucb: 1.358803225503997,num_of_obs(calculated after picking at this round): 104, privacy reward: 0.015607557919981918, g: 0.00053991284340883, curr_delay = 0.09234005194487085, data_size = 3537
user 5, emp_avg: 0.5124958088800557, h: 1.4772029129889641, ucb: 2.005123945885593,num_of_obs(calculated after picking at this round): 16, privacy reward: 0.5272924240430481, g: 0.00040041291069065256, curr_delay = 0.17786160284041802, data_size = 642
user 6, emp_avg: 0.49701416068287535, h: 0.5664814578429419, ucb: 1.0636242151001172,num_of_obs(calculated after picking at this round): 103, privacy reward: 0.016244514441948854, g: -0.00016496044327843348, curr_delay = 0.10332770808174864, data_size = 3229
user 27, emp_avg: 0.057032278402223316, h: 0.7151477851219177, ucb: 0.7721415590635959,num_of_obs(calculated after picking at this round): 65, privacy reward: 0.07427357821433322, g: -0.0036250843108723146, curr_delay = 0.8403846666385584, data_size = 1628
user 28, emp_avg: 0.05559298249049591, h: 0.9670563093687418, ucb: 1.022605463795959,num_of_obs(calculated after picking at this round): 36, privacy reward: 0.23692775868212124, g: 6.893614755636325e-05, curr_delay = 0.8752434206504772, data_size = 1205
num of fast users chosen: 3, num of slow users chosen: 2
max_delay = 0.88 seconds
after cleansing the weights updates who were almost zeros (meaning with absolute value of less than 10**-7, 0.00% of the weights upadtes) we get:
user No.0.0 has been picked 104, his deltas theta's mean
 is 0.0005671739345416427,
the empirical var of deltas thetas is 0.007337928283959627
the minimum of the deltas theta is -0.6982389092445374 and the maximum is 0.6436119675636292
the added laplace noise var is 0.18839590436945
global epoch 234 has been done artifficialy in 0.88 secs, the total time by now is 195.56 
 with avg train loss 1.141, val loss 1.519, avg val acc 44.08%
iteration: 235
user 4, emp_avg: 0.5570396289799091, h: 0.5246648636992436, ucb: 1.0804542361281508,num_of_obs(calculated after picking at this round): 120, privacy reward: 0.00822974704901891, g: -0.00015497918637914827, curr_delay = 0.07083957491774993, data_size = 3770
user 13, emp_avg: 0.27865692965343036, h: 0.6439348292842834, ucb: 0.9225610681839496,num_of_obs(calculated after picking at this round): 80, privacy reward: 0.0407622039783655, g: 0.0002561074830927189, curr_delay = 0.17788435077429993, data_size = 2688
user 14, emp_avg: 0.2622835067634155, h: 0.6940663755008992, ucb: 0.9563350091562195,num_of_obs(calculated after picking at this round): 69, privacy reward: 0.06329176835964001, g: 0.0001943945734015653, curr_delay = 0.18990114945711803, data_size = 2315
user 16, emp_avg: 0.06903491152560345, h: 1.044948373283978, ucb: 1.1139806891048964,num_of_obs(calculated after picking at this round): 31, privacy reward: 0.2893842179390499, g: 5.332605528250078e-06, curr_delay = 0.7234551709706522, data_size = 992
user 19, emp_avg: 0.0647725081017434, h: 1.5296477905729278, ucb: 1.5949465209444873,num_of_obs(calculated after picking at this round): 15, privacy reward: 0.5488116360940261, g: 0.0003188564310731111, curr_delay = 0.8709982545459742, data_size = 591
num of fast users chosen: 3, num of slow users chosen: 2
max_delay = 0.87 seconds
after cleansing the weights updates who were almost zeros (meaning with absolute value of less than 10**-7, 0.00% of the weights upadtes) we get:
user No.4.0 has been picked 120, his deltas theta's mean
 is -0.0016731242649257183,
the empirical var of deltas thetas is 0.005716795567423105
the minimum of the deltas theta is -0.4092894196510315 and the maximum is 0.534371018409729
the added laplace noise var is 0.3572892303760259
global epoch 235 has been done artifficialy in 0.87 secs, the total time by now is 196.43 
 with avg train loss 1.273, val loss 1.515, avg val acc 44.10%
iteration: 236
user 0, emp_avg: 0.7946147664593172, h: 0.5614455144308791, ucb: 1.354085422875382,num_of_obs(calculated after picking at this round): 105, privacy reward: 0.014995576820476808, g: 0.0005166073846119954, curr_delay = 0.05, data_size = 3537
user 8, emp_avg: 0.38916852303135263, h: 0.6747735302199306, ucb: 1.0634233388100762,num_of_obs(calculated after picking at this round): 73, privacy reward: 0.053933687300355304, g: 0.0020479777483632857, curr_delay = 0.11722890667904888, data_size = 2674
user 12, emp_avg: 0.3087004150300941, h: 1.6528508409753149, ucb: 1.9688803175799168,num_of_obs(calculated after picking at this round): 13, privacy reward: 0.5945205479701939, g: 6.57748815986544e-05, curr_delay = 0.22649884646491208, data_size = 450
user 21, emp_avg: 0.06371569038478114, h: 0.9678103537685125, ucb: 1.0317100095445773,num_of_obs(calculated after picking at this round): 36, privacy reward: 0.23692775868212124, g: 0.002008286068038504, curr_delay = 0.8729522464525441, data_size = 1474
user 26, emp_avg: 0.05793304398041625, h: 0.844200043650196, ucb: 0.9022464373678626,num_of_obs(calculated after picking at this round): 47, privacy reward: 0.15259010575688325, g: -0.0020634224654759396, curr_delay = 0.9484254569940535, data_size = 1141
num of fast users chosen: 3, num of slow users chosen: 2
max_delay = 0.95 seconds
after cleansing the weights updates who were almost zeros (meaning with absolute value of less than 10**-7, 0.00% of the weights upadtes) we get:
user No.0.0 has been picked 105, his deltas theta's mean
 is -0.0017043958650901914,
the empirical var of deltas thetas is 0.006794514134526253
the minimum of the deltas theta is -0.5573029518127441 and the maximum is 0.566169798374176
the added laplace noise var is 0.19608448708144238
global epoch 236 has been done artifficialy in 0.95 secs, the total time by now is 197.38 
 with avg train loss 1.264, val loss 1.544, avg val acc 43.86%
iteration: 237
user 4, emp_avg: 0.556050151347084, h: 0.5228795339815439, ucb: 1.079919162961453,num_of_obs(calculated after picking at this round): 121, privacy reward: 0.00790705405159231, g: -0.00015364095516179284, curr_delay = 0.11433462718591811, data_size = 3770
user 8, emp_avg: 0.3873669365727316, h: 0.6703951078589727, ucb: 1.0595636308903253,num_of_obs(calculated after picking at this round): 74, privacy reward: 0.05181891717272524, g: 0.0017911903049526662, curr_delay = 0.1954261486313489, data_size = 2674
user 12, emp_avg: 0.3062052088247171, h: 1.588622064916414, ucb: 1.897322479946508,num_of_obs(calculated after picking at this round): 14, privacy reward: 0.5712090638488144, g: 1.6853557404796252e-05, curr_delay = 0.18263670763657885, data_size = 450
user 16, emp_avg: 0.06894274699783316, h: 1.0287537221633096, ucb: 1.097788633688913,num_of_obs(calculated after picking at this round): 32, privacy reward: 0.2780373004531934, g: -6.936721015339796e-07, curr_delay = 0.7565939435332816, data_size = 992
user 17, emp_avg: 0.06762994715561185, h: 0.7586733671444018, ucb: 0.8262928414628461,num_of_obs(calculated after picking at this round): 58, privacy reward: 0.09827358560436095, g: -8.074550155903204e-06, curr_delay = 0.7328487858171374, data_size = 1814
num of fast users chosen: 3, num of slow users chosen: 2
max_delay = 0.76 seconds
after cleansing the weights updates who were almost zeros (meaning with absolute value of less than 10**-7, 0.00% of the weights upadtes) we get:
user No.4.0 has been picked 121, his deltas theta's mean
 is -0.0006820042617619038,
the empirical var of deltas thetas is 0.008079564198851585
the minimum of the deltas theta is -0.4703650176525116 and the maximum is 0.48441219329833984
the added laplace noise var is 0.37187048047827415
global epoch 237 has been done artifficialy in 0.76 secs, the total time by now is 198.14 
 with avg train loss 1.268, val loss 1.514, avg val acc 46.24%
iteration: 238
user 0, emp_avg: 0.7954540960732224, h: 0.5591969074956117, ucb: 1.3538116739549289,num_of_obs(calculated after picking at this round): 106, privacy reward: 0.014407591843111467, g: 0.0004941948756226756, curr_delay = 0.056587734344674574, data_size = 3537
user 6, emp_avg: 0.5001235171162705, h: 0.5645999016575689, ucb: 1.0616140623404442,num_of_obs(calculated after picking at this round): 104, privacy reward: 0.015607557919981918, g: -9.446607717848259e-05, curr_delay = 0.06094682874923969, data_size = 3229
user 18, emp_avg: 0.06654228888489332, h: 1.2504022979678495, ucb: 1.3171793108159473,num_of_obs(calculated after picking at this round): 22, privacy reward: 0.41478291168158077, g: 1.5607134782451082e-06, curr_delay = 0.8115159217615653, data_size = 683
user 26, emp_avg: 0.057864349626111006, h: 0.8358156169724767, ucb: 0.893748660952893,num_of_obs(calculated after picking at this round): 48, privacy reward: 0.14660696213034952, g: -0.002302910293305586, curr_delay = 0.9151522959662878, data_size = 1141
user 27, emp_avg: 0.05702312584214485, h: 0.7107268656591466, ucb: 0.7677591440613699,num_of_obs(calculated after picking at this round): 66, privacy reward: 0.07136126955638533, g: -0.0035776719184531488, curr_delay = 0.8860816336159707, data_size = 1628
num of fast users chosen: 2, num of slow users chosen: 3
max_delay = 0.92 seconds
after cleansing the weights updates who were almost zeros (meaning with absolute value of less than 10**-7, 0.00% of the weights upadtes) we get:
user No.0.0 has been picked 106, his deltas theta's mean
 is -0.0004212833591736853,
the empirical var of deltas thetas is 0.007369940169155598
the minimum of the deltas theta is -0.5481842160224915 and the maximum is 0.47794413566589355
the added laplace noise var is 0.2040868468063534
global epoch 238 has been done artifficialy in 0.92 secs, the total time by now is 199.05 
 with avg train loss 1.210, val loss 1.600, avg val acc 41.59%
iteration: 239
user 3, emp_avg: 0.6317154286499139, h: 1.5898423074097408, ucb: 2.23115202875528,num_of_obs(calculated after picking at this round): 14, privacy reward: 0.5712090638488144, g: 4.0941583231476345e-05, curr_delay = 0.09862134779858873, data_size = 464
user 4, emp_avg: 0.5561043009061905, h: 0.5211143599334366, ucb: 1.0771645112805206,num_of_obs(calculated after picking at this round): 122, privacy reward: 0.007597014027576399, g: -0.00015233077908772652, curr_delay = 0.08886418108280597, data_size = 3770
user 13, emp_avg: 0.287562399657709, h: 0.6408859230743513, ucb: 0.9195428527277817,num_of_obs(calculated after picking at this round): 81, privacy reward: 0.03916389509898632, g: 0.0003043467886887305, curr_delay = 0.05, data_size = 2688
user 16, emp_avg: 0.06887366058068352, h: 1.0133296186272058, ucb: 1.082272365625039,num_of_obs(calculated after picking at this round): 33, privacy reward: 0.26713530196584967, g: -1.5385185862817503e-05, curr_delay = 0.7500424310415718, data_size = 992
user 21, emp_avg: 0.06366347990347242, h: 0.9553763265446338, ucb: 1.0190920169294149,num_of_obs(calculated after picking at this round): 37, privacy reward: 0.22763768838381226, g: 0.0018055169098305064, curr_delay = 0.8092722847703737, data_size = 1474
num of fast users chosen: 3, num of slow users chosen: 2
max_delay = 0.81 seconds
after cleansing the weights updates who were almost zeros (meaning with absolute value of less than 10**-7, 0.00% of the weights upadtes) we get:
user No.3.0 has been picked 14, his deltas theta's mean
 is -9.24896085052751e-06,
the empirical var of deltas thetas is 0.001401666202582419
the minimum of the deltas theta is -0.2045772671699524 and the maximum is 0.20659828186035156
the added laplace noise var is 0.005147677401197522
global epoch 239 has been done artifficialy in 0.81 secs, the total time by now is 199.86 
 with avg train loss 1.286, val loss 1.884, avg val acc 33.43%
iteration: 240
user 0, emp_avg: 0.7973657400351549, h: 0.5569783162004345, ucb: 1.3524324122736568,num_of_obs(calculated after picking at this round): 107, privacy reward: 0.013842662086478552, g: 0.0004726405655895364, curr_delay = 0.05, data_size = 3537
user 8, emp_avg: 0.38816919946293216, h: 0.6666154280540024, ucb: 1.0539823646267341,num_of_obs(calculated after picking at this round): 75, privacy reward: 0.049787068367863285, g: 0.0017645040844307825, curr_delay = 0.1117226927159928, data_size = 2674
user 16, emp_avg: 0.06872324353427259, h: 0.9982383504173732, ucb: 1.0671120109980567,num_of_obs(calculated after picking at this round): 34, privacy reward: 0.25666077695355527, g: -5.671870284363408e-05, curr_delay = 0.7841970984342442, data_size = 992
user 18, emp_avg: 0.06653228131793035, h: 1.2225873001000778, ucb: 1.289129588984971,num_of_obs(calculated after picking at this round): 23, privacy reward: 0.3985190410845135, g: -4.761505255856834e-06, curr_delay = 0.7540100344720384, data_size = 683
num of fast users chosen: 2, num of slow users chosen: 2
max_delay = 0.78 seconds
after cleansing the weights updates who were almost zeros (meaning with absolute value of less than 10**-7, 0.00% of the weights upadtes) we get:
user No.0.0 has been picked 107, his deltas theta's mean
 is -0.0010678181424736977,
the empirical var of deltas thetas is 0.00673401914536953
the minimum of the deltas theta is -0.5350098609924316 and the maximum is 0.5347641706466675
the added laplace noise var is 0.21241578902700403
global epoch 240 has been done artifficialy in 0.78 secs, the total time by now is 200.64 
 with avg train loss 1.335, val loss 1.876, avg val acc 31.94%
iteration: 241
user 4, emp_avg: 0.5551216682898145, h: 0.5193689550629176, ucb: 1.075473255969108,num_of_obs(calculated after picking at this round): 123, privacy reward: 0.0072991308467874605, g: -0.00015104781999535652, curr_delay = 0.11487901804429175, data_size = 3770
user 7, emp_avg: 0.41757820967392206, h: 1.391334137584666, ucb: 1.8186014109244972,num_of_obs(calculated after picking at this round): 18, privacy reward: 0.48675225595997107, g: -0.00017302754271068655, curr_delay = 0.19773465110813382, data_size = 438
user 8, emp_avg: 0.38639471756095783, h: 0.6624075442499522, ucb: 1.0505767437128843,num_of_obs(calculated after picking at this round): 76, privacy reward: 0.047834889494197785, g: 0.0015316276237223032, curr_delay = 0.19738771187353468, data_size = 2674
user 14, emp_avg: 0.2634290045949079, h: 0.690607604781323, ucb: 0.9528911115447385,num_of_obs(calculated after picking at this round): 70, privacy reward: 0.060810062625217265, g: 0.0002889045912184378, curr_delay = 0.1459988909185164, data_size = 2315
user 26, emp_avg: 0.05785761531340419, h: 0.8280094303124402, ucb: 0.8858737799385512,num_of_obs(calculated after picking at this round): 49, privacy reward: 0.1408584209210444, g: -0.002468080583653258, curr_delay = 0.8690457803632202, data_size = 1141
num of fast users chosen: 4, num of slow users chosen: 1
max_delay = 0.87 seconds
after cleansing the weights updates who were almost zeros (meaning with absolute value of less than 10**-7, 0.00% of the weights upadtes) we get:
user No.4.0 has been picked 123, his deltas theta's mean
 is -0.0009433647501282394,
the empirical var of deltas thetas is 0.005636291578412056
the minimum of the deltas theta is -0.42699310183525085 and the maximum is 0.443788081407547
the added laplace noise var is 0.4028424823521875
global epoch 241 has been done artifficialy in 0.87 secs, the total time by now is 201.51 
 with avg train loss 1.264, val loss 1.683, avg val acc 39.68%
iteration: 242
user 0, emp_avg: 0.7972511163936462, h: 0.5547890594921197, ucb: 1.3521547995272747,num_of_obs(calculated after picking at this round): 108, privacy reward: 0.013299883542442825, g: 0.0004519112598679901, curr_delay = 0.06369537210303508, data_size = 3537
user 5, emp_avg: 0.5098456372270849, h: 1.4346956636544064, ucb: 1.9471914725344621,num_of_obs(calculated after picking at this round): 17, privacy reward: 0.5066169923655891, g: 0.0003238985501462501, curr_delay = 0.1069649383620219, data_size = 642
user 6, emp_avg: 0.4984839437295119, h: 0.5627339373108284, ucb: 1.0628574544270988,num_of_obs(calculated after picking at this round): 105, privacy reward: 0.014995576820476808, g: -4.486753049439218e-05, curr_delay = 0.15245375313947362, data_size = 3229
user 21, emp_avg: 0.06360318227741171, h: 0.9434500567846876, ucb: 1.00711353668816,num_of_obs(calculated after picking at this round): 38, privacy reward: 0.21871188695221422, g: 0.0016181654785669083, curr_delay = 0.8147015154882749, data_size = 1474
user 24, emp_avg: 0.060686250854493355, h: 1.0477535708511507, ucb: 1.1083961718442783,num_of_obs(calculated after picking at this round): 31, privacy reward: 0.2893842179390499, g: 0.00033552968720192556, curr_delay = 0.8065069406391585, data_size = 1086
num of fast users chosen: 3, num of slow users chosen: 2
max_delay = 0.81 seconds
after cleansing the weights updates who were almost zeros (meaning with absolute value of less than 10**-7, 0.00% of the weights upadtes) we get:
user No.0.0 has been picked 108, his deltas theta's mean
 is -0.001688266173005104,
the empirical var of deltas thetas is 0.006613516714423895
the minimum of the deltas theta is -0.48479846119880676 and the maximum is 0.5446617603302002
the added laplace noise var is 0.2210846418278831
global epoch 242 has been done artifficialy in 0.81 secs, the total time by now is 202.33 
 with avg train loss 1.275, val loss 1.543, avg val acc 46.72%
iteration: 243
user 4, emp_avg: 0.5530131427191943, h: 0.5176429433000314, ucb: 1.0727646115898457,num_of_obs(calculated after picking at this round): 124, privacy reward: 0.007012927832584226, g: -0.00014979127187799695, curr_delay = 0.17026232459167545, data_size = 3770
user 13, emp_avg: 0.2874522580299602, h: 0.6378819955504687, ucb: 0.9254443952081777,num_of_obs(calculated after picking at this round): 82, privacy reward: 0.03762825680717552, g: 0.0003549545651379712, curr_delay = 0.17951336972593449, data_size = 2688
user 17, emp_avg: 0.06764395593907085, h: 0.753822084790561, ucb: 0.8214520319461729,num_of_obs(calculated after picking at this round): 59, privacy reward: 0.09442022319630183, g: -1.037085100539118e-06, curr_delay = 0.7303912015128945, data_size = 1814
user 24, emp_avg: 0.060763128046619576, h: 1.031102896214554, ucb: 1.0917891470690475,num_of_obs(calculated after picking at this round): 32, privacy reward: 0.2780373004531934, g: 0.0002164545708130519, curr_delay = 0.7918117668010273, data_size = 1086
user 29, emp_avg: 0.055103913813339095, h: 1.223972085615356, ucb: 1.279044520481711,num_of_obs(calculated after picking at this round): 23, privacy reward: 0.3985190410845135, g: -0.00019293381046001158, curr_delay = 0.8961143481390389, data_size = 585
num of fast users chosen: 2, num of slow users chosen: 3
max_delay = 0.90 seconds
after cleansing the weights updates who were almost zeros (meaning with absolute value of less than 10**-7, 0.03% of the weights upadtes) we get:
user No.4.0 has been picked 124, his deltas theta's mean
 is -0.0015064409235492349,
the empirical var of deltas thetas is 0.005694316700100899
the minimum of the deltas theta is -0.5437870025634766 and the maximum is 0.4723328948020935
the added laplace noise var is 0.4192827959345638
global epoch 243 has been done artifficialy in 0.90 secs, the total time by now is 203.22 
 with avg train loss 1.212, val loss 1.627, avg val acc 41.56%
iteration: 244
user 4, emp_avg: 0.5507520230380135, h: 0.515744133171948, ucb: 1.0687572758911423,num_of_obs(calculated after picking at this round): 125, privacy reward: 0.006737946999084254, g: -0.00020342764249211043, curr_delay = 0.18492958334268186, data_size = 3770
user 5, emp_avg: 0.5092808942408166, h: 1.3929023729937855, ucb: 1.9027480102208703,num_of_obs(calculated after picking at this round): 18, privacy reward: 0.48675225595997107, g: 0.00020853534893052535, curr_delay = 0.10006398822389379, data_size = 642
user 8, emp_avg: 0.38873431149677107, h: 0.6587768705371543, ucb: 1.045171588098112,num_of_obs(calculated after picking at this round): 77, privacy reward: 0.045959256649043545, g: 0.0015104045944096093, curr_delay = 0.08825448418017678, data_size = 2674
user 26, emp_avg: 0.05795448243303487, h: 0.8204405157181237, ucb: 0.8782981310315279,num_of_obs(calculated after picking at this round): 50, privacy reward: 0.13533528323661215, g: -0.0026346999212086848, curr_delay = 0.797435812673552, data_size = 1141
user 27, emp_avg: 0.05707186015760861, h: 0.7069247243771756, ucb: 0.7639478502193204,num_of_obs(calculated after picking at this round): 67, privacy reward: 0.06856315415427716, g: -0.003271405617940598, curr_delay = 0.8293479710717723, data_size = 1628
num of fast users chosen: 3, num of slow users chosen: 2
max_delay = 0.83 seconds
after cleansing the weights updates who were almost zeros (meaning with absolute value of less than 10**-7, 0.03% of the weights upadtes) we get:
user No.4.0 has been picked 125, his deltas theta's mean
 is -0.0019061204511672258,
the empirical var of deltas thetas is 0.00593286007642746
the minimum of the deltas theta is -0.4680655002593994 and the maximum is 0.4969436526298523
the added laplace noise var is 0.43639405144220245
global epoch 244 has been done artifficialy in 0.83 secs, the total time by now is 204.05 
 with avg train loss 1.224, val loss 1.624, avg val acc 39.93%
iteration: 245
user 0, emp_avg: 0.7944910860749792, h: 0.5528340222357645, ucb: 1.3500851386294106,num_of_obs(calculated after picking at this round): 109, privacy reward: 0.012778387649534761, g: 0.0005103369401858168, curr_delay = 0.10072363654573721, data_size = 3537
user 13, emp_avg: 0.28665330966692376, h: 0.6344533777799938, ucb: 0.921905635809954,num_of_obs(calculated after picking at this round): 83, privacy reward: 0.03615283175404571, g: 0.00030553969216397215, curr_delay = 0.22610157875281267, data_size = 2688
user 14, emp_avg: 0.26248881366253507, h: 0.6866850937996913, ucb: 0.9501140983945993,num_of_obs(calculated after picking at this round): 71, privacy reward: 0.05842566596450016, g: 0.0003094067580726622, curr_delay = 0.2542259362196318, data_size = 2315
user 16, emp_avg: 0.0685980545196777, h: 0.9852970478231778, ucb: 1.0540202913574503,num_of_obs(calculated after picking at this round): 35, privacy reward: 0.2465969639416059, g: -7.755782819311385e-05, curr_delay = 0.777101878456916, data_size = 992
user 20, emp_avg: 0.06495697390628899, h: 1.5354745488719292, ucb: 1.6002673553721503,num_of_obs(calculated after picking at this round): 15, privacy reward: 0.5488116360940261, g: 1.3956611446735923e-07, curr_delay = 0.7434356388573711, data_size = 439
num of fast users chosen: 3, num of slow users chosen: 2
max_delay = 0.78 seconds
after cleansing the weights updates who were almost zeros (meaning with absolute value of less than 10**-7, 0.00% of the weights upadtes) we get:
user No.0.0 has been picked 109, his deltas theta's mean
 is -0.0015544522320851684,
the empirical var of deltas thetas is 0.006651883013546467
the minimum of the deltas theta is -0.5371763706207275 and the maximum is 0.5855573415756226
the added laplace noise var is 0.23010727722292584
global epoch 245 has been done artifficialy in 0.78 secs, the total time by now is 204.83 
 with avg train loss 1.391, val loss 1.725, avg val acc 36.71%
iteration: 246
user 4, emp_avg: 0.5504084987456226, h: 0.5140582785295392, ucb: 1.0648103015675527,num_of_obs(calculated after picking at this round): 126, privacy reward: 0.006473748318288286, g: -0.00020153113626026592, curr_delay = 0.09852838745436732, data_size = 3770
user 10, emp_avg: 0.3772508551589788, h: 1.000484567681841, ucb: 1.3768262699428369,num_of_obs(calculated after picking at this round): 34, privacy reward: 0.25666077695355527, g: 5.214214004963468e-05, curr_delay = 0.12277383390692065, data_size = 1079
user 13, emp_avg: 0.28706929621215693, h: 0.6308532108833699, ucb: 0.9175065205502937,num_of_obs(calculated after picking at this round): 84, privacy reward: 0.034735258944737835, g: 0.0002183064545559828, curr_delay = 0.1554744838167662, data_size = 2688
user 17, emp_avg: 0.06764987490532315, h: 0.7482407526946935, ucb: 0.8158847086337644,num_of_obs(calculated after picking at this round): 60, privacy reward: 0.0907179532894119, g: -4.720384361673889e-06, curr_delay = 0.7353039154180944, data_size = 1814
user 18, emp_avg: 0.06663279950937363, h: 1.1984045411113347, ucb: 1.264936822429265,num_of_obs(calculated after picking at this round): 24, privacy reward: 0.3828928859751114, g: -1.6090974189196292e-05, curr_delay = 0.7252187189076115, data_size = 683
num of fast users chosen: 3, num of slow users chosen: 2
max_delay = 0.74 seconds
after cleansing the weights updates who were almost zeros (meaning with absolute value of less than 10**-7, 0.00% of the weights upadtes) we get:
user No.4.0 has been picked 126, his deltas theta's mean
 is -0.0021870273631066084,
the empirical var of deltas thetas is 0.006553802639245987
the minimum of the deltas theta is -0.43960100412368774 and the maximum is 0.48469775915145874
the added laplace noise var is 0.4542036305345117
global epoch 246 has been done artifficialy in 0.74 secs, the total time by now is 205.57 
 with avg train loss 1.356, val loss 1.688, avg val acc 37.53%
iteration: 247
user 4, emp_avg: 0.5539485893066807, h: 0.5122029144330528, ucb: 1.0626114131786752,num_of_obs(calculated after picking at this round): 127, privacy reward: 0.006219909015941494, g: -0.0002620365302879595, curr_delay = 0.05, data_size = 3770
user 5, emp_avg: 0.5004584542587812, h: 1.3551615323923538, ucb: 1.8644424266331705,num_of_obs(calculated after picking at this round): 19, privacy reward: 0.4676664270099087, g: 0.00012630141608764182, curr_delay = 0.14634665997087365, data_size = 642
user 6, emp_avg: 0.4993398346302695, h: 0.5610901805097429, ucb: 1.059574124239255,num_of_obs(calculated after picking at this round): 106, privacy reward: 0.014407591843111467, g: -4.192139217906096e-06, curr_delay = 0.08485962142468906, data_size = 3229
user 16, emp_avg: 0.06850706886529427, h: 0.9718367002708672, ucb: 1.0404347547905448,num_of_obs(calculated after picking at this round): 36, privacy reward: 0.23692775868212124, g: -0.00013763013103399086, curr_delay = 0.7654322122315513, data_size = 992
user 17, emp_avg: 0.06759914672886713, h: 0.74225254035456, ucb: 0.8099024152598832,num_of_obs(calculated after picking at this round): 61, privacy reward: 0.08716085146198072, g: -2.756487239942641e-05, curr_delay = 0.7745278708959838, data_size = 1814
num of fast users chosen: 3, num of slow users chosen: 2
max_delay = 0.77 seconds
after cleansing the weights updates who were almost zeros (meaning with absolute value of less than 10**-7, 0.00% of the weights upadtes) we get:
user No.4.0 has been picked 127, his deltas theta's mean
 is -0.0015847072936594486,
the empirical var of deltas thetas is 0.006033129524439573
the minimum of the deltas theta is -0.43275198340415955 and the maximum is 0.4373181164264679
the added laplace noise var is 0.4727400323376186
global epoch 247 has been done artifficialy in 0.77 secs, the total time by now is 206.34 
 with avg train loss 1.320, val loss 1.814, avg val acc 32.88%
iteration: 248
user 3, emp_avg: 0.61464448750077, h: 1.5371720899335592, ucb: 2.1688875185834733,num_of_obs(calculated after picking at this round): 15, privacy reward: 0.5488116360940261, g: 1.883780100237625e-05, curr_delay = 0.13310215745543208, data_size = 464
user 4, emp_avg: 0.5532637903351478, h: 0.5103694236900519, ucb: 1.0643180129967327,num_of_obs(calculated after picking at this round): 128, privacy reward: 0.005976022895004873, g: -0.0003298894523189702, curr_delay = 0.10722841294331442, data_size = 3770
user 13, emp_avg: 0.2870697805430256, h: 0.6275478778641391, ucb: 0.9146171740762961,num_of_obs(calculated after picking at this round): 85, privacy reward: 0.0333732699603253, g: 0.00018127643735542305, curr_delay = 0.17414899911654452, data_size = 2688
user 26, emp_avg: 0.05793986727019396, h: 0.8133950144547223, ucb: 0.8713494968877572,num_of_obs(calculated after picking at this round): 51, privacy reward: 0.13002871087842538, g: -0.002716761174981222, curr_delay = 0.8739866913151948, data_size = 1141
user 27, emp_avg: 0.05710387956780966, h: 0.7026662705127286, ucb: 0.7597381306703371,num_of_obs(calculated after picking at this round): 68, privacy reward: 0.06587475442640223, g: -0.0032337066846050986, curr_delay = 0.8438935350113752, data_size = 1628
num of fast users chosen: 3, num of slow users chosen: 2
max_delay = 0.87 seconds
after cleansing the weights updates who were almost zeros (meaning with absolute value of less than 10**-7, 0.00% of the weights upadtes) we get:
user No.3.0 has been picked 15, his deltas theta's mean
 is -0.0004125260456930846,
the empirical var of deltas thetas is 0.0013361909659579396
the minimum of the deltas theta is -0.22085469961166382 and the maximum is 0.2434474229812622
the added laplace noise var is 0.005357758101233054
global epoch 248 has been done artifficialy in 0.87 secs, the total time by now is 207.21 
 with avg train loss 1.235, val loss 1.637, avg val acc 41.89%
iteration: 249
user 4, emp_avg: 0.5515518838961502, h: 0.5085573758405074, ucb: 1.0618211661756551,num_of_obs(calculated after picking at this round): 129, privacy reward: 0.00574169968565319, g: -0.00040490735373929185, curr_delay = 0.1504085729891984, data_size = 3770
user 13, emp_avg: 0.28572087310868666, h: 0.6240731233436204, ucb: 0.9111429038866461,num_of_obs(calculated after picking at this round): 86, privacy reward: 0.03206468532786, g: 0.0001168152290775746, curr_delay = 0.2922887085960676, data_size = 2688
user 17, emp_avg: 0.06747280811425543, h: 0.7366819428343333, ucb: 0.8042810895632004,num_of_obs(calculated after picking at this round): 62, privacy reward: 0.08374322559219538, g: -5.3511651553028e-05, curr_delay = 0.836593921570365, data_size = 1814
user 18, emp_avg: 0.06663345942056444, h: 1.1744629513595466, ucb: 1.2410957508689202,num_of_obs(calculated after picking at this round): 25, privacy reward: 0.36787944117144167, g: -4.762328845186249e-05, curr_delay = 0.7501954564214804, data_size = 683
user 26, emp_avg: 0.057895329643151056, h: 0.8056749378418298, ucb: 0.8636148051120237,num_of_obs(calculated after picking at this round): 52, privacy reward: 0.12493021219858191, g: -0.003061290833327083, curr_delay = 0.8988940080473972, data_size = 1141
num of fast users chosen: 2, num of slow users chosen: 3
max_delay = 0.90 seconds
after cleansing the weights updates who were almost zeros (meaning with absolute value of less than 10**-7, 0.00% of the weights upadtes) we get:
user No.4.0 has been picked 129, his deltas theta's mean
 is -0.001639974070712924,
the empirical var of deltas thetas is 0.0060539632104337215
the minimum of the deltas theta is -0.539889931678772 and the maximum is 0.7224884629249573
the added laplace noise var is 0.5121131634035839
global epoch 249 has been done artifficialy in 0.90 secs, the total time by now is 208.11 
 with avg train loss 1.298, val loss 1.696, avg val acc 38.74%
iteration: 250
user 3, emp_avg: 0.5965781607798063, h: 1.4861306696064442, ucb: 2.1007751571072144,num_of_obs(calculated after picking at this round): 16, privacy reward: 0.5272924240430481, g: 6.270525023840272e-07, curr_delay = 0.15357054906729917, data_size = 464
user 4, emp_avg: 0.5505495299746077, h: 0.5067663521925297, ucb: 1.05831823608868,num_of_obs(calculated after picking at this round): 130, privacy reward: 0.005516564420759651, g: -0.0004869121050820806, curr_delay = 0.11869552457301791, data_size = 3770
user 6, emp_avg: 0.497410407972907, h: 0.5590487667928263, ucb: 1.0583886014230959,num_of_obs(calculated after picking at this round): 107, privacy reward: 0.013842662086478552, g: -8.954020179126479e-07, curr_delay = 0.17071186509831698, data_size = 3229
user 17, emp_avg: 0.06743044944150711, h: 0.730982166359109, ucb: 0.7984549744733644,num_of_obs(calculated after picking at this round): 63, privacy reward: 0.08045960674953179, g: -0.0001068173136188943, curr_delay = 0.7715547904118083, data_size = 1814
user 26, emp_avg: 0.05789450568337877, h: 0.7981802079535176, ucb: 0.8560755375966687,num_of_obs(calculated after picking at this round): 53, privacy reward: 0.12003162851145621, g: -0.0034233798393265027, curr_delay = 0.8642794380363974, data_size = 1141
num of fast users chosen: 3, num of slow users chosen: 2
max_delay = 0.86 seconds
after cleansing the weights updates who were almost zeros (meaning with absolute value of less than 10**-7, 0.01% of the weights upadtes) we get:
user No.3.0 has been picked 16, his deltas theta's mean
 is -0.00033894742955453694,
the empirical var of deltas thetas is 0.0016056037275120616
the minimum of the deltas theta is -0.2770305871963501 and the maximum is 0.23885229229927063
the added laplace noise var is 0.005576412357279915
global epoch 250 has been done artifficialy in 0.86 secs, the total time by now is 208.98 
 with avg train loss 1.304, val loss 1.829, avg val acc 33.72%
iteration: 251
user 1, emp_avg: 0.7273072611572823, h: 1.2005925644699227, ucb: 1.918851176366448,num_of_obs(calculated after picking at this round): 24, privacy reward: 0.3828928859751114, g: 2.0547887756936778e-05, curr_delay = 0.05345157139327583, data_size = 734
user 4, emp_avg: 0.5539804495931222, h: 0.5049959454124413, ucb: 1.055545475387049,num_of_obs(calculated after picking at this round): 131, privacy reward: 0.005300256835869321, g: -0.0005757298782677427, curr_delay = 0.05, data_size = 3770
user 13, emp_avg: 0.2858216005879447, h: 0.6208838189900047, ucb: 0.9066046920986913,num_of_obs(calculated after picking at this round): 87, privacy reward: 0.03080741103275031, g: 9.108963843628521e-05, curr_delay = 0.1697884169868495, data_size = 2688
user 17, emp_avg: 0.06736597582137803, h: 0.725419611845893, ucb: 0.7928500612874001,num_of_obs(calculated after picking at this round): 64, privacy reward: 0.07730474044329905, g: -0.0001777225496351129, curr_delay = 0.7898377858789514, data_size = 1814
user 24, emp_avg: 0.06075526404140138, h: 1.0178518684402016, ucb: 1.0786149964868212,num_of_obs(calculated after picking at this round): 33, privacy reward: 0.26713530196584967, g: 0.0002188734358388894, curr_delay = 0.8263968901260366, data_size = 1086
num of fast users chosen: 3, num of slow users chosen: 2
max_delay = 0.83 seconds
after cleansing the weights updates who were almost zeros (meaning with absolute value of less than 10**-7, 0.01% of the weights upadtes) we get:
user No.1.0 has been picked 24, his deltas theta's mean
 is 4.500382419792004e-05,
the empirical var of deltas thetas is 0.0012297761859372258
the minimum of the deltas theta is -0.29861757159233093 and the maximum is 0.2521574795246124
the added laplace noise var is 0.007679432282596293
global epoch 251 has been done artifficialy in 0.83 secs, the total time by now is 209.80 
 with avg train loss 1.388, val loss 1.803, avg val acc 35.69%
iteration: 252
user 4, emp_avg: 0.5540279479904381, h: 0.5032457591321488, ucb: 1.0572262087252708,num_of_obs(calculated after picking at this round): 132, privacy reward: 0.005092430792698055, g: -0.0006711910323528976, curr_delay = 0.08924583445966447, data_size = 3770
user 5, emp_avg: 0.5043450945200976, h: 1.3214142050543412, ucb: 1.8218726593131223,num_of_obs(calculated after picking at this round): 20, privacy reward: 0.449328964117221, g: 7.596968118619487e-05, curr_delay = 0.08647657531960304, data_size = 642
user 13, emp_avg: 0.28524342135038994, h: 0.6175272763771276, ucb: 0.9033488769650723,num_of_obs(calculated after picking at this round): 88, privacy reward: 0.029599435167891208, g: 4.810082765209512e-05, curr_delay = 0.21281863895022302, data_size = 2688
user 17, emp_avg: 0.06747022810788013, h: 0.7199888727988759, ucb: 0.787354848620254,num_of_obs(calculated after picking at this round): 65, privacy reward: 0.07427357821433322, g: -0.00026580411711202165, curr_delay = 0.6743781862254147, data_size = 1814
user 24, emp_avg: 0.06068100002728893, h: 1.0026718023281074, ucb: 1.0634270663695087,num_of_obs(calculated after picking at this round): 34, privacy reward: 0.25666077695355527, g: 0.00012841491866342816, curr_delay = 0.8586596785586095, data_size = 1086
num of fast users chosen: 3, num of slow users chosen: 2
max_delay = 0.86 seconds
after cleansing the weights updates who were almost zeros (meaning with absolute value of less than 10**-7, 0.00% of the weights upadtes) we get:
user No.4.0 has been picked 132, his deltas theta's mean
 is -8.56857659528032e-05,
the empirical var of deltas thetas is 0.006102648098021746
the minimum of the deltas theta is -0.43083655834198 and the maximum is 0.5375528931617737
the added laplace noise var is 0.5774059793898954
global epoch 252 has been done artifficialy in 0.86 secs, the total time by now is 210.66 
 with avg train loss 1.364, val loss 1.735, avg val acc 35.97%
iteration: 253
user 4, emp_avg: 0.5558481018893825, h: 0.5015154075729569, ucb: 1.0555433555633948,num_of_obs(calculated after picking at this round): 133, privacy reward: 0.004892753725238341, g: -0.0007731300026716, curr_delay = 0.0628055161339407, data_size = 3770
user 8, emp_avg: 0.3875141432527961, h: 0.656637804968487, ucb: 1.045372116465258,num_of_obs(calculated after picking at this round): 78, privacy reward: 0.044157168419692305, g: 0.0021152187918194003, curr_delay = 0.1703222427363478, data_size = 2674
user 13, emp_avg: 0.28495014554822085, h: 0.6142284233488415, ucb: 0.8994718446992315,num_of_obs(calculated after picking at this round): 89, privacy reward: 0.028438824714183686, g: 1.8900619770042506e-05, curr_delay = 0.1929445019575884, data_size = 2688
user 15, emp_avg: 0.06974534799811007, h: 1.1761578857372337, ucb: 1.2459259716328182,num_of_obs(calculated after picking at this round): 25, privacy reward: 0.36787944117144167, g: -2.7521185612909418e-05, curr_delay = 0.7225471276099565, data_size = 684
user 28, emp_avg: 0.05553102151965111, h: 0.9603288923356345, ucb: 1.0159218748261303,num_of_obs(calculated after picking at this round): 37, privacy reward: 0.22763768838381226, g: 0.0002428279866917325, curr_delay = 0.9380787963309998, data_size = 1205
num of fast users chosen: 3, num of slow users chosen: 2
max_delay = 0.94 seconds
after cleansing the weights updates who were almost zeros (meaning with absolute value of less than 10**-7, 0.00% of the weights upadtes) we get:
user No.4.0 has been picked 133, his deltas theta's mean
 is -0.0015651286812499166,
the empirical var of deltas thetas is 0.0058672153390944
the minimum of the deltas theta is -0.509307324886322 and the maximum is 0.5043936967849731
the added laplace noise var is 0.6009703644321112
global epoch 253 has been done artifficialy in 0.94 secs, the total time by now is 211.60 
 with avg train loss 1.417, val loss 1.848, avg val acc 33.70%
iteration: 254
user 4, emp_avg: 0.5536675444289962, h: 0.49980451518501956, ucb: 1.055652617074402,num_of_obs(calculated after picking at this round): 134, privacy reward: 0.004700906107582226, g: -0.0008813851932567212, curr_delay = 0.18964291597693522, data_size = 3770
user 13, emp_avg: 0.28668537905602604, h: 0.6109856248158272, ucb: 0.895935770364048,num_of_obs(calculated after picking at this round): 90, privacy reward: 0.027323722447291754, g: 3.1679388996587057e-06, curr_delay = 0.11334754346909606, data_size = 2688
user 15, emp_avg: 0.0700085908389854, h: 1.1528053712940658, ucb: 1.2225507192921758,num_of_obs(calculated after picking at this round): 26, privacy reward: 0.3534546819587794, g: -7.760906259475832e-05, curr_delay = 0.6528296219772982, data_size = 684
user 26, emp_avg: 0.058036073553073955, h: 0.7917499796201536, ucb: 0.8496444853035323,num_of_obs(calculated after picking at this round): 54, privacy reward: 0.11532512103806203, g: -0.0035012159121976106, curr_delay = 0.7629025437225422, data_size = 1141
user 27, emp_avg: 0.05712781358507615, h: 0.6989909281801203, ucb: 0.7560948077479299,num_of_obs(calculated after picking at this round): 69, privacy reward: 0.06329176835964001, g: -0.0029616381643556232, curr_delay = 0.8509866723219794, data_size = 1628
num of fast users chosen: 2, num of slow users chosen: 3
max_delay = 0.85 seconds
after cleansing the weights updates who were almost zeros (meaning with absolute value of less than 10**-7, 0.00% of the weights upadtes) we get:
user No.4.0 has been picked 134, his deltas theta's mean
 is -0.001155168516561389,
the empirical var of deltas thetas is 0.00563355628401041
the minimum of the deltas theta is -0.48452115058898926 and the maximum is 0.45820969343185425
the added laplace noise var is 0.6254964302712673
global epoch 254 has been done artifficialy in 0.85 secs, the total time by now is 212.45 
 with avg train loss 1.350, val loss 1.867, avg val acc 31.44%
iteration: 255
user 0, emp_avg: 0.7931079030022719, h: 0.5522894905616687, ucb: 1.3467805766366479,num_of_obs(calculated after picking at this round): 110, privacy reward: 0.012277339903067452, g: 0.0012928328191418874, curr_delay = 0.07784028116170151, data_size = 3537
user 8, emp_avg: 0.3865877614786348, h: 0.6528790408148079, ucb: 1.040393184067604,num_of_obs(calculated after picking at this round): 79, privacy reward: 0.04242574108051078, g: 0.0019764231568452574, curr_delay = 0.15906850344925466, data_size = 2674
user 10, emp_avg: 0.37278927799806055, h: 0.9888731149044849, ucb: 1.3661239700634638,num_of_obs(calculated after picking at this round): 35, privacy reward: 0.2465969639416059, g: 6.454450676399394e-05, curr_delay = 0.22614646184251497, data_size = 1079
user 14, emp_avg: 0.26230957511349656, h: 0.6843067970936716, ucb: 0.9467956107562067,num_of_obs(calculated after picking at this round): 72, privacy reward: 0.0561347628341331, g: 0.0006186599117911792, curr_delay = 0.2003336451630823, data_size = 2315
user 23, emp_avg: 0.06152206625905769, h: 1.9220238543712937, ucb: 1.9825040228825612,num_of_obs(calculated after picking at this round): 10, privacy reward: 0.670320046035639, g: 0.0007398927263540506, curr_delay = 0.7052271124342959, data_size = 477
num of fast users chosen: 4, num of slow users chosen: 1
max_delay = 0.71 seconds
after cleansing the weights updates who were almost zeros (meaning with absolute value of less than 10**-7, 0.00% of the weights upadtes) we get:
user No.0.0 has been picked 110, his deltas theta's mean
 is -0.0015748623991385102,
the empirical var of deltas thetas is 0.006976791191846132
the minimum of the deltas theta is -0.9322997331619263 and the maximum is 0.9223184585571289
the added laplace noise var is 0.23949813335369596
global epoch 255 has been done artifficialy in 0.71 secs, the total time by now is 213.16 
 with avg train loss 1.488, val loss 1.798, avg val acc 34.74%
iteration: 256
user 4, emp_avg: 0.5518220773101703, h: 0.49828859846955814, ucb: 1.0519561428985544,num_of_obs(calculated after picking at this round): 135, privacy reward: 0.004516580942611648, g: -0.0008704615249840466, curr_delay = 0.16418771490961925, data_size = 3770
user 8, emp_avg: 0.39425541446015183, h: 0.6489628011698708, ucb: 1.0355505626485055,num_of_obs(calculated after picking at this round): 80, privacy reward: 0.0407622039783655, g: 0.0017426937759708143, curr_delay = 0.05, data_size = 2674
user 14, emp_avg: 0.2616492881603843, h: 0.6797779934458726, ucb: 0.9420875685593693,num_of_obs(calculated after picking at this round): 73, privacy reward: 0.053933687300355304, g: 0.00048638983586277477, curr_delay = 0.23352632061275758, data_size = 2315
user 23, emp_avg: 0.06122066970394668, h: 1.8240357635440532, ucb: 1.8855578298031108,num_of_obs(calculated after picking at this round): 11, privacy reward: 0.6440364210831411, g: 0.0005490861271501639, curr_delay = 0.8590075787268823, data_size = 477
user 24, emp_avg: 0.06051195390749893, h: 0.9892222831580338, ucb: 1.0499032831853228,num_of_obs(calculated after picking at this round): 35, privacy reward: 0.2465969639416059, g: 8.97171094124204e-05, curr_delay = 0.9130021132890123, data_size = 1086
num of fast users chosen: 3, num of slow users chosen: 2
max_delay = 0.91 seconds
after cleansing the weights updates who were almost zeros (meaning with absolute value of less than 10**-7, 0.00% of the weights upadtes) we get:
user No.4.0 has been picked 135, his deltas theta's mean
 is -0.001152391661889851,
the empirical var of deltas thetas is 0.005826906766742468
the minimum of the deltas theta is -0.5780054330825806 and the maximum is 0.5494560599327087
the added laplace noise var is 0.651023423845213
global epoch 256 has been done artifficialy in 0.91 secs, the total time by now is 214.07 
 with avg train loss 1.355, val loss 2.124, avg val acc 25.56%
iteration: 257
user 2, emp_avg: 0.6986746862447641, h: 1.230196889440713, ucb: 1.9444369351935824,num_of_obs(calculated after picking at this round): 23, privacy reward: 0.3985190410845135, g: 0.00034918088047917946, curr_delay = 0.14035608679076395, data_size = 796
user 4, emp_avg: 0.5551175032123015, h: 0.4966141397233076, ucb: 1.048436217033478,num_of_obs(calculated after picking at this round): 136, privacy reward: 0.004339483270737743, g: -0.000983318754449337, curr_delay = 0.05, data_size = 3770
user 6, emp_avg: 0.49500948987919996, h: 0.5578199933198841, ucb: 1.055230401292791,num_of_obs(calculated after picking at this round): 108, privacy reward: 0.013299883542442825, g: 4.504195980506112e-05, curr_delay = 0.20998587505217856, data_size = 3229
user 21, emp_avg: 0.06360448817638119, h: 0.9360394800121149, ucb: 0.9996426622895266,num_of_obs(calculated after picking at this round): 39, privacy reward: 0.21013607120076416, g: 0.002048383183571106, curr_delay = 0.7854952046949331, data_size = 1474
user 25, emp_avg: 0.061346875177154134, h: 1.3600338335123898, ucb: 1.4215167322927447,num_of_obs(calculated after picking at this round): 19, privacy reward: 0.4676664270099087, g: 9.253280401490358e-05, curr_delay = 0.8489187699971231, data_size = 608
num of fast users chosen: 3, num of slow users chosen: 2
max_delay = 0.85 seconds
after cleansing the weights updates who were almost zeros (meaning with absolute value of less than 10**-7, 0.00% of the weights upadtes) we get:
user No.2.0 has been picked 23, his deltas theta's mean
 is -0.00044911657460033894,
the empirical var of deltas thetas is 0.0024696968030184507
the minimum of the deltas theta is -0.4425429105758667 and the maximum is 0.40667131543159485
the added laplace noise var is 0.0073783174358039395
global epoch 257 has been done artifficialy in 0.85 secs, the total time by now is 214.92 
 with avg train loss 1.537, val loss 1.974, avg val acc 28.58%
iteration: 258
user 0, emp_avg: 0.7949717957680171, h: 0.5503532544031045, ucb: 1.3434611574053763,num_of_obs(calculated after picking at this round): 111, privacy reward: 0.011795938519750582, g: 0.0013727303405460596, curr_delay = 0.05, data_size = 3537
user 8, emp_avg: 0.39547335448932364, h: 0.6453463944806086, ucb: 1.0396018089407604,num_of_obs(calculated after picking at this round): 81, privacy reward: 0.03916389509898632, g: 0.0016210137092451374, curr_delay = 0.10143869346124464, data_size = 2674
user 17, emp_avg: 0.06752517787251083, h: 0.7159475433032755, ucb: 0.7834177714111557,num_of_obs(calculated after picking at this round): 66, privacy reward: 0.07136126955638533, g: -0.00020372511395827812, curr_delay = 0.7032654188507166, data_size = 1814
user 21, emp_avg: 0.06372246468681003, h: 0.9242843039905665, ucb: 0.9878887921669477,num_of_obs(calculated after picking at this round): 40, privacy reward: 0.2018965179946548, g: 0.0017603226261010733, curr_delay = 0.7318121062103496, data_size = 1474
user 29, emp_avg: 0.0550322780777451, h: 1.2035772316674356, ucb: 1.2586811454807747,num_of_obs(calculated after picking at this round): 24, privacy reward: 0.3828928859751114, g: -0.00015630922984539907, curr_delay = 0.9365987082693379, data_size = 585
num of fast users chosen: 2, num of slow users chosen: 3
max_delay = 0.94 seconds
after cleansing the weights updates who were almost zeros (meaning with absolute value of less than 10**-7, 0.00% of the weights upadtes) we get:
user No.0.0 has been picked 111, his deltas theta's mean
 is -0.002298682928085327,
the empirical var of deltas thetas is 0.006775382906198502
the minimum of the deltas theta is -0.7668378353118896 and the maximum is 0.6492166519165039
the added laplace noise var is 0.24927223759349212
global epoch 258 has been done artifficialy in 0.94 secs, the total time by now is 215.86 
 with avg train loss 1.511, val loss 1.954, avg val acc 22.16%
iteration: 259
user 0, emp_avg: 0.7922049638139105, h: 0.5480593803742357, ucb: 1.3430311761422529,num_of_obs(calculated after picking at this round): 112, privacy reward: 0.011333413154666405, g: 0.0012135145885996796, curr_delay = 0.10307437529136018, data_size = 3537
user 5, emp_avg: 0.4943062161509703, h: 1.2911422921234752, ucb: 1.7954873866435728,num_of_obs(calculated after picking at this round): 21, privacy reward: 0.4317105234290791, g: 4.7510788161954854e-05, curr_delay = 0.17034112414508043, data_size = 642
user 10, emp_avg: 0.3780650885400046, h: 0.9760118320447501, ucb: 1.3488011100428106,num_of_obs(calculated after picking at this round): 36, privacy reward: 0.23692775868212124, g: 3.883979075148714e-05, curr_delay = 0.08885438061054719, data_size = 1079
user 13, emp_avg: 0.28601154304178444, h: 0.608650313491501, ucb: 0.8953356925475271,num_of_obs(calculated after picking at this round): 91, privacy reward: 0.026252343965687097, g: 2.1932584877771858e-05, curr_delay = 0.22186103072870939, data_size = 2688
user 17, emp_avg: 0.06755966924043713, h: 0.7107504396250702, ucb: 0.7782756174975811,num_of_obs(calculated after picking at this round): 67, privacy reward: 0.06856315415427716, g: -0.0002945171168170586, curr_delay = 0.7159620932598421, data_size = 1814
num of fast users chosen: 4, num of slow users chosen: 1
max_delay = 0.72 seconds
after cleansing the weights updates who were almost zeros (meaning with absolute value of less than 10**-7, 0.00% of the weights upadtes) we get:
user No.0.0 has been picked 112, his deltas theta's mean
 is -0.0022286083549261093,
the empirical var of deltas thetas is 0.01897314377129078
the minimum of the deltas theta is -0.7242692708969116 and the maximum is 0.6499916315078735
the added laplace noise var is 0.2594452305943515
global epoch 259 has been done artifficialy in 0.72 secs, the total time by now is 216.57 
 with avg train loss 1.516, val loss 1.849, avg val acc 29.58%
iteration: 260
user 4, emp_avg: 0.5537239639999468, h: 0.49530211952264674, ucb: 1.0504196227349483,num_of_obs(calculated after picking at this round): 137, privacy reward: 0.004169329697902957, g: -0.0008493149169384803, curr_delay = 0.13728621302453778, data_size = 3770
user 7, emp_avg: 0.42234763856066293, h: 1.3614553035894503, ucb: 1.7790335132633723,num_of_obs(calculated after picking at this round): 19, privacy reward: 0.4676664270099087, g: -0.00014031216397594648, curr_delay = 0.09838697341012584, data_size = 438
user 13, emp_avg: 0.2847932459415645, h: 0.6055066880701873, ucb: 0.8915182311119717,num_of_obs(calculated after picking at this round): 92, privacy reward: 0.025222974835226397, g: 4.724412022824325e-06, curr_delay = 0.2874749303249848, data_size = 2688
user 17, emp_avg: 0.06755379744252103, h: 0.7056709497667267, ucb: 0.7732306190071638,num_of_obs(calculated after picking at this round): 68, privacy reward: 0.06587475442640223, g: -0.00040110291414246476, curr_delay = 0.744486478514405, data_size = 1814
user 22, emp_avg: 0.061609792730608716, h: 1.054578743481541, ucb: 1.1162453634141245,num_of_obs(calculated after picking at this round): 31, privacy reward: 0.2893842179390499, g: 3.0736299492962594e-05, curr_delay = 0.8346551952486031, data_size = 923
num of fast users chosen: 3, num of slow users chosen: 2
max_delay = 0.83 seconds
after cleansing the weights updates who were almost zeros (meaning with absolute value of less than 10**-7, 0.00% of the weights upadtes) we get:
user No.4.0 has been picked 137, his deltas theta's mean
 is -0.001899644616059959,
the empirical var of deltas thetas is 0.005871751811355352
the minimum of the deltas theta is -0.6054781675338745 and the maximum is 0.5893999338150024
the added laplace noise var is 0.7052452558049924
global epoch 260 has been done artifficialy in 0.83 secs, the total time by now is 217.41 
 with avg train loss 1.454, val loss 1.993, avg val acc 29.94%
iteration: 261
user 1, emp_avg: 0.7382149707109911, h: 1.1794617848114763, ucb: 1.9067690459687587,num_of_obs(calculated after picking at this round): 25, privacy reward: 0.36787944117144167, g: 1.7744490254436902e-05, curr_delay = 0.05, data_size = 734
user 4, emp_avg: 0.5516364146211131, h: 0.49366144641683957, ucb: 1.0473854104167863,num_of_obs(calculated after picking at this round): 138, privacy reward: 0.004005847942089247, g: -0.0009591594517873998, curr_delay = 0.18822314174363616, data_size = 3770
user 13, emp_avg: 0.28387298605207145, h: 0.6024147282606834, ucb: 0.887207974202248,num_of_obs(calculated after picking at this round): 93, privacy reward: 0.024233967845690207, g: -1.0039404658966384e-07, curr_delay = 0.25099258000225444, data_size = 2688
user 14, emp_avg: 0.2602491562956719, h: 0.676282368317965, ucb: 0.9379316564783493,num_of_obs(calculated after picking at this round): 74, privacy reward: 0.05181891717272524, g: 0.0005574680340356718, curr_delay = 0.3163765416518822, data_size = 2315
user 22, emp_avg: 0.061568962716398445, h: 1.0377880081232354, ucb: 1.099397800853844,num_of_obs(calculated after picking at this round): 32, privacy reward: 0.2780373004531934, g: 4.64273987674239e-06, curr_delay = 0.8291429515959596, data_size = 923
num of fast users chosen: 4, num of slow users chosen: 1
max_delay = 0.83 seconds
after cleansing the weights updates who were almost zeros (meaning with absolute value of less than 10**-7, 0.00% of the weights upadtes) we get:
user No.1.0 has been picked 25, his deltas theta's mean
 is -0.0001200208134832792,
the empirical var of deltas thetas is 0.0009579427423886955
the minimum of the deltas theta is -0.31956231594085693 and the maximum is 0.26290249824523926
the added laplace noise var is 0.007992835859407068
global epoch 261 has been done artifficialy in 0.83 secs, the total time by now is 218.24 
 with avg train loss 1.515, val loss 2.005, avg val acc 28.46%
iteration: 262
user 4, emp_avg: 0.5496390070834883, h: 0.4920385502642396, ucb: 1.0436749648853527,num_of_obs(calculated after picking at this round): 139, privacy reward: 0.003848776397609277, g: -0.001074767196114065, curr_delay = 0.18248390507411086, data_size = 3770
user 6, emp_avg: 0.49707623864782574, h: 0.5561946353851069, ucb: 1.051204125264307,num_of_obs(calculated after picking at this round): 109, privacy reward: 0.012778387649534761, g: 0.00011750565845685105, curr_delay = 0.06941695671219769, data_size = 3229
user 18, emp_avg: 0.06639655057654224, h: 1.1560288408611021, ucb: 1.2226623002816666,num_of_obs(calculated after picking at this round): 26, privacy reward: 0.3534546819587794, g: -3.522740651294526e-05, curr_delay = 0.8268039321017977, data_size = 683
user 26, emp_avg: 0.05816617597315689, h: 0.7865779966807768, ucb: 0.8446140702338507,num_of_obs(calculated after picking at this round): 55, privacy reward: 0.11080315836233334, g: -0.003205431036519361, curr_delay = 0.7669687229172092, data_size = 1141
user 27, emp_avg: 0.05708168131407424, h: 0.6958475909940834, ucb: 0.7529754045791596,num_of_obs(calculated after picking at this round): 70, privacy reward: 0.060810062625217265, g: -0.0025063218090074168, curr_delay = 0.9276686611951935, data_size = 1628
num of fast users chosen: 2, num of slow users chosen: 3
max_delay = 0.93 seconds
after cleansing the weights updates who were almost zeros (meaning with absolute value of less than 10**-7, 0.00% of the weights upadtes) we get:
user No.4.0 has been picked 139, his deltas theta's mean
 is -0.0008360918727703393,
the empirical var of deltas thetas is 0.005635512992739677
the minimum of the deltas theta is -0.5632405877113342 and the maximum is 0.4422370195388794
the added laplace noise var is 0.7639830651526663
global epoch 262 has been done artifficialy in 0.93 secs, the total time by now is 219.16 
 with avg train loss 1.442, val loss 2.488, avg val acc 16.31%
iteration: 263
user 0, emp_avg: 0.7940438579394511, h: 0.5463590867953134, ucb: 1.3385640506092238,num_of_obs(calculated after picking at this round): 113, privacy reward: 0.010889023668553377, g: 0.0014101115137574545, curr_delay = 0.05, data_size = 3537
user 7, emp_avg: 0.43021102741628303, h: 1.3265095510808687, ucb: 1.7488571896415315,num_of_obs(calculated after picking at this round): 20, privacy reward: 0.449328964117221, g: -0.00022075779663729636, curr_delay = 0.08626409624032985, data_size = 438
user 13, emp_avg: 0.2848710589801099, h: 0.5995780253875201, ucb: 0.8834510114395916,num_of_obs(calculated after picking at this round): 94, privacy reward: 0.02328374037489611, g: -2.069558567049447e-06, curr_delay = 0.13238305553419524, data_size = 2688
user 14, emp_avg: 0.2585166479956133, h: 0.6721579225742105, ucb: 0.9324070788698824,num_of_obs(calculated after picking at this round): 75, privacy reward: 0.049787068367863285, g: 0.00048116292594755353, curr_delay = 0.3836973627274477, data_size = 2315
user 28, emp_avg: 0.0556536409991884, h: 0.9505748501609731, ucb: 1.0061058716806242,num_of_obs(calculated after picking at this round): 38, privacy reward: 0.21871188695221422, g: 0.0002955311148027754, curr_delay = 0.8306950218252245, data_size = 1205
num of fast users chosen: 4, num of slow users chosen: 1
max_delay = 0.83 seconds
after cleansing the weights updates who were almost zeros (meaning with absolute value of less than 10**-7, 0.01% of the weights upadtes) we get:
user No.0.0 has been picked 113, his deltas theta's mean
 is -0.0012760637328028679,
the empirical var of deltas thetas is 0.005646957084536552
the minimum of the deltas theta is -0.6007288694381714 and the maximum is 0.7690815329551697
the added laplace noise var is 0.2700333913154297
global epoch 263 has been done artifficialy in 0.83 secs, the total time by now is 219.99 
 with avg train loss 1.539, val loss 1.984, avg val acc 27.71%
iteration: 264
user 0, emp_avg: 0.7921801370993787, h: 0.5441213963559701, ucb: 1.3381652542954212,num_of_obs(calculated after picking at this round): 114, privacy reward: 0.010462058943425778, g: 0.0012515082023013952, curr_delay = 0.08597274205545935, data_size = 3537
user 10, emp_avg: 0.3771077915064149, h: 0.9640149638487912, ucb: 1.3420800523887957,num_of_obs(calculated after picking at this round): 37, privacy reward: 0.22763768838381226, g: 2.50365790111456e-05, curr_delay = 0.14592358171320963, data_size = 1079
user 13, emp_avg: 0.28400436192606987, h: 0.5965833092550274, ucb: 0.8814543682351373,num_of_obs(calculated after picking at this round): 95, privacy reward: 0.02237077185616476, g: -1.5109039540181642e-05, curr_delay = 0.24687110763171916, data_size = 2688
user 25, emp_avg: 0.06151463305130457, h: 1.326961202361441, ucb: 1.3883080775385952,num_of_obs(calculated after picking at this round): 20, privacy reward: 0.449328964117221, g: 5.9114736269615795e-05, curr_delay = 0.7727732490664869, data_size = 608
user 27, emp_avg: 0.05708002124954142, h: 0.6913309587711218, ucb: 0.748412640085196,num_of_obs(calculated after picking at this round): 71, privacy reward: 0.05842566596450016, g: -0.0026890358894583904, curr_delay = 0.8777501731497982, data_size = 1628
num of fast users chosen: 3, num of slow users chosen: 2
max_delay = 0.88 seconds
after cleansing the weights updates who were almost zeros (meaning with absolute value of less than 10**-7, 0.00% of the weights upadtes) we get:
user No.0.0 has been picked 114, his deltas theta's mean
 is -0.0011299900943413377,
the empirical var of deltas thetas is 0.0057413047179579735
the minimum of the deltas theta is -0.509030818939209 and the maximum is 0.5979709029197693
the added laplace noise var is 0.2810536630728085
global epoch 264 has been done artifficialy in 0.88 secs, the total time by now is 220.87 
 with avg train loss 1.425, val loss 1.856, avg val acc 32.26%
iteration: 265
user 4, emp_avg: 0.552584279416968, h: 0.4907663875662971, ucb: 1.0404053946497855,num_of_obs(calculated after picking at this round): 140, privacy reward: 0.0036978637164817307, g: -0.0009360165060045174, curr_delay = 0.0519762874238148, data_size = 3770
user 11, emp_avg: 0.2773839854810981, h: 1.2335900850753634, ucb: 1.5101424535502856,num_of_obs(calculated after picking at this round): 23, privacy reward: 0.3985190410845135, g: -7.625228152143328e-05, curr_delay = 0.1691019834606484, data_size = 567
user 13, emp_avg: 0.28389451795109927, h: 0.5936362430054757, ucb: 0.8776406049315455,num_of_obs(calculated after picking at this round): 96, privacy reward: 0.02149360134508893, g: -3.990442302041229e-05, curr_delay = 0.1828425386379706, data_size = 2688
user 14, emp_avg: 0.25749185555654636, h: 0.6681155484486929, ucb: 0.9266321964443063,num_of_obs(calculated after picking at this round): 76, privacy reward: 0.047834889494197785, g: 0.00041149662734613106, curr_delay = 0.2768052339273534, data_size = 2315
user 26, emp_avg: 0.058123708215947326, h: 0.7801908735678065, ucb: 0.8383570495409634,num_of_obs(calculated after picking at this round): 56, privacy reward: 0.1064585043792523, g: -0.0033705950174199627, curr_delay = 0.8962503857175949, data_size = 1141
num of fast users chosen: 4, num of slow users chosen: 1
max_delay = 0.90 seconds
after cleansing the weights updates who were almost zeros (meaning with absolute value of less than 10**-7, 0.00% of the weights upadtes) we get:
user No.4.0 has been picked 140, his deltas theta's mean
 is -0.0016799973091110587,
the empirical var of deltas thetas is 0.005669927224516869
the minimum of the deltas theta is -0.5340418219566345 and the maximum is 0.5736045837402344
the added laplace noise var is 0.7951618055114205
global epoch 265 has been done artifficialy in 0.90 secs, the total time by now is 221.77 
 with avg train loss 1.463, val loss 2.090, avg val acc 22.93%
iteration: 266
user 0, emp_avg: 0.7881106293875538, h: 0.5420961416372415, ucb: 1.3342762787366202,num_of_obs(calculated after picking at this round): 115, privacy reward: 0.010051835744632642, g: 0.0012135145885996796, curr_delay = 0.1542320898773851, data_size = 3537
user 3, emp_avg: 0.5955051720525926, h: 1.4470007310962691, ucb: 2.0435788918760753,num_of_obs(calculated after picking at this round): 17, privacy reward: 0.5066169923655891, g: 4.115100970919724e-07, curr_delay = 0.08645473060148037, data_size = 464
user 6, emp_avg: 0.49581793102345834, h: 0.5543901339912919, ucb: 1.0514663726391176,num_of_obs(calculated after picking at this round): 110, privacy reward: 0.012277339903067452, g: 0.00017633999610368136, curr_delay = 0.13940686284523443, data_size = 3229
user 10, emp_avg: 0.38024371753481534, h: 0.9515418192893531, ucb: 1.328649610795768,num_of_obs(calculated after picking at this round): 38, privacy reward: 0.21871188695221422, g: 5.150850697075678e-06, curr_delay = 0.10075100188004776, data_size = 1079
user 14, emp_avg: 0.2564991759746034, h: 0.66392946927138, ucb: 0.9214213248279264,num_of_obs(calculated after picking at this round): 77, privacy reward: 0.045959256649043545, g: 0.0003094067580726622, curr_delay = 0.2761583731919254, data_size = 2315
num of fast users chosen: 5, num of slow users chosen: 0
max_delay = 0.28 seconds
after cleansing the weights updates who were almost zeros (meaning with absolute value of less than 10**-7, 0.01% of the weights upadtes) we get:
user No.0.0 has been picked 115, his deltas theta's mean
 is -0.0007972323801368475,
the empirical var of deltas thetas is 0.004865782335400581
the minimum of the deltas theta is -0.508010745048523 and the maximum is 0.6426786184310913
the added laplace noise var is 0.2925236806524165
global epoch 266 has been done artifficialy in 0.28 secs, the total time by now is 222.04 
 with avg train loss 1.562, val loss 1.907, avg val acc 28.31%
iteration: 267
user 4, emp_avg: 0.5516936353815275, h: 0.4893398756809415, ucb: 1.0419241550979095,num_of_obs(calculated after picking at this round): 141, privacy reward: 0.0035528684062201554, g: -0.0009248078912915816, curr_delay = 0.11709506705141454, data_size = 3770
user 8, emp_avg: 0.3985924798407324, h: 0.6433274990178883, ucb: 1.038800853507212,num_of_obs(calculated after picking at this round): 82, privacy reward: 0.03762825680717552, g: 0.002206044444204164, curr_delay = 0.07677641821863565, data_size = 2674
user 17, emp_avg: 0.06751358216676291, h: 0.70213426684814, ucb: 0.769688064290661,num_of_obs(calculated after picking at this round): 69, privacy reward: 0.06329176835964001, g: -0.0002895746855229663, curr_delay = 0.7718557507108056, data_size = 1814
user 18, emp_avg: 0.06650679677161758, h: 1.1355021246195194, ucb: 1.2018986751960616,num_of_obs(calculated after picking at this round): 27, privacy reward: 0.33959552564493845, g: -6.23104657312448e-05, curr_delay = 0.7207394433905222, data_size = 683
user 28, emp_avg: 0.0556303173799347, h: 0.9392535102886298, ucb: 0.9949071512878183,num_of_obs(calculated after picking at this round): 39, privacy reward: 0.21013607120076416, g: 0.0002419061270400866, curr_delay = 0.9133417702711533, data_size = 1205
num of fast users chosen: 2, num of slow users chosen: 3
max_delay = 0.91 seconds
after cleansing the weights updates who were almost zeros (meaning with absolute value of less than 10**-7, 0.00% of the weights upadtes) we get:
user No.4.0 has been picked 141, his deltas theta's mean
 is -0.0017707955557852983,
the empirical var of deltas thetas is 0.005063393618911505
the minimum of the deltas theta is -0.6153928637504578 and the maximum is 0.58255934715271
the added laplace noise var is 0.827612974402558
global epoch 267 has been done artifficialy in 0.91 secs, the total time by now is 222.96 
 with avg train loss 1.525, val loss 1.947, avg val acc 29.72%
iteration: 268
user 4, emp_avg: 0.5500001226011948, h: 0.4877646354505487, ucb: 1.039458270832076,num_of_obs(calculated after picking at this round): 142, privacy reward: 0.0034135584433941935, g: -0.001035905633708486, curr_delay = 0.16066072916365365, data_size = 3770
user 6, emp_avg: 0.5003601118250488, h: 0.5522344848066654, ucb: 1.0480524158301237,num_of_obs(calculated after picking at this round): 111, privacy reward: 0.011795938519750582, g: 0.00015891078118427382, curr_delay = 0.05, data_size = 3229
user 17, emp_avg: 0.06750779036886641, h: 0.6972609130834652, ucb: 0.7647744952502281,num_of_obs(calculated after picking at this round): 70, privacy reward: 0.060810062625217265, g: -0.00039195814109512265, curr_delay = 0.7450659166680741, data_size = 1814
user 18, emp_avg: 0.06658036904003688, h: 1.1146486223131642, ucb: 1.1811554190847817,num_of_obs(calculated after picking at this round): 28, privacy reward: 0.3262797946230388, g: -0.00012682564706442798, curr_delay = 0.7292156729808105, data_size = 683
user 21, emp_avg: 0.06383951271659918, h: 0.9157772911994644, ucb: 0.9794997558862744,num_of_obs(calculated after picking at this round): 41, privacy reward: 0.19398004229089127, g: 0.0019241608816875102, curr_delay = 0.7296986818316125, data_size = 1474
num of fast users chosen: 2, num of slow users chosen: 3
max_delay = 0.75 seconds
after cleansing the weights updates who were almost zeros (meaning with absolute value of less than 10**-7, 0.00% of the weights upadtes) we get:
user No.4.0 has been picked 142, his deltas theta's mean
 is -0.0016795489937067032,
the empirical var of deltas thetas is 0.004929116927087307
the minimum of the deltas theta is -0.5413621664047241 and the maximum is 0.5267857313156128
the added laplace noise var is 0.8613885006195916
global epoch 268 has been done artifficialy in 0.75 secs, the total time by now is 223.70 
 with avg train loss 1.585, val loss 2.147, avg val acc 20.45%
iteration: 269
user 1, emp_avg: 0.7296602260051697, h: 1.1587625861687292, ucb: 1.8969775568797203,num_of_obs(calculated after picking at this round): 26, privacy reward: 0.3534546819587794, g: 1.0430580755493361e-05, curr_delay = 0.09693837431557747, data_size = 734
user 4, emp_avg: 0.5506538866190414, h: 0.48620598050222913, ucb: 1.036206103103424,num_of_obs(calculated after picking at this round): 143, privacy reward: 0.0032797109023422477, g: -0.0011524073530402683, curr_delay = 0.07770148113816067, data_size = 3770
user 6, emp_avg: 0.49940489309097374, h: 0.5499243869204467, ucb: 1.0502844987454956,num_of_obs(calculated after picking at this round): 112, privacy reward: 0.011333413154666405, g: 0.00010845843493479414, curr_delay = 0.12710498127050643, data_size = 3229
user 14, emp_avg: 0.2560647682350656, h: 0.6602662614982463, ucb: 0.9167654374728498,num_of_obs(calculated after picking at this round): 78, privacy reward: 0.044157168419692305, g: 0.00029100587848416844, curr_delay = 0.22460263855776638, data_size = 2315
user 23, emp_avg: 0.060601543276241336, h: 1.7469003270107009, ucb: 1.8081209967146474,num_of_obs(calculated after picking at this round): 12, privacy reward: 0.6187833918061405, g: 0.0004666850099784746, curr_delay = 0.9295208897700309, data_size = 477
num of fast users chosen: 4, num of slow users chosen: 1
max_delay = 0.93 seconds
after cleansing the weights updates who were almost zeros (meaning with absolute value of less than 10**-7, 0.00% of the weights upadtes) we get:
user No.1.0 has been picked 26, his deltas theta's mean
 is 0.00011235501006012782,
the empirical var of deltas thetas is 0.0009895488619804382
the minimum of the deltas theta is -0.3089606761932373 and the maximum is 0.31415241956710815
the added laplace noise var is 0.008319029678822153
global epoch 269 has been done artifficialy in 0.93 secs, the total time by now is 224.63 
 with avg train loss 1.618, val loss 2.046, avg val acc 23.34%
iteration: 270
user 4, emp_avg: 0.5490784031811325, h: 0.48466361886825926, ucb: 1.0353175054873005,num_of_obs(calculated after picking at this round): 144, privacy reward: 0.003151111598443168, g: -0.0012741840394498141, curr_delay = 0.15442380742916476, data_size = 3770
user 8, emp_avg: 0.4011596089463733, h: 0.6400317422958197, ucb: 1.0386242221365523,num_of_obs(calculated after picking at this round): 83, privacy reward: 0.03615283175404571, g: 0.0021748820047205013, curr_delay = 0.08174419944627287, data_size = 2674
user 12, emp_avg: 0.3054966430533629, h: 1.548975047156535, ucb: 1.855180255981252,num_of_obs(calculated after picking at this round): 15, privacy reward: 0.5488116360940261, g: 5.049207054484903e-05, curr_delay = 0.169160817599719, data_size = 450
user 21, emp_avg: 0.06387056738735218, h: 0.9051415703040299, ucb: 0.968981083020629,num_of_obs(calculated after picking at this round): 42, privacy reward: 0.1863739760394093, g: 0.0017029766576979848, curr_delay = 0.7675326459002583, data_size = 1474
user 24, emp_avg: 0.0605699778661174, h: 0.9796578375562743, ucb: 1.0401697914637733,num_of_obs(calculated after picking at this round): 36, privacy reward: 0.23692775868212124, g: 0.00016014350679003194, curr_delay = 0.7987116280772952, data_size = 1086
num of fast users chosen: 3, num of slow users chosen: 2
max_delay = 0.80 seconds
after cleansing the weights updates who were almost zeros (meaning with absolute value of less than 10**-7, 0.00% of the weights upadtes) we get:
user No.4.0 has been picked 144, his deltas theta's mean
 is -0.00040626549161970615,
the empirical var of deltas thetas is 0.004871938843280077
the minimum of the deltas theta is -0.5090792179107666 and the maximum is 0.5918818712234497
the added laplace noise var is 0.9331310229651267
global epoch 270 has been done artifficialy in 0.80 secs, the total time by now is 225.43 
 with avg train loss 1.624, val loss 2.365, avg val acc 21.38%
iteration: 271
user 4, emp_avg: 0.5482541387036249, h: 0.4831372657295794, ucb: 1.032215668910712,num_of_obs(calculated after picking at this round): 145, privacy reward: 0.0030275547453746388, g: -0.0014011096014911553, curr_delay = 0.11639816025977455, data_size = 3770
user 10, emp_avg: 0.3769453250320848, h: 0.9405025661745987, ucb: 1.320746283709414,num_of_obs(calculated after picking at this round): 39, privacy reward: 0.21013607120076416, g: 1.3130655277042632e-06, curr_delay = 0.19872307710381404, data_size = 1079
user 11, emp_avg: 0.2829841982817603, h: 1.2088930064728856, ucb: 1.4862769919539836,num_of_obs(calculated after picking at this round): 24, privacy reward: 0.3828928859751114, g: -0.00011202605214411238, curr_delay = 0.1214213802326031, data_size = 567
user 13, emp_avg: 0.2842791460377627, h: 0.5917198883804576, ucb: 0.875614406331557,num_of_obs(calculated after picking at this round): 97, privacy reward: 0.020650825181711685, g: -4.284780666586425e-06, curr_delay = 0.1556645832716753, data_size = 2688
user 21, emp_avg: 0.06362858083352385, h: 0.8945963831231938, ucb: 0.958466950510546,num_of_obs(calculated after picking at this round): 43, privacy reward: 0.17906614791149256, g: 0.001454464313107043, curr_delay = 0.9351887003090608, data_size = 1474
num of fast users chosen: 4, num of slow users chosen: 1
max_delay = 0.94 seconds
after cleansing the weights updates who were almost zeros (meaning with absolute value of less than 10**-7, 0.03% of the weights upadtes) we get:
user No.4.0 has been picked 145, his deltas theta's mean
 is -0.0002475217916071415,
the empirical var of deltas thetas is 0.005835686810314655
the minimum of the deltas theta is -0.5568734407424927 and the maximum is 0.5122645497322083
the added laplace noise var is 0.9712128224352687
global epoch 271 has been done artifficialy in 0.94 secs, the total time by now is 226.37 
 with avg train loss 1.685, val loss 2.207, avg val acc 20.51%
iteration: 272
user 0, emp_avg: 0.7856811583977471, h: 0.5408110848955282, ucb: 1.328921714283082,num_of_obs(calculated after picking at this round): 116, privacy reward: 0.009657697627536765, g: 0.0016494033588434836, curr_delay = 0.09875723996479238, data_size = 3537
user 6, emp_avg: 0.5038349382848589, h: 0.5480062271362824, ucb: 1.0474111202272562,num_of_obs(calculated after picking at this round): 113, privacy reward: 0.010889023668553377, g: 0.00012744236252885916, curr_delay = 0.05, data_size = 3229
user 17, emp_avg: 0.06739639705957967, h: 0.6931791398824898, ucb: 0.7606869302513563,num_of_obs(calculated after picking at this round): 71, privacy reward: 0.05842566596450016, g: -0.00038762472141718547, curr_delay = 0.8389421452312251, data_size = 1814
user 18, emp_avg: 0.06650808222085282, h: 1.0960124542725649, ucb: 1.1625928233126017,num_of_obs(calculated after picking at this round): 29, privacy reward: 0.3134861808826046, g: -0.00018108000728870493, curr_delay = 0.7753855256398784, data_size = 683
user 22, emp_avg: 0.061609138017038156, h: 1.0252257738812947, ucb: 1.086794736597693,num_of_obs(calculated after picking at this round): 33, privacy reward: 0.26713530196584967, g: 1.0768828619657626e-05, curr_delay = 0.7949789430458175, data_size = 923
num of fast users chosen: 2, num of slow users chosen: 3
max_delay = 0.84 seconds
after cleansing the weights updates who were almost zeros (meaning with absolute value of less than 10**-7, 0.00% of the weights upadtes) we get:
user No.0.0 has been picked 116, his deltas theta's mean
 is -3.12617739837151e-05,
the empirical var of deltas thetas is 0.01614767499268055
the minimum of the deltas theta is -0.642682671546936 and the maximum is 0.650022029876709
the added laplace noise var is 0.30446179852944827
global epoch 272 has been done artifficialy in 0.84 secs, the total time by now is 227.20 
 with avg train loss 1.677, val loss 2.176, avg val acc 22.43%
iteration: 273
user 4, emp_avg: 0.5470630421693684, h: 0.48178426114134904, ucb: 1.030038399844974,num_of_obs(calculated after picking at this round): 146, privacy reward: 0.002908842625811481, g: -0.0013839602394788715, curr_delay = 0.13356340263340383, data_size = 3770
user 6, emp_avg: 0.5075851028171805, h: 0.5457545784703279, ucb: 1.0495895167551867,num_of_obs(calculated after picking at this round): 114, privacy reward: 0.010462058943425778, g: 8.343597057246733e-05, curr_delay = 0.05368529729367315, data_size = 3229
user 10, emp_avg: 0.3767890662076029, h: 0.9289755975254066, ucb: 1.3059209225574913,num_of_obs(calculated after picking at this round): 40, privacy reward: 0.2018965179946548, g: -2.2196528122464557e-06, curr_delay = 0.1348817862921463, data_size = 1079
user 17, emp_avg: 0.06743307349364147, h: 0.6885055337581757, ucb: 0.7559019308177554,num_of_obs(calculated after picking at this round): 72, privacy reward: 0.0561347628341331, g: -0.000502141152540751, curr_delay = 0.7139073402131182, data_size = 1814
user 29, emp_avg: 0.0552119825969438, h: 1.1842161748583913, ucb: 1.2392484529361363,num_of_obs(calculated after picking at this round): 25, privacy reward: 0.36787944117144167, g: -0.00012694912115460168, curr_delay = 0.8399847376708739, data_size = 585
num of fast users chosen: 3, num of slow users chosen: 2
max_delay = 0.84 seconds
after cleansing the weights updates who were almost zeros (meaning with absolute value of less than 10**-7, 0.04% of the weights upadtes) we get:
user No.4.0 has been picked 146, his deltas theta's mean
 is -0.0014117328682914376,
the empirical var of deltas thetas is 0.005203634034842253
the minimum of the deltas theta is -0.4949687719345093 and the maximum is 0.506414532661438
the added laplace noise var is 1.0108487696244266
global epoch 273 has been done artifficialy in 0.84 secs, the total time by now is 228.04 
 with avg train loss 1.586, val loss 2.111, avg val acc 26.56%
iteration: 274
user 0, emp_avg: 0.7875129433687066, h: 0.538826699783319, ucb: 1.324507858181066,num_of_obs(calculated after picking at this round): 117, privacy reward: 0.009279013887063758, g: 0.001603946480766003, curr_delay = 0.05, data_size = 3537
user 13, emp_avg: 0.28520741410438577, h: 0.5892400193428298, ucb: 0.8735191653805925,num_of_obs(calculated after picking at this round): 98, privacy reward: 0.019841094744369348, g: -3.389381445796039e-06, curr_delay = 0.13324471083113837, data_size = 2688
user 14, emp_avg: 0.25505646848810976, h: 0.6570989918625463, ucb: 0.9131637600976119,num_of_obs(calculated after picking at this round): 79, privacy reward: 0.04242574108051078, g: 0.0003471780579457279, curr_delay = 0.2834321094391151, data_size = 2315
user 15, emp_avg: 0.07032253534689102, h: 1.1381288395082183, ucb: 1.2081374303472037,num_of_obs(calculated after picking at this round): 27, privacy reward: 0.33959552564493845, g: -2.7824724994682747e-05, curr_delay = 0.637063655962363, data_size = 684
user 22, emp_avg: 0.061604469627051295, h: 1.0102320261286577, ucb: 1.0718411641456957,num_of_obs(calculated after picking at this round): 34, privacy reward: 0.25666077695355527, g: 2.407786022517499e-07, curr_delay = 0.8136641847683892, data_size = 923
num of fast users chosen: 3, num of slow users chosen: 2
max_delay = 0.81 seconds
after cleansing the weights updates who were almost zeros (meaning with absolute value of less than 10**-7, 0.04% of the weights upadtes) we get:
user No.0.0 has been picked 117, his deltas theta's mean
 is -0.0015004585729911923,
the empirical var of deltas thetas is 0.003903893521055579
the minimum of the deltas theta is -0.5123345851898193 and the maximum is 0.6808464527130127
the added laplace noise var is 0.31688712023944193
global epoch 274 has been done artifficialy in 0.81 secs, the total time by now is 228.86 
 with avg train loss 1.664, val loss 1.992, avg val acc 25.23%
iteration: 275
user 4, emp_avg: 0.5476747958813835, h: 0.48044376309111014, ucb: 1.0275068052604786,num_of_obs(calculated after picking at this round): 147, privacy reward: 0.0027947852750357383, g: -0.0013671636299136892, curr_delay = 0.0784940646397575, data_size = 3770
user 13, emp_avg: 0.28463543946724684, h: 0.5864161873235563, ucb: 0.871623601427942,num_of_obs(calculated after picking at this round): 99, privacy reward: 0.019063114291610672, g: -1.7556645571696916e-05, curr_delay = 0.21873995502468635, data_size = 2688
user 17, emp_avg: 0.06737347304247299, h: 0.684152218544149, ucb: 0.7515852920377905,num_of_obs(calculated after picking at this round): 73, privacy reward: 0.053933687300355304, g: -0.0005833880841046952, curr_delay = 0.7926161080749377, data_size = 1814
user 18, emp_avg: 0.06683837320416337, h: 1.0780030482011704, ucb: 1.1445111304220232,num_of_obs(calculated after picking at this round): 30, privacy reward: 0.3011942119122014, g: -0.000255039818831617, curr_delay = 0.6543062825376029, data_size = 683
user 28, emp_avg: 0.05559160960493788, h: 0.9295798138999372, ucb: 0.9852101312798719,num_of_obs(calculated after picking at this round): 40, privacy reward: 0.2018965179946548, g: 0.000257835189643964, curr_delay = 0.9245219130485809, data_size = 1205
num of fast users chosen: 2, num of slow users chosen: 3
max_delay = 0.92 seconds
after cleansing the weights updates who were almost zeros (meaning with absolute value of less than 10**-7, 0.04% of the weights upadtes) we get:
user No.4.0 has been picked 147, his deltas theta's mean
 is -0.0007654361543245614,
the empirical var of deltas thetas is 0.005638756323605776
the minimum of the deltas theta is -0.5315315127372742 and the maximum is 0.5153169631958008
the added laplace noise var is 1.0521022905042225
global epoch 275 has been done artifficialy in 0.92 secs, the total time by now is 229.78 
 with avg train loss 1.600, val loss 2.836, avg val acc 23.11%
iteration: 276
user 0, emp_avg: 0.7893136811367684, h: 0.536866543399188, ucb: 1.3243794867678946,num_of_obs(calculated after picking at this round): 118, privacy reward: 0.008915178548438596, g: 0.001559769826205967, curr_delay = 0.05, data_size = 3537
user 7, emp_avg: 0.4260433817262123, h: 1.298506934796709, ucb: 1.728717962212992,num_of_obs(calculated after picking at this round): 21, privacy reward: 0.4317105234290791, g: -0.00022735641079399077, curr_delay = 0.14590426253400268, data_size = 438
user 8, emp_avg: 0.4001578677174503, h: 0.637411984893269, ucb: 1.0385715938396423,num_of_obs(calculated after picking at this round): 84, privacy reward: 0.034735258944737835, g: 0.002461618081861068, curr_delay = 0.15772206651722429, data_size = 2674
user 16, emp_avg: 0.0688421927808221, h: 0.9678499251534428, ucb: 1.0363569940187372,num_of_obs(calculated after picking at this round): 37, privacy reward: 0.22763768838381226, g: -2.1712304913278385e-07, curr_delay = 0.6179961435654939, data_size = 992
user 17, emp_avg: 0.0673747105528847, h: 0.6796695933218883, ucb: 0.7470430663643612,num_of_obs(calculated after picking at this round): 74, privacy reward: 0.05181891717272524, g: -0.0007197415734857963, curr_delay = 0.7411244915665097, data_size = 1814
num of fast users chosen: 3, num of slow users chosen: 2
max_delay = 0.74 seconds
after cleansing the weights updates who were almost zeros (meaning with absolute value of less than 10**-7, 0.00% of the weights upadtes) we get:
user No.0.0 has been picked 118, his deltas theta's mean
 is -0.001588314538821578,
the empirical var of deltas thetas is 0.003970656078308821
the minimum of the deltas theta is -0.4661063253879547 and the maximum is 0.4803239107131958
the added laplace noise var is 0.32981952894801003
global epoch 276 has been done artifficialy in 0.74 secs, the total time by now is 230.52 
 with avg train loss 1.733, val loss 1.966, avg val acc 27.01%
iteration: 277
user 0, emp_avg: 0.7869136029891365, h: 0.5347588165145425, ucb: 1.324072497651311,num_of_obs(calculated after picking at this round): 119, privacy reward: 0.008565609397496954, g: 0.0013998212450403275, curr_delay = 0.09926457229594912, data_size = 3537
user 13, emp_avg: 0.2851124971374578, h: 0.5838232145346189, ucb: 0.8684586540018657,num_of_obs(calculated after picking at this round): 100, privacy reward: 0.01831563888873322, g: -2.732310508386426e-05, curr_delay = 0.15044778987330804, data_size = 2688
user 14, emp_avg: 0.25453503402063765, h: 0.6535599208107682, ucb: 0.9086163892988779,num_of_obs(calculated after picking at this round): 80, privacy reward: 0.0407622039783655, g: 0.0003278160687834953, curr_delay = 0.23436579628269452, data_size = 2315
user 19, emp_avg: 0.06479639897580573, h: 1.4998689951042177, ucb: 1.564641503205961,num_of_obs(calculated after picking at this round): 16, privacy reward: 0.5272924240430481, g: 0.000541930232739139, curr_delay = 0.7674036156165362, data_size = 591
user 24, emp_avg: 0.06068028905748916, h: 0.968161273255248, ucb: 1.0287312511213655,num_of_obs(calculated after picking at this round): 37, privacy reward: 0.22763768838381226, g: 0.0001517950328432726, curr_delay = 0.7733773574952827, data_size = 1086
num of fast users chosen: 3, num of slow users chosen: 2
max_delay = 0.77 seconds
after cleansing the weights updates who were almost zeros (meaning with absolute value of less than 10**-7, 0.00% of the weights upadtes) we get:
user No.0.0 has been picked 119, his deltas theta's mean
 is -0.0017643680330365896,
the empirical var of deltas thetas is 0.003900261130183935
the minimum of the deltas theta is -0.5752100944519043 and the maximum is 0.51458340883255
the added laplace noise var is 0.34327971926814715
global epoch 277 has been done artifficialy in 0.77 secs, the total time by now is 231.30 
 with avg train loss 1.645, val loss 1.945, avg val acc 27.27%
iteration: 278
user 4, emp_avg: 0.5507310472605633, h: 0.47926904862192465, ucb: 1.0269438445033081,num_of_obs(calculated after picking at this round): 148, privacy reward: 0.002685200176952618, g: -0.0012140390649123829, curr_delay = 0.05, data_size = 3770
user 13, emp_avg: 0.285797343873884, h: 0.5810828398958605, ucb: 0.8661953370333183,num_of_obs(calculated after picking at this round): 101, privacy reward: 0.017597472415622373, g: -5.683137885045032e-05, curr_delay = 0.14113050487432918, data_size = 2688
user 14, emp_avg: 0.254131325547579, h: 0.6496703652828854, ucb: 0.9042053993035231,num_of_obs(calculated after picking at this round): 81, privacy reward: 0.03916389509898632, g: 0.00024131955303191487, curr_delay = 0.22539310480915759, data_size = 2315
user 25, emp_avg: 0.06133902524604059, h: 1.2993407305657707, ucb: 1.3608553636170753,num_of_obs(calculated after picking at this round): 21, privacy reward: 0.4317105234290791, g: 5.953452241952852e-05, curr_delay = 0.8646499584525487, data_size = 608
user 26, emp_avg: 0.058094069568471116, h: 0.7765046072228307, ucb: 0.834628315438778,num_of_obs(calculated after picking at this round): 57, privacy reward: 0.10228420671553695, g: -0.0026986471582640674, curr_delay = 0.8859859216042225, data_size = 1141
num of fast users chosen: 3, num of slow users chosen: 2
max_delay = 0.89 seconds
after cleansing the weights updates who were almost zeros (meaning with absolute value of less than 10**-7, 0.00% of the weights upadtes) we get:
user No.4.0 has been picked 148, his deltas theta's mean
 is -0.0007975632906891406,
the empirical var of deltas thetas is 0.0048781149089336395
the minimum of the deltas theta is -0.45128560066223145 and the maximum is 0.5132458209991455
the added laplace noise var is 1.0950393995092849
global epoch 278 has been done artifficialy in 0.89 secs, the total time by now is 232.18 
 with avg train loss 1.535, val loss 2.126, avg val acc 27.24%
iteration: 279
user 1, emp_avg: 0.7248601991911066, h: 1.13996070598488, ucb: 1.8696209319900496,num_of_obs(calculated after picking at this round): 27, privacy reward: 0.33959552564493845, g: 8.859431881579032e-06, curr_delay = 0.08332506998260644, data_size = 734
user 4, emp_avg: 0.5494773793787158, h: 0.4777995076737717, ucb: 1.028530554934335,num_of_obs(calculated after picking at this round): 149, privacy reward: 0.0025799119720260055, g: -0.0013345895645958603, curr_delay = 0.13738734713176556, data_size = 3770
user 6, emp_avg: 0.5052724380760605, h: 0.5444075380303641, ucb: 1.0519926408475446,num_of_obs(calculated after picking at this round): 115, privacy reward: 0.010051835744632642, g: 0.0002088485291599174, curr_delay = 0.2069290973141799, data_size = 3229
user 17, emp_avg: 0.06729108053443976, h: 0.6757105438474357, ucb: 0.7430852544003204,num_of_obs(calculated after picking at this round): 75, privacy reward: 0.049787068367863285, g: -0.0007600068141360451, curr_delay = 0.8182976704961575, data_size = 1814
user 24, emp_avg: 0.06075510421015475, h: 0.9555990153475434, ucb: 1.0162793044050327,num_of_obs(calculated after picking at this round): 38, privacy reward: 0.21871188695221422, g: 9.346875732498978e-05, curr_delay = 0.7871131956324187, data_size = 1086
num of fast users chosen: 3, num of slow users chosen: 2
max_delay = 0.82 seconds
after cleansing the weights updates who were almost zeros (meaning with absolute value of less than 10**-7, 0.01% of the weights upadtes) we get:
user No.1.0 has been picked 27, his deltas theta's mean
 is 8.562506650378054e-07,
the empirical var of deltas thetas is 0.0007241254206746817
the minimum of the deltas theta is -0.31739211082458496 and the maximum is 0.322939395904541
the added laplace noise var is 0.008658535720544341
global epoch 279 has been done artifficialy in 0.82 secs, the total time by now is 233.00 
 with avg train loss 1.648, val loss 2.269, avg val acc 24.71%
iteration: 280
user 0, emp_avg: 0.788689322964227, h: 0.5330169216969161, ucb: 1.3199305246860527,num_of_obs(calculated after picking at this round): 120, privacy reward: 0.00822974704901891, g: 0.0014750949498535271, curr_delay = 0.05, data_size = 3537
user 13, emp_avg: 0.2853045220445675, h: 0.5785671753788802, ucb: 0.8643645192527643,num_of_obs(calculated after picking at this round): 102, privacy reward: 0.01690746565270429, g: -7.294380338757707e-05, curr_delay = 0.2122876171813066, data_size = 2688
user 16, emp_avg: 0.06908104786250897, h: 0.9559025396863412, ucb: 1.0247447324671632,num_of_obs(calculated after picking at this round): 38, privacy reward: 0.21871188695221422, g: -4.726446346663546e-06, curr_delay = 0.6416946003663919, data_size = 992
user 17, emp_avg: 0.06736445899776818, h: 0.6714038786405243, ucb: 0.7386949591749641,num_of_obs(calculated after picking at this round): 76, privacy reward: 0.047834889494197785, g: -0.0009115803558218609, curr_delay = 0.6861737280621119, data_size = 1814
user 29, emp_avg: 0.05552439884150473, h: 1.1629056302041967, ucb: 1.2181176128011404,num_of_obs(calculated after picking at this round): 26, privacy reward: 0.3534546819587794, g: -0.0001597897344692472, curr_delay = 0.7894553403157815, data_size = 585
num of fast users chosen: 2, num of slow users chosen: 3
max_delay = 0.79 seconds
after cleansing the weights updates who were almost zeros (meaning with absolute value of less than 10**-7, 0.00% of the weights upadtes) we get:
user No.0.0 has been picked 120, his deltas theta's mean
 is -0.0008114100201055408,
the empirical var of deltas thetas is 0.003868660656735301
the minimum of the deltas theta is -0.5307319164276123 and the maximum is 0.47106021642684937
the added laplace noise var is 0.3572892303760259
global epoch 280 has been done artifficialy in 0.79 secs, the total time by now is 233.79 
 with avg train loss 1.671, val loss 2.001, avg val acc 27.58%
iteration: 281
user 0, emp_avg: 0.7888050792811242, h: 0.53095925782181, ucb: 1.319648580786037,num_of_obs(calculated after picking at this round): 121, privacy reward: 0.00790705405159231, g: 0.0013221006147398119, curr_delay = 0.06229009504725482, data_size = 3537
user 6, emp_avg: 0.5095373308512668, h: 0.5423790429451607, ucb: 1.0476514810212212,num_of_obs(calculated after picking at this round): 116, privacy reward: 0.009657697627536765, g: 0.00019046964673374714, curr_delay = 0.05, data_size = 3229
user 8, emp_avg: 0.39984102971563146, h: 0.6346176953395838, ucb: 1.034775563057034,num_of_obs(calculated after picking at this round): 85, privacy reward: 0.0333732699603253, g: 0.0026426744639044698, curr_delay = 0.13396685811735826, data_size = 2674
user 11, emp_avg: 0.30302043448265725, h: 1.1872609937724041, ucb: 1.4702451920541644,num_of_obs(calculated after picking at this round): 25, privacy reward: 0.36787944117144167, g: -0.00012371312015488925, curr_delay = 0.0637844511485021, data_size = 567
user 28, emp_avg: 0.05562215015289602, h: 0.9196484112964377, ucb: 0.9752400209013756,num_of_obs(calculated after picking at this round): 41, privacy reward: 0.19398004229089127, g: 0.0002410776251318562, curr_delay = 0.8796038365883435, data_size = 1205
num of fast users chosen: 4, num of slow users chosen: 1
max_delay = 0.88 seconds
after cleansing the weights updates who were almost zeros (meaning with absolute value of less than 10**-7, 0.00% of the weights upadtes) we get:
user No.0.0 has been picked 121, his deltas theta's mean
 is -0.00025184074183925986,
the empirical var of deltas thetas is 0.0037499936297535896
the minimum of the deltas theta is -0.42734789848327637 and the maximum is 0.4977763891220093
the added laplace noise var is 0.37187048047827415
global epoch 281 has been done artifficialy in 0.88 secs, the total time by now is 234.67 
 with avg train loss 1.656, val loss 1.894, avg val acc 31.05%
iteration: 282
user 0, emp_avg: 0.790536185188656, h: 0.5289272038652075, ucb: 1.3177322831463316,num_of_obs(calculated after picking at this round): 122, privacy reward: 0.007597014027576399, g: 0.0011784768545740033, curr_delay = 0.05, data_size = 3537
user 8, emp_avg: 0.39979044791428364, h: 0.6310723126797163, ucb: 1.0309133423953478,num_of_obs(calculated after picking at this round): 86, privacy reward: 0.03206468532786, g: 0.002393253888691219, curr_delay = 0.12642512890924487, data_size = 2674
user 11, emp_avg: 0.3053225473263646, h: 1.1636398485034565, ucb: 1.4666602829861137,num_of_obs(calculated after picking at this round): 26, privacy reward: 0.3534546819587794, g: -0.00020637820884191174, curr_delay = 0.1377883547671941, data_size = 567
user 22, emp_avg: 0.06158766840038436, h: 0.9978129381689307, ucb: 1.059417407795982,num_of_obs(calculated after picking at this round): 35, privacy reward: 0.2465969639416059, g: 1.3051766069235088e-07, curr_delay = 0.8194514610137833, data_size = 923
user 27, emp_avg: 0.05704499281624694, h: 0.6904932144736883, ucb: 0.7475732357232296,num_of_obs(calculated after picking at this round): 72, privacy reward: 0.0561347628341331, g: -0.0014805140965300835, curr_delay = 0.9164563176783918, data_size = 1628
num of fast users chosen: 3, num of slow users chosen: 2
max_delay = 0.92 seconds
after cleansing the weights updates who were almost zeros (meaning with absolute value of less than 10**-7, 0.00% of the weights upadtes) we get:
user No.0.0 has been picked 122, his deltas theta's mean
 is 0.0001720217551337555,
the empirical var of deltas thetas is 0.0035294967237859964
the minimum of the deltas theta is -0.46351706981658936 and the maximum is 0.6098369359970093
the added laplace noise var is 0.3870468026858879
global epoch 282 has been done artifficialy in 0.92 secs, the total time by now is 235.59 
 with avg train loss 1.623, val loss 1.891, avg val acc 32.98%
iteration: 283
user 4, emp_avg: 0.5496430656133943, h: 0.47679495815272827, ucb: 1.026272337531444,num_of_obs(calculated after picking at this round): 150, privacy reward: 0.0024787521766651555, g: -0.0010606649666879808, curr_delay = 0.08705791550724816, data_size = 3770
user 8, emp_avg: 0.39861326910038963, h: 0.627589346792684, ucb: 1.0273797947069676,num_of_obs(calculated after picking at this round): 87, privacy reward: 0.03080741103275031, g: 0.0021578262196597494, curr_delay = 0.16813736922022615, data_size = 2674
user 10, emp_avg: 0.38728305489931214, h: 0.9202266213528522, ucb: 1.297015687560455,num_of_obs(calculated after picking at this round): 41, privacy reward: 0.19398004229089127, g: 6.020518041216436e-10, curr_delay = 0.0619545979864264, data_size = 1079
user 18, emp_avg: 0.06694309929160074, h: 1.062586175107058, ucb: 1.1294245483112213,num_of_obs(calculated after picking at this round): 31, privacy reward: 0.2893842179390499, g: -0.00027299260419980114, curr_delay = 0.7134206213094529, data_size = 683
user 27, emp_avg: 0.05702781183824296, h: 0.6858964266833123, ucb: 0.7429414194995593,num_of_obs(calculated after picking at this round): 73, privacy reward: 0.053933687300355304, g: -0.001690966304178245, curr_delay = 0.8962054075177793, data_size = 1628
num of fast users chosen: 3, num of slow users chosen: 2
max_delay = 0.90 seconds
after cleansing the weights updates who were almost zeros (meaning with absolute value of less than 10**-7, 0.00% of the weights upadtes) we get:
user No.4.0 has been picked 150, his deltas theta's mean
 is 6.244968972168863e-05,
the empirical var of deltas thetas is 0.005444372538477182
the minimum of the deltas theta is -0.4861868619918823 and the maximum is 0.5557682514190674
the added laplace noise var is 1.1862420200829609
global epoch 283 has been done artifficialy in 0.90 secs, the total time by now is 236.48 
 with avg train loss 1.649, val loss 2.207, avg val acc 23.84%
iteration: 284
user 4, emp_avg: 0.5488928560355276, h: 0.47535141687644966, ucb: 1.024994482489844,num_of_obs(calculated after picking at this round): 151, privacy reward: 0.002381558913615689, g: -0.0011720420059978618, curr_delay = 0.11458391549336473, data_size = 3770
user 6, emp_avg: 0.508467265884285, h: 0.5405444687197444, ucb: 1.0500817995710112,num_of_obs(calculated after picking at this round): 117, privacy reward: 0.009279013887063758, g: 0.0002132487459622413, curr_delay = 0.1300932381805921, data_size = 3229
user 7, emp_avg: 0.4167999197355226, h: 1.270430100192305, ucb: 1.6964734819185174,num_of_obs(calculated after picking at this round): 22, privacy reward: 0.41478291168158077, g: -0.0002741751892920846, curr_delay = 0.22453017494467803, data_size = 438
user 21, emp_avg: 0.06358448391860765, h: 0.8878225968426093, ucb: 0.9514511776761332,num_of_obs(calculated after picking at this round): 44, privacy reward: 0.17204486382304973, g: 0.001739769054746846, curr_delay = 0.8105262515539472, data_size = 1474
user 28, emp_avg: 0.055584240437454455, h: 0.9092189817662624, ucb: 0.9648411319191584,num_of_obs(calculated after picking at this round): 42, privacy reward: 0.1863739760394093, g: 0.00018249934645838949, curr_delay = 0.9254127998773832, data_size = 1205
num of fast users chosen: 3, num of slow users chosen: 2
max_delay = 0.93 seconds
after cleansing the weights updates who were almost zeros (meaning with absolute value of less than 10**-7, 0.00% of the weights upadtes) we get:
user No.4.0 has been picked 151, his deltas theta's mean
 is 0.0009222648805007339,
the empirical var of deltas thetas is 0.013118339702486992
the minimum of the deltas theta is -0.7954270243644714 and the maximum is 0.6583366394042969
the added laplace noise var is 1.234653475302089
global epoch 284 has been done artifficialy in 0.93 secs, the total time by now is 237.41 
 with avg train loss 1.677, val loss 2.277, avg val acc 22.59%
iteration: 285
user 0, emp_avg: 0.7875121599571163, h: 0.5272487753999561, ucb: 1.317784960588612,num_of_obs(calculated after picking at this round): 123, privacy reward: 0.0072991308467874605, g: 0.0012486886867011722, curr_delay = 0.11945117011935885, data_size = 3537
user 2, emp_avg: 0.6887697795350013, h: 1.2143156075965964, ucb: 1.9129902938413605,num_of_obs(calculated after picking at this round): 24, privacy reward: 0.3828928859751114, g: 0.000556381510136705, curr_delay = 0.10847000503826161, data_size = 796
user 5, emp_avg: 0.5172922972350171, h: 1.2708252864371978, ucb: 1.7651315025881682,num_of_obs(calculated after picking at this round): 22, privacy reward: 0.41478291168158077, g: 0.00010875723474270943, curr_delay = 0.05, data_size = 642
user 13, emp_avg: 0.28483448550292556, h: 0.5766275778569863, ucb: 0.8619320999015538,num_of_obs(calculated after picking at this round): 103, privacy reward: 0.016244514441948854, g: -3.2731735616480736e-05, curr_delay = 0.2110677527828421, data_size = 2688
user 27, emp_avg: 0.057124586789375646, h: 0.6816070362040747, ucb: 0.7386348480423177,num_of_obs(calculated after picking at this round): 74, privacy reward: 0.05181891717272524, g: -0.0018356726391086167, curr_delay = 0.7789477442129039, data_size = 1628
num of fast users chosen: 4, num of slow users chosen: 1
max_delay = 0.78 seconds
after cleansing the weights updates who were almost zeros (meaning with absolute value of less than 10**-7, 0.00% of the weights upadtes) we get:
user No.0.0 has been picked 123, his deltas theta's mean
 is 0.000836009276099503,
the empirical var of deltas thetas is 0.00834587775170803
the minimum of the deltas theta is -0.6288658380508423 and the maximum is 0.7174942493438721
the added laplace noise var is 0.4028424823521875
global epoch 285 has been done artifficialy in 0.78 secs, the total time by now is 238.19 
 with avg train loss 1.737, val loss 1.915, avg val acc 29.14%
iteration: 286
user 0, emp_avg: 0.7839662247056659, h: 0.5252637809255345, ucb: 1.3127759408826507,num_of_obs(calculated after picking at this round): 124, privacy reward: 0.007012927832584226, g: 0.0011113578886778799, curr_delay = 0.14375409084830806, data_size = 3537
user 13, emp_avg: 0.2849487015815812, h: 0.5739993476614059, ucb: 0.8588338331643315,num_of_obs(calculated after picking at this round): 104, privacy reward: 0.015607557919981918, g: -6.34617585154549e-05, curr_delay = 0.168513031552197, data_size = 2688
user 14, emp_avg: 0.2536034411004235, h: 0.6472730153165865, ucb: 0.9014043408641655,num_of_obs(calculated after picking at this round): 82, privacy reward: 0.03762825680717552, g: 0.000403506224127112, curr_delay = 0.23714125172221673, data_size = 2315
user 19, emp_avg: 0.06437690779800903, h: 1.4563642844623197, ucb: 1.5211606834381255,num_of_obs(calculated after picking at this round): 17, privacy reward: 0.5066169923655891, g: 0.0004616896060316535, curr_delay = 0.8670763470698788, data_size = 591
user 24, emp_avg: 0.06073105940763359, h: 0.9450139356382545, ucb: 1.0057690398484094,num_of_obs(calculated after picking at this round): 39, privacy reward: 0.21013607120076416, g: 8.868513878640484e-05, curr_delay = 0.8358777883432688, data_size = 1086
num of fast users chosen: 3, num of slow users chosen: 2
max_delay = 0.87 seconds
after cleansing the weights updates who were almost zeros (meaning with absolute value of less than 10**-7, 0.00% of the weights upadtes) we get:
user No.0.0 has been picked 124, his deltas theta's mean
 is -0.0007727197371423244,
the empirical var of deltas thetas is 0.005519377999007702
the minimum of the deltas theta is -0.5601900815963745 and the maximum is 0.6290910243988037
the added laplace noise var is 0.4192827959345638
global epoch 286 has been done artifficialy in 0.87 secs, the total time by now is 239.05 
 with avg train loss 1.683, val loss 1.848, avg val acc 33.39%
iteration: 287
user 4, emp_avg: 0.5482418474197154, h: 0.47421523387954195, ucb: 1.0231080899150695,num_of_obs(calculated after picking at this round): 152, privacy reward: 0.0022881766529210257, g: -0.0010367427024207043, curr_delay = 0.11112603992356511, data_size = 3770
user 13, emp_avg: 0.2846180597736756, h: 0.571409301088762, ucb: 0.8563580026703432,num_of_obs(calculated after picking at this round): 105, privacy reward: 0.014995576820476808, g: -0.00010395365898771833, curr_delay = 0.19981512165693813, data_size = 2688
user 20, emp_avg: 0.06506158883157648, h: 1.5045906042189179, ucb: 1.5695475781252068,num_of_obs(calculated after picking at this round): 16, privacy reward: 0.5272924240430481, g: 2.757966245654328e-05, curr_delay = 0.7504035740483928, data_size = 439
user 24, emp_avg: 0.06071063256843636, h: 0.9331074812985514, ucb: 0.9938385407061849,num_of_obs(calculated after picking at this round): 40, privacy reward: 0.2018965179946548, g: 4.09076629462139e-05, curr_delay = 0.8345296895075227, data_size = 1086
user 27, emp_avg: 0.05717145077629842, h: 0.6774045588958951, ucb: 0.7345291456852707,num_of_obs(calculated after picking at this round): 75, privacy reward: 0.049787068367863285, g: -0.001984178698170795, curr_delay = 0.824546609984336, data_size = 1628
num of fast users chosen: 2, num of slow users chosen: 3
max_delay = 0.83 seconds
after cleansing the weights updates who were almost zeros (meaning with absolute value of less than 10**-7, 0.00% of the weights upadtes) we get:
user No.4.0 has been picked 152, his deltas theta's mean
 is -0.0009396166424266994,
the empirical var of deltas thetas is 0.00631896173581481
the minimum of the deltas theta is -0.55305415391922 and the maximum is 0.5683243274688721
the added laplace noise var is 1.28504063948849
global epoch 287 has been done artifficialy in 0.83 secs, the total time by now is 239.89 
 with avg train loss 1.626, val loss 3.047, avg val acc 13.09%
iteration: 288
user 4, emp_avg: 0.5511945150836388, h: 0.4727979628652992, ucb: 1.0210398102850147,num_of_obs(calculated after picking at this round): 153, privacy reward: 0.002198455963041357, g: -0.0011454070444309363, curr_delay = 0.05, data_size = 3770
user 8, emp_avg: 0.3992613174086955, h: 0.6249391959463458, ucb: 1.0235524650467354,num_of_obs(calculated after picking at this round): 88, privacy reward: 0.029599435167891208, g: 0.002328641591636718, curr_delay = 0.10973539016948546, data_size = 2674
user 13, emp_avg: 0.2839544402278276, h: 0.5688565212090427, ucb: 0.8534745809827183,num_of_obs(calculated after picking at this round): 106, privacy reward: 0.014407591843111467, g: -0.00015400219471373746, curr_delay = 0.23334566714579277, data_size = 2688
user 28, emp_avg: 0.05553166874186619, h: 0.8994411344302278, ucb: 0.9550253748676822,num_of_obs(calculated after picking at this round): 43, privacy reward: 0.17906614791149256, g: 0.00014501206998448362, curr_delay = 0.9376701133926054, data_size = 1205
user 29, emp_avg: 0.0556277211220853, h: 1.1431697310012743, ucb: 1.198694129842779,num_of_obs(calculated after picking at this round): 27, privacy reward: 0.33959552564493845, g: -0.00018585486974578665, curr_delay = 0.8574255564657458, data_size = 585
num of fast users chosen: 3, num of slow users chosen: 2
max_delay = 0.94 seconds
after cleansing the weights updates who were almost zeros (meaning with absolute value of less than 10**-7, 0.04% of the weights upadtes) we get:
user No.4.0 has been picked 153, his deltas theta's mean
 is -0.0005751954158768058,
the empirical var of deltas thetas is 0.005773845128715038
the minimum of the deltas theta is -0.5707871913909912 and the maximum is 0.5607123374938965
the added laplace noise var is 1.3374841428546966
global epoch 288 has been done artifficialy in 0.94 secs, the total time by now is 240.83 
 with avg train loss 1.639, val loss 2.363, avg val acc 20.34%
iteration: 289
user 4, emp_avg: 0.5503292668977621, h: 0.4713945388934059, ucb: 1.0225890539770446,num_of_obs(calculated after picking at this round): 154, privacy reward: 0.002112253271731479, g: -0.001258677816304213, curr_delay = 0.1196325955342366, data_size = 3770
user 6, emp_avg: 0.5069747818391733, h: 0.5390602786384523, ucb: 1.0475275445227372,num_of_obs(calculated after picking at this round): 118, privacy reward: 0.008915178548438596, g: 0.0003315841602377586, curr_delay = 0.15044193134483358, data_size = 3229
user 14, emp_avg: 0.2524892243153497, h: 0.6439072813185576, ucb: 0.8975107224189811,num_of_obs(calculated after picking at this round): 83, privacy reward: 0.03615283175404571, g: 0.0003828762295576477, curr_delay = 0.31032106524207864, data_size = 2315
user 18, emp_avg: 0.06689665266354404, h: 1.0472477004444924, ucb: 1.1141907997360931,num_of_obs(calculated after picking at this round): 32, privacy reward: 0.2780373004531934, g: -0.00031619442704486177, curr_delay = 0.7638624941172827, data_size = 683
user 24, emp_avg: 0.06063255563446848, h: 0.9219349235259856, ucb: 0.982645556094422,num_of_obs(calculated after picking at this round): 41, privacy reward: 0.19398004229089127, g: 1.5024206286264638e-05, curr_delay = 0.8694219022515604, data_size = 1086
num of fast users chosen: 3, num of slow users chosen: 2
max_delay = 0.87 seconds
after cleansing the weights updates who were almost zeros (meaning with absolute value of less than 10**-7, 0.09% of the weights upadtes) we get:
user No.4.0 has been picked 154, his deltas theta's mean
 is -0.002479124814271927,
the empirical var of deltas thetas is 0.01537661999464035
the minimum of the deltas theta is -0.7777780294418335 and the maximum is 0.6206933856010437
the added laplace noise var is 1.3920679061946397
global epoch 289 has been done artifficialy in 0.87 secs, the total time by now is 241.70 
 with avg train loss 1.797, val loss 2.553, avg val acc 18.96%
iteration: 290
user 0, emp_avg: 0.7839240761614062, h: 0.5237834255858163, ucb: 1.3077496502914823,num_of_obs(calculated after picking at this round): 125, privacy reward: 0.006737946999084254, g: 0.0012831267011657115, curr_delay = 0.06420977329457066, data_size = 3537
user 6, emp_avg: 0.5064179800411914, h: 0.5369348470550783, ucb: 1.0439096288942515,num_of_obs(calculated after picking at this round): 119, privacy reward: 0.008565609397496954, g: 0.00026105483491297685, curr_delay = 0.11345190942760823, data_size = 3229
user 15, emp_avg: 0.07101539361641489, h: 1.1224854290547008, ucb: 1.1928079644015919,num_of_obs(calculated after picking at this round): 28, privacy reward: 0.3262797946230388, g: -1.2165111697417676e-05, curr_delay = 0.5572734010086513, data_size = 684
user 26, emp_avg: 0.05805241106010695, h: 0.7725474553967897, ucb: 0.8306415249652608,num_of_obs(calculated after picking at this round): 58, privacy reward: 0.09827358560436095, g: -0.002214773495731755, curr_delay = 0.898022760874535, data_size = 1141
user 27, emp_avg: 0.05711671176239048, h: 0.6734912574328205, ucb: 0.7306627082091188,num_of_obs(calculated after picking at this round): 76, privacy reward: 0.047834889494197785, g: -0.002054363711393536, curr_delay = 0.9431953841821463, data_size = 1628
num of fast users chosen: 2, num of slow users chosen: 3
max_delay = 0.94 seconds
after cleansing the weights updates who were almost zeros (meaning with absolute value of less than 10**-7, 0.00% of the weights upadtes) we get:
user No.0.0 has been picked 125, his deltas theta's mean
 is 0.0002993206144310534,
the empirical var of deltas thetas is 0.004782306961715221
the minimum of the deltas theta is -0.6565805673599243 and the maximum is 0.5119940638542175
the added laplace noise var is 0.43639405144220245
global epoch 290 has been done artifficialy in 0.94 secs, the total time by now is 242.64 
 with avg train loss 1.737, val loss 2.138, avg val acc 25.80%
iteration: 291
user 0, emp_avg: 0.7828559440770136, h: 0.5218424252820306, ucb: 1.3057665014434368,num_of_obs(calculated after picking at this round): 126, privacy reward: 0.006473748318288286, g: 0.0011460730210530263, curr_delay = 0.07700132999522812, data_size = 3537
user 13, emp_avg: 0.28464517558340846, h: 0.5666846615966877, ucb: 0.8506391018245154,num_of_obs(calculated after picking at this round): 107, privacy reward: 0.013842662086478552, g: -0.00014611000425047367, curr_delay = 0.13971822394670422, data_size = 2688
user 15, emp_avg: 0.07128327538876136, h: 1.1025933650623903, ucb: 1.173608758678805,num_of_obs(calculated after picking at this round): 29, privacy reward: 0.3134861808826046, g: -4.361724096818906e-05, curr_delay = 0.6346469105841663, data_size = 684
user 21, emp_avg: 0.06371406416175251, h: 0.8795652283815741, ucb: 0.9431497123001817,num_of_obs(calculated after picking at this round): 45, privacy reward: 0.16529888822158578, g: 0.0017569712139954255, curr_delay = 0.7202992368033523, data_size = 1474
user 22, emp_avg: 0.06153369944378381, h: 0.9861894863278985, ucb: 1.0477771547282828,num_of_obs(calculated after picking at this round): 36, privacy reward: 0.23692775868212124, g: 4.27368244379913e-07, curr_delay = 0.8382962432158678, data_size = 923
num of fast users chosen: 2, num of slow users chosen: 3
max_delay = 0.84 seconds
after cleansing the weights updates who were almost zeros (meaning with absolute value of less than 10**-7, 0.06% of the weights upadtes) we get:
user No.0.0 has been picked 126, his deltas theta's mean
 is -0.00020483128901105374,
the empirical var of deltas thetas is 0.0034784821327775717
the minimum of the deltas theta is -0.503584623336792 and the maximum is 0.506344199180603
the added laplace noise var is 0.4542036305345117
global epoch 291 has been done artifficialy in 0.84 secs, the total time by now is 243.48 
 with avg train loss 1.783, val loss 2.105, avg val acc 23.18%
iteration: 292
user 0, emp_avg: 0.7823860096439846, h: 0.5199246191822646, ucb: 1.3027805632592782,num_of_obs(calculated after picking at this round): 127, privacy reward: 0.006219909015941494, g: 0.0010176173718599252, curr_delay = 0.06913962788688247, data_size = 3537
user 5, emp_avg: 0.51842541222677, h: 1.244269095668941, ucb: 1.7615613929039582,num_of_obs(calculated after picking at this round): 23, privacy reward: 0.3985190410845135, g: 7.692023985461097e-05, curr_delay = 0.09202104950556948, data_size = 642
user 13, emp_avg: 0.2848707199043822, h: 0.5642008889729327, ucb: 0.8488460645563412,num_of_obs(calculated after picking at this round): 108, privacy reward: 0.013299883542442825, g: -0.0002034840883648761, curr_delay = 0.1618102228727375, data_size = 2688
user 21, emp_avg: 0.06370962387316735, h: 0.8700002913615054, ucb: 0.9337143555232579,num_of_obs(calculated after picking at this round): 46, privacy reward: 0.15881742610691996, g: 0.0015217333317507785, curr_delay = 0.7872799383561778, data_size = 1474
user 24, emp_avg: 0.06053827274470623, h: 0.9114518412228532, ucb: 0.9720843968573216,num_of_obs(calculated after picking at this round): 42, privacy reward: 0.1863739760394093, g: 3.509825014460418e-06, curr_delay = 0.8822594071824286, data_size = 1086
num of fast users chosen: 3, num of slow users chosen: 2
max_delay = 0.88 seconds
after cleansing the weights updates who were almost zeros (meaning with absolute value of less than 10**-7, 0.08% of the weights upadtes) we get:
user No.0.0 has been picked 127, his deltas theta's mean
 is 7.600092067150399e-05,
the empirical var of deltas thetas is 0.003505677916109562
the minimum of the deltas theta is -0.4476619362831116 and the maximum is 0.42680633068084717
the added laplace noise var is 0.4727400323376186
global epoch 292 has been done artifficialy in 0.88 secs, the total time by now is 244.36 
 with avg train loss 1.706, val loss 2.042, avg val acc 27.54%
iteration: 293
user 4, emp_avg: 0.5485218664336702, h: 0.4704311068853125, ucb: 1.0207603737830746,num_of_obs(calculated after picking at this round): 155, privacy reward: 0.0020294306362945713, g: -0.0010025680230033559, curr_delay = 0.18506030720029693, data_size = 3770
user 10, emp_avg: 0.386763344703022, h: 0.911726259384514, ucb: 1.2990093142838262,num_of_obs(calculated after picking at this round): 42, privacy reward: 0.1863739760394093, g: 2.060810444423004e-06, curr_delay = 0.13681566537611597, data_size = 1079
user 13, emp_avg: 0.28428622815239124, h: 0.561751853530892, ucb: 0.8466225734352741,num_of_obs(calculated after picking at this round): 109, privacy reward: 0.012778387649534761, g: -0.00026984998677094426, curr_delay = 0.22607952175426857, data_size = 2688
user 15, emp_avg: 0.0711953829391607, h: 1.0840701665499015, ucb: 1.1553534419386629,num_of_obs(calculated after picking at this round): 30, privacy reward: 0.3011942119122014, g: -8.76192028155675e-05, curr_delay = 0.7283692339093563, data_size = 684
user 27, emp_avg: 0.05713691394993649, h: 0.6696526559786365, ucb: 0.7267693677410271,num_of_obs(calculated after picking at this round): 77, privacy reward: 0.045959256649043545, g: -0.002124294098923026, curr_delay = 0.852191185115621, data_size = 1628
num of fast users chosen: 3, num of slow users chosen: 2
max_delay = 0.85 seconds
after cleansing the weights updates who were almost zeros (meaning with absolute value of less than 10**-7, 0.04% of the weights upadtes) we get:
user No.4.0 has been picked 155, his deltas theta's mean
 is -0.0006057026330381632,
the empirical var of deltas thetas is 0.003413110738620162
the minimum of the deltas theta is -0.4614630341529846 and the maximum is 0.7354855537414551
the added laplace noise var is 1.44887927517482
global epoch 293 has been done artifficialy in 0.85 secs, the total time by now is 245.21 
 with avg train loss 1.709, val loss 2.555, avg val acc 21.26%
iteration: 294
user 5, emp_avg: 0.5227255269083705, h: 1.2176505996319322, ucb: 1.7360760118587022,num_of_obs(calculated after picking at this round): 24, privacy reward: 0.3828928859751114, g: 3.459312081034266e-05, curr_delay = 0.08043393599028034, data_size = 642
user 6, emp_avg: 0.5054096990146929, h: 0.5353195747333611, ucb: 1.0417375547745524,num_of_obs(calculated after picking at this round): 120, privacy reward: 0.00822974704901891, g: 0.0003345913517758518, curr_delay = 0.12972717495044608, data_size = 3229
user 10, emp_avg: 0.3863153482816936, h: 0.9010771147702448, ucb: 1.2878404594732666,num_of_obs(calculated after picking at this round): 43, privacy reward: 0.17906614791149256, g: -2.2196528122464557e-06, curr_delay = 0.13605460740053835, data_size = 1079
user 13, emp_avg: 0.2851317248851927, h: 0.5593367517621688, ucb: 0.84362297991456,num_of_obs(calculated after picking at this round): 110, privacy reward: 0.012277339903067452, g: -0.0003450205224883464, curr_delay = 0.1325237479620328, data_size = 2688
user 21, emp_avg: 0.06382455731160332, h: 0.861008996115605, ucb: 0.9247186199887724,num_of_obs(calculated after picking at this round): 47, privacy reward: 0.15259010575688325, g: 0.0013436919955039416, curr_delay = 0.7234686451650749, data_size = 1474
num of fast users chosen: 4, num of slow users chosen: 1
max_delay = 0.72 seconds
after cleansing the weights updates who were almost zeros (meaning with absolute value of less than 10**-7, 0.02% of the weights upadtes) we get:
user No.5.0 has been picked 24, his deltas theta's mean
 is 0.0002433385088806972,
the empirical var of deltas thetas is 0.003065344877541065
the minimum of the deltas theta is -0.3317527770996094 and the maximum is 0.3496614694595337
the added laplace noise var is 0.007679432282596293
global epoch 294 has been done artifficialy in 0.72 secs, the total time by now is 245.94 
 with avg train loss 1.805, val loss 2.057, avg val acc 25.11%
iteration: 295
user 0, emp_avg: 0.7825767770539284, h: 0.518339658030254, ucb: 1.3007256676742385,num_of_obs(calculated after picking at this round): 128, privacy reward: 0.005976022895004873, g: 0.0010823106630310467, curr_delay = 0.06197290202231463, data_size = 3537
user 8, emp_avg: 0.39927646972343667, h: 0.6226944031789929, ucb: 1.0219557205876884,num_of_obs(calculated after picking at this round): 89, privacy reward: 0.028438824714183686, g: 0.0027075630860659383, curr_delay = 0.12480970469616366, data_size = 2674
user 15, emp_avg: 0.0712322398414423, h: 1.0664872579022986, ucb: 1.1376826408414593,num_of_obs(calculated after picking at this round): 31, privacy reward: 0.2893842179390499, g: -0.00014590994740909505, curr_delay = 0.6912001533895318, data_size = 684
user 26, emp_avg: 0.05795963537039326, h: 0.7670122524988956, ucb: 0.8250646635590025,num_of_obs(calculated after picking at this round): 59, privacy reward: 0.09442022319630183, g: -0.0022202779495908097, curr_delay = 0.9509564130266093, data_size = 1141
user 27, emp_avg: 0.057098146998430736, h: 0.6656883181021342, ucb: 0.7228252320520707,num_of_obs(calculated after picking at this round): 78, privacy reward: 0.044157168419692305, g: -0.002277327121922993, curr_delay = 0.9239908199512762, data_size = 1628
num of fast users chosen: 2, num of slow users chosen: 3
max_delay = 0.95 seconds
after cleansing the weights updates who were almost zeros (meaning with absolute value of less than 10**-7, 0.09% of the weights upadtes) we get:
user No.0.0 has been picked 128, his deltas theta's mean
 is -0.00028724654112011194,
the empirical var of deltas thetas is 0.0036215183790773153
the minimum of the deltas theta is -0.5880959033966064 and the maximum is 0.5583102703094482
the added laplace noise var is 0.4920329190490515
global epoch 295 has been done artifficialy in 0.95 secs, the total time by now is 246.89 
 with avg train loss 1.662, val loss 2.057, avg val acc 23.76%
iteration: 296
user 0, emp_avg: 0.7842622283945956, h: 0.516464519034406, ucb: 1.2990412960883344,num_of_obs(calculated after picking at this round): 129, privacy reward: 0.00574169968565319, g: 0.0009594216591840583, curr_delay = 0.05, data_size = 3537
user 1, emp_avg: 0.7121903595620473, h: 1.1245107038988666, ucb: 1.8493709030899732,num_of_obs(calculated after picking at this round): 28, privacy reward: 0.3262797946230388, g: 2.4504754495987617e-05, curr_delay = 0.13509691016637815, data_size = 734
user 2, emp_avg: 0.6922880548484245, h: 1.1927237163656197, ucb: 1.8814934959006209,num_of_obs(calculated after picking at this round): 25, privacy reward: 0.36787944117144167, g: 0.0005386304794475533, curr_delay = 0.06437270976046994, data_size = 796
user 8, emp_avg: 0.39999332810438337, h: 0.6193704372132697, ucb: 1.0186469069367063,num_of_obs(calculated after picking at this round): 90, privacy reward: 0.027323722447291754, g: 0.0024664789491966937, curr_delay = 0.10780654720344715, data_size = 2674
user 17, emp_avg: 0.06742942923560503, h: 0.6702528659310169, ucb: 0.7376173249287851,num_of_obs(calculated after picking at this round): 77, privacy reward: 0.045959256649043545, g: -0.00036450457616980585, curr_delay = 0.6909210607205454, data_size = 1814
num of fast users chosen: 4, num of slow users chosen: 1
max_delay = 0.69 seconds
after cleansing the weights updates who were almost zeros (meaning with absolute value of less than 10**-7, 0.12% of the weights upadtes) we get:
user No.0.0 has been picked 129, his deltas theta's mean
 is -0.0016474159201607108,
the empirical var of deltas thetas is 0.009868218563497066
the minimum of the deltas theta is -0.6984144449234009 and the maximum is 0.6769594550132751
the added laplace noise var is 0.5121131634035839
global epoch 296 has been done artifficialy in 0.69 secs, the total time by now is 247.58 
 with avg train loss 1.765, val loss 1.928, avg val acc 27.38%
iteration: 297
user 4, emp_avg: 0.5468818122783401, h: 0.4694704829968182, ucb: 1.0179923494304883,num_of_obs(calculated after picking at this round): 156, privacy reward: 0.0019498555228441017, g: -0.0007812923247654485, curr_delay = 0.1708388835143821, data_size = 3770
user 13, emp_avg: 0.2847059079631757, h: 0.5572855709338402, ucb: 0.842417295819033,num_of_obs(calculated after picking at this round): 111, privacy reward: 0.011795938519750582, g: -0.00033112349785876957, curr_delay = 0.21020234172563607, data_size = 2688
user 15, emp_avg: 0.07145938938690512, h: 1.0497679134105447, ucb: 1.1210001532519869,num_of_obs(calculated after picking at this round): 32, privacy reward: 0.2780373004531934, g: -0.00021790212194578443, curr_delay = 0.6369343560967072, data_size = 684
user 21, emp_avg: 0.06380629325236895, h: 0.852560509274745, ucb: 0.9163850665863483,num_of_obs(calculated after picking at this round): 48, privacy reward: 0.14660696213034952, g: 0.0012159051382446323, curr_delay = 0.7943078947117421, data_size = 1474
user 24, emp_avg: 0.06051081168225721, h: 0.9018815363135243, ucb: 0.9624198090582305,num_of_obs(calculated after picking at this round): 43, privacy reward: 0.17906614791149256, g: 7.573702013747277e-07, curr_delay = 0.8423542870697532, data_size = 1086
num of fast users chosen: 2, num of slow users chosen: 3
max_delay = 0.84 seconds
after cleansing the weights updates who were almost zeros (meaning with absolute value of less than 10**-7, 0.04% of the weights upadtes) we get:
user No.4.0 has been picked 156, his deltas theta's mean
 is -0.0008607344352640212,
the empirical var of deltas thetas is 0.004118247888982296
the minimum of the deltas theta is -0.5547057390213013 and the maximum is 0.5125446319580078
the added laplace noise var is 1.5080091601060108
global epoch 297 has been done artifficialy in 0.84 secs, the total time by now is 248.42 
 with avg train loss 1.668, val loss 2.828, avg val acc 15.44%
iteration: 298
user 0, emp_avg: 0.7811243253498307, h: 0.5147631420329162, ucb: 1.2990253704275116,num_of_obs(calculated after picking at this round): 130, privacy reward: 0.005516564420759651, g: 0.0009315350315540021, curr_delay = 0.1328604095928714, data_size = 3537
user 1, emp_avg: 0.7075277550128439, h: 1.1049007860927156, ucb: 1.817091145654763,num_of_obs(calculated after picking at this round): 29, privacy reward: 0.3134861808826046, g: 4.8695795908103045e-06, curr_delay = 0.08665889325698212, data_size = 734
user 8, emp_avg: 0.39879657535101803, h: 0.6162842140065682, ucb: 1.0162775421109516,num_of_obs(calculated after picking at this round): 91, privacy reward: 0.026252343965687097, g: 0.0023353936827767807, curr_delay = 0.171768873512439, data_size = 2674
user 21, emp_avg: 0.0638629592097141, h: 0.8438819146143467, ucb: 0.9076882078667157,num_of_obs(calculated after picking at this round): 49, privacy reward: 0.1408584209210444, g: 0.0010268925418048613, curr_delay = 0.7509432767955988, data_size = 1474
user 26, emp_avg: 0.057927945346376256, h: 0.7611605870679553, ucb: 0.8191202224383486,num_of_obs(calculated after picking at this round): 60, privacy reward: 0.0907179532894119, g: -0.002351884627866031, curr_delay = 0.891929632727896, data_size = 1141
num of fast users chosen: 3, num of slow users chosen: 2
max_delay = 0.89 seconds
after cleansing the weights updates who were almost zeros (meaning with absolute value of less than 10**-7, 0.08% of the weights upadtes) we get:
user No.0.0 has been picked 130, his deltas theta's mean
 is -0.00027584959752857685,
the empirical var of deltas thetas is 0.0038175254594534636
the minimum of the deltas theta is -0.7008010149002075 and the maximum is 0.542866587638855
the added laplace noise var is 0.5330128980761972
global epoch 298 has been done artifficialy in 0.89 secs, the total time by now is 249.31 
 with avg train loss 1.764, val loss 2.292, avg val acc 18.41%
iteration: 299
user 0, emp_avg: 0.7821861037006447, h: 0.5129302054811695, ucb: 1.294054530831,num_of_obs(calculated after picking at this round): 131, privacy reward: 0.005300256835869321, g: 0.0008193537658951733, curr_delay = 0.05433499302939971, data_size = 3537
user 6, emp_avg: 0.504271588050014, h: 0.5338746844246638, ucb: 1.0392843834393566,num_of_obs(calculated after picking at this round): 121, privacy reward: 0.00790705405159231, g: 0.0004715825066493484, curr_delay = 0.13598105775368782, data_size = 3229
user 23, emp_avg: 0.06012729460347806, h: 1.6882599878855578, ucb: 1.748861531161799,num_of_obs(calculated after picking at this round): 13, privacy reward: 0.5945205479701939, g: 0.0005000280775829889, curr_delay = 0.9185045700728035, data_size = 477
user 26, emp_avg: 0.057872108255822716, h: 0.7550128193210157, ucb: 0.812940764667392,num_of_obs(calculated after picking at this round): 61, privacy reward: 0.08716085146198072, g: -0.0026192442125094286, curr_delay = 0.9170629738279105, data_size = 1141
user 27, emp_avg: 0.057150051136593855, h: 0.6621900478651059, ucb: 0.7192881948635367,num_of_obs(calculated after picking at this round): 79, privacy reward: 0.04242574108051078, g: -0.0022632821236225455, curr_delay = 0.8170125021347897, data_size = 1628
num of fast users chosen: 2, num of slow users chosen: 3
max_delay = 0.92 seconds
after cleansing the weights updates who were almost zeros (meaning with absolute value of less than 10**-7, 0.08% of the weights upadtes) we get:
user No.0.0 has been picked 131, his deltas theta's mean
 is 0.0005803852109238505,
the empirical var of deltas thetas is 0.007577493786811829
the minimum of the deltas theta is -0.5416187047958374 and the maximum is 0.6258640885353088
the added laplace noise var is 0.5547655671012154
global epoch 299 has been done artifficialy in 0.92 secs, the total time by now is 250.23 
 with avg train loss 1.588, val loss 2.239, avg val acc 23.02%
iteration: 300
user 0, emp_avg: 0.7838362089756398, h: 0.5111183281825264, ucb: 1.293304431883171,num_of_obs(calculated after picking at this round): 132, privacy reward: 0.005092430792698055, g: 0.0007150435475354005, curr_delay = 0.05, data_size = 3537
user 1, emp_avg: 0.7172768298457491, h: 1.0863208208402055, ucb: 1.7938485758530494,num_of_obs(calculated after picking at this round): 30, privacy reward: 0.3011942119122014, g: -2.5022277842923696e-07, curr_delay = 0.05, data_size = 734
user 2, emp_avg: 0.6843060301740873, h: 1.1700033307292284, ucb: 1.8622913855776528,num_of_obs(calculated after picking at this round): 26, privacy reward: 0.3534546819587794, g: 0.00043916071434190666, curr_delay = 0.10314479967950707, data_size = 796
user 13, emp_avg: 0.28516342107676385, h: 0.5552590082093514, ucb: 0.8399649161725271,num_of_obs(calculated after picking at this round): 112, privacy reward: 0.011333413154666405, g: -0.0003177815616179819, curr_delay = 0.14883283356272595, data_size = 2688
user 17, emp_avg: 0.06740632514526865, h: 0.6666712701479965, ucb: 0.7341006993836016,num_of_obs(calculated after picking at this round): 78, privacy reward: 0.044157168419692305, g: -0.0003610726918648388, curr_delay = 0.7618779416027549, data_size = 1814
num of fast users chosen: 4, num of slow users chosen: 1
max_delay = 0.76 seconds
after cleansing the weights updates who were almost zeros (meaning with absolute value of less than 10**-7, 0.08% of the weights upadtes) we get:
user No.0.0 has been picked 132, his deltas theta's mean
 is 0.0005254003335721791,
the empirical var of deltas thetas is 0.004123908933252096
the minimum of the deltas theta is -0.48864710330963135 and the maximum is 0.45970582962036133
the added laplace noise var is 0.5774059793898954
global epoch 300 has been done artifficialy in 0.76 secs, the total time by now is 250.99 
 with avg train loss 1.787, val loss 2.153, avg val acc 22.20%
