Namespace(full_exp=True, data='cifar10', i_i_d=False, wandb=True, method_choosing_users='fraboni', model='cnn3', num_users=30, num_users_per_round=5, global_epochs=400, max_seconds=600, epsilon_bar=100, epsilon_sum_deascent_coeff=0.04, delta_f=0.012, accel_ucb_coeff=1, alpha=20, beta=2, gamma=40.0, alternative_privacy_reward=False, choosing_users_verbose=True, sa_pause_verbose=False, snr_verbose=False, dirichlet_coeff=2.0, label_dominance=0.25, bar_plot_interval=30, max_iterations_sa_pause=500, sa_pause_simulation=False, max_time_sa_pause=600, pre_sa_pause_rounds=1, beta_max_reduction=70, data_truncation=None, tau_min=0.05, production=False, privacy_noise='laplace', privacy=True, save_best_model=False, seed=2.0, norm_mean=0.5, norm_std=0.5, train_batch_size=20, test_batch_size=1000, local_epochs=1, local_iterations=100, lr=0.01, momentum=0.5, lr_scheduler=False, optimizer='adam', device=device(type='cuda'), exp_path=PosixPath('/sise/home/oripele/PAUSE/checkpoints/pause brute/cnn3/17-02-2025_13-33-12'))
=================================================================
Layer (type:depth-idx)                   Param #
=================================================================
CNN3LayerCifar                           --
├─Conv2d: 1-1                            896
├─BatchNorm2d: 1-2                       64
├─Conv2d: 1-3                            18,496
├─BatchNorm2d: 1-4                       128
├─Conv2d: 1-5                            73,856
├─BatchNorm2d: 1-6                       256
├─MaxPool2d: 1-7                         --
├─Linear: 1-8                            65,664
├─BatchNorm1d: 1-9                       256
├─Linear: 1-10                           8,256
├─BatchNorm1d: 1-11                      128
├─Linear: 1-12                           2,080
├─BatchNorm1d: 1-13                      64
├─Linear: 1-14                           330
├─Dropout: 1-15                          --
├─Dropout: 1-16                          --
├─Dropout: 1-17                          --
=================================================================
Total params: 170,474
Trainable params: 170,474
Non-trainable params: 0
=================================================================
fraboni distributions: [[0.         0.         0.         0.         0.         0.
  0.         0.         0.         0.         0.         0.
  0.         0.         0.         0.         0.         0.56680412
  0.         0.         0.         0.         0.         0.43319588
  0.         0.         0.         0.         0.         0.        ]
 [0.         0.         0.         0.         0.         0.
  0.         0.         0.         0.32051546 0.         0.
  0.         0.         0.         0.         0.         0.
  0.         0.35742268 0.         0.         0.         0.00587629
  0.         0.         0.26670103 0.         0.         0.04948454]
 [0.         0.         0.         0.         0.         0.
  0.         0.         0.         0.         0.         0.
  0.16412371 0.         0.         0.         0.         0.
  0.19051546 0.         0.         0.21412371 0.         0.
  0.22412371 0.         0.         0.         0.         0.2071134 ]
 [0.         0.08597938 0.         0.         0.         0.
  0.14958763 0.         0.14237113 0.         0.         0.14587629
  0.0114433  0.         0.         0.         0.         0.
  0.         0.         0.14474227 0.         0.         0.
  0.         0.14979381 0.         0.         0.17020619 0.        ]
 [0.10268041 0.05257732 0.0557732  0.06927835 0.0557732  0.06443299
  0.         0.0557732  0.         0.         0.07556701 0.
  0.         0.05948454 0.08412371 0.0557732  0.11639175 0.
  0.         0.         0.         0.         0.0557732  0.
  0.         0.         0.         0.09659794 0.         0.        ]]
iteration: 1
user 1, emp_avg: 1.0, h: 0, ucb: inf,num_of_obs: 0, privacy reward: 0.9607894391523232, g: 0.019197959400573922, curr_delay = 0.05, data_size = 1344
user 9, emp_avg: 0.2639430284941456, h: 0, ucb: inf,num_of_obs: 0, privacy reward: 0.9607894391523232, g: 0.10273016261026677, curr_delay = 0.18943481964748704, data_size = 3109
user 12, emp_avg: 0.43123410485353936, h: 0, ucb: inf,num_of_obs: 0, privacy reward: 0.9607894391523232, g: 0.03082377510893825, curr_delay = 0.11594630257034418, data_size = 1703
user 14, emp_avg: 0.23641090882852636, h: 0, ucb: inf,num_of_obs: 0, privacy reward: 0.9607894391523232, g: 0.007076798809650335, curr_delay = 0.21149616254073123, data_size = 816
user 17, emp_avg: 0.06154498138093213, h: 0, ucb: inf,num_of_obs: 0, privacy reward: 0.9607894391523232, g: 0.3212669146561803, curr_delay = 0.8124139268241132, data_size = 5498
num of fast users chosen: 4, num of slow users chosen: 1
max_delay = 0.81 seconds
global epoch 1 has been done artifficialy in 0.81 secs, the total time by now is 0.81 
 with avg train loss 2.020, val loss 2.358, avg val acc 10.00%
iteration: 2
user 1, emp_avg: 0.9356492405938361, h: 2.039333980337618, ucb: 3.039333980337618,num_of_obs: 1, privacy reward: 0.9231163463866358, g: -0.13064125836964605, curr_delay = 0.05738561592790188, data_size = 1344
user 13, emp_avg: 0.300368756725607, h: 0, ucb: inf,num_of_obs: 0, privacy reward: 0.9607894391523232, g: 0.003538410032947178, curr_delay = 0.16646205332759034, data_size = 577
user 17, emp_avg: 0.06449496408619611, h: 2.039333980337618, ucb: 2.10087896171855,num_of_obs: 1, privacy reward: 0.9231163463866358, g: 0.004462790944840054, curr_delay = 0.7413453843265695, data_size = 5498
user 19, emp_avg: 0.06441392707216612, h: 0, ucb: inf,num_of_obs: 0, privacy reward: 0.9607894391523232, g: 0.127750972473164, curr_delay = 0.7762296489698963, data_size = 3467
user 21, emp_avg: 0.060265484946884905, h: 0, ucb: inf,num_of_obs: 0, privacy reward: 0.9607894391523232, g: 0.04584896375810395, curr_delay = 0.8296622858683971, data_size = 2077
num of fast users chosen: 2, num of slow users chosen: 3
max_delay = 0.83 seconds
global epoch 2 has been done artifficialy in 0.83 secs, the total time by now is 1.64 
 with avg train loss 1.993, val loss 2.350, avg val acc 10.00%
iteration: 3
user 10, emp_avg: 0.27688381337427703, h: 0, ucb: inf,num_of_obs: 0, privacy reward: 0.9607894391523232, g: 0.005710373047082581, curr_delay = 0.18058115926196316, data_size = 733
user 18, emp_avg: 0.06896806691094569, h: 0, ucb: inf,num_of_obs: 0, privacy reward: 0.9607894391523232, g: 0.036296141991710065, curr_delay = 0.7249731975895741, data_size = 1848
user 23, emp_avg: 0.05807197870930601, h: 0, ucb: inf,num_of_obs: 0, privacy reward: 0.9607894391523232, g: 0.19278436603252208, curr_delay = 0.86100045342501, data_size = 4259
user 25, emp_avg: 0.06029737851137812, h: 0, ucb: inf,num_of_obs: 0, privacy reward: 0.9607894391523232, g: 0.022438186842384952, curr_delay = 0.8292234460999826, data_size = 1453
user 26, emp_avg: 0.06422484113409073, h: 0, ucb: inf,num_of_obs: 0, privacy reward: 0.9607894391523232, g: 0.07112943989797002, curr_delay = 0.7785149658153044, data_size = 2587
num of fast users chosen: 1, num of slow users chosen: 4
max_delay = 0.86 seconds
global epoch 3 has been done artifficialy in 0.86 secs, the total time by now is 2.50 
 with avg train loss 1.952, val loss 2.336, avg val acc 10.00%
iteration: 4
user 10, emp_avg: 0.2615958498674049, h: 2.884053773201766, ucb: 3.160937586576043,num_of_obs: 1, privacy reward: 0.9231163463866358, g: -0.030426867892443397, curr_delay = 0.20299796623975153, data_size = 733
user 17, emp_avg: 0.06665894055561912, h: 2.039333980337618, ucb: 2.103828944423814,num_of_obs: 2, privacy reward: 0.8869204367171574, g: 0.004462790944840054, curr_delay = 0.7043553751777926, data_size = 5498
user 19, emp_avg: 0.061927979842989284, h: 2.884053773201766, ucb: 2.948467700273932,num_of_obs: 1, privacy reward: 0.9231163463866358, g: 0.011539632266978425, curr_delay = 0.8411556234095128, data_size = 3467
user 28, emp_avg: 0.05716441268447225, h: 0, ucb: inf,num_of_obs: 0, privacy reward: 0.9607894391523232, g: 0.028970145605271547, curr_delay = 0.874670055231437, data_size = 1651
user 29, emp_avg: 0.05612106172191628, h: 0, ucb: inf,num_of_obs: 0, privacy reward: 0.9607894391523232, g: 0.06584250185992135, curr_delay = 0.8909311133091787, data_size = 2489
num of fast users chosen: 1, num of slow users chosen: 4
max_delay = 0.89 seconds
global epoch 4 has been done artifficialy in 0.89 secs, the total time by now is 3.39 
 with avg train loss 1.823, val loss 2.339, avg val acc 10.00%
iteration: 5
user 0, emp_avg: 1.0, h: 0, ucb: inf,num_of_obs: 0, privacy reward: 0.9607894391523232, g: 0.010543267084706133, curr_delay = 0.05, data_size = 996
user 9, emp_avg: 0.26715385818895665, h: 3.1075114600922396, ucb: 3.371454488586385,num_of_obs: 1, privacy reward: 0.9231163463866358, g: 0.014523977043256454, curr_delay = 0.1849353937134551, data_size = 3109
user 21, emp_avg: 0.05967308612785483, h: 3.1075114600922396, ucb: 3.1677769450391247,num_of_obs: 1, privacy reward: 0.9231163463866358, g: 0.00019947922202146864, curr_delay = 0.8463002425588169, data_size = 2077
user 23, emp_avg: 0.060336175730039104, h: 3.1075114600922396, ucb: 3.1655834388015456,num_of_obs: 1, privacy reward: 0.9231163463866358, g: 0.057155500053140615, curr_delay = 0.7987172887781765, data_size = 4259
user 28, emp_avg: 0.05525942780334275, h: 3.1075114600922396, ucb: 3.1646758727767117,num_of_obs: 1, privacy reward: 0.9231163463866358, g: -0.0008876713784674254, curr_delay = 0.9371290798199546, data_size = 1651
num of fast users chosen: 2, num of slow users chosen: 3
max_delay = 0.94 seconds
global epoch 5 has been done artifficialy in 0.94 secs, the total time by now is 4.33 
 with avg train loss 1.881, val loss 2.331, avg val acc 10.00%
iteration: 6
user 9, emp_avg: 0.28679924236591764, h: 2.3184646660417676, ucb: 2.5856185242307244,num_of_obs: 2, privacy reward: 0.8869204367171574, g: -0.00016429777636069425, curr_delay = 0.15333189719496657, data_size = 3109
user 11, emp_avg: 0.38752922497989417, h: 0, ucb: inf,num_of_obs: 0, privacy reward: 0.9607894391523232, g: 0.021279891593155492, curr_delay = 0.12902252727544383, data_size = 1415
user 16, emp_avg: 0.06796688902232784, h: 0, ucb: inf,num_of_obs: 0, privacy reward: 0.9607894391523232, g: 0.01354704006801998, curr_delay = 0.7356523259961844, data_size = 1129
user 18, emp_avg: 0.06876333592544429, h: 3.2788041745990766, ucb: 3.347772241510022,num_of_obs: 1, privacy reward: 0.9231163463866358, g: 0.0005687651303125853, curr_delay = 0.7293030545735265, data_size = 1848
user 23, emp_avg: 0.06060069186931782, h: 2.3184646660417676, ucb: 2.3788008417718065,num_of_obs: 2, privacy reward: 0.8869204367171574, g: 0.01118070051133077, curr_delay = 0.817932694723896, data_size = 4259
num of fast users chosen: 2, num of slow users chosen: 3
max_delay = 0.82 seconds
global epoch 6 has been done artifficialy in 0.82 secs, the total time by now is 5.15 
 with avg train loss 1.909, val loss 2.329, avg val acc 10.00%
iteration: 7
user 3, emp_avg: 1.0, h: 0, ucb: inf,num_of_obs: 0, privacy reward: 0.9607894391523232, g: 0.0047994898501434805, curr_delay = 0.05, data_size = 672
user 18, emp_avg: 0.06752304151528284, h: 2.4161395752658703, ucb: 2.484902911191315,num_of_obs: 2, privacy reward: 0.8869204367171574, g: -0.009062815671491253, curr_delay = 0.7687286983855462, data_size = 1848
user 19, emp_avg: 0.0601026402952021, h: 2.4161395752658703, ucb: 2.4780675551088596,num_of_obs: 2, privacy reward: 0.8869204367171574, g: 0.005142093870176407, curr_delay = 0.8857088210485367, data_size = 3467
user 23, emp_avg: 0.06080832070311086, h: 1.9727697022487511, ucb: 2.033370394118069,num_of_obs: 3, privacy reward: 0.8521437889662112, g: 0.00011026546445977797, curr_delay = 0.8139185647705376, data_size = 4259
user 25, emp_avg: 0.06350908599900984, h: 3.416937355927363, ucb: 3.477234734438741,num_of_obs: 1, privacy reward: 0.9231163463866358, g: 4.811741255116159e-05, curr_delay = 0.7493915672632205, data_size = 1453
num of fast users chosen: 1, num of slow users chosen: 4
max_delay = 0.89 seconds
global epoch 7 has been done artifficialy in 0.89 secs, the total time by now is 6.03 
 with avg train loss 1.887, val loss 2.332, avg val acc 10.00%
iteration: 8
user 5, emp_avg: 0.25841620326313397, h: 0, ucb: inf,num_of_obs: 0, privacy reward: 0.9607894391523232, g: 0.004151610160484641, curr_delay = 0.19348631923473925, data_size = 625
user 8, emp_avg: 0.4615052893528194, h: 0, ucb: inf,num_of_obs: 0, privacy reward: 0.9607894391523232, g: 0.020269539802316928, curr_delay = 0.10834112014212507, data_size = 1381
user 17, emp_avg: 0.0648325294957982, h: 2.039333980337618, ucb: 2.105992920893237,num_of_obs: 3, privacy reward: 0.8521437889662112, g: 0.03678882187267512, curr_delay = 0.842413195275876, data_size = 5498
user 26, emp_avg: 0.06021663790985443, h: 3.5322300675464238, ucb: 3.5964549086805144,num_of_obs: 1, privacy reward: 0.9231163463866358, g: 0.02007918216601126, curr_delay = 0.8895462092060951, data_size = 2587
user 29, emp_avg: 0.05707880358587188, h: 3.5322300675464238, ucb: 3.58835112926834,num_of_obs: 1, privacy reward: 0.9231163463866358, g: 0.01731801732383888, curr_delay = 0.8615261231084977, data_size = 2489
num of fast users chosen: 2, num of slow users chosen: 3
max_delay = 0.89 seconds
global epoch 8 has been done artifficialy in 0.89 secs, the total time by now is 6.92 
 with avg train loss 1.816, val loss 2.341, avg val acc 10.00%
iteration: 9
user 11, emp_avg: 0.6609135291732762, h: 3.63088797183517, ucb: 4.018417196815064,num_of_obs: 1, privacy reward: 0.9231163463866358, g: 0.001208617569991433, curr_delay = 0.053516125387800054, data_size = 1415
user 16, emp_avg: 0.06791126871728403, h: 3.63088797183517, ucb: 3.698854860857498,num_of_obs: 1, privacy reward: 0.9231163463866358, g: 2.7885174294640415e-05, curr_delay = 0.7368583333879202, data_size = 1129
user 17, emp_avg: 0.06533133593257559, h: 1.815443985917585, ucb: 1.8802765154133831,num_of_obs: 4, privacy reward: 0.8187307530779817, g: 0.01497189111029762, curr_delay = 0.7426489449718441, data_size = 5498
user 21, emp_avg: 0.05992072458628204, h: 2.567425506613319, ucb: 2.6270985927411736,num_of_obs: 2, privacy reward: 0.8869204367171574, g: -6.558587850613188e-05, curr_delay = 0.8275953183926659, data_size = 2077
user 26, emp_avg: 0.06127604952197139, h: 2.567425506613319, ucb: 2.6276421445231732,num_of_obs: 2, privacy reward: 0.8869204367171574, g: 0.0019783644238704993, curr_delay = 0.7887073170754634, data_size = 2587
num of fast users chosen: 1, num of slow users chosen: 4
max_delay = 0.83 seconds
global epoch 9 has been done artifficialy in 0.83 secs, the total time by now is 7.75 
 with avg train loss 1.862, val loss 2.326, avg val acc 10.00%
iteration: 10
user 8, emp_avg: 0.4099545661208239, h: 3.7169221888498387, ucb: 4.178427478202658,num_of_obs: 1, privacy reward: 0.9231163463866358, g: 0.0017953129981932178, curr_delay = 0.13950743272445676, data_size = 1381
user 16, emp_avg: 0.06649807514097862, h: 2.628260884878466, ucb: 2.69617215359575,num_of_obs: 2, privacy reward: 0.8869204367171574, g: -0.006990339037092149, curr_delay = 0.7852783800727021, data_size = 1129
user 18, emp_avg: 0.06749095628268564, h: 2.145966026289347, ucb: 2.21348906780463,num_of_obs: 3, privacy reward: 0.8521437889662112, g: -0.011986863641194598, curr_delay = 0.7418980953408535, data_size = 1848
user 19, emp_avg: 0.06120202451681264, h: 2.145966026289347, ucb: 2.2060686665845495,num_of_obs: 3, privacy reward: 0.8521437889662112, g: 0.0032973642257413125, curr_delay = 0.7751916689963637, data_size = 3467
user 23, emp_avg: 0.060857267358865444, h: 1.8584610944249194, ucb: 1.9192694151280303,num_of_obs: 4, privacy reward: 0.8187307530779817, g: 0.0015266340737591672, curr_delay = 0.8189598511294205, data_size = 4259
num of fast users chosen: 1, num of slow users chosen: 4
max_delay = 0.82 seconds
global epoch 10 has been done artifficialy in 0.82 secs, the total time by now is 8.57 
 with avg train loss 1.855, val loss 2.330, avg val acc 10.00%
iteration: 11
user 1, emp_avg: 0.8944455713660345, h: 2.6821047366564774, ucb: 3.6177539772503136,num_of_obs: 2, privacy reward: 0.8869204367171574, g: -0.0018715557199059448, curr_delay = 0.06157345550195919, data_size = 1344
user 19, emp_avg: 0.06317056484326015, h: 1.8965344471423544, ucb: 1.957736471659167,num_of_obs: 4, privacy reward: 0.8187307530779817, g: -3.8609859208126036e-05, curr_delay = 0.7037820076201174, data_size = 3467
user 21, emp_avg: 0.06132319138690153, h: 2.189929347170073, ucb: 2.249850071756355,num_of_obs: 3, privacy reward: 0.8521437889662112, g: -0.0034343774072476737, curr_delay = 0.7630024181862516, data_size = 2077
user 22, emp_avg: 0.06484578986851863, h: 0, ucb: inf,num_of_obs: 0, privacy reward: 0.9607894391523232, g: 0.003110649378254862, curr_delay = 0.7710600811768974, data_size = 541
user 23, emp_avg: 0.06089064119312054, h: 1.6963119781921145, ucb: 1.75716924555098,num_of_obs: 5, privacy reward: 0.7866278610665532, g: -0.0002394226909526561, curr_delay = 0.818900078001806, data_size = 4259
num of fast users chosen: 1, num of slow users chosen: 4
max_delay = 0.82 seconds
global epoch 11 has been done artifficialy in 0.82 secs, the total time by now is 9.39 
 with avg train loss 1.875, val loss 2.331, avg val acc 10.00%
iteration: 12
user 7, emp_avg: 0.3714920564840144, h: 0, ucb: inf,num_of_obs: 0, privacy reward: 0.9607894391523232, g: 0.003110649378254862, curr_delay = 0.1345923799104209, data_size = 541
user 12, emp_avg: 0.3088749618403645, h: 3.8612743879097744, ucb: 4.2925084927633135,num_of_obs: 1, privacy reward: 0.9231163463866358, g: 0.00850705116850297, curr_delay = 0.2680737768753327, data_size = 1703
user 23, emp_avg: 0.06078541555809861, h: 1.5763586678760644, ucb: 1.6372493090691849,num_of_obs: 6, privacy reward: 0.7557837414557252, g: -0.003712201084068442, curr_delay = 0.8311990669805408, data_size = 4259
user 25, emp_avg: 0.06179266684122969, h: 2.730333303712937, ucb: 2.793842389711947,num_of_obs: 2, privacy reward: 0.8869204367171574, g: -0.0002846931424994976, curr_delay = 0.8567537167798162, data_size = 1453
user 26, emp_avg: 0.05950791927559738, h: 2.2293078072747154, ucb: 2.2905838567966867,num_of_obs: 3, privacy reward: 0.8521437889662112, g: 0.00027892443405250244, curr_delay = 0.9224491716688398, data_size = 2587
num of fast users chosen: 2, num of slow users chosen: 3
max_delay = 0.92 seconds
global epoch 12 has been done artifficialy in 0.92 secs, the total time by now is 10.31 
 with avg train loss 1.847, val loss 2.337, avg val acc 10.00%
iteration: 13
user 11, emp_avg: 0.525700449403382, h: 2.7739589168523406, ucb: 3.434872446025617,num_of_obs: 2, privacy reward: 0.8869204367171574, g: -6.351875108875361e-05, curr_delay = 0.19586774691144043, data_size = 1415
user 17, emp_avg: 0.06532953896612187, h: 1.7544056625974063, ucb: 1.8197369985299818,num_of_obs: 5, privacy reward: 0.7866278610665532, g: 0.03319273665337419, curr_delay = 0.7654558456062882, data_size = 5498
user 26, emp_avg: 0.05856458324382661, h: 1.9614851608391803, ucb: 2.0209930801147777,num_of_obs: 4, privacy reward: 0.8187307530779817, g: -0.0016802847707815972, curr_delay = 0.9125546493567189, data_size = 2587
user 27, emp_avg: 0.05979121207716198, h: 0, ucb: inf,num_of_obs: 0, privacy reward: 0.9607894391523232, g: 0.009331161653735787, curr_delay = 0.8362432916642301, data_size = 937
user 29, emp_avg: 0.05637121527691089, h: 2.7739589168523406, ucb: 2.8310377204382124,num_of_obs: 2, privacy reward: 0.8869204367171574, g: 0.010557929176458898, curr_delay = 0.9098181240874743, data_size = 2489
num of fast users chosen: 1, num of slow users chosen: 4
max_delay = 0.91 seconds
global epoch 13 has been done artifficialy in 0.91 secs, the total time by now is 11.22 
 with avg train loss 1.787, val loss 2.333, avg val acc 10.00%
iteration: 14
user 4, emp_avg: 0.5008438975434534, h: 0, ucb: inf,num_of_obs: 0, privacy reward: 0.9607894391523232, g: 0.003110649378254862, curr_delay = 0.09983150487655086, data_size = 541
user 6, emp_avg: 0.31414966777594344, h: 0, ucb: inf,num_of_obs: 0, privacy reward: 0.9607894391523232, g: 0.022376458709745986, curr_delay = 0.15915980543280664, data_size = 1451
user 9, emp_avg: 0.26992525508536325, h: 2.2974147773596556, ucb: 2.5842140197255734,num_of_obs: 3, privacy reward: 0.8521437889662112, g: 0.011284759706837356, curr_delay = 0.22799475220117965, data_size = 3109
user 17, emp_avg: 0.06634486569124014, h: 1.624517568269195, ucb: 1.689847107235317,num_of_obs: 6, privacy reward: 0.7557837414557252, g: 0.01910827800564377, curr_delay = 0.6902566378466652, data_size = 5498
user 21, emp_avg: 0.06235516167173064, h: 1.989619560223232, ucb: 2.0509427516101337,num_of_obs: 4, privacy reward: 0.8187307530779817, g: -0.005125210339210609, curr_delay = 0.7520714739562402, data_size = 2077
num of fast users chosen: 3, num of slow users chosen: 2
max_delay = 0.75 seconds
global epoch 14 has been done artifficialy in 0.75 secs, the total time by now is 11.98 
 with avg train loss 1.890, val loss 2.302, avg val acc 10.00%
iteration: 15
user 2, emp_avg: 0.23147862612404924, h: 0, ucb: inf,num_of_obs: 0, privacy reward: 0.9607894391523232, g: 0.003110649378254862, curr_delay = 0.21600266442399324, data_size = 541
user 8, emp_avg: 0.337214102470128, h: 2.8502895648173414, ucb: 3.2602441309381653,num_of_obs: 2, privacy reward: 0.8869204367171574, g: 8.168184126309308e-05, curr_delay = 0.2607790746489082, data_size = 1381
user 17, emp_avg: 0.06716366341606794, h: 1.5235438578062126, ucb: 1.5898887234974528,num_of_obs: 7, privacy reward: 0.7261490370736907, g: 0.010027510303373847, curr_delay = 0.6859157725879648, data_size = 5498
user 19, emp_avg: 0.06499190481839597, h: 1.802681403166586, ucb: 1.8658519680098462,num_of_obs: 5, privacy reward: 0.7866278610665532, g: 0.0005802966426943477, curr_delay = 0.6747765387274293, data_size = 3467
user 21, emp_avg: 0.06296839250787113, h: 1.802681403166586, ucb: 1.8650365648383167,num_of_obs: 5, privacy reward: 0.7866278610665532, g: -0.014210933975744258, curr_delay = 0.7571794236099733, data_size = 2077
num of fast users chosen: 2, num of slow users chosen: 3
max_delay = 0.76 seconds
global epoch 15 has been done artifficialy in 0.76 secs, the total time by now is 12.73 
 with avg train loss 1.854, val loss 2.346, avg val acc 10.00%
iteration: 16
user 14, emp_avg: 0.25676647151175036, h: 4.078667960675236, ucb: 4.315078869503762,num_of_obs: 1, privacy reward: 0.9231163463866358, g: 0.0004675848921245616, curr_delay = 0.18042592731843754, data_size = 816
user 17, emp_avg: 0.06621378662406632, h: 1.442026886600883, ucb: 1.509190550016951,num_of_obs: 8, privacy reward: 0.6976763260710308, g: 0.004462790944840054, curr_delay = 0.8530272838779045, data_size = 5498
user 19, emp_avg: 0.06448166208109699, h: 1.6651092223153954, ucb: 1.7301011271337914,num_of_obs: 6, privacy reward: 0.7557837414557252, g: -0.0003089621638856416, curr_delay = 0.8140643533331252, data_size = 3467
user 20, emp_avg: 0.06482940045687961, h: 0, ucb: inf,num_of_obs: 0, privacy reward: 0.9607894391523232, g: 0.02095032415772133, curr_delay = 0.7712550115785325, data_size = 1404
user 29, emp_avg: 0.0550977437608302, h: 2.3548200450309493, ucb: 2.4111912603078602,num_of_obs: 3, privacy reward: 0.8521437889662112, g: 0.004774525055797642, curr_delay = 0.9750897866132514, data_size = 2489
num of fast users chosen: 1, num of slow users chosen: 4
max_delay = 0.98 seconds
global epoch 16 has been done artifficialy in 0.98 secs, the total time by now is 13.71 
 with avg train loss 1.768, val loss 2.331, avg val acc 10.00%
iteration: 17
user 0, emp_avg: 0.7694098255860151, h: 4.123018319670348, ucb: 5.123018319670348,num_of_obs: 1, privacy reward: 0.9231163463866358, g: 0.001923426182911819, curr_delay = 0.09279542773030076, data_size = 996
user 8, emp_avg: 0.4272657979060272, h: 2.380425736735434, ucb: 2.7176398392055616,num_of_obs: 3, privacy reward: 0.8521437889662112, g: -0.0011627727777387565, curr_delay = 0.0716927197503846, data_size = 1381
user 12, emp_avg: 0.28035060833074305, h: 2.9154142127952674, ucb: 3.224289174635632,num_of_obs: 2, privacy reward: 0.8869204367171574, g: 0.003354720780111511, curr_delay = 0.22391211049408555, data_size = 1703
user 17, emp_avg: 0.0666417036559588, h: 1.3743394398901159, ucb: 1.4405532265141823,num_of_obs: 9, privacy reward: 0.670320046035639, g: 0.0013981885119930483, curr_delay = 0.709290717375296, data_size = 5498
user 19, emp_avg: 0.06467550969555602, h: 1.5583544464015926, ucb: 1.6228361084826897,num_of_obs: 7, privacy reward: 0.7261490370736907, g: -0.00295305573218015, curr_delay = 0.757203546178753, data_size = 3467
num of fast users chosen: 3, num of slow users chosen: 2
max_delay = 0.76 seconds
global epoch 17 has been done artifficialy in 0.76 secs, the total time by now is 14.47 
 with avg train loss 1.775, val loss 2.287, avg val acc 10.00%
iteration: 18
user 1, emp_avg: 0.9208341785245259, h: 2.4043176819614183, ucb: 3.298763253327453,num_of_obs: 3, privacy reward: 0.8521437889662112, g: -0.0007901701680424168, curr_delay = 0.05, data_size = 1344
user 10, emp_avg: 0.25153158957149185, h: 2.944675750178361, ucb: 3.206271600045766,num_of_obs: 2, privacy reward: 0.8869204367171574, g: -0.0012633831018108474, curr_delay = 0.21607319306726086, data_size = 733
user 19, emp_avg: 0.06439555392797806, h: 1.4723378750891805, ucb: 1.5370133847847365,num_of_obs: 8, privacy reward: 0.6976763260710308, g: -0.007572787415253844, curr_delay = 0.8044287627663376, data_size = 3467
user 21, emp_avg: 0.06270212278511197, h: 1.7001093370416398, ucb: 1.763077729549511,num_of_obs: 6, privacy reward: 0.7557837414557252, g: -0.014210933975744258, curr_delay = 0.8182702805829027, data_size = 2077
user 23, emp_avg: 0.06023772621714926, h: 1.5739953960441373, ucb: 1.634780811602236,num_of_obs: 7, privacy reward: 0.7261490370736907, g: 0.002518361196070484, curr_delay = 0.8864635116328599, data_size = 4259
num of fast users chosen: 2, num of slow users chosen: 3
max_delay = 0.89 seconds
global epoch 18 has been done artifficialy in 0.89 secs, the total time by now is 15.35 
 with avg train loss 1.783, val loss 2.249, avg val acc 11.03%
iteration: 19
user 17, emp_avg: 0.06668191867522026, h: 1.3291589022761214, ucb: 1.3958006059320802,num_of_obs: 10, privacy reward: 0.6440364210831411, g: 0.0016393052093401533, curr_delay = 0.7453334427061519, data_size = 5498
user 18, emp_avg: 0.06707521438078735, h: 2.1015847517408526, ucb: 2.1690757080235383,num_of_obs: 4, privacy reward: 0.8187307530779817, g: -0.00040043419264104073, curr_delay = 0.7643828559102467, data_size = 1848
user 25, emp_avg: 0.06140538224887639, h: 2.426701044284788, ucb: 2.4884937111260177,num_of_obs: 3, privacy reward: 0.8521437889662112, g: -6.562494387851061e-05, curr_delay = 0.8299646662195643, data_size = 1453
user 27, emp_avg: 0.06028572361745135, h: 4.203169503481705, ucb: 4.262960715558867,num_of_obs: 1, privacy reward: 0.9231163463866358, g: 0.0019330407410362398, curr_delay = 0.8226358432183888, data_size = 937
user 29, emp_avg: 0.05541675191138871, h: 2.1015847517408526, ucb: 2.156682495501683,num_of_obs: 4, privacy reward: 0.8187307530779817, g: 0.0021225943864084888, curr_delay = 0.8819464492520294, data_size = 2489
num of fast users chosen: 0, num of slow users chosen: 5
max_delay = 0.88 seconds
global epoch 19 has been done artifficialy in 0.88 secs, the total time by now is 16.23 
 with avg train loss 1.738, val loss 2.289, avg val acc 10.00%
iteration: 20
user 4, emp_avg: 0.4761333916011581, h: 4.239621874804868, ucb: 4.740465772348322,num_of_obs: 1, privacy reward: 0.9231163463866358, g: 3.3329790625996325e-05, curr_delay = 0.11076088871086757, data_size = 541
user 8, emp_avg: 0.49715670276181967, h: 2.119810937402434, ucb: 2.5470767353084613,num_of_obs: 4, privacy reward: 0.8187307530779817, g: -0.0033210861940695105, curr_delay = 0.06437323521978303, data_size = 1381
user 12, emp_avg: 0.2725256054582578, h: 2.4477468306808166, ucb: 2.7280974390115595,num_of_obs: 3, privacy reward: 0.8521437889662112, g: 0.0006536720161547456, curr_delay = 0.20076241789519156, data_size = 1703
user 19, emp_avg: 0.06473964620009698, h: 1.4132072916016227, ucb: 1.4776028455296009,num_of_obs: 9, privacy reward: 0.670320046035639, g: -0.008570560102029974, curr_delay = 0.7370665823136283, data_size = 3467
user 23, emp_avg: 0.06013472078523855, h: 1.498932688670673, ucb: 1.5591704148878223,num_of_obs: 8, privacy reward: 0.6976763260710308, g: 0.0015266340737591672, curr_delay = 0.8430185297302139, data_size = 4259
num of fast users chosen: 3, num of slow users chosen: 2
max_delay = 0.84 seconds
global epoch 20 has been done artifficialy in 0.84 secs, the total time by now is 17.08 
 with avg train loss 1.774, val loss 2.215, avg val acc 10.48%
iteration: 21
user 9, emp_avg: 0.30126692962289975, h: 2.137003429240378, ucb: 2.406928684325741,num_of_obs: 4, privacy reward: 0.8187307530779817, g: 0.016910212637150375, curr_delay = 0.11719657510588516, data_size = 3109
user 16, emp_avg: 0.06671599133488122, h: 2.467599010262171, ucb: 2.5340970854031495,num_of_obs: 3, privacy reward: 0.8521437889662112, g: -0.0007004168826633639, curr_delay = 0.7421729705637188, data_size = 1129
user 17, emp_avg: 0.06673489830770392, h: 1.2886615546351161, ucb: 1.3553434733103364,num_of_obs: 11, privacy reward: 0.6187833918061405, g: 0.0018485356207172726, curr_delay = 0.742746990978241, data_size = 5498
user 24, emp_avg: 0.061594496117329554, h: 0, ucb: inf,num_of_obs: 0, privacy reward: 0.9607894391523232, g: 0.05023143798490806, curr_delay = 0.8117608415004559, data_size = 2174
user 28, emp_avg: 0.05643395361227105, h: 3.022179232469555, ucb: 3.077438660272898,num_of_obs: 2, privacy reward: 0.8869204367171574, g: 0.005620214567564371, curr_delay = 0.8505859781114739, data_size = 1651
num of fast users chosen: 1, num of slow users chosen: 4
max_delay = 0.85 seconds
global epoch 21 has been done artifficialy in 0.85 secs, the total time by now is 17.93 
 with avg train loss 1.715, val loss 2.239, avg val acc 10.07%
iteration: 22
user 6, emp_avg: 0.3356031611591466, h: 4.306536278745356, ucb: 4.6206859465212995,num_of_obs: 1, privacy reward: 0.9231163463866358, g: 0.010843699060772653, curr_delay = 0.14003379957751103, data_size = 1451
user 16, emp_avg: 0.06834687503645279, h: 2.153268139372678, ucb: 2.219984130707559,num_of_obs: 4, privacy reward: 0.8187307530779817, g: -0.004280617643209554, curr_delay = 0.6678205729743182, data_size = 1129
user 18, emp_avg: 0.06666617759653828, h: 1.9259415733687197, ucb: 1.993016787749507,num_of_obs: 5, privacy reward: 0.7866278610665532, g: -0.0013510964093636385, curr_delay = 0.7737423576498934, data_size = 1848
user 23, emp_avg: 0.05989482793666059, h: 1.4355120929151186, ucb: 1.4956468137003571,num_of_obs: 9, privacy reward: 0.670320046035639, g: 0.0008988757027955476, curr_delay = 0.8660139232291892, data_size = 4259
user 29, emp_avg: 0.054912816652038975, h: 1.9259415733687197, ucb: 1.9813583252801084,num_of_obs: 5, privacy reward: 0.7866278610665532, g: 0.0008599679926639618, curr_delay = 0.9543234030435693, data_size = 2489
num of fast users chosen: 1, num of slow users chosen: 4
max_delay = 0.95 seconds
global epoch 22 has been done artifficialy in 0.95 secs, the total time by now is 18.88 
 with avg train loss 1.703, val loss 2.216, avg val acc 10.16%
iteration: 23
user 7, emp_avg: 0.34351048884464896, h: 4.3373915312748625, ucb: 4.708883587758877,num_of_obs: 1, privacy reward: 0.9231163463866358, g: 0.00015116542681955353, curr_delay = 0.15846407932751727, data_size = 541
user 12, emp_avg: 0.2615701238646018, h: 2.1686957656374313, ucb: 2.441221371095689,num_of_obs: 4, privacy reward: 0.8187307530779817, g: 2.735606278106018e-06, curr_delay = 0.22962302593710943, data_size = 1703
user 17, emp_avg: 0.06730585054316596, h: 1.2520970840811725, ucb: 1.3188319823888763,num_of_obs: 12, privacy reward: 0.5945205479701939, g: 0.0020308536190161873, curr_delay = 0.6742426606548637, data_size = 5498
user 26, emp_avg: 0.058087516366973034, h: 1.9397404617924996, ucb: 1.9983050450363262,num_of_obs: 5, privacy reward: 0.7866278610665532, g: 0.002431449135395242, curr_delay = 0.8976309045761325, data_size = 2587
user 28, emp_avg: 0.056066608875419366, h: 2.504194168162345, ucb: 2.560628121774616,num_of_obs: 3, privacy reward: 0.8521437889662112, g: 0.0015817644932726402, curr_delay = 0.9096768292098167, data_size = 1651
num of fast users chosen: 2, num of slow users chosen: 3
max_delay = 0.91 seconds
global epoch 23 has been done artifficialy in 0.91 secs, the total time by now is 19.79 
 with avg train loss 1.691, val loss 2.091, avg val acc 24.30%
iteration: 24
user 4, emp_avg: 0.4702037327028594, h: 3.0877437541097605, ucb: 3.5638771457109186,num_of_obs: 2, privacy reward: 0.8869204367171574, g: -0.0007595611766511968, curr_delay = 0.1090882715571558, data_size = 541
user 8, emp_avg: 0.47020320290668777, h: 1.9528606187891482, ucb: 2.450017321550968,num_of_obs: 5, privacy reward: 0.7866278610665532, g: -0.004351011738170312, curr_delay = 0.1490598629148878, data_size = 1381
user 9, emp_avg: 0.305761397922546, h: 1.9528606187891482, ucb: 2.2541275484120478,num_of_obs: 5, privacy reward: 0.7866278610665532, g: 0.012584830422408804, curr_delay = 0.15233047062204297, data_size = 3109
user 17, emp_avg: 0.06731963127305389, h: 1.211112742706147, ucb: 1.278418593249313,num_of_obs: 13, privacy reward: 0.5712090638488144, g: 0.0006318917466728118, curr_delay = 0.7407541208277224, data_size = 5498
user 21, emp_avg: 0.062385833985486625, h: 1.6504684608614122, ucb: 1.713170583646524,num_of_obs: 7, privacy reward: 0.7261490370736907, g: -0.006012909920761448, curr_delay = 0.830953863870664, data_size = 2077
num of fast users chosen: 3, num of slow users chosen: 2
max_delay = 0.83 seconds
global epoch 24 has been done artifficialy in 0.83 secs, the total time by now is 20.62 
 with avg train loss 1.772, val loss 2.124, avg val acc 22.65%
iteration: 25
user 6, emp_avg: 0.3238154650623027, h: 3.1075114600922396, ucb: 3.4431146212513863,num_of_obs: 2, privacy reward: 0.8869204367171574, g: 0.004842438091189285, curr_delay = 0.1665333994968754, data_size = 1451
user 7, emp_avg: 0.3330355093110223, h: 3.1075114600922396, ucb: 3.4510219489368885,num_of_obs: 2, privacy reward: 0.8869204367171574, g: -0.000586938038048677, curr_delay = 0.16021248007459865, data_size = 541
user 9, emp_avg: 0.31309898334636693, h: 1.7941225779941015, ucb: 2.099883975916647,num_of_obs: 6, privacy reward: 0.7557837414557252, g: 0.006482739929854397, curr_delay = 0.14000719798145642, data_size = 3109
user 17, emp_avg: 0.06729595381591384, h: 1.1745289313838974, ucb: 1.2418485626569513,num_of_obs: 14, privacy reward: 0.5488116360940261, g: 4.6296099479222e-05, curr_delay = 0.7466646183578719, data_size = 5498
user 21, emp_avg: 0.062068428870008074, h: 1.5537557300461198, ucb: 1.6161415640316064,num_of_obs: 8, privacy reward: 0.6976763260710308, g: -0.011209788500371985, curr_delay = 0.8399241065610535, data_size = 2077
num of fast users chosen: 3, num of slow users chosen: 2
max_delay = 0.84 seconds
global epoch 25 has been done artifficialy in 0.84 secs, the total time by now is 21.46 
 with avg train loss 1.744, val loss 2.186, avg val acc 15.40%
iteration: 26
user 0, emp_avg: 0.8462732170573434, h: 3.126386030877257, ucb: 3.895795856463272,num_of_obs: 2, privacy reward: 0.8869204367171574, g: 0.0006634403293837388, curr_delay = 0.05, data_size = 996
user 12, emp_avg: 0.2472964111775583, h: 1.9773001405011275, ucb: 2.2388702643657292,num_of_obs: 5, privacy reward: 0.7866278610665532, g: -0.00028025043377202157, curr_delay = 0.2842074216313309, data_size = 1703
user 19, emp_avg: 0.06498668835192145, h: 1.3981623377894605, ucb: 1.4629019839895574,num_of_obs: 10, privacy reward: 0.6440364210831411, g: -0.0007394431618725885, curr_delay = 0.7412117135797003, data_size = 3467
user 20, emp_avg: 0.06219739499227861, h: 4.4213775260804065, ucb: 4.486206926537286,num_of_obs: 1, privacy reward: 0.9231163463866358, g: 0.01129559347999303, curr_delay = 0.8394136325888887, data_size = 1404
user 23, emp_avg: 0.05961993993596106, h: 1.3981623377894605, ucb: 1.4580571657261212,num_of_obs: 10, privacy reward: 0.6440364210831411, g: 0.0029655409242441305, curr_delay = 0.8791817852955787, data_size = 4259
num of fast users chosen: 2, num of slow users chosen: 3
max_delay = 0.88 seconds
global epoch 26 has been done artifficialy in 0.88 secs, the total time by now is 22.34 
 with avg train loss 1.730, val loss 2.130, avg val acc 21.11%
iteration: 27
user 9, emp_avg: 0.32799243946997725, h: 1.680774532173697, ucb: 1.993873515520064,num_of_obs: 7, privacy reward: 0.7261490370736907, g: 0.0037523226091354346, curr_delay = 0.11567470110726066, data_size = 3109
user 13, emp_avg: 0.2597188811761107, h: 4.446911422102533, ucb: 4.747280178828141,num_of_obs: 1, privacy reward: 0.9231163463866358, g: 0.0005038902133949036, curr_delay = 0.2282385856318762, data_size = 577
user 23, emp_avg: 0.05937248227609913, h: 1.3407942420963497, ucb: 1.4004141820323108,num_of_obs: 11, privacy reward: 0.6187833918061405, g: 0.0010026568701332454, curr_delay = 0.8826055529949275, data_size = 4259
user 25, emp_avg: 0.0612369979685361, h: 2.2234557110512667, ucb: 2.284861093300143,num_of_obs: 4, privacy reward: 0.8187307530779817, g: 2.708217521064213e-06, curr_delay = 0.8255802971063587, data_size = 1453
user 29, emp_avg: 0.05490137906536852, h: 1.815443985917585, ucb: 1.870356802569624,num_of_obs: 6, privacy reward: 0.7557837414557252, g: 0.0011816898451574487, curr_delay = 0.9118637450634461, data_size = 2489
num of fast users chosen: 2, num of slow users chosen: 3
max_delay = 0.91 seconds
global epoch 27 has been done artifficialy in 0.91 secs, the total time by now is 23.25 
 with avg train loss 1.662, val loss 2.083, avg val acc 22.77%
iteration: 28
user 2, emp_avg: 0.6157393130620246, h: 4.471378653284826, ucb: 4.702857279408875,num_of_obs: 1, privacy reward: 0.9231163463866358, g: 0.00040235987688730504, curr_delay = 0.05, data_size = 541
user 8, emp_avg: 0.454703531749614, h: 1.8254326912201402, ucb: 2.295635894126828,num_of_obs: 6, privacy reward: 0.7557837414557252, g: -0.005171706854704896, curr_delay = 0.1382340034516629, data_size = 1381
user 18, emp_avg: 0.06768989983866977, h: 1.8254326912201402, ucb: 1.8920988688166784,num_of_obs: 6, privacy reward: 0.7557837414557252, g: -0.0005650248025663655, curr_delay = 0.6772109926923239, data_size = 1848
user 23, emp_avg: 0.05954347452211395, h: 1.2907758345613702, ucb: 1.3501483168374693,num_of_obs: 12, privacy reward: 0.5945205479701939, g: 0.00011026546445977797, curr_delay = 0.8117491734484773, data_size = 4259
user 26, emp_avg: 0.05764042960566237, h: 1.8254326912201402, ucb: 1.8835202075871131,num_of_obs: 6, privacy reward: 0.7557837414557252, g: 0.0027473654186937818, curr_delay = 0.9097871603086556, data_size = 2587
num of fast users chosen: 2, num of slow users chosen: 3
max_delay = 0.91 seconds
global epoch 28 has been done artifficialy in 0.91 secs, the total time by now is 24.16 
 with avg train loss 1.687, val loss 2.188, avg val acc 18.17%
iteration: 29
user 7, emp_avg: 0.4232624748741842, h: 2.5951091807422957, ucb: 2.928144690053318,num_of_obs: 3, privacy reward: 0.8521437889662112, g: -0.00227291325165055, curr_delay = 0.07205198874849755, data_size = 541
user 20, emp_avg: 0.06339225348959401, h: 3.1783466598153547, ucb: 3.2405440548076334,num_of_obs: 2, privacy reward: 0.8869204367171574, g: 0.005742115961783749, curr_delay = 0.7600866868527525, data_size = 1404
user 21, emp_avg: 0.0631769503200662, h: 1.4982869840780335, ucb: 1.5603554129480415,num_of_obs: 9, privacy reward: 0.670320046035639, g: -0.009258503211626383, curr_delay = 0.683492956689864, data_size = 2077
user 23, emp_avg: 0.059603294912551626, h: 1.2466501261046878, ucb: 1.3061936006268018,num_of_obs: 13, privacy reward: 0.5712090638488144, g: -8.470804068611884e-05, curr_delay = 0.8280756054514032, data_size = 4259
user 26, emp_avg: 0.05714067288716861, h: 1.698897751060915, ucb: 1.7565381806665772,num_of_obs: 7, privacy reward: 0.7261490370736907, g: 0.0006411895332839026, curr_delay = 0.932098908755015, data_size = 2587
num of fast users chosen: 1, num of slow users chosen: 4
max_delay = 0.93 seconds
global epoch 29 has been done artifficialy in 0.93 secs, the total time by now is 25.10 
 with avg train loss 1.728, val loss 2.123, avg val acc 18.51%
iteration: 30
user 5, emp_avg: 0.26175168946184896, h: 4.517431160512901, ucb: 4.775847363776035,num_of_obs: 1, privacy reward: 0.9231163463866358, g: 0.0009671886255476431, curr_delay = 0.18861719687271286, data_size = 625
user 11, emp_avg: 0.47924429440516375, h: 2.608140096567727, ucb: 3.133840545971109,num_of_obs: 3, privacy reward: 0.8521437889662112, g: 0.002104633861196727, curr_delay = 0.14711255015315894, data_size = 1415
user 17, emp_avg: 0.06730590393734721, h: 1.1663957101536606, ucb: 1.2336916639695745,num_of_obs: 15, privacy reward: 0.5272924240430481, g: 0.004462790944840054, curr_delay = 0.7412331857738205, data_size = 5498
user 18, emp_avg: 0.06718856610137282, h: 1.7074284879387203, ucb: 1.77511838777739,num_of_obs: 7, privacy reward: 0.7261490370736907, g: -0.0018333699413091487, curr_delay = 0.7851853743658664, data_size = 1848
user 26, emp_avg: 0.057302035902356864, h: 1.5971531035710436, ucb: 1.6542937764582122,num_of_obs: 8, privacy reward: 0.6976763260710308, g: 1.1809024456481936e-09, curr_delay = 0.8533451296288722, data_size = 2587
num of fast users chosen: 2, num of slow users chosen: 3
max_delay = 0.85 seconds
global epoch 30 has been done artifficialy in 0.85 secs, the total time by now is 25.95 
 with avg train loss 1.661, val loss 2.082, avg val acc 20.73%
iteration: 31
user 9, emp_avg: 0.33290343164992175, h: 1.6048334503504904, ucb: 1.9328258898204678,num_of_obs: 8, privacy reward: 0.6976763260710308, g: 0.0039001208796811447, curr_delay = 0.13433949347702248, data_size = 3109
user 12, emp_avg: 0.26141538176645995, h: 1.853102049128743, ucb: 2.1003984603063013,num_of_obs: 6, privacy reward: 0.7557837414557252, g: -0.0003233299111738942, curr_delay = 0.14445472740932794, data_size = 1703
user 16, emp_avg: 0.06898926444751068, h: 2.0299715873337183, ucb: 2.098318462370171,num_of_obs: 5, privacy reward: 0.7866278610665532, g: -0.0020158815883435273, curr_delay = 0.6925091554462477, data_size = 1129
user 23, emp_avg: 0.05945624503488299, h: 1.2131400586586059, ucb: 1.2727433535711574,num_of_obs: 14, privacy reward: 0.5488116360940261, g: -0.00015727011654106176, curr_delay = 0.8711173705722633, data_size = 4259
user 28, emp_avg: 0.054797156919894396, h: 2.2695772308356728, ucb: 2.325643839711092,num_of_obs: 4, privacy reward: 0.8187307530779817, g: 0.001695292305980647, curr_delay = 1.005644701857489, data_size = 1651
num of fast users chosen: 2, num of slow users chosen: 3
max_delay = 1.01 seconds
global epoch 31 has been done artifficialy in 1.01 secs, the total time by now is 26.96 
 with avg train loss 1.622, val loss 1.929, avg val acc 27.49%
iteration: 32
user 0, emp_avg: 0.7750742329968288, h: 2.6327688477341593, ucb: 3.4790420647915026,num_of_obs: 3, privacy reward: 0.8521437889662112, g: 7.975226511850364e-05, curr_delay = 0.08905079815054717, data_size = 996
user 9, emp_avg: 0.3996130884849296, h: 1.5200298029533776, ucb: 1.8529332346032994,num_of_obs: 9, privacy reward: 0.670320046035639, g: 0.001541776656658519, curr_delay = 0.05, data_size = 3109
user 17, emp_avg: 0.06751973470640028, h: 1.1400223522150332, ucb: 1.2073282561523804,num_of_obs: 16, privacy reward: 0.5066169923655891, g: 0.004462790944840054, curr_delay = 0.7048107717988259, data_size = 5498
user 20, emp_avg: 0.06439020998415261, h: 2.6327688477341593, ucb: 2.6961611012237534,num_of_obs: 3, privacy reward: 0.8521437889662112, g: 0.002600211399989371, curr_delay = 0.7420150337420847, data_size = 1404
user 24, emp_avg: 0.059796533949431824, h: 4.560089408860133, ucb: 4.621683904977463,num_of_obs: 1, privacy reward: 0.9231163463866358, g: 0.03720026852614518, curr_delay = 0.8620901940195583, data_size = 2174
num of fast users chosen: 2, num of slow users chosen: 3
max_delay = 0.86 seconds
global epoch 32 has been done artifficialy in 0.86 secs, the total time by now is 27.82 
 with avg train loss 1.677, val loss 2.060, avg val acc 22.46%
iteration: 33
user 8, emp_avg: 0.4326768590754969, h: 1.731186437463332, ucb: 2.185889969212946,num_of_obs: 7, privacy reward: 0.7261490370736907, g: -0.0048650733950389045, curr_delay = 0.1795395633775999, data_size = 1381
user 15, emp_avg: 0.07135299255738643, h: 0, ucb: inf,num_of_obs: 0, privacy reward: 0.9607894391523232, g: 0.003110649378254862, curr_delay = 0.7007414574768809, data_size = 541
user 17, emp_avg: 0.06750856081039959, h: 1.110883203708782, ucb: 1.1784029384151822,num_of_obs: 17, privacy reward: 0.48675225595997107, g: 0.002667991971034519, curr_delay = 0.7427367265430839, data_size = 5498
user 24, emp_avg: 0.058940642042215434, h: 3.23875326080877, ucb: 3.298549794758202,num_of_obs: 2, privacy reward: 0.8869204367171574, g: 0.026738022101614016, curr_delay = 0.8736850873555733, data_size = 2174
user 26, emp_avg: 0.05729477569499084, h: 1.5267629288719495, ucb: 1.5840649647743064,num_of_obs: 9, privacy reward: 0.670320046035639, g: -3.631559022528977e-05, curr_delay = 0.8736763000253279, data_size = 2587
num of fast users chosen: 1, num of slow users chosen: 4
max_delay = 0.87 seconds
global epoch 33 has been done artifficialy in 0.87 secs, the total time by now is 28.69 
 with avg train loss 1.699, val loss 2.042, avg val acc 25.30%
iteration: 34
user 9, emp_avg: 0.41617022184617997, h: 1.4545845849484644, ucb: 1.854197673433394,num_of_obs: 10, privacy reward: 0.6440364210831411, g: 0.0006968447349055842, curr_delay = 0.08594881959322422, data_size = 3109
user 23, emp_avg: 0.05980234013892415, h: 1.1876633402805967, ucb: 1.2471195853154797,num_of_obs: 15, privacy reward: 0.5272924240430481, g: -4.428102225616839e-06, curr_delay = 0.7693045431747938, data_size = 4259
user 24, emp_avg: 0.05981314484919765, h: 2.6556959632518784, ucb: 2.714636605294094,num_of_obs: 3, privacy reward: 0.8521437889662112, g: 0.018465661935252304, curr_delay = 0.800888624112974, data_size = 2174
user 25, emp_avg: 0.06096619463811368, h: 2.0570932476529578, ucb: 2.118330245621494,num_of_obs: 5, privacy reward: 0.7866278610665532, g: 7.4801752426540074e-06, curr_delay = 0.8387547928837834, data_size = 1453
user 27, emp_avg: 0.059914275174270025, h: 3.252550010968084, ucb: 3.3128357345855353,num_of_obs: 2, privacy reward: 0.8869204367171574, g: 0.001426905955094898, curr_delay = 0.8450031323711507, data_size = 937
num of fast users chosen: 1, num of slow users chosen: 4
max_delay = 0.85 seconds
global epoch 34 has been done artifficialy in 0.85 secs, the total time by now is 29.54 
 with avg train loss 1.649, val loss 1.973, avg val acc 28.37%
iteration: 35
user 11, emp_avg: 0.42288686571176826, h: 2.309333690100701, ucb: 2.788577984505865,num_of_obs: 4, privacy reward: 0.8187307530779817, g: 0.000997964389284251, curr_delay = 0.2532194947735901, data_size = 1415
user 15, emp_avg: 0.07020928643752349, h: 4.618667380201402, ucb: 4.690020372758789,num_of_obs: 1, privacy reward: 0.9231163463866358, g: 0.0007399361445077552, curr_delay = 0.7239496109354295, data_size = 541
user 21, emp_avg: 0.0634367434708004, h: 1.460550867615931, ucb: 1.5237278179359972,num_of_obs: 10, privacy reward: 0.6440364210831411, g: -0.005125210339210609, curr_delay = 0.757177952591577, data_size = 2077
user 23, emp_avg: 0.059860698754459846, h: 1.1546668450503506, ucb: 1.2144691851892746,num_of_obs: 16, privacy reward: 0.5066169923655891, g: -0.0003265499163848753, curr_delay = 0.8224436773135129, data_size = 4259
user 26, emp_avg: 0.05777555239728382, h: 1.460550867615931, ucb: 1.5178456433109218,num_of_obs: 10, privacy reward: 0.6440364210831411, g: -0.000361503857574489, curr_delay = 0.7989349312758041, data_size = 2587
num of fast users chosen: 1, num of slow users chosen: 4
max_delay = 0.82 seconds
global epoch 35 has been done artifficialy in 0.82 secs, the total time by now is 30.36 
 with avg train loss 1.664, val loss 1.919, avg val acc 28.38%
iteration: 36
user 0, emp_avg: 0.702359325808296, h: 2.3184646660417676, ucb: 3.093538899038596,num_of_obs: 4, privacy reward: 0.8187307530779817, g: -7.107668124425112e-05, curr_delay = 0.12150677232070634, data_size = 996
user 17, emp_avg: 0.06764595309841537, h: 1.0929347248663588, ucb: 1.1604432856767584,num_of_obs: 18, privacy reward: 0.4676664270099087, g: 0.004462790944840054, curr_delay = 0.7130733441062748, data_size = 5498
user 20, emp_avg: 0.06411317807276959, h: 2.3184646660417676, ucb: 2.3828548760259203,num_of_obs: 4, privacy reward: 0.8187307530779817, g: 0.001131054716458762, curr_delay = 0.7935871753287999, data_size = 1404
user 21, emp_avg: 0.06328108566426045, h: 1.3980867976285782, ucb: 1.4615235410993785,num_of_obs: 11, privacy reward: 0.6187833918061405, g: -0.00835978213661992, curr_delay = 0.8120989781140294, data_size = 2077
user 29, emp_avg: 0.05436894630638397, h: 1.7525945513819814, ucb: 1.80749593044735,num_of_obs: 7, privacy reward: 0.7261490370736907, g: 0.0038630567791017017, curr_delay = 0.9873243938697152, data_size = 2489
num of fast users chosen: 1, num of slow users chosen: 4
max_delay = 0.99 seconds
global epoch 36 has been done artifficialy in 0.99 secs, the total time by now is 31.35 
 with avg train loss 1.593, val loss 1.922, avg val acc 29.38%
iteration: 37
user 1, emp_avg: 0.9366673428196208, h: 2.327311081262309, ucb: 3.2481452597868348,num_of_obs: 4, privacy reward: 0.8187307530779817, g: 0.000927116810979588, curr_delay = 0.05, data_size = 1344
user 2, emp_avg: 0.5577647527480375, h: 3.2913148949823494, ucb: 3.907054208044374,num_of_obs: 2, privacy reward: 0.8869204367171574, g: 2.955448604956102e-06, curr_delay = 0.11316937737144733, data_size = 541
user 23, emp_avg: 0.059913354276378734, h: 1.128911695495876, ucb: 1.1887723942503359,num_of_obs: 17, privacy reward: 0.48675225595997107, g: -0.0004156417774784892, curr_delay = 0.8222534928832531, data_size = 4259
user 24, emp_avg: 0.060918488385567945, h: 2.327311081262309, ucb: 2.3871242261115064,num_of_obs: 4, privacy reward: 0.8187307530779817, g: 0.013459620193307601, curr_delay = 0.7652296479234294, data_size = 2174
user 29, emp_avg: 0.054190335911484894, h: 1.6456574474911747, ucb: 1.7000263937975586,num_of_obs: 8, privacy reward: 0.6976763260710308, g: 0.001630683465879497, curr_delay = 0.9476615481901726, data_size = 2489
num of fast users chosen: 2, num of slow users chosen: 3
max_delay = 0.95 seconds
global epoch 37 has been done artifficialy in 0.95 secs, the total time by now is 32.29 
 with avg train loss 1.567, val loss 1.984, avg val acc 27.78%
iteration: 38
user 2, emp_avg: 0.5203406391944952, h: 2.697252735553858, ucb: 3.2550174883018954,num_of_obs: 3, privacy reward: 0.8521437889662112, g: -0.0005370422731344922, curr_delay = 0.12252850853556364, data_size = 541
user 17, emp_avg: 0.06797003795517001, h: 1.0717795570269868, ucb: 1.139425510125402,num_of_obs: 19, privacy reward: 0.449328964117221, g: 0.004462790944840054, curr_delay = 0.6745121401055594, data_size = 5498
user 19, emp_avg: 0.06546658972223396, h: 1.408594301175928, ucb: 1.4735809895278495,num_of_obs: 11, privacy reward: 0.6187833918061405, g: 0.004617066084838319, curr_delay = 0.7067586858615383, data_size = 3467
user 24, emp_avg: 0.061923617924734047, h: 2.089282985062498, ucb: 2.150201473448066,num_of_obs: 5, privacy reward: 0.7866278610665532, g: 0.008564533338593418, curr_delay = 0.7468341816230722, data_size = 2174
user 28, emp_avg: 0.0550175616071354, h: 2.089282985062498, ucb: 2.1440801419823927,num_of_obs: 5, privacy reward: 0.7866278610665532, g: 0.0014920635308505537, curr_delay = 0.8909545564420274, data_size = 1651
num of fast users chosen: 1, num of slow users chosen: 4
max_delay = 0.89 seconds
global epoch 38 has been done artifficialy in 0.89 secs, the total time by now is 33.18 
 with avg train loss 1.560, val loss 1.939, avg val acc 28.26%
iteration: 39
user 0, emp_avg: 0.661234930335841, h: 2.0967293519564167, ucb: 2.7990886777647126,num_of_obs: 5, privacy reward: 0.7866278610665532, g: -0.0006515111184061526, curr_delay = 0.10974227065686798, data_size = 996
user 17, emp_avg: 0.06803372613223142, h: 1.0483646759782084, ucb: 1.1163347139333784,num_of_obs: 20, privacy reward: 0.4317105234290791, g: 0.0029142302448122675, curr_delay = 0.7214227529459459, data_size = 5498
user 20, emp_avg: 0.06472613059039097, h: 2.0967293519564167, ucb: 2.1608425300291865,num_of_obs: 5, privacy reward: 0.7866278610665532, g: 0.00027347699395902027, curr_delay = 0.7375621953873179, data_size = 1404
user 21, emp_avg: 0.06327262025922184, h: 1.3534329769385787, ucb: 1.4167140626028392,num_of_obs: 12, privacy reward: 0.5945205479701939, g: -0.008755082223302506, curr_delay = 0.791501986383188, data_size = 2077
user 26, emp_avg: 0.0580590650884514, h: 1.4136146407116588, ucb: 1.4713901931089426,num_of_obs: 11, privacy reward: 0.6187833918061405, g: -0.00023563020955288624, curr_delay = 0.8172912052242238, data_size = 2587
num of fast users chosen: 1, num of slow users chosen: 4
max_delay = 0.82 seconds
global epoch 39 has been done artifficialy in 0.82 secs, the total time by now is 34.00 
 with avg train loss 1.593, val loss 1.895, avg val acc 31.60%
iteration: 40
user 13, emp_avg: 0.28997780766971076, h: 3.326655732464934, ucb: 3.586374613641045,num_of_obs: 2, privacy reward: 0.8869204367171574, g: 8.99564246997555e-05, curr_delay = 0.14265511848645512, data_size = 577
user 17, emp_avg: 0.0681508629451434, h: 1.0266282473798718, ucb: 1.0946619735121033,num_of_obs: 21, privacy reward: 0.41478291168158077, g: 0.001747584759273039, curr_delay = 0.7081076167859431, data_size = 5498
user 19, emp_avg: 0.0652376758161863, h: 1.3581015157406195, ucb: 1.4235681054628535,num_of_obs: 12, privacy reward: 0.5945205479701939, g: 0.0032973642257413125, curr_delay = 0.8001189432034653, data_size = 3467
user 20, emp_avg: 0.06426731759432595, h: 1.9206455826398414, ucb: 1.9853717132302324,num_of_obs: 6, privacy reward: 0.7557837414557252, g: -2.764374535019666e-05, curr_delay = 0.8128172882748879, data_size = 1404
user 24, emp_avg: 0.062165433249182556, h: 1.9206455826398414, ucb: 1.9825692005645754,num_of_obs: 6, privacy reward: 0.7557837414557252, g: 0.00549432458284621, curr_delay = 0.7859617770446627, data_size = 2174
num of fast users chosen: 1, num of slow users chosen: 4
max_delay = 0.81 seconds
global epoch 40 has been done artifficialy in 0.81 secs, the total time by now is 34.81 
 with avg train loss 1.592, val loss 1.883, avg val acc 32.14%
iteration: 41
user 0, emp_avg: 0.7096299402878637, h: 1.9270630676509546, ucb: 2.5882979979867957,num_of_obs: 6, privacy reward: 0.7557837414557252, g: -0.0019062873782231223, curr_delay = 0.05, data_size = 996
user 1, emp_avg: 0.8654062995734005, h: 2.1109918237750636, ucb: 3.047659166594684,num_of_obs: 5, privacy reward: 0.7866278610665532, g: 0.00027574201646897423, curr_delay = 0.09821232292759038, data_size = 1344
user 9, emp_avg: 0.4044746506896422, h: 1.4232303972501763, ucb: 1.8394006190963563,num_of_obs: 11, privacy reward: 0.6187833918061405, g: 0.002727218854402251, curr_delay = 0.1812754313327443, data_size = 3109
user 18, emp_avg: 0.06704253618704846, h: 1.668885571280497, ucb: 1.73607413738187,num_of_obs: 8, privacy reward: 0.6976763260710308, g: -2.1219725263362202e-05, curr_delay = 0.7590213842708705, data_size = 1848
user 23, emp_avg: 0.05999010352252085, h: 1.1125903808536646, ucb: 1.1725037351300434,num_of_obs: 18, privacy reward: 0.4676664270099087, g: 2.2824223949540287e-09, curr_delay = 0.8147092170534787, data_size = 4259
num of fast users chosen: 3, num of slow users chosen: 2
max_delay = 0.81 seconds
global epoch 41 has been done artifficialy in 0.81 secs, the total time by now is 35.63 
 with avg train loss 1.594, val loss 1.741, avg val acc 36.02%
iteration: 42
user 0, emp_avg: 0.6670458674875921, h: 1.7898929620710449, ucb: 2.4995229023589087,num_of_obs: 7, privacy reward: 0.7261490370736907, g: -0.004094240738772568, curr_delay = 0.13551701553405743, data_size = 996
user 17, emp_avg: 0.06857109892993653, h: 1.00963579638898, ucb: 1.0777866593341234,num_of_obs: 22, privacy reward: 0.3985190410845135, g: 0.0018485356207172726, curr_delay = 0.6425389801729384, data_size = 5498
user 18, emp_avg: 0.06677581163347897, h: 1.5785372170215834, ucb: 1.6455797532086318,num_of_obs: 9, privacy reward: 0.670320046035639, g: -0.0005650248025663655, curr_delay = 0.7766955223673041, data_size = 1848
user 19, emp_avg: 0.0658996186053981, h: 1.3134223560460492, ucb: 1.3786600318622355,num_of_obs: 13, privacy reward: 0.5712090638488144, g: 0.0022943018323990936, curr_delay = 0.6710970267448448, data_size = 3467
user 25, emp_avg: 0.06082894959792654, h: 1.933305360847936, ucb: 1.9942715554860497,num_of_obs: 6, privacy reward: 0.7557837414557252, g: 4.811741255116159e-05, curr_delay = 0.8332572381047199, data_size = 1453
num of fast users chosen: 1, num of slow users chosen: 4
max_delay = 0.83 seconds
global epoch 42 has been done artifficialy in 0.83 secs, the total time by now is 36.46 
 with avg train loss 1.554, val loss 1.765, avg val acc 35.99%
iteration: 43
user 1, emp_avg: 0.8846339710629147, h: 1.9393813744835136, ucb: 2.804787674056914,num_of_obs: 6, privacy reward: 0.7557837414557252, g: -9.568413750202974e-07, curr_delay = 0.05, data_size = 1344
user 14, emp_avg: 0.2613957469782797, h: 3.359107075858209, ucb: 3.6158735473699593,num_of_obs: 2, privacy reward: 0.8869204367171574, g: 0.0014146688201882127, curr_delay = 0.18473750605792752, data_size = 816
user 19, emp_avg: 0.06610165679521704, h: 1.2696231357083143, ucb: 1.3355227543137125,num_of_obs: 14, privacy reward: 0.5488116360940261, g: 0.001013867434497227, curr_delay = 0.7253715526718502, data_size = 3467
user 23, emp_avg: 0.06013380822837357, h: 1.0898382471522376, ucb: 1.1498283506747584,num_of_obs: 19, privacy reward: 0.449328964117221, g: -7.774617825895386e-06, curr_delay = 0.7953652774933909, data_size = 4259
user 24, emp_avg: 0.06214604084807598, h: 1.7955182576213544, ucb: 1.857683690870537,num_of_obs: 7, privacy reward: 0.7261490370736907, g: 0.0037617385653276833, curr_delay = 0.806317737624035, data_size = 2174
num of fast users chosen: 2, num of slow users chosen: 3
max_delay = 0.81 seconds
global epoch 43 has been done artifficialy in 0.81 secs, the total time by now is 37.27 
 with avg train loss 1.547, val loss 1.779, avg val acc 39.33%
iteration: 44
user 0, emp_avg: 0.6634466503124452, h: 1.6846786712719715, ucb: 2.3517245387595636,num_of_obs: 8, privacy reward: 0.6976763260710308, g: -0.006262786553054092, curr_delay = 0.07878321990305029, data_size = 996
user 17, emp_avg: 0.06883630706962225, h: 0.9935692751390895, ucb: 1.062140374069026,num_of_obs: 23, privacy reward: 0.3828928859751114, g: 0.0019427687926716966, curr_delay = 0.6672352019252151, data_size = 5498
user 19, emp_avg: 0.06611351002374695, h: 1.2303153472046524, ucb: 1.2964170039998695,num_of_obs: 15, privacy reward: 0.5272924240430481, g: 0.0002726986382828475, curr_delay = 0.7542466903701784, data_size = 3467
user 21, emp_avg: 0.06347966458841839, h: 1.321570679838361, ucb: 1.3848433000975828,num_of_obs: 13, privacy reward: 0.5712090638488144, g: -0.006614704577734174, curr_delay = 0.7556152694757725, data_size = 2077
user 25, emp_avg: 0.06060222315384968, h: 1.8009972556300802, ucb: 1.8618262052280068,num_of_obs: 7, privacy reward: 0.7261490370736907, g: -8.643596907831329e-05, curr_delay = 0.8472402447251778, data_size = 1453
num of fast users chosen: 1, num of slow users chosen: 4
max_delay = 0.85 seconds
global epoch 44 has been done artifficialy in 0.85 secs, the total time by now is 38.12 
 with avg train loss 1.570, val loss 1.721, avg val acc 39.08%
iteration: 45
user 1, emp_avg: 0.8301635253996851, h: 1.8063370567699357, ucb: 2.6909710278328505,num_of_obs: 7, privacy reward: 0.7261490370736907, g: -0.000288961055149456, curr_delay = 0.11139072515967861, data_size = 1344
user 9, emp_avg: 0.39988563526913895, h: 1.3796127155419957, ucb: 1.7840873662316379,num_of_obs: 12, privacy reward: 0.5945205479701939, g: 0.002899692965364132, curr_delay = 0.14500426230647454, data_size = 3109
user 14, emp_avg: 0.2791507029161034, h: 2.7592254310839914, ucb: 3.020621178062271,num_of_obs: 3, privacy reward: 0.8521437889662112, g: 0.00030474840873395454, curr_delay = 0.15041413340013435, data_size = 816
user 23, emp_avg: 0.060063302650931086, h: 1.068643414302028, ucb: 1.1287772225304016,num_of_obs: 20, privacy reward: 0.4317105234290791, g: -2.886138698304299e-05, curr_delay = 0.8524685368436092, data_size = 4259
user 24, emp_avg: 0.06151859190190076, h: 1.6896735978666826, ucb: 1.7518196387147587,num_of_obs: 8, privacy reward: 0.6976763260710308, g: 0.002147945557773026, curr_delay = 0.8849714102151868, data_size = 2174
num of fast users chosen: 3, num of slow users chosen: 2
max_delay = 0.88 seconds
global epoch 45 has been done artifficialy in 0.88 secs, the total time by now is 39.00 
 with avg train loss 1.547, val loss 1.739, avg val acc 40.05%
iteration: 46
user 9, emp_avg: 0.39533104412110015, h: 1.3293100691403958, ucb: 1.7291957044095347,num_of_obs: 13, privacy reward: 0.5712090638488144, g: 0.0014369230803230888, curr_delay = 0.14875579498878339, data_size = 3109
user 14, emp_avg: 0.2716867918587537, h: 2.396447807638139, ucb: 2.6755985105542424,num_of_obs: 4, privacy reward: 0.8187307530779817, g: -8.024814756253345e-06, curr_delay = 0.20675583145572707, data_size = 816
user 21, emp_avg: 0.06306058729745365, h: 1.2809552344953514, ucb: 1.3444348990837698,num_of_obs: 14, privacy reward: 0.5488116360940261, g: -0.008140390881834774, curr_delay = 0.8742251380505476, data_size = 2077
user 23, emp_avg: 0.05978236144377775, h: 1.0458955692869278, ucb: 1.105958871937859,num_of_obs: 21, privacy reward: 0.41478291168158077, g: -0.00030448763913246206, curr_delay = 0.927943410766322, data_size = 4259
user 25, emp_avg: 0.06024039690510422, h: 1.694544495540563, ucb: 1.7551467186944127,num_of_obs: 8, privacy reward: 0.6976763260710308, g: -0.0005817372097382523, curr_delay = 0.8719036338971021, data_size = 1453
num of fast users chosen: 2, num of slow users chosen: 3
max_delay = 0.93 seconds
global epoch 46 has been done artifficialy in 0.93 secs, the total time by now is 39.93 
 with avg train loss 1.543, val loss 1.679, avg val acc 40.22%
iteration: 47
user 17, emp_avg: 0.06877389656490758, h: 0.9810896495364297, ucb: 1.049925956606052,num_of_obs: 24, privacy reward: 0.36787944117144167, g: 0.0031545999921768655, curr_delay = 0.743206596158543, data_size = 5498
user 20, emp_avg: 0.06433436750926792, h: 1.8166250344392698, ucb: 1.8808923520335958,num_of_obs: 7, privacy reward: 0.7261490370736907, g: -1.758881542435437e-05, curr_delay = 0.7715606817192431, data_size = 1404
user 26, emp_avg: 0.05830004018686879, h: 1.3874702882782857, ucb: 1.445529353366737,num_of_obs: 12, privacy reward: 0.5945205479701939, g: 0.00012954723767218446, curr_delay = 0.817103728089807, data_size = 2587
user 27, emp_avg: 0.05946509339361797, h: 2.7749405765565713, ucb: 2.8348548517308414,num_of_obs: 3, privacy reward: 0.8521437889662112, g: 0.0010737517140793661, curr_delay = 0.860325352259425, data_size = 937
user 29, emp_avg: 0.05413809533097691, h: 1.6021126888601518, ucb: 1.6563030247716366,num_of_obs: 9, privacy reward: 0.670320046035639, g: 0.0042391267263300935, curr_delay = 0.9316550852784377, data_size = 2489
num of fast users chosen: 0, num of slow users chosen: 5
max_delay = 0.93 seconds
global epoch 47 has been done artifficialy in 0.93 secs, the total time by now is 40.86 
 with avg train loss 1.541, val loss 2.058, avg val acc 27.16%
iteration: 48
user 9, emp_avg: 0.38849298621649825, h: 1.28805518031331, ucb: 1.6833862244344102,num_of_obs: 14, privacy reward: 0.5488116360940261, g: 0.0008322531028211751, curr_delay = 0.17078825665312095, data_size = 3109
user 10, emp_avg: 0.2397686033948258, h: 2.782517209617181, ucb: 3.034048799188673,num_of_obs: 3, privacy reward: 0.8521437889662112, g: 0.00017074675842278686, curr_delay = 0.24452311638673263, data_size = 733
user 17, emp_avg: 0.06858072354590782, h: 0.9638922359983474, ucb: 1.032666132563255,num_of_obs: 25, privacy reward: 0.3534546819587794, g: 0.0021133135679786506, curr_delay = 0.7842965254563129, data_size = 5498
user 21, emp_avg: 0.06310829403005536, h: 1.2443795258534096, ucb: 1.3074401131508633,num_of_obs: 15, privacy reward: 0.5272924240430481, g: -0.009677894170475076, curr_delay = 0.7834056505804264, data_size = 2077
user 28, emp_avg: 0.055153667506286794, h: 1.9675367876885788, ucb: 2.022554349295714,num_of_obs: 6, privacy reward: 0.7557837414557252, g: 0.0020435992135189713, curr_delay = 0.893330880989968, data_size = 1651
num of fast users chosen: 2, num of slow users chosen: 3
max_delay = 0.89 seconds
global epoch 48 has been done artifficialy in 0.89 secs, the total time by now is 41.75 
 with avg train loss 1.518, val loss 1.715, avg val acc 39.03%
iteration: 49
user 8, emp_avg: 0.4349735447678656, h: 1.7084686779636815, ucb: 2.1411455370391783,num_of_obs: 8, privacy reward: 0.6976763260710308, g: -0.0004365664278209087, curr_delay = 0.11029078533096626, data_size = 1381
user 13, emp_avg: 0.3089314319305253, h: 2.7899176683589166, ucb: 3.0798954760286272,num_of_obs: 3, privacy reward: 0.8521437889662112, g: -3.0274389249280506e-06, curr_delay = 0.13668958957251476, data_size = 577
user 19, emp_avg: 0.06610256948502313, h: 1.2080697876329352, ucb: 1.274183297656682,num_of_obs: 16, privacy reward: 0.5066169923655891, g: 0.0009543198756638108, curr_delay = 0.7584086181861722, data_size = 3467
user 23, emp_avg: 0.06029437993638931, h: 1.0302453765236477, ucb: 1.0900277379674255,num_of_obs: 22, privacy reward: 0.3985190410845135, g: -9.815710754663447e-05, curr_delay = 0.6987262117512046, data_size = 4259
user 29, emp_avg: 0.05460813318072861, h: 1.5281008405423955, ucb: 1.5822389358733724,num_of_obs: 10, privacy reward: 0.6440364210831411, g: 0.0027579623424522567, curr_delay = 0.8430493125717753, data_size = 2489
num of fast users chosen: 2, num of slow users chosen: 3
max_delay = 0.84 seconds
global epoch 49 has been done artifficialy in 0.84 secs, the total time by now is 42.60 
 with avg train loss 1.486, val loss 1.822, avg val acc 33.43%
iteration: 50
user 14, emp_avg: 0.25723526652066403, h: 2.166662780986874, ucb: 2.4383495728456275,num_of_obs: 5, privacy reward: 0.7866278610665532, g: -0.0002520565416090978, curr_delay = 0.270302940646736, data_size = 816
user 17, emp_avg: 0.06888026929769084, h: 0.9501444835993037, ucb: 1.0187252071452115,num_of_obs: 26, privacy reward: 0.33959552564493845, g: 0.0021906259963864415, curr_delay = 0.65215866803459, data_size = 5498
user 20, emp_avg: 0.06425185074854697, h: 1.7128973273582715, ucb: 1.7772316948675395,num_of_obs: 8, privacy reward: 0.6976763260710308, g: -0.00023279838452545473, curr_delay = 0.7862659261920087, data_size = 1404
user 24, emp_avg: 0.06143929240477556, h: 1.6149350875351298, ucb: 1.6764536794370306,num_of_obs: 9, privacy reward: 0.670320046035639, g: 0.0019469019024338393, curr_delay = 0.8233760148476128, data_size = 2174
user 26, emp_avg: 0.05831053886504315, h: 1.3437072149201161, ucb: 1.4020072551069849,num_of_obs: 13, privacy reward: 0.5712090638488144, g: 4.490381549580157e-05, curr_delay = 0.85547558389941, data_size = 2587
num of fast users chosen: 1, num of slow users chosen: 4
max_delay = 0.86 seconds
global epoch 50 has been done artifficialy in 0.86 secs, the total time by now is 43.45 
 with avg train loss 1.533, val loss 1.835, avg val acc 34.25%
iteration: 51
user 9, emp_avg: 0.3841060694643416, h: 1.25408542495706, ucb: 1.6425784111735584,num_of_obs: 15, privacy reward: 0.5272924240430481, g: 0.0006968447349055842, curr_delay = 0.1570833674274786, data_size = 3109
user 10, emp_avg: 0.24236282912705148, h: 2.4285259827900725, ucb: 2.6682945861848983,num_of_obs: 4, privacy reward: 0.8187307530779817, g: -8.20457104045551e-06, curr_delay = 0.1978319736009315, data_size = 733
user 17, emp_avg: 0.06898881345204132, h: 0.934740086598566, ucb: 1.0036203558962569,num_of_obs: 27, privacy reward: 0.3262797946230388, g: 0.0013981885119930483, curr_delay = 0.6952216866524212, data_size = 5498
user 21, emp_avg: 0.06280198075185758, h: 1.2142629913950362, ucb: 1.2773712854250916,num_of_obs: 16, privacy reward: 0.5066169923655891, g: -0.009920514351254078, curr_delay = 0.8635434167583935, data_size = 2077
user 25, emp_avg: 0.06002137651458188, h: 1.6190173218600485, ucb: 1.6792577187651527,num_of_obs: 9, privacy reward: 0.670320046035639, g: -0.0007116502604993161, curr_delay = 0.8613235790637708, data_size = 1453
num of fast users chosen: 2, num of slow users chosen: 3
max_delay = 0.86 seconds
global epoch 51 has been done artifficialy in 0.86 secs, the total time by now is 44.32 
 with avg train loss 1.543, val loss 1.655, avg val acc 42.50%
iteration: 52
user 5, emp_avg: 0.28233764274208584, h: 3.442924796701822, ucb: 3.7046764861636707,num_of_obs: 2, privacy reward: 0.8869204367171574, g: 0.0006745162789498404, curr_delay = 0.1545549431470968, data_size = 625
user 9, emp_avg: 0.3735941075523222, h: 1.217257735431587, ucb: 1.6013638048959287,num_of_obs: 16, privacy reward: 0.5066169923655891, g: 0.0001644333355763489, curr_delay = 0.2434242386858697, data_size = 3109
user 21, emp_avg: 0.06247637884025766, h: 1.1809134627728448, ucb: 1.2437154435247024,num_of_obs: 17, privacy reward: 0.48675225595997107, g: -0.012723696875898123, curr_delay = 0.8780996381555088, data_size = 2077
user 23, emp_avg: 0.060209362990368435, h: 1.0152631338398364, ucb: 1.0755575137762257,num_of_obs: 23, privacy reward: 0.3828928859751114, g: -1.0468637292381863e-05, curr_delay = 0.8583105533586147, data_size = 4259
user 28, emp_avg: 0.05560124646003881, h: 1.8403207139552205, ucb: 1.8954743814615072,num_of_obs: 7, privacy reward: 0.7261490370736907, g: 0.001266705112378241, curr_delay = 0.851291336327458, data_size = 1651
num of fast users chosen: 2, num of slow users chosen: 3
max_delay = 0.88 seconds
global epoch 52 has been done artifficialy in 0.88 secs, the total time by now is 45.19 
 with avg train loss 1.504, val loss 1.707, avg val acc 38.14%
iteration: 53
user 4, emp_avg: 0.5442968000175316, h: 2.81790415505997, ucb: 3.2881078877628296,num_of_obs: 3, privacy reward: 0.8521437889662112, g: -6.898593300514734e-07, curr_delay = 0.06522510471506782, data_size = 541
user 17, emp_avg: 0.0692211844100963, h: 0.9223756494066351, ucb: 0.9913644628586764,num_of_obs: 28, privacy reward: 0.3134861808826046, g: 0.0014824222477581384, curr_delay = 0.6602615029659239, data_size = 5498
user 19, emp_avg: 0.06598214263749726, h: 1.1837565201090758, ucb: 1.249859089594099,num_of_obs: 17, privacy reward: 0.48675225595997107, g: 0.0013445395421946857, curr_delay = 0.7820456553324513, data_size = 3467
user 21, emp_avg: 0.062181760572176135, h: 1.1504045539942491, ucb: 1.2128809328345067,num_of_obs: 18, privacy reward: 0.4676664270099087, g: -0.015749981473620705, curr_delay = 0.8790647465406602, data_size = 2077
user 25, emp_avg: 0.05957307203722248, h: 1.543429670613881, ucb: 1.6034510471284629,num_of_obs: 10, privacy reward: 0.6440364210831411, g: -0.0015120767323924015, curr_delay = 0.9076052869011927, data_size = 1453
num of fast users chosen: 1, num of slow users chosen: 4
max_delay = 0.91 seconds
global epoch 53 has been done artifficialy in 0.91 secs, the total time by now is 46.10 
 with avg train loss 1.537, val loss 1.665, avg val acc 43.23%
iteration: 54
user 2, emp_avg: 0.5910051739246198, h: 2.446114484206823, ucb: 2.9664551234013183,num_of_obs: 4, privacy reward: 0.8187307530779817, g: -0.00033492214281017745, curr_delay = 0.05723028455569812, data_size = 541
user 6, emp_avg: 0.3246443423125417, h: 2.8245297118509036, ucb: 3.1483451769132063,num_of_obs: 3, privacy reward: 0.8521437889662112, g: 0.00884203081105692, curr_delay = 0.1528439798254362, data_size = 1451
user 9, emp_avg: 0.3637662736521852, h: 1.1865398106750582, ucb: 1.5601339182273803,num_of_obs: 17, privacy reward: 0.48675225595997107, g: 3.2497400192239194e-05, curr_delay = 0.2542031249376547, data_size = 3109
user 17, emp_avg: 0.06930363496274565, h: 0.9084641127291416, ucb: 0.9776852971392379,num_of_obs: 29, privacy reward: 0.3011942119122014, g: 0.0008860794490754772, curr_delay = 0.6974016114143359, data_size = 5498
user 18, emp_avg: 0.06692150560248407, h: 1.547058637524307, ucb: 1.6138344491577858,num_of_obs: 10, privacy reward: 0.6440364210831411, g: 2.84118713644425e-05, curr_delay = 0.7312245808761971, data_size = 1848
num of fast users chosen: 3, num of slow users chosen: 2
max_delay = 0.73 seconds
global epoch 54 has been done artifficialy in 0.73 secs, the total time by now is 46.83 
 with avg train loss 1.530, val loss 1.614, avg val acc 42.02%
iteration: 55
user 1, emp_avg: 0.797833095552568, h: 1.7336377617381185, ucb: 2.5638012871378035,num_of_obs: 8, privacy reward: 0.6976763260710308, g: -4.758025769243241e-05, curr_delay = 0.09273174915669061, data_size = 1344
user 9, emp_avg: 0.355022603749606, h: 1.1557585078254122, ucb: 1.5195247814775974,num_of_obs: 18, privacy reward: 0.4676664270099087, g: -4.566060805154894e-05, curr_delay = 0.2529896476013623, data_size = 3109
user 14, emp_avg: 0.2600806743209696, h: 2.001832456833606, ucb: 2.2590677233542698,num_of_obs: 6, privacy reward: 0.7557837414557252, g: -0.0006233609635227039, curr_delay = 0.18040568981305324, data_size = 816
user 23, emp_avg: 0.06004273197286754, h: 1.000916228416803, ucb: 1.0611255914071713,num_of_obs: 24, privacy reward: 0.36787944117144167, g: 7.3361270947723706e-06, curr_delay = 0.8921627287484533, data_size = 4259
user 29, emp_avg: 0.05457176456075031, h: 1.4784512508148158, ucb: 1.5330593839955444,num_of_obs: 11, privacy reward: 0.6187833918061405, g: 0.003203326602189393, curr_delay = 0.9229909899293329, data_size = 2489
num of fast users chosen: 3, num of slow users chosen: 2
max_delay = 0.92 seconds
global epoch 55 has been done artifficialy in 0.92 secs, the total time by now is 47.76 
 with avg train loss 1.462, val loss 1.756, avg val acc 39.29%
iteration: 56
user 9, emp_avg: 0.3496468557197042, h: 1.1274589534928088, ucb: 1.4824815572424148,num_of_obs: 19, privacy reward: 0.449328964117221, g: -0.0003523222988844814, curr_delay = 0.20201396354204976, data_size = 3109
user 12, emp_avg: 0.2556559312826716, h: 1.857498707725407, ucb: 2.118914089491867,num_of_obs: 7, privacy reward: 0.7261490370736907, g: 0.0025570225316186627, curr_delay = 0.23219119332477559, data_size = 1703
user 14, emp_avg: 0.27775393246461694, h: 1.857498707725407, ucb: 2.117579382046377,num_of_obs: 7, privacy reward: 0.7261490370736907, g: -0.0016708709745987883, curr_delay = 0.12454331849754097, data_size = 816
user 23, emp_avg: 0.060037059413013696, h: 0.9828959282530557, ucb: 1.0429386602259232,num_of_obs: 25, privacy reward: 0.3534546819587794, g: -5.4116716300719404e-05, curr_delay = 0.8347908027117961, data_size = 4259
user 28, emp_avg: 0.05596173438811595, h: 1.7375309401709549, ucb: 1.7931321866309937,num_of_obs: 8, privacy reward: 0.6976763260710308, g: 0.0007479701371461545, curr_delay = 0.8496806536300457, data_size = 1651
num of fast users chosen: 3, num of slow users chosen: 2
max_delay = 0.85 seconds
global epoch 56 has been done artifficialy in 0.85 secs, the total time by now is 48.61 
 with avg train loss 1.471, val loss 1.533, avg val acc 45.78%
iteration: 57
user 8, emp_avg: 0.46370233139609, h: 1.6417574461197673, ucb: 2.076730990887633,num_of_obs: 9, privacy reward: 0.670320046035639, g: -0.00024098224455927012, curr_delay = 0.06922701287239483, data_size = 1381
user 10, emp_avg: 0.2472075495327091, h: 2.2026487512541486, ucb: 2.4450115803812,num_of_obs: 5, privacy reward: 0.7866278610665532, g: -0.00014767810208760954, curr_delay = 0.18420877527303187, data_size = 733
user 12, emp_avg: 0.24992674705675505, h: 1.741346734822193, ucb: 1.9970026661048645,num_of_obs: 8, privacy reward: 0.6976763260710308, g: 0.0012401760316646728, curr_delay = 0.2449860262611152, data_size = 1703
user 17, emp_avg: 0.06940063903568236, h: 0.8992275871918688, ucb: 0.9685312221546144,num_of_obs: 30, privacy reward: 0.2893842179390499, g: 0.0016393052093401533, curr_delay = 0.6914600144404872, data_size = 5498
user 29, emp_avg: 0.054608796807344324, h: 1.4218036551919802, ucb: 1.4763754197527306,num_of_obs: 12, privacy reward: 0.5945205479701939, g: 0.0021225943864084888, curr_delay = 0.9082126877910028, data_size = 2489
num of fast users chosen: 3, num of slow users chosen: 2
max_delay = 0.91 seconds
global epoch 57 has been done artifficialy in 0.91 secs, the total time by now is 49.51 
 with avg train loss 1.472, val loss 1.616, avg val acc 42.05%
iteration: 58
user 8, emp_avg: 0.4727150458963035, h: 1.5608541912452463, ucb: 2.0245565226413365,num_of_obs: 10, privacy reward: 0.6440364210831411, g: -0.0009025613647671324, curr_delay = 0.08883484715349316, data_size = 1381
user 9, emp_avg: 0.3456627036637012, h: 1.103690583072958, ucb: 1.453337438792662,num_of_obs: 20, privacy reward: 0.4317105234290791, g: -0.0005910792902133203, curr_delay = 0.1879842974528031, data_size = 3109
user 12, emp_avg: 0.26447225543490754, h: 1.6452847799183419, ucb: 1.8952115269750969,num_of_obs: 9, privacy reward: 0.670320046035639, g: 0.0004159395670575732, curr_delay = 0.12646003457971522, data_size = 1703
user 14, emp_avg: 0.26793129939958155, h: 1.7450880372949138, ucb: 2.0228419697595306,num_of_obs: 8, privacy reward: 0.6976763260710308, g: -0.0028952280237670588, curr_delay = 0.2640609346583203, data_size = 816
user 23, emp_avg: 0.06016865739384834, h: 0.9680006767177887, ucb: 1.0280377361308024,num_of_obs: 26, privacy reward: 0.33959552564493845, g: -8.470804068611884e-05, curr_delay = 0.7862846185529373, data_size = 4259
num of fast users chosen: 4, num of slow users chosen: 1
max_delay = 0.79 seconds
global epoch 58 has been done artifficialy in 0.79 secs, the total time by now is 50.30 
 with avg train loss 1.500, val loss 1.577, avg val acc 44.41%
iteration: 59
user 9, emp_avg: 0.34465288074147443, h: 1.0793566131074461, ucb: 1.4250193167711473,num_of_obs: 21, privacy reward: 0.41478291168158077, g: -0.0012543454348491077, curr_delay = 0.15458502298883425, data_size = 3109
user 11, emp_avg: 0.38529639188061576, h: 2.2120228146849805, ucb: 2.6349096803967487,num_of_obs: 5, privacy reward: 0.7866278610665532, g: 0.003736941202670472, curr_delay = 0.2533646538142806, data_size = 1415
user 12, emp_avg: 0.269158765374237, h: 1.5641363324031037, ucb: 1.8286085878380112,num_of_obs: 10, privacy reward: 0.6440364210831411, g: 3.6911516594540934e-05, curr_delay = 0.15821589941247047, data_size = 1703
user 17, emp_avg: 0.06933271059346821, h: 0.8883697403641434, ucb: 0.9577703793998258,num_of_obs: 31, privacy reward: 0.2780373004531934, g: 0.001712337081896291, curr_delay = 0.7437495781736201, data_size = 5498
user 27, emp_avg: 0.05891331019332826, h: 2.4731166907080184, ucb: 2.5325817841016365,num_of_obs: 4, privacy reward: 0.8187307530779817, g: 0.0008295164931142078, curr_delay = 0.8817381509285885, data_size = 937
num of fast users chosen: 3, num of slow users chosen: 2
max_delay = 0.88 seconds
global epoch 59 has been done artifficialy in 0.88 secs, the total time by now is 51.18 
 with avg train loss 1.514, val loss 1.579, avg val acc 46.95%
iteration: 60
user 6, emp_avg: 0.35752015757957645, h: 2.4782083938468835, ucb: 2.802852736159425,num_of_obs: 4, privacy reward: 0.8187307530779817, g: 0.006875885972059847, curr_delay = 0.10224459216751575, data_size = 1451
user 17, emp_avg: 0.06912703172096248, h: 0.8761789802412768, ucb: 0.9455116908347451,num_of_obs: 32, privacy reward: 0.26713530196584967, g: 0.0011202938085284814, curr_delay = 0.7994204802582691, data_size = 5498
user 21, emp_avg: 0.06213791728166642, h: 1.137079994717138, ucb: 1.1992617552893141,num_of_obs: 19, privacy reward: 0.449328964117221, g: -0.010515057687084465, curr_delay = 0.8155955604218319, data_size = 2077
user 27, emp_avg: 0.0583370258475005, h: 2.216576972420881, ucb: 2.2754902826142094,num_of_obs: 5, privacy reward: 0.7866278610665532, g: 0.00017594974079191347, curr_delay = 0.901622131701649, data_size = 937
user 29, emp_avg: 0.05449304017454185, h: 1.3746626823538761, ucb: 1.4292714791612204,num_of_obs: 13, privacy reward: 0.5712090638488144, g: 0.0015945064418228412, curr_delay = 0.943606242041418, data_size = 2489
num of fast users chosen: 1, num of slow users chosen: 4
max_delay = 0.94 seconds
global epoch 60 has been done artifficialy in 0.94 secs, the total time by now is 52.13 
 with avg train loss 1.448, val loss 1.669, avg val acc 41.23%
iteration: 61
user 9, emp_avg: 0.36774117079570207, h: 1.0588424894675375, ucb: 1.4034953702090118,num_of_obs: 22, privacy reward: 0.3985190410845135, g: -0.0016112415797268106, curr_delay = 0.05709825185873156, data_size = 3109
user 21, emp_avg: 0.0620587375784829, h: 1.1105233717720637, ucb: 1.1726612890537302,num_of_obs: 20, privacy reward: 0.4317105234290791, g: -0.012937957128138042, curr_delay = 0.8267859668287206, data_size = 2077
user 23, emp_avg: 0.06013282014757711, h: 0.9557863387660691, ucb: 1.0159549961599175,num_of_obs: 27, privacy reward: 0.3262797946230388, g: -1.260808030324483e-05, curr_delay = 0.845091164192024, data_size = 4259
user 27, emp_avg: 0.05891130751163832, h: 2.0275290045208507, ucb: 2.085866030368351,num_of_obs: 6, privacy reward: 0.7557837414557252, g: -3.107173313993797e-06, curr_delay = 0.8018346297516059, data_size = 937
user 28, emp_avg: 0.05615849133640073, h: 1.6554704999230705, ucb: 1.7114322343111865,num_of_obs: 9, privacy reward: 0.670320046035639, g: 0.0005137113799081195, curr_delay = 0.8631210226757418, data_size = 1651
num of fast users chosen: 1, num of slow users chosen: 4
max_delay = 0.86 seconds
global epoch 61 has been done artifficialy in 0.86 secs, the total time by now is 52.99 
 with avg train loss 1.460, val loss 1.628, avg val acc 43.08%
iteration: 62
user 4, emp_avg: 0.6061162898722229, h: 2.4881120508465124, ucb: 3.032408850864044,num_of_obs: 4, privacy reward: 0.8187307530779817, g: -7.643888016974915e-05, curr_delay = 0.058589567531701435, data_size = 541
user 8, emp_avg: 0.48606413097993134, h: 1.5003880198217376, ucb: 1.973103065718041,num_of_obs: 11, privacy reward: 0.6187833918061405, g: -0.0012283777825136772, curr_delay = 0.07900091438014556, data_size = 1381
user 19, emp_avg: 0.06577516636076869, h: 1.1729072690036912, ucb: 1.2388894116411886,num_of_obs: 18, privacy reward: 0.4676664270099087, g: 0.0045024233887695116, curr_delay = 0.8058070533044717, data_size = 3467
user 23, emp_avg: 0.0602629994648713, h: 0.9404179600861096, ucb: 1.0005507802336866,num_of_obs: 28, privacy reward: 0.3134861808826046, g: -0.00015727011654106176, curr_delay = 0.7823744144610695, data_size = 4259
user 24, emp_avg: 0.06110306977037722, h: 1.5736202308775311, ucb: 1.6350595232823066,num_of_obs: 10, privacy reward: 0.6440364210831411, g: 0.003948034743010129, curr_delay = 0.8659381649618324, data_size = 2174
num of fast users chosen: 2, num of slow users chosen: 3
max_delay = 0.87 seconds
global epoch 62 has been done artifficialy in 0.87 secs, the total time by now is 53.85 
 with avg train loss 1.520, val loss 1.728, avg val acc 40.61%
iteration: 63
user 1, emp_avg: 0.7590568216457975, h: 1.6619536147541407, ucb: 2.459786710306709,num_of_obs: 9, privacy reward: 0.670320046035639, g: -1.8493799900659416e-05, curr_delay = 0.1219302961291856, data_size = 1344
user 7, emp_avg: 0.4219107553612603, h: 2.492930422131211, ucb: 2.9161928970053954,num_of_obs: 4, privacy reward: 0.8187307530779817, g: -5.958091726985743e-05, curr_delay = 0.12004690165906366, data_size = 541
user 17, emp_avg: 0.06900484793494334, h: 0.8679269686904991, ucb: 0.9370540004114616,num_of_obs: 33, privacy reward: 0.25666077695355527, g: 0.0018485356207172726, curr_delay = 0.7695529988739805, data_size = 5498
user 19, emp_avg: 0.06566999093733941, h: 1.1438349245629622, ucb: 1.2096100909237308,num_of_obs: 19, privacy reward: 0.449328964117221, g: 0.003117589528539026, curr_delay = 0.7852787512564283, data_size = 3467
user 21, emp_avg: 0.06221084621253154, h: 1.0880040344451896, ucb: 1.1500627720236725,num_of_obs: 21, privacy reward: 0.41478291168158077, g: -0.014210933975744258, curr_delay = 0.7644660577863229, data_size = 2077
num of fast users chosen: 2, num of slow users chosen: 3
max_delay = 0.79 seconds
global epoch 63 has been done artifficialy in 0.79 secs, the total time by now is 54.64 
 with avg train loss 1.506, val loss 1.803, avg val acc 34.77%
iteration: 64
user 16, emp_avg: 0.0684988106611624, h: 2.039333980337618, ucb: 2.1083232447851286,num_of_obs: 6, privacy reward: 0.7557837414557252, g: 0.000512648959772558, curr_delay = 0.762705670347791, data_size = 1129
user 23, emp_avg: 0.06026439957640468, h: 0.9276090604187556, ucb: 0.9878720598836269,num_of_obs: 29, privacy reward: 0.3011942119122014, g: -0.0001974821729859701, curr_delay = 0.8291186082323748, data_size = 4259
user 24, emp_avg: 0.0610814246377169, h: 1.5061479614674476, ucb: 1.5672510312378247,num_of_obs: 11, privacy reward: 0.6187833918061405, g: 0.002729927836712189, curr_delay = 0.8217827902732416, data_size = 2174
user 26, emp_avg: 0.05885424613535642, h: 1.335057476027531, ucb: 1.3933680148925742,num_of_obs: 14, privacy reward: 0.5488116360940261, g: 0.0022993013670421923, curr_delay = 0.7522626414332737, data_size = 2587
user 28, emp_avg: 0.05635656512197645, h: 1.5796613086404954, ucb: 1.6358197999768962,num_of_obs: 10, privacy reward: 0.6440364210831411, g: 0.00019477511558082687, curr_delay = 0.8570845316432293, data_size = 1651
num of fast users chosen: 0, num of slow users chosen: 5
max_delay = 0.86 seconds
global epoch 64 has been done artifficialy in 0.86 secs, the total time by now is 55.50 
 with avg train loss 1.422, val loss 1.707, avg val acc 37.66%
iteration: 65
user 3, emp_avg: 0.9381834849147349, h: 5.004630218045468, ucb: 6.004630218045468,num_of_obs: 1, privacy reward: 0.9231163463866358, g: 0.002904534686354058, curr_delay = 0.05705372489076053, data_size = 672
user 8, emp_avg: 0.48058210727706846, h: 1.444712301791543, ucb: 1.9307764327714745,num_of_obs: 12, privacy reward: 0.5945205479701939, g: -0.0017845767083133944, curr_delay = 0.12054065196711358, data_size = 1381
user 12, emp_avg: 0.2672847073917408, h: 1.5089527861573953, ucb: 1.7781115515316324,num_of_obs: 11, privacy reward: 0.6187833918061405, g: 4.014795100498627e-05, curr_delay = 0.20269990633345114, data_size = 1703
user 17, emp_avg: 0.0691505033242369, h: 0.8582870015562432, ucb: 0.9272918494911865,num_of_obs: 34, privacy reward: 0.2465969639416059, g: 0.0019120680753225718, curr_delay = 0.6747384588482193, data_size = 5498
user 26, emp_avg: 0.058725544873075984, h: 1.2921899658944325, ucb: 1.351044212029789,num_of_obs: 15, privacy reward: 0.5272924240430481, g: 0.0012910942626378728, curr_delay = 0.8803587844790646, data_size = 2587
num of fast users chosen: 3, num of slow users chosen: 2
max_delay = 0.88 seconds
global epoch 65 has been done artifficialy in 0.88 secs, the total time by now is 56.38 
 with avg train loss 1.495, val loss 1.483, avg val acc 48.23%
iteration: 66
user 1, emp_avg: 0.7351194898181267, h: 1.5854945112537775, ucb: 2.344551332899575,num_of_obs: 10, privacy reward: 0.6440364210831411, g: -0.0001679214389520767, curr_delay = 0.10085806582133651, data_size = 1344
user 13, emp_avg: 0.29049997184018206, h: 2.506886936628702, ucb: 2.8158183685592273,num_of_obs: 4, privacy reward: 0.8187307530779817, g: -1.2578172570056595e-06, curr_delay = 0.23065482794882208, data_size = 577
user 17, emp_avg: 0.06897597767800843, h: 0.8474824642460339, ucb: 0.9166329675702708,num_of_obs: 35, privacy reward: 0.23692775868212124, g: 0.0013323298200021703, curr_delay = 0.7953224850116862, data_size = 5498
user 19, emp_avg: 0.0655713195313971, h: 1.121113920441597, ucb: 1.1867839113789365,num_of_obs: 20, privacy reward: 0.4317105234290791, g: 0.0029585307172733124, curr_delay = 0.7861895872562319, data_size = 3467
user 24, emp_avg: 0.06083745605053658, h: 1.4473518476905374, ucb: 1.5084332723282543,num_of_obs: 12, privacy reward: 0.5945205479701939, g: 0.0017897578281388738, curr_delay = 0.8634112275237366, data_size = 2174
num of fast users chosen: 2, num of slow users chosen: 3
max_delay = 0.86 seconds
global epoch 66 has been done artifficialy in 0.86 secs, the total time by now is 57.24 
 with avg train loss 1.462, val loss 1.576, avg val acc 45.12%
iteration: 67
user 6, emp_avg: 0.3374743124773225, h: 2.2462482372322876, ucb: 2.603768394811864,num_of_obs: 5, privacy reward: 0.7866278610665532, g: 0.005619116018677556, curr_delay = 0.21075252027096536, data_size = 1451
user 9, emp_avg: 0.36219629168287554, h: 1.0473186408602186, ucb: 1.4150598116559208,num_of_obs: 23, privacy reward: 0.3828928859751114, g: -0.0005183872050953612, curr_delay = 0.2130705376205978, data_size = 3109
user 15, emp_avg: 0.0728699729359656, h: 3.5516303098961326, ucb: 3.6218395963336563,num_of_obs: 2, privacy reward: 0.8869204367171574, g: 0.0006719733936602174, curr_delay = 0.6394569552868373, data_size = 541
user 23, emp_avg: 0.06021302222571452, h: 0.9170270028075472, ucb: 0.977291402383952,num_of_obs: 30, privacy reward: 0.2893842179390499, g: -7.549922637736499e-05, curr_delay = 0.8521995876545458, data_size = 4259
user 24, emp_avg: 0.06062884685907385, h: 1.3930640196329207, ucb: 1.4539014756834572,num_of_obs: 13, privacy reward: 0.5712090638488144, g: 0.0009056404454473449, curr_delay = 0.8633054664748796, data_size = 2174
num of fast users chosen: 2, num of slow users chosen: 3
max_delay = 0.86 seconds
global epoch 67 has been done artifficialy in 0.86 secs, the total time by now is 58.10 
 with avg train loss 1.535, val loss 1.700, avg val acc 42.51%
iteration: 68
user 9, emp_avg: 0.36707633059150047, h: 1.027072016118649, ucb: 1.3892683078015247,num_of_obs: 24, privacy reward: 0.36787944117144167, g: -0.0010514268345738337, curr_delay = 0.10326369782801902, data_size = 3109
user 14, emp_avg: 0.25686155212106015, h: 1.677201579054847, ucb: 1.9451328784544284,num_of_obs: 9, privacy reward: 0.670320046035639, g: -0.0023260586105992164, curr_delay = 0.31799773036517226, data_size = 816
user 17, emp_avg: 0.06874296129227378, h: 0.8386007895274235, ucb: 0.9075767672054319,num_of_obs: 36, privacy reward: 0.22763768838381226, g: 0.0013981885119930483, curr_delay = 0.8284404068066085, data_size = 5498
user 18, emp_avg: 0.06693783815731305, h: 1.5170859096863254, ucb: 1.5840074152888095,num_of_obs: 11, privacy reward: 0.6187833918061405, g: 0.0008266060875970547, curr_delay = 0.7449622346755623, data_size = 1848
user 20, emp_avg: 0.06422231115923215, h: 1.677201579054847, ucb: 1.741453429803394,num_of_obs: 9, privacy reward: 0.670320046035639, g: 0.00015349542016202528, curr_delay = 0.7817819188547374, data_size = 1404
num of fast users chosen: 2, num of slow users chosen: 3
max_delay = 0.83 seconds
global epoch 68 has been done artifficialy in 0.83 secs, the total time by now is 58.93 
 with avg train loss 1.468, val loss 1.505, avg val acc 50.24%
iteration: 69
user 9, emp_avg: 0.3667512038951445, h: 1.008060296362942, ucb: 1.3751366269544425,num_of_obs: 25, privacy reward: 0.3534546819587794, g: -0.0017475223003604605, curr_delay = 0.13942216453771467, data_size = 3109
user 12, emp_avg: 0.2738257710849885, h: 1.455009708661296, ucb: 1.722294416053037,num_of_obs: 12, privacy reward: 0.5945205479701939, g: 2.735606278106018e-06, curr_delay = 0.14191702955017976, data_size = 1703
user 20, emp_avg: 0.0639666173184218, h: 1.5938832776456235, ucb: 1.6581055888048557,num_of_obs: 10, privacy reward: 0.6440364210831411, g: -3.43243024655979e-08, curr_delay = 0.814203898916638, data_size = 1404
user 23, emp_avg: 0.060188430238348994, h: 0.905264869947332, ucb: 0.9654778921730466,num_of_obs: 31, privacy reward: 0.2780373004531934, g: -0.00010410523657907098, curr_delay = 0.8413814465412792, data_size = 4259
user 27, emp_avg: 0.05900341497985202, h: 1.9050548933817237, ucb: 1.963966200893362,num_of_obs: 7, privacy reward: 0.7261490370736907, g: -2.3535472802644703e-05, curr_delay = 0.8382487224507402, data_size = 937
num of fast users chosen: 2, num of slow users chosen: 3
max_delay = 0.84 seconds
global epoch 69 has been done artifficialy in 0.84 secs, the total time by now is 59.77 
 with avg train loss 1.454, val loss 1.501, avg val acc 48.90%
iteration: 70
user 8, emp_avg: 0.4618377131372718, h: 1.4003013810851346, ucb: 1.880883488362203,num_of_obs: 13, privacy reward: 0.5712090638488144, g: -0.0018786287987402437, curr_delay = 0.22918896651254955, data_size = 1381
user 15, emp_avg: 0.07187413603458642, h: 2.9149597740103927, ucb: 2.987829746946358,num_of_obs: 3, privacy reward: 0.8521437889662112, g: 0.00016682442559338534, curr_delay = 0.7258303010221531, data_size = 541
user 17, emp_avg: 0.06871261309637211, h: 0.8300272130396585, ucb: 0.8987701743319323,num_of_obs: 37, privacy reward: 0.21871188695221422, g: 0.001461738977661426, curr_delay = 0.7397573582914986, data_size = 5498
user 26, emp_avg: 0.05835822659340931, h: 1.2622146076513732, ucb: 1.320940152524449,num_of_obs: 16, privacy reward: 0.5066169923655891, g: 0.001453866575857678, curr_delay = 0.952723313617257, data_size = 2587
user 29, emp_avg: 0.054649763992211615, h: 1.3493641744036378, ucb: 1.4038572145781796,num_of_obs: 14, privacy reward: 0.5488116360940261, g: 0.003203326602189393, curr_delay = 0.8796018966352234, data_size = 2489
num of fast users chosen: 1, num of slow users chosen: 4
max_delay = 0.95 seconds
global epoch 70 has been done artifficialy in 0.95 secs, the total time by now is 60.73 
 with avg train loss 1.406, val loss 1.578, avg val acc 45.69%
iteration: 71
user 9, emp_avg: 0.36464589429180694, h: 0.9918141742485351, ucb: 1.3585653781436795,num_of_obs: 26, privacy reward: 0.33959552564493845, g: -0.0020868194673377533, curr_delay = 0.16133828449461707, data_size = 3109
user 23, emp_avg: 0.060128024078014125, h: 0.8940092152462673, ucb: 0.9541976454846163,num_of_obs: 32, privacy reward: 0.26713530196584967, g: -0.00013530482923437275, curr_delay = 0.8591799441089739, data_size = 4259
user 27, emp_avg: 0.05877041504215868, h: 1.7880184304925346, ucb: 1.8470218454723866,num_of_obs: 8, privacy reward: 0.6976763260710308, g: -0.00025850588465053123, curr_delay = 0.8786355549721271, data_size = 937
user 28, emp_avg: 0.05632290557907493, h: 1.5248272409521704, ucb: 1.5811838060741468,num_of_obs: 11, privacy reward: 0.6187833918061405, g: 0.0002333747551088623, curr_delay = 0.8936127146334572, data_size = 1651
user 29, emp_avg: 0.05485536436924472, h: 1.3057840368209923, ucb: 1.360433800813204,num_of_obs: 15, privacy reward: 0.5272924240430481, g: 0.0020548390455149496, curr_delay = 0.8629710674908775, data_size = 2489
num of fast users chosen: 1, num of slow users chosen: 4
max_delay = 0.89 seconds
global epoch 71 has been done artifficialy in 0.89 secs, the total time by now is 61.62 
 with avg train loss 1.368, val loss 1.642, avg val acc 43.91%
iteration: 72
user 2, emp_avg: 0.6411540223423214, h: 2.265391653295135, ucb: 2.856396827219755,num_of_obs: 5, privacy reward: 0.7866278610665532, g: -0.00018690303741230175, curr_delay = 0.0560602055122372, data_size = 541
user 6, emp_avg: 0.34078927073728227, h: 2.068010183489447, ucb: 2.4054844959667694,num_of_obs: 6, privacy reward: 0.7557837414557252, g: 0.004389631676527201, curr_delay = 0.13862741436644146, data_size = 1451
user 17, emp_avg: 0.06875825924802752, h: 0.8217439208315371, ucb: 0.8904565339279092,num_of_obs: 38, privacy reward: 0.21013607120076416, g: 0.0015230556769260878, curr_delay = 0.7092921656034009, data_size = 5498
user 19, emp_avg: 0.06523989024085686, h: 1.1053979398538603, ucb: 1.1709692593852574,num_of_obs: 21, privacy reward: 0.41478291168158077, g: 0.004323853343725272, curr_delay = 0.8579290858175097, data_size = 3467
user 29, emp_avg: 0.05504957894847085, h: 1.2663924331071394, ucb: 1.321247797476384,num_of_obs: 16, privacy reward: 0.5066169923655891, g: 0.0011816898451574487, curr_delay = 0.8597415529913978, data_size = 2489
num of fast users chosen: 2, num of slow users chosen: 3
max_delay = 0.86 seconds
global epoch 72 has been done artifficialy in 0.86 secs, the total time by now is 62.48 
 with avg train loss 1.378, val loss 1.513, avg val acc 48.33%
iteration: 73
user 0, emp_avg: 0.6490114352147177, h: 1.6912440078530737, ucb: 2.354690658165519,num_of_obs: 9, privacy reward: 0.670320046035639, g: -0.00042465911779487225, curr_delay = 0.0963215754819931, data_size = 996
user 6, emp_avg: 0.42319061189512197, h: 1.917690450474601, ucb: 2.2584797212118835,num_of_obs: 7, privacy reward: 0.7261490370736907, g: 0.0028833912109599248, curr_delay = 0.05, data_size = 1451
user 17, emp_avg: 0.06876216486094008, h: 0.8124473418342869, ucb: 0.8812056010823144,num_of_obs: 39, privacy reward: 0.2018965179946548, g: 0.0010599939557916012, curr_delay = 0.725536886713714, data_size = 5498
user 19, emp_avg: 0.06511138517504154, h: 1.0817233020192267, ucb: 1.1469631922600836,num_of_obs: 22, privacy reward: 0.3985190410845135, g: 0.0031419183383289244, curr_delay = 0.8027708602507337, data_size = 3467
user 21, emp_avg: 0.062415310771649406, h: 1.0817233020192267, ucb: 1.1439341482317582,num_of_obs: 22, privacy reward: 0.3985190410845135, g: -0.007611890981834044, curr_delay = 0.7472330214649435, data_size = 2077
num of fast users chosen: 2, num of slow users chosen: 3
max_delay = 0.80 seconds
global epoch 73 has been done artifficialy in 0.80 secs, the total time by now is 63.28 
 with avg train loss 1.452, val loss 1.512, avg val acc 49.10%
iteration: 74
user 9, emp_avg: 0.36002826802209575, h: 0.9779871725134879, ucb: 1.3426330668052948,num_of_obs: 27, privacy reward: 0.3262797946230388, g: -0.0019668693643878406, curr_delay = 0.21244741402935674, data_size = 3109
user 12, emp_avg: 0.26978940773739046, h: 1.4094295234167786, ucb: 1.6832552945017671,num_of_obs: 13, privacy reward: 0.5712090638488144, g: -1.1808161854267481e-08, curr_delay = 0.23007897520514872, data_size = 1703
user 23, emp_avg: 0.0601719026955606, h: 0.8846226820930411, ucb: 0.9447507061710552,num_of_obs: 33, privacy reward: 0.25666077695355527, g: -4.7248865201486334e-05, curr_delay = 0.8114262174029947, data_size = 4259
user 27, emp_avg: 0.05868668685126995, h: 1.6939234719439897, ucb: 1.7526938869861484,num_of_obs: 9, privacy reward: 0.670320046035639, g: -0.0006261847347716828, curr_delay = 0.8630639721310823, data_size = 937
user 28, emp_avg: 0.05643231193454091, h: 1.466980758770232, ucb: 1.523303664349307,num_of_obs: 12, privacy reward: 0.5945205479701939, g: 6.470631253774464e-05, curr_delay = 0.865873011387729, data_size = 1651
num of fast users chosen: 2, num of slow users chosen: 3
max_delay = 0.87 seconds
global epoch 74 has been done artifficialy in 0.87 secs, the total time by now is 64.15 
 with avg train loss 1.382, val loss 1.397, avg val acc 50.29%
iteration: 75
user 2, emp_avg: 0.6117955645945283, h: 2.0778566152495483, ucb: 2.71901063759187,num_of_obs: 6, privacy reward: 0.7557837414557252, g: -0.000586938038048677, curr_delay = 0.11477239696589475, data_size = 541
user 9, emp_avg: 0.35831895714297113, h: 0.9618607094216965, ucb: 1.3218889774437923,num_of_obs: 28, privacy reward: 0.3134861808826046, g: -0.002789727329625301, curr_delay = 0.16105224967590062, data_size = 3109
user 20, emp_avg: 0.0636896229470519, h: 1.53459881287402, ucb: 1.598565430192442,num_of_obs: 11, privacy reward: 0.6187833918061405, g: -3.7033100695551917e-06, curr_delay = 0.824501753406786, data_size = 1404
user 21, emp_avg: 0.062438868838407234, h: 1.061273408226868, ucb: 1.1236887189985174,num_of_obs: 23, privacy reward: 0.3828928859751114, g: -0.008564198580555255, curr_delay = 0.7938939473146067, data_size = 2077
user 23, emp_avg: 0.060263439243571006, h: 0.8728743707399381, ucb: 0.9330462734354987,num_of_obs: 34, privacy reward: 0.2465969639416059, g: -0.00020338092370189155, curr_delay = 0.7889461465343846, data_size = 4259
num of fast users chosen: 2, num of slow users chosen: 3
max_delay = 0.82 seconds
global epoch 75 has been done artifficialy in 0.82 secs, the total time by now is 64.97 
 with avg train loss 1.457, val loss 1.502, avg val acc 49.28%
iteration: 76
user 14, emp_avg: 0.2490850253172137, h: 1.611967742906724, ucb: 1.8688292950277843,num_of_obs: 10, privacy reward: 0.6440364210831411, g: -0.0022519994264935815, curr_delay = 0.29185191944117994, data_size = 816
user 21, emp_avg: 0.06248199443267999, h: 1.0405207038168836, ucb: 1.1029595726552908,num_of_obs: 24, privacy reward: 0.36787944117144167, g: -0.010335927232987567, curr_delay = 0.7871907230379054, data_size = 2077
user 23, emp_avg: 0.06042685038649541, h: 0.8616330017840375, ucb: 0.9218964410276085,num_of_obs: 35, privacy reward: 0.23692775868212124, g: -0.00046028058830924076, curr_delay = 0.7559008600650383, data_size = 4259
user 25, emp_avg: 0.05907594710938985, h: 1.5369509379322184, ucb: 1.5965240099694409,num_of_obs: 11, privacy reward: 0.6187833918061405, g: 2.5572969123391913e-05, curr_delay = 0.9327040433309095, data_size = 1453
user 26, emp_avg: 0.05809552757834172, h: 1.2363228219607765, ucb: 1.2946810485541858,num_of_obs: 17, privacy reward: 0.48675225595997107, g: 0.0018504468374565624, curr_delay = 0.9323201865672098, data_size = 2587
num of fast users chosen: 1, num of slow users chosen: 4
max_delay = 0.93 seconds
global epoch 76 has been done artifficialy in 0.93 secs, the total time by now is 65.91 
 with avg train loss 1.410, val loss 1.491, avg val acc 49.82%
iteration: 77
user 8, emp_avg: 0.4536744906096347, h: 1.3644159538352483, ucb: 1.82625366697252,num_of_obs: 14, privacy reward: 0.5488116360940261, g: -0.0015560695799432419, curr_delay = 0.14732340977730596, data_size = 1381
user 12, emp_avg: 0.2842500997837127, h: 1.3644159538352483, ucb: 1.6342053615726386,num_of_obs: 14, privacy reward: 0.5488116360940261, g: -3.907714523372655e-05, curr_delay = 0.10273273419958126, data_size = 1703
user 17, emp_avg: 0.06877189155463333, h: 0.8071993640223292, ucb: 0.8759615288832693,num_of_obs: 40, privacy reward: 0.19398004229089127, g: 0.002239523517395363, curr_delay = 0.7229512213878689, data_size = 5498
user 19, emp_avg: 0.06525749301854741, h: 1.0645029975476432, ucb: 1.1296143827226848,num_of_obs: 23, privacy reward: 0.3828928859751114, g: 0.003448200670057473, curr_delay = 0.7286720593532188, data_size = 3467
user 27, emp_avg: 0.058578359447483665, h: 1.6143987280446583, ucb: 1.6730854148959282,num_of_obs: 10, privacy reward: 0.6440364210831411, g: -0.001107038742238391, curr_delay = 0.8696395464721469, data_size = 937
num of fast users chosen: 2, num of slow users chosen: 3
max_delay = 0.87 seconds
global epoch 77 has been done artifficialy in 0.87 secs, the total time by now is 66.78 
 with avg train loss 1.429, val loss 1.475, avg val acc 49.23%
iteration: 78
user 9, emp_avg: 0.3557015070785517, h: 0.9494145738865564, ucb: 1.3077335310295275,num_of_obs: 29, privacy reward: 0.3011942119122014, g: -0.002629577672251218, curr_delay = 0.17870197341984434, data_size = 3109
user 13, emp_avg: 0.3168932269868036, h: 2.286493077187751, ucb: 2.576993049027933,num_of_obs: 5, privacy reward: 0.7866278610665532, g: -2.132618279433517e-05, curr_delay = 0.11139343089991355, data_size = 577
user 21, emp_avg: 0.06251684382313104, h: 1.022550790134897, ucb: 1.085032784567577,num_of_obs: 25, privacy reward: 0.3534546819587794, g: -0.011318642550542454, curr_delay = 0.788791853556817, data_size = 2077
user 23, emp_avg: 0.060351754285115584, h: 0.8521256584457474, ucb: 0.9125525088322428,num_of_obs: 36, privacy reward: 0.22763768838381226, g: -0.0005047344824702019, curr_delay = 0.8673283453776314, data_size = 4259
user 28, emp_avg: 0.0565345160218705, h: 1.418022809845226, ucb: 1.474455121779767,num_of_obs: 13, privacy reward: 0.5712090638488144, g: 1.2528194045889938e-05, curr_delay = 0.8641075269175298, data_size = 1651
num of fast users chosen: 2, num of slow users chosen: 3
max_delay = 0.87 seconds
global epoch 78 has been done artifficialy in 0.87 secs, the total time by now is 67.64 
 with avg train loss 1.404, val loss 1.486, avg val acc 50.03%
iteration: 79
user 8, emp_avg: 0.4536175713122206, h: 1.322035983242063, ucb: 1.7757104738516976,num_of_obs: 15, privacy reward: 0.5272924240430481, g: -0.002256466956800833, curr_delay = 0.11043286147047329, data_size = 1381
user 14, emp_avg: 0.2440896139943525, h: 1.5438054256462306, ucb: 1.7928904509634442,num_of_obs: 11, privacy reward: 0.6187833918061405, g: -0.0030378610898492845, curr_delay = 0.26435432143062465, data_size = 816
user 18, emp_avg: 0.06695993158700382, h: 1.478081163615013, ucb: 1.5450190017723262,num_of_obs: 12, privacy reward: 0.5945205479701939, g: 0.0014912518158361875, curr_delay = 0.7437703350108336, data_size = 1848
user 19, emp_avg: 0.06541830157187616, h: 1.0451612139362785, ucb: 1.110418706954826,num_of_obs: 24, privacy reward: 0.36787944117144167, g: 0.002875663368259113, curr_delay = 0.7217328960813508, data_size = 3467
user 23, emp_avg: 0.06040279129356524, h: 0.8417595328898083, ucb: 0.902111287174924,num_of_obs: 37, privacy reward: 0.21871188695221422, g: -0.0008574510687887086, curr_delay = 0.8026821063119074, data_size = 4259
num of fast users chosen: 2, num of slow users chosen: 3
max_delay = 0.80 seconds
global epoch 79 has been done artifficialy in 0.80 secs, the total time by now is 68.45 
 with avg train loss 1.387, val loss 1.456, avg val acc 50.62%
iteration: 80
user 1, emp_avg: 0.7056487956271602, h: 1.5460259849645974, ucb: 2.2811454747827242,num_of_obs: 11, privacy reward: 0.6187833918061405, g: 1.116617068763953e-06, curr_delay = 0.13107150763915876, data_size = 1344
user 19, emp_avg: 0.06540733349099162, h: 1.0255176216534416, ucb: 1.0909359232253177,num_of_obs: 25, privacy reward: 0.3534546819587794, g: 0.0020180472154320327, curr_delay = 0.7676584692368246, data_size = 3467
user 22, emp_avg: 0.060036662910188804, h: 5.127588108267208, ucb: 5.192433898135727,num_of_obs: 1, privacy reward: 0.9231163463866358, g: 0.0018725694813476453, curr_delay = 0.9053454791751757, data_size = 541
user 23, emp_avg: 0.060546622998730405, h: 0.8318046298963048, ucb: 0.8922074211898701,num_of_obs: 38, privacy reward: 0.21013607120076416, g: -0.0012908093314911218, curr_delay = 0.757435427800882, data_size = 4259
user 29, emp_avg: 0.05482238595337385, h: 1.2436227867674556, ucb: 1.2986723657159265,num_of_obs: 17, privacy reward: 0.48675225595997107, g: 0.001944628148581147, curr_delay = 0.9811596731201198, data_size = 2489
num of fast users chosen: 1, num of slow users chosen: 4
max_delay = 0.98 seconds
global epoch 80 has been done artifficialy in 0.98 secs, the total time by now is 69.43 
 with avg train loss 1.353, val loss 1.489, avg val acc 49.62%
iteration: 81
user 12, emp_avg: 0.2863083808411101, h: 1.3258128306322035, ucb: 1.6100629304159162,num_of_obs: 15, privacy reward: 0.5272924240430481, g: -9.25092879435253e-05, curr_delay = 0.1576379048531621, data_size = 1703
user 17, emp_avg: 0.06862371136988347, h: 0.8019289994731246, ucb: 0.8707008910277579,num_of_obs: 41, privacy reward: 0.1863739760394093, g: 0.003676152624367781, curr_delay = 0.7993819332994696, data_size = 5498
user 19, emp_avg: 0.06560158832065753, h: 1.0070271352243965, ucb: 1.0724344687153882,num_of_obs: 26, privacy reward: 0.33959552564493845, g: 0.0013275111262797958, curr_delay = 0.7076919072408842, data_size = 3467
user 27, emp_avg: 0.05862166410163236, h: 1.5482158332044555, ucb: 1.6067941926519391,num_of_obs: 11, privacy reward: 0.6187833918061405, g: -0.0015369952502613323, curr_delay = 0.8460521008784441, data_size = 937
user 28, emp_avg: 0.05632099931659814, h: 1.372346658830222, ucb: 1.4288811748520924,num_of_obs: 14, privacy reward: 0.5488116360940261, g: -6.934377413084596e-06, curr_delay = 0.937527561386292, data_size = 1651
num of fast users chosen: 1, num of slow users chosen: 4
max_delay = 0.94 seconds
global epoch 81 has been done artifficialy in 0.94 secs, the total time by now is 70.36 
 with avg train loss 1.365, val loss 1.417, avg val acc 51.95%
iteration: 82
user 8, emp_avg: 0.44852788932927284, h: 1.2855036825011803, ucb: 1.7391212538134009,num_of_obs: 16, privacy reward: 0.5066169923655891, g: -0.002782648715151095, curr_delay = 0.13620527509571387, data_size = 1381
user 15, emp_avg: 0.07120084623145932, h: 2.5710073650023606, ucb: 2.642881501036947,num_of_obs: 4, privacy reward: 0.8187307530779817, g: 4.889796617197105e-05, curr_delay = 0.7298451046255402, data_size = 541
user 17, emp_avg: 0.06855692680656032, h: 0.79343009839415, ucb: 0.8620538097640335,num_of_obs: 42, privacy reward: 0.17906614791149256, g: 0.0029821430732368693, curr_delay = 0.7604334301475402, data_size = 5498
user 19, emp_avg: 0.06557909126196398, h: 0.9895811961817488, ucb: 1.0551827845024062,num_of_obs: 27, privacy reward: 0.3262797946230388, g: 0.0007926695484198829, curr_delay = 0.7695661736695438, data_size = 3467
user 24, emp_avg: 0.060533562196372855, h: 1.3742612426730412, ucb: 1.434890089532115,num_of_obs: 14, privacy reward: 0.5488116360940261, g: 0.002850706093606249, curr_delay = 0.844600630656283, data_size = 2174
num of fast users chosen: 1, num of slow users chosen: 4
max_delay = 0.84 seconds
global epoch 82 has been done artifficialy in 0.84 secs, the total time by now is 71.21 
 with avg train loss 1.416, val loss 1.425, avg val acc 51.67%
iteration: 83
user 6, emp_avg: 0.4709841336272269, h: 1.8204753378849845, ucb: 2.2436659497801066,num_of_obs: 8, privacy reward: 0.6976763260710308, g: 0.0028304620289475225, curr_delay = 0.05859382043956376, data_size = 1451
user 9, emp_avg: 0.3565844330124189, h: 0.9400894221079821, ucb: 1.2957909291865337,num_of_obs: 30, privacy reward: 0.2893842179390499, g: -0.0016752910310421536, curr_delay = 0.1305236938637888, data_size = 3109
user 15, emp_avg: 0.07140399136328494, h: 2.3027393967524676, ucb: 2.373940242983927,num_of_obs: 5, privacy reward: 0.7866278610665532, g: -1.996095071536643e-05, curr_delay = 0.6904197096562196, data_size = 541
user 17, emp_avg: 0.06868548773063368, h: 0.7852276169304179, ucb: 0.8537845437369782,num_of_obs: 43, privacy reward: 0.17204486382304973, g: 0.002374791699067993, curr_delay = 0.6737308925866397, data_size = 5498
user 29, emp_avg: 0.05473977322464813, h: 1.2136502252566563, ucb: 1.2684726112100302,num_of_obs: 18, privacy reward: 0.4676664270099087, g: 0.00157851010854122, curr_delay = 0.9389187512851215, data_size = 2489
num of fast users chosen: 2, num of slow users chosen: 3
max_delay = 0.94 seconds
global epoch 83 has been done artifficialy in 0.94 secs, the total time by now is 72.15 
 with avg train loss 1.379, val loss 1.440, avg val acc 51.07%
iteration: 84
user 5, emp_avg: 0.4617532320565644, h: 2.9768496095178585, ucb: 3.2591872522599443,num_of_obs: 3, privacy reward: 0.8521437889662112, g: 0.0008247639580861569, curr_delay = 0.05, data_size = 625
user 9, emp_avg: 0.35192679630491064, h: 0.9260547742641444, ucb: 1.2826392072765633,num_of_obs: 31, privacy reward: 0.2780373004531934, g: -0.0023553700815714404, curr_delay = 0.24091734575086854, data_size = 3109
user 18, emp_avg: 0.0675558427835311, h: 1.4300322963824676, ucb: 1.4969922279694714,num_of_obs: 13, privacy reward: 0.5712090638488144, g: 0.0012783169922944908, curr_delay = 0.6639869187048969, data_size = 1848
user 23, emp_avg: 0.06057011848474216, h: 0.8256295312662764, ucb: 0.8861761542650067,num_of_obs: 39, privacy reward: 0.2018965179946548, g: -0.0006357230701824777, curr_delay = 0.8131873957326626, data_size = 4259
user 25, emp_avg: 0.059276935903474264, h: 1.4884248047589292, ucb: 1.547500751868319,num_of_obs: 12, privacy reward: 0.5945205479701939, g: 4.811741255116159e-05, curr_delay = 0.810519881063347, data_size = 1453
num of fast users chosen: 2, num of slow users chosen: 3
max_delay = 0.81 seconds
global epoch 84 has been done artifficialy in 0.81 secs, the total time by now is 72.96 
 with avg train loss 1.405, val loss 1.434, avg val acc 50.89%
iteration: 85
user 1, emp_avg: 0.6941875448362299, h: 1.4904112278982464, ucb: 2.1960600235254066,num_of_obs: 12, privacy reward: 0.5945205479701939, g: -6.863192533394842e-06, curr_delay = 0.08982263948372264, data_size = 1344
user 17, emp_avg: 0.0685380865365027, h: 0.7783418788877403, ucb: 0.847027366618374,num_of_obs: 44, privacy reward: 0.16529888822158578, g: 0.002416417028384441, curr_delay = 0.8057701653449824, data_size = 5498
user 18, emp_avg: 0.06731272515134114, h: 1.3798526717148853, ucb: 1.4474085144984166,num_of_obs: 14, privacy reward: 0.5488116360940261, g: 0.0006661345005389452, curr_delay = 0.7823614630265573, data_size = 1848
user 19, emp_avg: 0.06551972370861894, h: 0.9757031812079704, ucb: 1.0412822724699344,num_of_obs: 28, privacy reward: 0.3134861808826046, g: 0.0007846113987160199, curr_delay = 0.7829942148580188, data_size = 3467
user 20, emp_avg: 0.06334293459778874, h: 1.4904112278982464, ucb: 1.5541008508452983,num_of_obs: 12, privacy reward: 0.5945205479701939, g: 1.2714911475834212e-05, curr_delay = 0.8448418477418124, data_size = 1404
num of fast users chosen: 1, num of slow users chosen: 4
max_delay = 0.84 seconds
global epoch 85 has been done artifficialy in 0.84 secs, the total time by now is 73.81 
 with avg train loss 1.414, val loss 1.427, avg val acc 52.04%
iteration: 86
user 2, emp_avg: 0.5881396895813404, h: 1.953973379608149, ucb: 2.565768944202677,num_of_obs: 7, privacy reward: 0.7261490370736907, g: -0.0006564947223528149, curr_delay = 0.118329593807669, data_size = 541
user 9, emp_avg: 0.3516799469801829, h: 0.9138873661713093, ucb: 1.2658141624762198,num_of_obs: 32, privacy reward: 0.26713530196584967, g: -0.0026602446272946372, curr_delay = 0.14544152718383102, data_size = 3109
user 17, emp_avg: 0.06851207215811192, h: 0.7706574938543068, ucb: 0.8391955803908095,num_of_obs: 45, privacy reward: 0.15881742610691996, g: 0.001896455282765814, curr_delay = 0.742485029134526, data_size = 5498
user 24, emp_avg: 0.060569962501767924, h: 1.3348179345893592, ucb: 1.3953514967857321,num_of_obs: 15, privacy reward: 0.5272924240430481, g: 0.0024705976309691846, curr_delay = 0.8181168095130796, data_size = 2174
user 28, emp_avg: 0.05612970195175814, h: 1.3348179345893592, ucb: 1.3911389339059572,num_of_obs: 15, privacy reward: 0.5272924240430481, g: -1.7744474540532064e-05, curr_delay = 0.9387865809727137, data_size = 1651
num of fast users chosen: 2, num of slow users chosen: 3
max_delay = 0.94 seconds
global epoch 86 has been done artifficialy in 0.94 secs, the total time by now is 74.74 
 with avg train loss 1.372, val loss 1.606, avg val acc 45.98%
iteration: 87
user 10, emp_avg: 0.2569888322689303, h: 2.113269532893186, ucb: 2.360477082425895,num_of_obs: 6, privacy reward: 0.7557837414557252, g: 4.357971072551918e-05, curr_delay = 0.15838998296162093, data_size = 733
user 17, emp_avg: 0.06852450010279618, h: 0.7632232665525335, ucb: 0.8317353387106454,num_of_obs: 46, privacy reward: 0.15259010575688325, g: 0.0014492100471741765, curr_delay = 0.7236289470398166, data_size = 5498
user 25, emp_avg: 0.059146327815445786, h: 1.435683935431459, ucb: 1.4949608713349332,num_of_obs: 13, privacy reward: 0.5712090638488144, g: 1.3581220623734854e-07, curr_delay = 0.8703459150876592, data_size = 1453
user 26, emp_avg: 0.058131331596528404, h: 1.2200967336861155, ucb: 1.2781922612644572,num_of_obs: 18, privacy reward: 0.4676664270099087, g: 0.00357657573282544, curr_delay = 0.8506901932765937, data_size = 2587
user 29, emp_avg: 0.055185509614516626, h: 1.187554956333379, ucb: 1.242294729558027,num_of_obs: 19, privacy reward: 0.449328964117221, g: 0.0014597850538499238, curr_delay = 0.7854904083327128, data_size = 2489
num of fast users chosen: 1, num of slow users chosen: 4
max_delay = 0.87 seconds
global epoch 87 has been done artifficialy in 0.87 secs, the total time by now is 75.61 
 with avg train loss 1.322, val loss 1.397, avg val acc 52.75%
iteration: 88
user 0, emp_avg: 0.6809194865588343, h: 1.6390247370576578, ucb: 2.2880361722723754,num_of_obs: 10, privacy reward: 0.6440364210831411, g: -0.00012003286812608624, curr_delay = 0.05, data_size = 996
user 21, emp_avg: 0.0627579535281054, h: 1.0164799912304687, ucb: 1.0789968350535997,num_of_obs: 26, privacy reward: 0.33959552564493845, g: -0.006614704577734174, curr_delay = 0.7243562754919465, data_size = 2077
user 23, emp_avg: 0.06063614811372772, h: 0.8195123685288289, ucb: 0.8800824870135711,num_of_obs: 40, privacy reward: 0.19398004229089127, g: -0.0002394226909526561, curr_delay = 0.7901723636829698, data_size = 4259
user 26, emp_avg: 0.058000470693467664, h: 1.1890735200781375, ucb: 1.2472048516746659,num_of_obs: 19, privacy reward: 0.449328964117221, g: 0.002579821170867701, curr_delay = 0.9006718619075843, data_size = 2587
user 28, emp_avg: 0.05598687011289977, h: 1.2957628276151958, ucb: 1.351892529566954,num_of_obs: 16, privacy reward: 0.5066169923655891, g: -0.0001348384569372213, curr_delay = 0.9310716365870022, data_size = 1651
num of fast users chosen: 1, num of slow users chosen: 4
max_delay = 0.93 seconds
global epoch 88 has been done artifficialy in 0.93 secs, the total time by now is 76.55 
 with avg train loss 1.336, val loss 1.401, avg val acc 52.09%
iteration: 89
user 7, emp_avg: 0.4162633379772707, h: 2.3208540763431396, ucb: 2.7427648317043998,num_of_obs: 5, privacy reward: 0.7866278610665532, g: -1.6530681225319897e-07, curr_delay = 0.1288572612387855, data_size = 541
user 9, emp_avg: 0.35328186196443623, h: 0.9033912239930504, ucb: 1.2550711709732334,num_of_obs: 33, privacy reward: 0.25666077695355527, g: -0.0025271787633350173, curr_delay = 0.12310872484248957, data_size = 3109
user 17, emp_avg: 0.06840411652085923, h: 0.7569791337295734, ucb: 0.8255036338323696,num_of_obs: 47, privacy reward: 0.14660696213034952, g: 0.001498792074552667, curr_delay = 0.7968624253463341, data_size = 5498
user 18, emp_avg: 0.06676277949736832, h: 1.339945725726552, ucb: 1.4072584508778931,num_of_obs: 15, privacy reward: 0.5272924240430481, g: 0.0004829506446839554, curr_delay = 0.8545022787746328, data_size = 1848
user 28, emp_avg: 0.055886555463265784, h: 1.2586598432785292, ucb: 1.314646713391429,num_of_obs: 17, privacy reward: 0.48675225595997107, g: -0.0004328501216491274, curr_delay = 0.9228292115329472, data_size = 1651
num of fast users chosen: 2, num of slow users chosen: 3
max_delay = 0.92 seconds
global epoch 89 has been done artifficialy in 0.92 secs, the total time by now is 77.47 
 with avg train loss 1.345, val loss 1.337, avg val acc 54.06%
iteration: 90
user 6, emp_avg: 0.47703938425106884, h: 1.7320141782195404, ucb: 2.202998311846767,num_of_obs: 9, privacy reward: 0.670320046035639, g: 0.00245893293655011, curr_delay = 0.09406689257139128, data_size = 1451
user 17, emp_avg: 0.06834873141981417, h: 0.7499841390264751, ucb: 0.8183882555473343,num_of_obs: 48, privacy reward: 0.1408584209210444, g: 0.0011202938085284814, curr_delay = 0.7611480031055335, data_size = 5498
user 22, emp_avg: 0.05814485842972456, h: 3.6741569115908477, ucb: 3.7341935745010364,num_of_obs: 2, privacy reward: 0.8869204367171574, g: 0.0011256678331358601, curr_delay = 0.9197728251021992, data_size = 541
user 24, emp_avg: 0.060507603886331446, h: 1.2990106336646554, ucb: 1.3595805961664233,num_of_obs: 16, privacy reward: 0.5066169923655891, g: 0.002147945557773026, curr_delay = 0.8401968165571067, data_size = 2174
user 26, emp_avg: 0.05808724946255108, h: 1.1618704321476985, ucb: 1.219870902841166,num_of_obs: 20, privacy reward: 0.4317105234290791, g: 0.0019783644238704993, curr_delay = 0.8358013873500891, data_size = 2587
num of fast users chosen: 1, num of slow users chosen: 4
max_delay = 0.92 seconds
global epoch 90 has been done artifficialy in 0.92 secs, the total time by now is 78.39 
 with avg train loss 1.333, val loss 1.348, avg val acc 54.32%
iteration: 91
user 1, emp_avg: 0.716031291633642, h: 1.4428912491431678, ucb: 2.1370787939793976,num_of_obs: 13, privacy reward: 0.5712090638488144, g: -1.8493799900659416e-05, curr_delay = 0.05, data_size = 1344
user 12, emp_avg: 0.30122244096635503, h: 1.3006045959259942, ucb: 1.5869129767671044,num_of_obs: 16, privacy reward: 0.5066169923655891, g: -6.613410205249084e-08, curr_delay = 0.0926187654601966, data_size = 1703
user 17, emp_avg: 0.06846847674764853, h: 0.7432026262434253, ucb: 0.8115513576632394,num_of_obs: 49, privacy reward: 0.13533528323661215, g: 0.0008033021386422838, curr_delay = 0.6726216297892066, data_size = 5498
user 19, emp_avg: 0.06552857259554144, h: 0.9660648411004216, ucb: 1.0315845648090405,num_of_obs: 29, privacy reward: 0.3011942119122014, g: 0.0015008931087762568, curr_delay = 0.7600494846879821, data_size = 3467
user 22, emp_avg: 0.05930897809741838, h: 3.003617654268549, ucb: 3.0617625126982735,num_of_obs: 3, privacy reward: 0.8521437889662112, g: 0.00052012106664351, curr_delay = 0.7961613925510207, data_size = 541
num of fast users chosen: 2, num of slow users chosen: 3
max_delay = 0.80 seconds
global epoch 91 has been done artifficialy in 0.80 secs, the total time by now is 79.18 
 with avg train loss 1.333, val loss 1.309, avg val acc 54.81%
iteration: 92
user 9, emp_avg: 0.35209406714110003, h: 0.8932875741145613, ucb: 1.2465694360789974,num_of_obs: 34, privacy reward: 0.2465969639416059, g: -0.0024058783158384506, curr_delay = 0.16040599751324142, data_size = 3109
user 11, emp_avg: 0.37311606892661386, h: 2.126449758881935, ucb: 2.511746150762551,num_of_obs: 6, privacy reward: 0.7557837414557252, g: 0.006505857722596374, curr_delay = 0.166647707044492, data_size = 1415
user 12, emp_avg: 0.29914964489695406, h: 1.2632994024121738, ucb: 1.5645218433785288,num_of_obs: 17, privacy reward: 0.48675225595997107, g: -8.492725361893564e-05, curr_delay = 0.18945701155841746, data_size = 1703
user 17, emp_avg: 0.06833635477331834, h: 0.7366238044252201, ucb: 0.8050922811728687,num_of_obs: 50, privacy reward: 0.13002871087842538, g: 0.0005440958773133029, curr_delay = 0.8099755807587488, data_size = 5498
user 27, emp_avg: 0.05858064627874337, h: 1.5036270443579154, ucb: 1.5622487084595478,num_of_obs: 12, privacy reward: 0.5945205479701939, g: -0.0011449320433056787, curr_delay = 0.860756572878218, data_size = 937
num of fast users chosen: 3, num of slow users chosen: 2
max_delay = 0.86 seconds
global epoch 92 has been done artifficialy in 0.86 secs, the total time by now is 80.05 
 with avg train loss 1.380, val loss 1.355, avg val acc 54.12%
iteration: 93
user 1, emp_avg: 0.7261185684483661, h: 1.3937512833797945, ucb: 2.1097825750134365,num_of_obs: 14, privacy reward: 0.5488116360940261, g: -0.0001435427646002703, curr_delay = 0.05764749050303427, data_size = 1344
user 9, emp_avg: 0.35399471445112907, h: 0.8814857094525864, ucb: 1.2335797765936865,num_of_obs: 35, privacy reward: 0.23692775868212124, g: -0.0031168350460289594, curr_delay = 0.11890115255898838, data_size = 3109
user 17, emp_avg: 0.068240314600341, h: 0.7302376320037887, ucb: 0.798573986777107,num_of_obs: 51, privacy reward: 0.12493021219858191, g: 0.0003391868812035891, curr_delay = 0.7893623536430946, data_size = 5498
user 21, emp_avg: 0.06257549562988332, h: 1.0036156295175134, ucb: 1.0663735830456187,num_of_obs: 27, privacy reward: 0.3262797946230388, g: -0.005806267683353632, curr_delay = 0.8673157415839715, data_size = 2077
user 25, emp_avg: 0.05915526931601465, h: 1.3937512833797945, ucb: 1.4528976111952403,num_of_obs: 14, privacy reward: 0.5488116360940261, g: -5.532681561201185e-07, curr_delay = 0.8434483835183555, data_size = 1453
num of fast users chosen: 2, num of slow users chosen: 3
max_delay = 0.87 seconds
global epoch 93 has been done artifficialy in 0.87 secs, the total time by now is 80.91 
 with avg train loss 1.398, val loss 1.333, avg val acc 55.12%
iteration: 94
user 21, emp_avg: 0.06267398902358617, h: 0.9866930463063407, ucb: 1.049268541936224,num_of_obs: 28, privacy reward: 0.3134861808826046, g: -0.0070138328736714635, curr_delay = 0.764154385287642, data_size = 2077
user 22, emp_avg: 0.05892913509298481, h: 2.6105444208833157, ucb: 2.669853398980734,num_of_obs: 4, privacy reward: 0.8187307530779817, g: 0.00017476851599036798, curr_delay = 0.870932003925219, data_size = 541
user 23, emp_avg: 0.06065695213658514, h: 0.8153970855733199, ucb: 0.8760332336870477,num_of_obs: 41, privacy reward: 0.1863739760394093, g: 8.421326469494286e-06, curr_delay = 0.8128770510299851, data_size = 4259
user 26, emp_avg: 0.05800601660451781, h: 1.1393349917849953, ucb: 1.1974222412475464,num_of_obs: 21, privacy reward: 0.41478291168158077, g: 0.0018746107781089166, curr_delay = 0.8880974703277831, data_size = 2587
user 28, emp_avg: 0.056006078786661175, h: 1.2306224417302007, ucb: 1.2865089971934665,num_of_obs: 18, privacy reward: 0.4676664270099087, g: -0.00045297358639842864, curr_delay = 0.8597343626693208, data_size = 1651
num of fast users chosen: 0, num of slow users chosen: 5
max_delay = 0.89 seconds
global epoch 94 has been done artifficialy in 0.89 secs, the total time by now is 81.80 
 with avg train loss 1.282, val loss 1.369, avg val acc 53.24%
iteration: 95
user 6, emp_avg: 0.48627705228248796, h: 1.6529749347646878, ucb: 2.1300143190157566,num_of_obs: 10, privacy reward: 0.6440364210831411, g: 0.001964658726880522, curr_delay = 0.0864074612905848, data_size = 1451
user 9, emp_avg: 0.35069691515988366, h: 0.8711942848374429, ucb: 1.225188999288572,num_of_obs: 36, privacy reward: 0.22763768838381226, g: -0.003414287463909283, curr_delay = 0.21553940786539738, data_size = 3109
user 13, emp_avg: 0.3055761931491204, h: 2.1339814646806428, ucb: 2.450874691667446,num_of_obs: 6, privacy reward: 0.7557837414557252, g: -1.3493563803619408e-05, curr_delay = 0.21037219922179878, data_size = 577
user 23, emp_avg: 0.06057236552835219, h: 0.806569179709478, ucb: 0.8672261318460631,num_of_obs: 42, privacy reward: 0.17906614791149256, g: -9.199684748114731e-06, curr_delay = 0.8768894866577677, data_size = 4259
user 24, emp_avg: 0.06051693301252646, h: 1.2677739024067818, ucb: 1.3282815062931133,num_of_obs: 17, privacy reward: 0.48675225595997107, g: 0.002040901959548954, curr_delay = 0.8240554556019617, data_size = 2174
num of fast users chosen: 3, num of slow users chosen: 2
max_delay = 0.88 seconds
global epoch 95 has been done artifficialy in 0.88 secs, the total time by now is 82.68 
 with avg train loss 1.391, val loss 1.445, avg val acc 50.29%
iteration: 96
user 6, emp_avg: 0.5262299581945603, h: 1.5778607251824748, ucb: 2.0641377774649627,num_of_obs: 11, privacy reward: 0.6187833918061405, g: 0.0012253007057368237, curr_delay = 0.05177527459006903, data_size = 1451
user 9, emp_avg: 0.3501216625392481, h: 0.8603281766799102, ucb: 1.2110250918397938,num_of_obs: 37, privacy reward: 0.21871188695221422, g: -0.004212166118285095, curr_delay = 0.15205087023794606, data_size = 3109
user 10, emp_avg: 0.2581926555485593, h: 1.9779530959629892, ucb: 2.2349419282319194,num_of_obs: 7, privacy reward: 0.7261490370736907, g: 7.024321423932178e-06, curr_delay = 0.18753322725021937, data_size = 733
user 21, emp_avg: 0.06243414831193209, h: 0.971775643697145, ucb: 1.034449632720731,num_of_obs: 29, privacy reward: 0.3011942119122014, g: -0.007736895101173813, curr_delay = 0.9012456854456233, data_size = 2077
user 23, emp_avg: 0.06043652763568224, h: 0.7980512478270444, ucb: 0.8586236133553966,num_of_obs: 43, privacy reward: 0.17204486382304973, g: -7.822521064347357e-05, curr_delay = 0.9158264252895478, data_size = 4259
num of fast users chosen: 3, num of slow users chosen: 2
max_delay = 0.92 seconds
global epoch 96 has been done artifficialy in 0.92 secs, the total time by now is 83.59 
 with avg train loss 1.378, val loss 1.371, avg val acc 52.67%
iteration: 97
user 4, emp_avg: 0.5661728635067823, h: 2.343000890781747, ucb: 2.9491171806539698,num_of_obs: 5, privacy reward: 0.7866278610665532, g: 1.7865873100223192e-05, curr_delay = 0.13644212841435058, data_size = 541
user 6, emp_avg: 0.5285960846611857, h: 1.5124005716911415, ucb: 2.038630529885702,num_of_obs: 12, privacy reward: 0.5945205479701939, g: 0.0006695823148049733, curr_delay = 0.08976828256229863, data_size = 1451
user 9, emp_avg: 0.34891983909863267, h: 0.8498957501243793, ucb: 1.2000174126636274,num_of_obs: 38, privacy reward: 0.21013607120076416, g: -0.00507472632585822, curr_delay = 0.16488016351886958, data_size = 3109
user 12, emp_avg: 0.2937597987838345, h: 1.2348698957789552, ucb: 1.5340195406759092,num_of_obs: 18, privacy reward: 0.4676664270099087, g: -0.00010000000000000018, curr_delay = 0.2541392049431027, data_size = 1703
user 17, emp_avg: 0.06814619815185677, h: 0.7265337340759824, ucb: 0.7947740486763234,num_of_obs: 52, privacy reward: 0.12003162851145621, g: 0.0009438197470507003, curr_delay = 0.7904870532820951, data_size = 5498
num of fast users chosen: 4, num of slow users chosen: 1
max_delay = 0.79 seconds
global epoch 97 has been done artifficialy in 0.79 secs, the total time by now is 84.38 
 with avg train loss 1.390, val loss 1.337, avg val acc 55.27%
iteration: 98
user 0, emp_avg: 0.7075095293455981, h: 1.5814206752164746, ucb: 2.2623401617753087,num_of_obs: 11, privacy reward: 0.6187833918061405, g: -9.147938456400943e-05, curr_delay = 0.05, data_size = 996
user 8, emp_avg: 0.4441426749121468, h: 1.2720942638033466, ucb: 1.7206221531326193,num_of_obs: 17, privacy reward: 0.48675225595997107, g: -0.0009671013853343166, curr_delay = 0.13528357052795226, data_size = 1381
user 12, emp_avg: 0.29027768705097207, h: 1.2032807099544984, ucb: 1.497040508738333,num_of_obs: 19, privacy reward: 0.449328964117221, g: -0.0003352759011339421, curr_delay = 0.22309719541552409, data_size = 1703
user 19, emp_avg: 0.06579093099594209, h: 0.9575977734592507, ucb: 1.0231263460547921,num_of_obs: 30, privacy reward: 0.2893842179390499, g: 0.002631713745056716, curr_delay = 0.6787789520719434, data_size = 3467
user 23, emp_avg: 0.06055228022896987, h: 0.7907103376082373, ucb: 0.8511468652439195,num_of_obs: 44, privacy reward: 0.16529888822158578, g: -9.815710754663447e-05, curr_delay = 0.7616680577145722, data_size = 4259
num of fast users chosen: 3, num of slow users chosen: 2
max_delay = 0.76 seconds
global epoch 98 has been done artifficialy in 0.76 secs, the total time by now is 85.15 
 with avg train loss 1.345, val loss 1.343, avg val acc 54.67%
iteration: 99
user 18, emp_avg: 0.06636483368690627, h: 1.312695678289706, ucb: 1.3794584577870743,num_of_obs: 16, privacy reward: 0.5066169923655891, g: 0.0008351696735056309, curr_delay = 0.8333652690083535, data_size = 1848
user 19, emp_avg: 0.06577789387136102, h: 0.9430684150738591, ucb: 1.0088593460698012,num_of_obs: 31, privacy reward: 0.2780373004531934, g: 0.0019617252156255735, curr_delay = 0.7648330613844588, data_size = 3467
user 23, emp_avg: 0.06058926315214455, h: 0.7827404721135939, ucb: 0.8432927523425637,num_of_obs: 45, privacy reward: 0.15881742610691996, g: -0.0002394226909526561, curr_delay = 0.8031677618254569, data_size = 4259
user 25, emp_avg: 0.058893907091185214, h: 1.3557462668411946, ucb: 1.4149015361572093,num_of_obs: 15, privacy reward: 0.5272924240430481, g: -2.9630013504253764e-06, curr_delay = 0.9095295715859419, data_size = 1453
user 27, emp_avg: 0.05870605964135158, h: 1.4563051006626202, ucb: 1.5148857469413635,num_of_obs: 13, privacy reward: 0.5712090638488144, g: -0.0012051446367471969, curr_delay = 0.8286867025367928, data_size = 937
num of fast users chosen: 0, num of slow users chosen: 5
max_delay = 0.91 seconds
global epoch 99 has been done artifficialy in 0.91 secs, the total time by now is 86.06 
 with avg train loss 1.340, val loss 1.610, avg val acc 40.49%
iteration: 100
user 2, emp_avg: 0.6339019462945248, h: 1.8584610944249194, ucb: 2.44660078400626,num_of_obs: 8, privacy reward: 0.6976763260710308, g: -0.000586938038048677, curr_delay = 0.05, data_size = 541
user 11, emp_avg: 0.36873151019046135, h: 1.9867784805677093, ucb: 2.359894549494323,num_of_obs: 7, privacy reward: 0.7261490370736907, g: 0.005757211180784356, curr_delay = 0.14791166520839782, data_size = 1415
user 12, emp_avg: 0.29563850745509723, h: 1.1753940002383998, ucb: 1.4656716872893718,num_of_obs: 20, privacy reward: 0.4317105234290791, g: -0.0005969709852269111, curr_delay = 0.1241141613805955, data_size = 1703
user 19, emp_avg: 0.06583090533420137, h: 0.9292305472124597, ucb: 0.9950084410838207,num_of_obs: 32, privacy reward: 0.26713530196584967, g: 0.0014004570092464653, curr_delay = 0.740441578812294, data_size = 3467
user 23, emp_avg: 0.060601357057699735, h: 0.7750318523037639, ucb: 0.8356211154559084,num_of_obs: 46, privacy reward: 0.15259010575688325, g: -0.00043797427994473346, curr_delay = 0.8175588525778155, data_size = 4259
num of fast users chosen: 3, num of slow users chosen: 2
max_delay = 0.82 seconds
global epoch 100 has been done artifficialy in 0.82 secs, the total time by now is 86.87 
 with avg train loss 1.324, val loss 1.282, avg val acc 56.12%
iteration: 101
user 14, emp_avg: 0.2391776012118435, h: 1.5190655872675907, ucb: 1.7631552012619431,num_of_obs: 12, privacy reward: 0.5945205479701939, g: -0.0012032691273976342, curr_delay = 0.2774179854199636, data_size = 816
user 17, emp_avg: 0.06805074497200882, h: 0.7228184236754559, ucb: 0.7909646218273126,num_of_obs: 53, privacy reward: 0.11532512103806203, g: 0.0017683411385243152, curr_delay = 0.793755034600799, data_size = 5498
user 18, emp_avg: 0.06660887978018933, h: 1.2762703729098719, ucb: 1.3426352065967782,num_of_obs: 17, privacy reward: 0.48675225595997107, g: 0.0004927792730762535, curr_delay = 0.7066372407094583, data_size = 1848
user 20, emp_avg: 0.063200919603321, h: 1.4594710079879987, ucb: 1.5228139425857874,num_of_obs: 13, privacy reward: 0.5712090638488144, g: 0.0002569415603006205, curr_delay = 0.8149331655330124, data_size = 1404
user 26, emp_avg: 0.05802548827471533, h: 1.1219042881929804, ucb: 1.1799103047974981,num_of_obs: 22, privacy reward: 0.3985190410845135, g: 0.0023891809583269563, curr_delay = 0.8553754312686759, data_size = 2587
num of fast users chosen: 1, num of slow users chosen: 4
max_delay = 0.86 seconds
global epoch 101 has been done artifficialy in 0.86 secs, the total time by now is 87.73 
 with avg train loss 1.317, val loss 1.301, avg val acc 55.21%
iteration: 102
user 3, emp_avg: 0.9587889899431566, h: 3.7249051585044164, ucb: 4.663088643419151,num_of_obs: 2, privacy reward: 0.8869204367171574, g: 0.002467159303208717, curr_delay = 0.05, data_size = 672
user 17, emp_avg: 0.06800575321782283, h: 0.7168583319894501, ucb: 0.784909076961459,num_of_obs: 54, privacy reward: 0.11080315836233334, g: 0.0013981885119930483, curr_delay = 0.7624717679581166, data_size = 5498
user 20, emp_avg: 0.06361894007389997, h: 1.4078818152434738, ucb: 1.4710827348467947,num_of_obs: 14, privacy reward: 0.5488116360940261, g: 5.606065082271481e-05, curr_delay = 0.7197224290174429, data_size = 1404
user 29, emp_avg: 0.05502919132420758, h: 1.1779184368984472, ucb: 1.2331039465129638,num_of_obs: 20, privacy reward: 0.4317105234290791, g: 0.0036626106998996328, curr_delay = 0.9633386911206626, data_size = 2489
num of fast users chosen: 1, num of slow users chosen: 3
max_delay = 0.96 seconds
global epoch 102 has been done artifficialy in 0.96 secs, the total time by now is 88.69 
 with avg train loss 1.315, val loss 1.355, avg val acc 54.00%
iteration: 103
user 4, emp_avg: 0.628148168720099, h: 2.1528420722917962, ucb: 2.7190149357985787,num_of_obs: 6, privacy reward: 0.7557837414557252, g: -6.146587879446843e-06, curr_delay = 0.05, data_size = 541
user 17, emp_avg: 0.06800252287856072, h: 0.7110603340898438, ucb: 0.7790660873076667,num_of_obs: 55, privacy reward: 0.1064585043792523, g: 0.0010773848560591776, curr_delay = 0.7371928856411276, data_size = 5498
user 19, emp_avg: 0.06576586373875798, h: 0.9179749440262157, ucb: 0.983805849360417,num_of_obs: 33, privacy reward: 0.25666077695355527, g: 0.0013715416650483363, curr_delay = 0.7859226652717786, data_size = 3467
user 20, emp_avg: 0.06425369819224061, h: 1.3615768782157893, ucb: 1.4251958182896893,num_of_obs: 15, privacy reward: 0.5272924240430481, g: -7.899652976639037e-07, curr_delay = 0.6777357177990877, data_size = 1404
user 24, emp_avg: 0.06009098378564339, h: 1.2429439499604205, ucb: 1.3034608829729468,num_of_obs: 18, privacy reward: 0.4676664270099087, g: 0.002437044389895855, curr_delay = 0.953763497030719, data_size = 2174
num of fast users chosen: 1, num of slow users chosen: 4
max_delay = 0.95 seconds
global epoch 103 has been done artifficialy in 0.95 secs, the total time by now is 89.65 
 with avg train loss 1.356, val loss 1.363, avg val acc 53.99%
iteration: 104
user 6, emp_avg: 0.5349127088324513, h: 1.4640918790748554, ucb: 1.992687963736041,num_of_obs: 13, privacy reward: 0.5712090638488144, g: 0.000604551493251142, curr_delay = 0.08103349168054466, data_size = 1451
user 16, emp_avg: 0.0691022660587769, h: 1.9952209113224328, ucb: 2.0637197219835954,num_of_obs: 7, privacy reward: 0.7261490370736907, g: 0.002409244972552403, curr_delay = 0.6818821500312007, data_size = 1129
user 17, emp_avg: 0.0680341715110986, h: 0.7054171181806477, ucb: 0.7734196410592084,num_of_obs: 56, privacy reward: 0.10228420671553695, g: 0.0008033021386422838, curr_delay = 0.7162657292538778, data_size = 5498
user 19, emp_avg: 0.0655508259918677, h: 0.9053167368198406, ucb: 0.9710826005585986,num_of_obs: 34, privacy reward: 0.2465969639416059, g: 0.000930225813004167, curr_delay = 0.8585232261432983, data_size = 3467
user 29, emp_avg: 0.055095003740707346, h: 1.151941330244777, ucb: 1.2069705215689845,num_of_obs: 21, privacy reward: 0.41478291168158077, g: 0.002989340449563273, curr_delay = 0.8853151355154067, data_size = 2489
num of fast users chosen: 1, num of slow users chosen: 4
max_delay = 0.89 seconds
global epoch 104 has been done artifficialy in 0.89 secs, the total time by now is 90.53 
 with avg train loss 1.300, val loss 1.408, avg val acc 51.52%
iteration: 105
user 14, emp_avg: 0.24353978521989092, h: 1.465599433703733, ucb: 1.7047770349155766,num_of_obs: 13, privacy reward: 0.5712090638488144, g: -0.0015749637113498464, curr_delay = 0.1665289043402258, data_size = 816
user 19, emp_avg: 0.06552927688406301, h: 0.8932086958335763, ucb: 0.958759521825444,num_of_obs: 35, privacy reward: 0.23692775868212124, g: 0.0005802966426943477, curr_delay = 0.7719020477665494, data_size = 3467
user 21, emp_avg: 0.0625778885146395, h: 0.9647756578767442, ucb: 1.0272098061886763,num_of_obs: 30, privacy reward: 0.2893842179390499, g: -0.005125210339210609, curr_delay = 0.7474948316651565, data_size = 2077
user 23, emp_avg: 0.06061189356827946, h: 0.7707934858912923, ucb: 0.831394842948992,num_of_obs: 47, privacy reward: 0.14660696213034952, g: -7.304920338490007e-05, curr_delay = 0.8182353961020499, data_size = 4259
user 28, emp_avg: 0.056049497652185754, h: 1.212300164779098, ucb: 1.2683062435657593,num_of_obs: 19, privacy reward: 0.449328964117221, g: -0.0001154807152605612, curr_delay = 0.8791292863458807, data_size = 1651
num of fast users chosen: 1, num of slow users chosen: 4
max_delay = 0.88 seconds
global epoch 105 has been done artifficialy in 0.88 secs, the total time by now is 91.41 
 with avg train loss 1.263, val loss 1.301, avg val acc 55.90%
iteration: 106
user 16, emp_avg: 0.06823550359336253, h: 1.8701816276993126, ucb: 1.9392838937580894,num_of_obs: 8, privacy reward: 0.6976763260710308, g: 0.0016744508573458955, curr_delay = 0.81564200562184, data_size = 1129
user 18, emp_avg: 0.06651480823452115, h: 1.2467877517995418, ucb: 1.3133966315797312,num_of_obs: 18, privacy reward: 0.4676664270099087, g: 0.0004286615441060825, curr_delay = 0.7713487693874422, data_size = 1848
user 23, emp_avg: 0.060663567732575766, h: 0.7634984523651691, ucb: 0.8241103459334486,num_of_obs: 48, privacy reward: 0.1408584209210444, g: -0.0001892832169770264, curr_delay = 0.7918417793370597, data_size = 4259
user 25, emp_avg: 0.059114132700059316, h: 1.322418110996679, ucb: 1.3813120180878642,num_of_obs: 16, privacy reward: 0.5066169923655891, g: -1.3215382997751396e-06, curr_delay = 0.7982407738634932, data_size = 1453
user 26, emp_avg: 0.0578723217558644, h: 1.102972950211745, ucb: 1.1609984384864602,num_of_obs: 23, privacy reward: 0.3828928859751114, g: 0.0024720683418892405, curr_delay = 0.9199718032964393, data_size = 2587
num of fast users chosen: 0, num of slow users chosen: 5
max_delay = 0.92 seconds
global epoch 106 has been done artifficialy in 0.92 secs, the total time by now is 92.33 
 with avg train loss 1.300, val loss 1.283, avg val acc 56.43%
iteration: 107
user 10, emp_avg: 0.29388999607321264, h: 1.872063467366005, ucb: 2.1302561229145645,num_of_obs: 8, privacy reward: 0.6976763260710308, g: 6.410486997928528e-07, curr_delay = 0.08628593442742667, data_size = 733
user 19, emp_avg: 0.06549429586882843, h: 0.8824991817240688, ucb: 0.9480284586081318,num_of_obs: 36, privacy reward: 0.22763768838381226, g: 0.0004399121275523918, curr_delay = 0.7783920930466228, data_size = 3467
user 21, emp_avg: 0.06261895226838173, h: 0.9510091924315984, ucb: 1.013587080946238,num_of_obs: 31, privacy reward: 0.2780373004531934, g: -0.005714742338684965, curr_delay = 0.7825714619778531, data_size = 2077
user 23, emp_avg: 0.06072877740180648, h: 0.7564278700492018, ucb: 0.8170914377817775,num_of_obs: 49, privacy reward: 0.13533528323661215, g: -0.00035614333626172057, curr_delay = 0.7821782109549048, data_size = 4259
user 28, emp_avg: 0.05597960724188892, h: 1.1839968962537746, ucb: 1.2400463939059603,num_of_obs: 20, privacy reward: 0.4317105234290791, g: -0.00027921415040176717, curr_delay = 0.916056284019985, data_size = 1651
num of fast users chosen: 1, num of slow users chosen: 4
max_delay = 0.92 seconds
global epoch 107 has been done artifficialy in 0.92 secs, the total time by now is 93.25 
 with avg train loss 1.275, val loss 1.260, avg val acc 57.13%
iteration: 108
user 5, emp_avg: 0.5694025856452515, h: 2.650131476113276, ucb: 3.1118847081698404,num_of_obs: 4, privacy reward: 0.8187307530779817, g: 0.0007505382218029287, curr_delay = 0.05, data_size = 625
user 8, emp_avg: 0.44215558096956475, h: 1.249283958530408, ucb: 1.693426633442555,num_of_obs: 18, privacy reward: 0.4676664270099087, g: -0.0005902729065551896, curr_delay = 0.1230351622919177, data_size = 1381
user 12, emp_avg: 0.2928066178628652, h: 1.1566121991308707, ucb: 1.4522507065859678,num_of_obs: 21, privacy reward: 0.41478291168158077, g: -0.00035635751952753424, curr_delay = 0.21428240537416332, data_size = 1703
user 17, emp_avg: 0.06813963962741755, h: 0.7020369781177161, ucb: 0.7700711496288147,num_of_obs: 57, privacy reward: 0.09827358560436095, g: 0.0015230556769260878, curr_delay = 0.6742968092504515, data_size = 5498
user 19, emp_avg: 0.06538562939666553, h: 0.8713578617981484, ucb: 0.9368521576669768,num_of_obs: 37, privacy reward: 0.21871188695221422, g: 0.00021993150474234306, curr_delay = 0.8147971075317857, data_size = 3467
num of fast users chosen: 3, num of slow users chosen: 2
max_delay = 0.81 seconds
global epoch 108 has been done artifficialy in 0.81 secs, the total time by now is 94.06 
 with avg train loss 1.294, val loss 1.231, avg val acc 57.08%
iteration: 109
user 8, emp_avg: 0.4378234299923984, h: 1.217159923181287, ucb: 1.6593155041508518,num_of_obs: 19, privacy reward: 0.449328964117221, g: -0.0010202142309507119, curr_delay = 0.14064200657048817, data_size = 1381
user 9, emp_avg: 0.3459547504691606, h: 0.849556253602581, ucb: 1.1984760927012137,num_of_obs: 39, privacy reward: 0.2018965179946548, g: -0.00138999981026642, curr_delay = 0.21709276034730707, data_size = 3109
user 14, emp_avg: 0.24909091422498297, h: 1.4179483995591977, ucb: 1.6614881847790886,num_of_obs: 14, privacy reward: 0.5488116360940261, g: -0.0019639659664292867, curr_delay = 0.1529956298165221, data_size = 816
user 23, emp_avg: 0.06082207525145644, h: 0.750307767431137, ucb: 0.8110365448329435,num_of_obs: 50, privacy reward: 0.13002871087842538, g: -0.00038586439645233437, curr_delay = 0.7635106912130788, data_size = 4259
user 24, emp_avg: 0.06022225734926927, h: 1.217159923181287, ucb: 1.2772509069669304,num_of_obs: 19, privacy reward: 0.449328964117221, g: 0.002481213898456249, curr_delay = 0.7972389375903324, data_size = 2174
num of fast users chosen: 3, num of slow users chosen: 2
max_delay = 0.80 seconds
global epoch 109 has been done artifficialy in 0.80 secs, the total time by now is 94.86 
 with avg train loss 1.327, val loss 1.352, avg val acc 54.48%
iteration: 110
user 0, emp_avg: 0.692989588729103, h: 1.5330493086969539, ucb: 2.240558838042552,num_of_obs: 12, privacy reward: 0.5945205479701939, g: -4.109446819424681e-05, curr_delay = 0.09638548618033642, data_size = 996
user 8, emp_avg: 0.4437328525301358, h: 1.1874948882996192, ucb: 1.6253183182920177,num_of_obs: 20, privacy reward: 0.4317105234290791, g: -0.0015560695799432419, curr_delay = 0.08898043143712417, data_size = 1381
user 23, emp_avg: 0.06078496923008054, h: 0.7436381445926679, ucb: 0.8044602198441243,num_of_obs: 51, privacy reward: 0.12493021219858191, g: -0.0006033998571791188, curr_delay = 0.8490036463554806, data_size = 4259
user 24, emp_avg: 0.06046289543703482, h: 1.1874948882996192, ucb: 1.2477171456488885,num_of_obs: 20, privacy reward: 0.4317105234290791, g: 0.0017897578281388738, curr_delay = 0.7659823301765689, data_size = 2174
user 26, emp_avg: 0.05794527355402156, h: 1.084029562072965, ucb: 1.1419018838288293,num_of_obs: 24, privacy reward: 0.36787944117144167, g: 0.0023541140054932456, curr_delay = 0.8375754195715952, data_size = 2587
num of fast users chosen: 2, num of slow users chosen: 3
max_delay = 0.85 seconds
global epoch 110 has been done artifficialy in 0.85 secs, the total time by now is 95.71 
 with avg train loss 1.274, val loss 1.269, avg val acc 56.52%
iteration: 111
user 0, emp_avg: 0.6865281565476176, h: 1.4743233443456751, ucb: 2.1673129330747782,num_of_obs: 13, privacy reward: 0.5712090638488144, g: -0.00020841844392269066, curr_delay = 0.08298348351574689, data_size = 996
user 17, emp_avg: 0.06811161101057703, h: 0.6979919623076641, ucb: 0.7661316019350817,num_of_obs: 58, privacy reward: 0.09442022319630183, g: 0.0019608602038455047, curr_delay = 0.7520385746479479, data_size = 5498
user 18, emp_avg: 0.0666243115325181, h: 1.219516323618637, ucb: 1.286031131853158,num_of_obs: 19, privacy reward: 0.449328964117221, g: 0.0003742016618566673, curr_delay = 0.7277504047017288, data_size = 1848
user 19, emp_avg: 0.06540763302170549, h: 0.8623282621984264, ucb: 0.927713891595092,num_of_obs: 38, privacy reward: 0.21013607120076416, g: 0.00022741659630635955, curr_delay = 0.7547879508726649, data_size = 3467
user 20, emp_avg: 0.06406752817264146, h: 1.3289371036629707, ucb: 1.3931908018552113,num_of_obs: 16, privacy reward: 0.5066169923655891, g: 3.5775219627367154e-07, curr_delay = 0.8184805327247622, data_size = 1404
num of fast users chosen: 1, num of slow users chosen: 4
max_delay = 0.82 seconds
global epoch 111 has been done artifficialy in 0.82 secs, the total time by now is 96.53 
 with avg train loss 1.319, val loss 1.308, avg val acc 55.27%
iteration: 112
user 5, emp_avg: 0.5890435370706578, h: 2.3795374856375164, ucb: 2.948940071282768,num_of_obs: 5, privacy reward: 0.7866278610665532, g: 0.0003916493462620458, curr_delay = 0.07275390920885624, data_size = 625
user 8, emp_avg: 0.4468174181096549, h: 1.1610954029087106, ucb: 1.6048282554388464,num_of_obs: 21, privacy reward: 0.41478291168158077, g: -0.002036614544584973, curr_delay = 0.09773388443778935, data_size = 1381
user 18, emp_avg: 0.06671216827331172, h: 1.1897687428187582, ucb: 1.2563930543512762,num_of_obs: 20, privacy reward: 0.4317105234290791, g: 0.00014265998034881922, curr_delay = 0.7302542562011062, data_size = 1848
user 23, emp_avg: 0.06073559961870785, h: 0.7378632511903045, ucb: 0.7986482204203851,num_of_obs: 52, privacy reward: 0.12003162851145621, g: -0.0006357230701824777, curr_delay = 0.8595735371764557, data_size = 4259
user 26, emp_avg: 0.05785427204277338, h: 1.0641615145788832, ucb: 1.1221067881329048,num_of_obs: 25, privacy reward: 0.3534546819587794, g: 0.001891097009268154, curr_delay = 0.8996165683875452, data_size = 2587
num of fast users chosen: 2, num of slow users chosen: 3
max_delay = 0.90 seconds
global epoch 112 has been done artifficialy in 0.90 secs, the total time by now is 97.42 
 with avg train loss 1.270, val loss 1.225, avg val acc 57.39%
iteration: 113
user 16, emp_avg: 0.06825581830764386, h: 1.7752723394289567, ucb: 1.8435078430223193,num_of_obs: 9, privacy reward: 0.670320046035639, g: 0.0013502490317392976, curr_delay = 0.7305813230121231, data_size = 1129
user 19, emp_avg: 0.06547333769132205, h: 0.8528132466419904, ucb: 0.9182208796636959,num_of_obs: 39, privacy reward: 0.2018965179946548, g: 0.00015104255268163851, curr_delay = 0.7349069966717763, data_size = 3467
user 23, emp_avg: 0.06081076587704758, h: 0.7315572291194099, ucb: 0.7922928287381178,num_of_obs: 53, privacy reward: 0.11532512103806203, g: -0.0008972651042913904, curr_delay = 0.7716695111826853, data_size = 4259
user 24, emp_avg: 0.06039677159603252, h: 1.1621885535135044, ucb: 1.2226514489505391,num_of_obs: 21, privacy reward: 0.41478291168158077, g: 0.0014655883474565372, curr_delay = 0.8473402786046464, data_size = 2174
user 25, emp_avg: 0.05910887285714423, h: 1.2917003593593452, ucb: 1.3508144920594045,num_of_obs: 17, privacy reward: 0.48675225595997107, g: -4.207642624357651e-07, curr_delay = 0.8471782660995258, data_size = 1453
num of fast users chosen: 0, num of slow users chosen: 5
max_delay = 0.85 seconds
global epoch 113 has been done artifficialy in 0.85 secs, the total time by now is 98.27 
 with avg train loss 1.292, val loss 1.252, avg val acc 56.84%
iteration: 114
user 0, emp_avg: 0.707426279444443, h: 1.424710263536489, ucb: 2.1112384200841063,num_of_obs: 14, privacy reward: 0.5488116360940261, g: -0.0004050802357787856, curr_delay = 0.05, data_size = 996
user 12, emp_avg: 0.29611593847167095, h: 1.136525620444067, ucb: 1.4293322383069322,num_of_obs: 22, privacy reward: 0.3985190410845135, g: -0.00030329775349502116, curr_delay = 0.13553037398924322, data_size = 1703
user 17, emp_avg: 0.06824310649328999, h: 0.694008141044994, ucb: 0.762119752055571,num_of_obs: 59, privacy reward: 0.0907179532894119, g: 0.0024265736154793867, curr_delay = 0.657883137554274, data_size = 5498
user 19, emp_avg: 0.06525165552490095, h: 0.842869958688275, ucb: 0.908343296379597,num_of_obs: 40, privacy reward: 0.19398004229089127, g: 4.284340569517539e-05, curr_delay = 0.8867705891503848, data_size = 3467
user 28, emp_avg: 0.055996223443935116, h: 1.163271058990183, ucb: 1.219250666232072,num_of_obs: 21, privacy reward: 0.41478291168158077, g: -0.00019612155980791628, curr_delay = 0.8873876075298388, data_size = 1651
num of fast users chosen: 2, num of slow users chosen: 3
max_delay = 0.89 seconds
global epoch 114 has been done artifficialy in 0.89 secs, the total time by now is 99.16 
 with avg train loss 1.222, val loss 1.217, avg val acc 56.92%
iteration: 115
user 17, emp_avg: 0.06815804572698815, h: 0.6888346774345242, ucb: 0.7570777839278142,num_of_obs: 60, privacy reward: 0.08716085146198072, g: 0.0020308536190161873, curr_delay = 0.7929660768975886, data_size = 5498
user 19, emp_avg: 0.06505887858896998, h: 0.8332948526588849, ucb: 0.8985465081837859,num_of_obs: 41, privacy reward: 0.1863739760394093, g: 8.116951934971166e-07, curr_delay = 0.8748137313565718, data_size = 3467
user 21, emp_avg: 0.06268562165436214, h: 0.9432257280567093, ucb: 1.0058446803250911,num_of_obs: 32, privacy reward: 0.26713530196584967, g: -0.004113575065180122, curr_delay = 0.7713782625108162, data_size = 2077
user 27, emp_avg: 0.05830899663952374, h: 1.4260232609347951, ucb: 1.4847293205761467,num_of_obs: 14, privacy reward: 0.5488116360940261, g: -0.0006320795497855188, curr_delay = 0.9478652390793559, data_size = 937
user 28, emp_avg: 0.056147940259979254, h: 1.1375730300268738, ucb: 1.1935692534708089,num_of_obs: 22, privacy reward: 0.3985190410845135, g: -0.0004451324507103264, curr_delay = 0.8405380018328299, data_size = 1651
num of fast users chosen: 0, num of slow users chosen: 5
max_delay = 0.95 seconds
global epoch 115 has been done artifficialy in 0.95 secs, the total time by now is 100.11 
 with avg train loss 1.243, val loss 1.286, avg val acc 55.62%
iteration: 116
user 14, emp_avg: 0.2503654449022511, h: 1.3789256964907666, ucb: 1.6280166107157497,num_of_obs: 15, privacy reward: 0.5272924240430481, g: -0.002041831845922814, curr_delay = 0.1855401819218935, data_size = 816
user 19, emp_avg: 0.06493866288801958, h: 0.8240657212960596, ucb: 0.8891245998850296,num_of_obs: 42, privacy reward: 0.17906614791149256, g: -2.1587965275739163e-05, curr_delay = 0.8348694451337888, data_size = 3467
user 21, emp_avg: 0.0626028252614886, h: 0.9296715149211051, ucb: 0.9923571365754673,num_of_obs: 33, privacy reward: 0.25666077695355527, g: -0.004950395534217309, curr_delay = 0.8351352169482148, data_size = 2077
user 23, emp_avg: 0.06066517598601899, h: 0.7267576541741457, ucb: 0.7875684200511933,num_of_obs: 54, privacy reward: 0.11080315836233334, g: -0.0006993420674338523, curr_delay = 0.946910122864019, data_size = 4259
user 28, emp_avg: 0.056310132186531914, h: 1.1135829589103692, ucb: 1.1697308991703483,num_of_obs: 23, privacy reward: 0.3828928859751114, g: -0.0007879067389244168, curr_delay = 0.8327705678411164, data_size = 1651
num of fast users chosen: 1, num of slow users chosen: 4
max_delay = 0.95 seconds
global epoch 116 has been done artifficialy in 0.95 secs, the total time by now is 101.05 
 with avg train loss 1.250, val loss 1.220, avg val acc 58.55%
iteration: 117
user 17, emp_avg: 0.06810102317790197, h: 0.6844052534600489, ucb: 0.752563299187037,num_of_obs: 61, privacy reward: 0.08374322559219538, g: 0.0020644848325503252, curr_delay = 0.7737225538138115, data_size = 5498
user 19, emp_avg: 0.06499040333712686, h: 0.8151621840166837, ucb: 0.8801008469047034,num_of_obs: 43, privacy reward: 0.17204486382304973, g: -0.00010198348132541043, curr_delay = 0.7438788886219647, data_size = 3467
user 22, emp_avg: 0.059574082706410215, h: 2.390524779573997, ucb: 2.449453914666982,num_of_obs: 5, privacy reward: 0.7866278610665532, g: 0.00016999343733458089, curr_delay = 0.7961932944618199, data_size = 541
user 28, emp_avg: 0.056493289672709036, h: 1.0911202883731193, ucb: 1.147430420559651,num_of_obs: 24, privacy reward: 0.36787944117144167, g: -0.0012195474502324731, curr_delay = 0.8211654495820166, data_size = 1651
user 29, emp_avg: 0.05517273936826757, h: 1.1396379729941861, ucb: 1.1947329767348935,num_of_obs: 22, privacy reward: 0.3985190410845135, g: 0.00470098782916598, curr_delay = 0.8789984271120077, data_size = 2489
num of fast users chosen: 0, num of slow users chosen: 5
max_delay = 0.88 seconds
global epoch 117 has been done artifficialy in 0.88 secs, the total time by now is 101.93 
 with avg train loss 1.199, val loss 1.268, avg val acc 57.22%
iteration: 118
user 8, emp_avg: 0.44091172675781226, h: 1.1406558668908227, ucb: 1.5874732850004776,num_of_obs: 22, privacy reward: 0.3985190410845135, g: -0.0019421247035628709, curr_delay = 0.16077867452119454, data_size = 1381
user 16, emp_avg: 0.0685814557616689, h: 1.691866062866502, ucb: 1.760121881174146,num_of_obs: 10, privacy reward: 0.6440364210831411, g: 0.0010014686745644919, curr_delay = 0.6960121121400882, data_size = 1129
user 17, emp_avg: 0.06805521319535524, h: 0.6794697618042724, ucb: 0.7475707849821744,num_of_obs: 62, privacy reward: 0.08045960674953179, g: 0.001712337081896291, curr_delay = 0.7666948460851623, data_size = 5498
user 18, emp_avg: 0.06691095206648125, h: 1.1674985010043195, ucb: 1.2342106692776311,num_of_obs: 21, privacy reward: 0.41478291168158077, g: 0.00015748649219428408, curr_delay = 0.7033791995860814, data_size = 1848
user 26, emp_avg: 0.05784174353894872, h: 1.0492507903406783, ucb: 1.1071050623834515,num_of_obs: 26, privacy reward: 0.33959552564493845, g: 0.002149439483348089, curr_delay = 0.8693232818568618, data_size = 2587
num of fast users chosen: 1, num of slow users chosen: 4
max_delay = 0.87 seconds
global epoch 118 has been done artifficialy in 0.87 secs, the total time by now is 102.80 
 with avg train loss 1.280, val loss 1.274, avg val acc 55.05%
iteration: 119
user 0, emp_avg: 0.6801436915843385, h: 1.3826240983161735, ucb: 2.0900503777606163,num_of_obs: 15, privacy reward: 0.5272924240430481, g: -0.0005461572644287185, curr_delay = 0.18456663152745653, data_size = 996
user 9, emp_avg: 0.35078558923231945, h: 0.8466808867375768, ucb: 1.1926356372067373,num_of_obs: 40, privacy reward: 0.19398004229089127, g: -0.00024395284437132408, curr_delay = 0.09190853105311633, data_size = 3109
user 17, emp_avg: 0.06804577052033148, h: 0.6746514792035768, ucb: 0.7427066923989321,num_of_obs: 63, privacy reward: 0.07730474044329905, g: 0.0013981885119930483, curr_delay = 0.7412801511560704, data_size = 5498
user 21, emp_avg: 0.0628728641015947, h: 0.9183543619314416, ucb: 0.9809571871929302,num_of_obs: 34, privacy reward: 0.2465969639416059, g: -0.005125210339210609, curr_delay = 0.6939222230092984, data_size = 2077
user 28, emp_avg: 0.05647335060729011, h: 1.0709760213687172, ucb: 1.1274693110414262,num_of_obs: 25, privacy reward: 0.3534546819587794, g: -0.0015902427648145654, curr_delay = 0.8932579289981918, data_size = 1651
num of fast users chosen: 2, num of slow users chosen: 3
max_delay = 0.89 seconds
global epoch 119 has been done artifficialy in 0.89 secs, the total time by now is 103.70 
 with avg train loss 1.300, val loss 1.287, avg val acc 56.95%
iteration: 120
user 8, emp_avg: 0.4328693219749243, h: 1.117546817552358, ucb: 1.5584585443101702,num_of_obs: 23, privacy reward: 0.3828928859751114, g: -0.0024300495388575975, curr_delay = 0.2016991035925198, data_size = 1381
user 17, emp_avg: 0.06798782463192428, h: 0.6699457820494259, ucb: 0.7379915525697573,num_of_obs: 64, privacy reward: 0.07427357821433322, g: 0.0011202938085284814, curr_delay = 0.7778555384107817, data_size = 5498
user 19, emp_avg: 0.06504115721208584, h: 0.8079850141596951, ucb: 0.8729754174968221,num_of_obs: 44, privacy reward: 0.16529888822158578, g: -8.545128186960435e-05, curr_delay = 0.7432255616931113, data_size = 3467
user 24, emp_avg: 0.06034382770837019, h: 1.142663365218858, ucb: 1.2030601368148905,num_of_obs: 22, privacy reward: 0.3985190410845135, g: 0.0016638549379435765, curr_delay = 0.844893415987045, data_size = 2174
user 27, emp_avg: 0.05819167832752556, h: 1.3838340569276428, ucb: 1.4421430535671667,num_of_obs: 15, privacy reward: 0.5272924240430481, g: -0.0008066771176533103, curr_delay = 0.8860236279158075, data_size = 937
num of fast users chosen: 1, num of slow users chosen: 4
max_delay = 0.89 seconds
global epoch 120 has been done artifficialy in 0.89 secs, the total time by now is 104.58 
 with avg train loss 1.278, val loss 1.235, avg val acc 57.29%
iteration: 121
user 2, emp_avg: 0.6705117516650724, h: 1.7880698244376516, ucb: 2.4219717707321764,num_of_obs: 9, privacy reward: 0.670320046035639, g: -0.0003462193107351097, curr_delay = 0.05, data_size = 541
user 11, emp_avg: 0.41284304734818345, h: 1.8965344471423544, ucb: 2.265265957332816,num_of_obs: 8, privacy reward: 0.6976763260710308, g: 0.006361751107849786, curr_delay = 0.06529671165364365, data_size = 1415
user 23, emp_avg: 0.06063598961448318, h: 0.723309857826323, ucb: 0.7839750338123419,num_of_obs: 55, privacy reward: 0.1064585043792523, g: -0.0002394226909526561, curr_delay = 0.8470163290269114, data_size = 4259
user 24, emp_avg: 0.060583344991308706, h: 1.1185149952072604, ucb: 1.1788588229156305,num_of_obs: 23, privacy reward: 0.3828928859751114, g: 0.001158794222898119, curr_delay = 0.7565184371045705, data_size = 2174
num of fast users chosen: 2, num of slow users chosen: 2
max_delay = 0.85 seconds
global epoch 121 has been done artifficialy in 0.85 secs, the total time by now is 105.43 
 with avg train loss 1.289, val loss 1.202, avg val acc 58.07%
iteration: 122
user 1, emp_avg: 0.7432361579203433, h: 1.3862209123705005, ucb: 2.1123394808188665,num_of_obs: 15, privacy reward: 0.5272924240430481, g: 0.00024354353298483843, curr_delay = 0.05, data_size = 1344
user 3, emp_avg: 0.8425960713278013, h: 3.099684191892218, ucb: 4.0584731818353745,num_of_obs: 3, privacy reward: 0.8521437889662112, g: 0.0019970340199016376, curr_delay = 0.10121102729211644, data_size = 672
user 17, emp_avg: 0.06802551828759158, h: 0.6659189863916751, ucb: 0.7339068110235994,num_of_obs: 65, privacy reward: 0.07136126955638533, g: 0.0011571725128145143, curr_delay = 0.7094653441747463, data_size = 5498
user 19, emp_avg: 0.06500054330480615, h: 0.800335016913397, ucb: 0.8653761741254828,num_of_obs: 45, privacy reward: 0.15881742610691996, g: -0.00013063983893696674, curr_delay = 0.7914784055688104, data_size = 3467
user 21, emp_avg: 0.06294583193855365, h: 0.9074946086955092, ucb: 0.9703674727971039,num_of_obs: 35, privacy reward: 0.23692775868212124, g: -0.005294240911734629, curr_delay = 0.7633622023099056, data_size = 2077
num of fast users chosen: 2, num of slow users chosen: 3
max_delay = 0.79 seconds
global epoch 122 has been done artifficialy in 0.79 secs, the total time by now is 106.22 
 with avg train loss 1.298, val loss 1.231, avg val acc 57.01%
iteration: 123
user 6, emp_avg: 0.5170474372895069, h: 1.4360935637106087, ucb: 1.9710062725430602,num_of_obs: 14, privacy reward: 0.5488116360940261, g: 0.0012792418537453934, curr_delay = 0.18731247514415356, data_size = 1451
user 16, emp_avg: 0.06847020012600893, h: 1.6201320409778757, ucb: 1.6887134967395445,num_of_obs: 11, privacy reward: 0.6187833918061405, g: 0.0007268878785674851, curr_delay = 0.7435343575710376, data_size = 1129
user 19, emp_avg: 0.06508688318663833, h: 0.7922601973253279, ucb: 0.857260740630134,num_of_obs: 46, privacy reward: 0.15259010575688325, g: -0.00027426868927928305, curr_delay = 0.7240236487603235, data_size = 3467
user 23, emp_avg: 0.06065830720961275, h: 0.7180467818553044, ucb: 0.7786827714697875,num_of_obs: 56, privacy reward: 0.10228420671553695, g: -0.0002628415213252174, curr_delay = 0.8076488541497724, data_size = 4259
user 29, emp_avg: 0.055263721737320505, h: 1.1204251159858631, ucb: 1.1755978553541306,num_of_obs: 23, privacy reward: 0.3828928859751114, g: 0.00484500473383116, curr_delay = 0.8717435722926947, data_size = 2489
num of fast users chosen: 1, num of slow users chosen: 4
max_delay = 0.87 seconds
global epoch 123 has been done artifficialy in 0.87 secs, the total time by now is 107.09 
 with avg train loss 1.244, val loss 1.301, avg val acc 55.81%
iteration: 124
user 6, emp_avg: 0.5414858664338684, h: 1.3885649521149577, ucb: 1.9056123894044645,num_of_obs: 15, privacy reward: 0.5272924240430481, g: 0.000819097927914347, curr_delay = 0.055062301123848786, data_size = 1451
user 16, emp_avg: 0.06865806445420423, h: 1.552462812051393, ucb: 1.620933012177402,num_of_obs: 12, privacy reward: 0.5945205479701939, g: 0.0003848486222536506, curr_delay = 0.7050949388230932, data_size = 1129
user 17, emp_avg: 0.067994955617504, h: 0.6619723672896047, ucb: 0.7299978855771964,num_of_obs: 66, privacy reward: 0.06856315415427716, g: 0.00119343020591904, curr_delay = 0.7578304415176285, data_size = 5498
user 18, emp_avg: 0.06648426803377148, h: 1.1465697733522413, ucb: 1.2134807254187225,num_of_obs: 22, privacy reward: 0.3985190410845135, g: 0.00017150807300424914, curr_delay = 0.8756993878264545, data_size = 1848
user 26, emp_avg: 0.057901421446406094, h: 1.034975208034262, ucb: 1.0928169515732107,num_of_obs: 27, privacy reward: 0.3262797946230388, g: 0.002396993026691183, curr_delay = 0.8401564546724068, data_size = 2587
num of fast users chosen: 1, num of slow users chosen: 4
max_delay = 0.88 seconds
global epoch 124 has been done artifficialy in 0.88 secs, the total time by now is 107.97 
 with avg train loss 1.250, val loss 1.204, avg val acc 58.89%
iteration: 125
user 9, emp_avg: 0.3489664499478132, h: 0.8405846168838687, ucb: 1.1913702061161882,num_of_obs: 41, privacy reward: 0.1863739760394093, g: -5.601828036985878e-05, curr_delay = 0.18222787030451457, data_size = 3109
user 11, emp_avg: 0.4025932865097718, h: 1.7941225779941015, ucb: 2.206965625342285,num_of_obs: 9, privacy reward: 0.670320046035639, g: 0.005457706026145182, curr_delay = 0.16111079372360043, data_size = 1415
user 17, emp_avg: 0.06796365546376584, h: 0.6575608753819238, ucb: 0.7255558309994278,num_of_obs: 67, privacy reward: 0.06587475442640223, g: 0.0009488940376235531, curr_delay = 0.75911071206224, data_size = 5498
user 27, emp_avg: 0.05796825402175144, h: 1.3455919334955762, ucb: 1.4037836118231017,num_of_obs: 16, privacy reward: 0.5066169923655891, g: -0.000986089488787331, curr_delay = 0.9192280705243474, data_size = 937
user 29, emp_avg: 0.0552000906074756, h: 1.098671213023066, ucb: 1.1539349347603864,num_of_obs: 24, privacy reward: 0.36787944117144167, g: 0.004172893612498672, curr_delay = 0.9315680629328599, data_size = 2489
num of fast users chosen: 2, num of slow users chosen: 3
max_delay = 0.93 seconds
global epoch 125 has been done artifficialy in 0.93 secs, the total time by now is 108.90 
 with avg train loss 1.266, val loss 1.309, avg val acc 55.16%
iteration: 126
user 8, emp_avg: 0.4355632093853549, h: 1.0995774082518563, ucb: 1.5324467302267806,num_of_obs: 24, privacy reward: 0.36787944117144167, g: -0.002314096456593762, curr_delay = 0.0999567172948997, data_size = 1381
user 9, emp_avg: 0.34563899775520834, h: 0.8312023912855295, ucb: 1.1801688412333426,num_of_obs: 42, privacy reward: 0.17906614791149256, g: -0.00016429777636069425, curr_delay = 0.24285283420942932, data_size = 3109
user 12, emp_avg: 0.2930257717420311, h: 1.1232269398190058, ucb: 1.4193428782906767,num_of_obs: 23, privacy reward: 0.3828928859751114, g: -4.861815803264962e-05, curr_delay = 0.22527399708586507, data_size = 1703
user 17, emp_avg: 0.0679996367097775, h: 0.6532463214559411, ucb: 0.7212099769197069,num_of_obs: 68, privacy reward: 0.06329176835964001, g: 0.000735580320231292, curr_delay = 0.7097598652217204, data_size = 5498
user 22, emp_avg: 0.061013744589266686, h: 2.1991548165037127, ucb: 2.258728899210123,num_of_obs: 6, privacy reward: 0.7557837414557252, g: 6.64901338010671e-05, curr_delay = 0.71785740471268, data_size = 541
num of fast users chosen: 3, num of slow users chosen: 2
max_delay = 0.72 seconds
global epoch 126 has been done artifficialy in 0.72 secs, the total time by now is 109.62 
 with avg train loss 1.260, val loss 1.176, avg val acc 59.34%
iteration: 127
user 9, emp_avg: 0.34751474498778273, h: 0.8221514956693999, ucb: 1.1677904934246084,num_of_obs: 43, privacy reward: 0.17204486382304973, g: -0.0003264241945425119, curr_delay = 0.1167755352557179, data_size = 3109
user 10, emp_avg: 0.3029724794229506, h: 1.7970692968383442, ucb: 2.090959292911557,num_of_obs: 9, privacy reward: 0.670320046035639, g: 2.2098165378177994e-05, curr_delay = 0.12996639629360957, data_size = 733
user 17, emp_avg: 0.06798482197869402, h: 0.6490251610623824, ucb: 0.7170247977721599,num_of_obs: 69, privacy reward: 0.060810062625217265, g: 0.0005521107523456419, curr_delay = 0.7466854015210345, data_size = 5498
user 21, emp_avg: 0.0630292319963511, h: 0.8985346484191721, ucb: 0.9614804803577257,num_of_obs: 36, privacy reward: 0.22763768838381226, g: -0.004808154253804521, curr_delay = 0.7572128222913491, data_size = 2077
user 28, emp_avg: 0.05640037970139788, h: 1.0573028552142902, ucb: 1.1137762058215803,num_of_obs: 26, privacy reward: 0.33959552564493845, g: -0.0011915077799546606, curr_delay = 0.9173784030343646, data_size = 1651
num of fast users chosen: 2, num of slow users chosen: 3
max_delay = 0.92 seconds
global epoch 127 has been done artifficialy in 0.92 secs, the total time by now is 110.53 
 with avg train loss 1.232, val loss 1.174, avg val acc 59.47%
iteration: 128
user 3, emp_avg: 0.7327128776204953, h: 2.6977852760884113, ucb: 3.5403813474162127,num_of_obs: 4, privacy reward: 0.8187307530779817, g: 0.0014461554429269852, curr_delay = 0.1705436335002495, data_size = 672
user 8, emp_avg: 0.4292279808145364, h: 1.0791141104353645, ucb: 1.5146773198207195,num_of_obs: 25, privacy reward: 0.3534546819587794, g: -0.0028027882317628082, curr_delay = 0.18460588743606127, data_size = 1381
user 17, emp_avg: 0.06804128879699492, h: 0.6448940287643911, ucb: 0.7128788507430851,num_of_obs: 70, privacy reward: 0.05842566596450016, g: 0.0003971699719019045, curr_delay = 0.6945026468716562, data_size = 5498
user 18, emp_avg: 0.06645362387860541, h: 1.1250542321907575, ucb: 1.191538500224529,num_of_obs: 23, privacy reward: 0.3828928859751114, g: 0.0001172448025992401, curr_delay = 0.7604700569539947, data_size = 1848
user 19, emp_avg: 0.06506639150976999, h: 0.7870248527195625, ucb: 0.8521117359062008,num_of_obs: 47, privacy reward: 0.14660696213034952, g: -9.535170157894045e-05, curr_delay = 0.7799912562414267, data_size = 3467
num of fast users chosen: 2, num of slow users chosen: 3
max_delay = 0.78 seconds
global epoch 128 has been done artifficialy in 0.78 secs, the total time by now is 111.31 
 with avg train loss 1.240, val loss 1.199, avg val acc 58.72%
iteration: 129
user 7, emp_avg: 0.3917350581716143, h: 2.204498220539466, ucb: 2.6207615585167368,num_of_obs: 6, privacy reward: 0.7557837414557252, g: 8.577664125018441e-05, curr_delay = 0.20444430906536487, data_size = 541
user 8, emp_avg: 0.42375754785794206, h: 1.0590066903647535, ucb: 1.4882346711792898,num_of_obs: 26, privacy reward: 0.33959552564493845, g: -0.0035021840538457293, curr_delay = 0.17760330598181884, data_size = 1381
user 9, emp_avg: 0.3477453357796977, h: 0.8140649184824662, ucb: 1.1615796634702489,num_of_obs: 44, privacy reward: 0.16529888822158578, g: -0.00042311697648558783, curr_delay = 0.13970721199876224, data_size = 3109
user 12, emp_avg: 0.2927139377087146, h: 1.102249110269733, ucb: 1.395274882011764,num_of_obs: 24, privacy reward: 0.36787944117144167, g: -0.0001098199478871391, curr_delay = 0.17529717724085186, data_size = 1703
user 17, emp_avg: 0.06796825654297446, h: 0.6408497266907257, ucb: 0.7088910154877206,num_of_obs: 71, privacy reward: 0.0561347628341331, g: 0.0002695023525729062, curr_delay = 0.7963943531405099, data_size = 5498
num of fast users chosen: 4, num of slow users chosen: 1
max_delay = 0.80 seconds
global epoch 129 has been done artifficialy in 0.80 secs, the total time by now is 112.11 
 with avg train loss 1.283, val loss 1.178, avg val acc 58.36%
iteration: 130
user 8, emp_avg: 0.4172265802222928, h: 1.0400357312724706, ucb: 1.4637932791304127,num_of_obs: 27, privacy reward: 0.3262797946230388, g: -0.004266855729846977, curr_delay = 0.20756322700772323, data_size = 1381
user 17, emp_avg: 0.067928765594185, h: 0.6368892139699797, ucb: 0.7048574705129541,num_of_obs: 72, privacy reward: 0.053933687300355304, g: 0.00016790898302707834, curr_delay = 0.7682212404641448, data_size = 5498
user 24, emp_avg: 0.06059423141663047, h: 1.1031244773886106, ucb: 1.1637078223799193,num_of_obs: 24, privacy reward: 0.36787944117144167, g: 0.0015609078805952485, curr_delay = 0.8216183480363872, data_size = 2174
user 26, emp_avg: 0.057816884245174824, h: 1.0212948137174673, ucb: 1.0791962351638735,num_of_obs: 28, privacy reward: 0.3134861808826046, g: 0.0026333745042043943, curr_delay = 0.901715814615357, data_size = 2587
user 27, emp_avg: 0.05763906074557252, h: 1.3107071890605129, ucb: 1.3686754430822643,num_of_obs: 17, privacy reward: 0.48675225595997107, g: -0.0011676772396566049, curr_delay = 0.960748152869493, data_size = 937
num of fast users chosen: 1, num of slow users chosen: 4
max_delay = 0.96 seconds
global epoch 130 has been done artifficialy in 0.96 secs, the total time by now is 113.07 
 with avg train loss 1.225, val loss 1.262, avg val acc 56.31%
iteration: 131
user 6, emp_avg: 0.5384878716121788, h: 1.3521090918267031, ucb: 1.8935949582605716,num_of_obs: 16, privacy reward: 0.5066169923655891, g: 0.0007535148133421902, curr_delay = 0.10193265237194911, data_size = 1451
user 10, emp_avg: 0.29501700197254505, h: 1.7102977500776555, ucb: 2.013270229500606,num_of_obs: 10, privacy reward: 0.6440364210831411, g: -5.911573145437702e-07, curr_delay = 0.23205923649569776, data_size = 733
user 17, emp_avg: 0.06797123687763741, h: 0.6330095969668622, ucb: 0.7009383625610472,num_of_obs: 73, privacy reward: 0.05181891717272524, g: 9.124481741253663e-05, curr_delay = 0.7035154894305573, data_size = 5498
user 26, emp_avg: 0.05788601240939374, h: 1.0043214202361044, ucb: 1.062138304481279,num_of_obs: 29, privacy reward: 0.3011942119122014, g: 0.002054535580640575, curr_delay = 0.8348537526838292, data_size = 2587
user 29, emp_avg: 0.055126638037720783, h: 1.0816872734613625, ucb: 1.1368873640688382,num_of_obs: 25, privacy reward: 0.3534546819587794, g: 0.004324146586606229, curr_delay = 0.9382566372353311, data_size = 2489
num of fast users chosen: 2, num of slow users chosen: 3
max_delay = 0.94 seconds
global epoch 131 has been done artifficialy in 0.94 secs, the total time by now is 114.01 
 with avg train loss 1.180, val loss 1.180, avg val acc 59.04%
iteration: 132
user 5, emp_avg: 0.5799325097482105, h: 2.2097062978111754, ucb: 2.7987498348818334,num_of_obs: 6, privacy reward: 0.7557837414557252, g: 0.00036018134562564914, curr_delay = 0.09518980303708685, data_size = 625
user 8, emp_avg: 0.41549539029781524, h: 1.0228952525537889, ucb: 1.4401218327760816,num_of_obs: 28, privacy reward: 0.3134861808826046, g: -0.0048650733950389045, curr_delay = 0.13623158866536028, data_size = 1381
user 9, emp_avg: 0.3584767786465384, h: 0.8068706565149395, ucb: 1.1546159922946373,num_of_obs: 45, privacy reward: 0.15881742610691996, g: -0.00041590002187109285, curr_delay = 0.05942535390488919, data_size = 3109
user 18, emp_avg: 0.06622173045544764, h: 1.1048531489055877, ucb: 1.171306772784193,num_of_obs: 24, privacy reward: 0.36787944117144167, g: 7.564271591556871e-05, curr_delay = 0.8243168416930521, data_size = 1848
user 23, emp_avg: 0.06075630942571542, h: 0.7169233918250497, ucb: 0.7775816990346625,num_of_obs: 57, privacy reward: 0.09827358560436095, g: 5.2620271254268045e-05, curr_delay = 0.7536654245446219, data_size = 4259
num of fast users chosen: 3, num of slow users chosen: 2
max_delay = 0.82 seconds
global epoch 132 has been done artifficialy in 0.82 secs, the total time by now is 114.83 
 with avg train loss 1.254, val loss 1.206, avg val acc 57.74%
iteration: 133
user 0, emp_avg: 0.6703030071751178, h: 1.3542085965918094, ucb: 2.034352288176148,num_of_obs: 16, privacy reward: 0.5066169923655891, g: -0.0003104763643971043, curr_delay = 0.09749400310255175, data_size = 996
user 6, emp_avg: 0.5237748662973282, h: 1.313775313615879, ucb: 1.8522631852280578,num_of_obs: 17, privacy reward: 0.48675225595997107, g: 0.0004738493066164291, curr_delay = 0.18271262593531118, data_size = 1451
user 19, emp_avg: 0.06514806672475863, h: 0.7818526977811864, ucb: 0.8469190892909564,num_of_obs: 48, privacy reward: 0.1408584209210444, g: -1.2107443758449431e-05, curr_delay = 0.7239192485450765, data_size = 3467
user 23, emp_avg: 0.06072704735324787, h: 0.711265200665766, ucb: 0.7720215100914815,num_of_obs: 58, privacy reward: 0.09442022319630183, g: 8.891962493093967e-06, curr_delay = 0.8470291287191635, data_size = 4259
user 24, emp_avg: 0.06026512024130962, h: 1.0833668772734475, ucb: 1.143961108690078,num_of_obs: 25, privacy reward: 0.3534546819587794, g: 0.0013070962803249282, curr_delay = 0.960848482557241, data_size = 2174
num of fast users chosen: 2, num of slow users chosen: 3
max_delay = 0.96 seconds
global epoch 133 has been done artifficialy in 0.96 secs, the total time by now is 115.80 
 with avg train loss 1.243, val loss 1.214, avg val acc 58.78%
iteration: 134
user 0, emp_avg: 0.6682410426639973, h: 1.3147811000920058, ucb: 1.9850841072671237,num_of_obs: 17, privacy reward: 0.48675225595997107, g: -0.0005849267659889016, curr_delay = 0.07896553307355288, data_size = 996
user 17, emp_avg: 0.0679399429787151, h: 0.6301762816402771, ucb: 0.6981475185179145,num_of_obs: 74, privacy reward: 0.049787068367863285, g: 0.00021214848090185225, curr_delay = 0.761914114338532, data_size = 5498
user 18, emp_avg: 0.06631281977295501, h: 1.084196270049025, ucb: 1.1504180005044726,num_of_obs: 25, privacy reward: 0.3534546819587794, g: 1.5589070824417585e-05, curr_delay = 0.7289686772939944, data_size = 1848
user 19, emp_avg: 0.0653179109618837, h: 0.7744259071778751, ucb: 0.8395739739026337,num_of_obs: 49, privacy reward: 0.13533528323661215, g: -6.804536382684944e-05, curr_delay = 0.6789762472855767, data_size = 3467
user 28, emp_avg: 0.056293751273686125, h: 1.0432683472786548, ucb: 1.0996687269800527,num_of_obs: 27, privacy reward: 0.3262797946230388, g: -0.0009788358056008757, curr_delay = 0.9360704380454011, data_size = 1651
num of fast users chosen: 1, num of slow users chosen: 4
max_delay = 0.94 seconds
global epoch 134 has been done artifficialy in 0.94 secs, the total time by now is 116.73 
 with avg train loss 1.182, val loss 1.194, avg val acc 58.57%
iteration: 135
user 1, emp_avg: 0.7193784532553514, h: 1.3562735866757898, ucb: 2.099509744596133,num_of_obs: 16, privacy reward: 0.5066169923655891, g: 0.00040152875840062687, curr_delay = 0.14808006263970064, data_size = 1344
user 9, emp_avg: 0.36108959745456143, h: 0.7998865228027875, ucb: 1.158363301449326,num_of_obs: 46, privacy reward: 0.15259010575688325, g: -0.00040906182257567604, curr_delay = 0.10388978683069003, data_size = 3109
user 10, emp_avg: 0.3028521051484978, h: 1.6357274909356938, ucb: 1.930744492908239,num_of_obs: 11, privacy reward: 0.6187833918061405, g: -3.498096924682188e-05, curr_delay = 0.12852207019342607, data_size = 733
user 17, emp_avg: 0.06796100329018852, h: 0.6264359362896372, ucb: 0.6943758792683523,num_of_obs: 75, privacy reward: 0.047834889494197785, g: 0.0001265302855553331, curr_delay = 0.7190051960801553, data_size = 5498
user 24, emp_avg: 0.06034258479828293, h: 1.063948536035435, ucb: 1.1242136562767446,num_of_obs: 26, privacy reward: 0.33959552564493845, g: 0.0009942114494761085, curr_delay = 0.801838927394409, data_size = 2174
num of fast users chosen: 3, num of slow users chosen: 2
max_delay = 0.80 seconds
global epoch 135 has been done artifficialy in 0.80 secs, the total time by now is 117.53 
 with avg train loss 1.246, val loss 1.148, avg val acc 59.37%
iteration: 136
user 13, emp_avg: 0.2932490036425361, h: 2.0520348547031593, ucb: 2.35761104785228,num_of_obs: 7, privacy reward: 0.7261490370736907, g: 6.422336009732274e-05, curr_delay = 0.24159412256341, data_size = 577
user 18, emp_avg: 0.06628248285652873, h: 1.0647486036694351, ucb: 1.1310614234423901,num_of_obs: 26, privacy reward: 0.33959552564493845, g: -4.3692981872246723e-07, curr_delay = 0.7634319395390112, data_size = 1848
user 20, emp_avg: 0.06390531306962867, h: 1.316768087009123, ucb: 1.3808356151817645,num_of_obs: 17, privacy reward: 0.48675225595997107, g: 0.00038975714741205193, curr_delay = 0.8176928276635401, data_size = 1404
user 23, emp_avg: 0.060758562806701284, h: 0.7068182385014146, ucb: 0.7675452858546624,num_of_obs: 59, privacy reward: 0.0907179532894119, g: 2.7548174996993755e-05, curr_delay = 0.7984927706617028, data_size = 4259
user 26, emp_avg: 0.05793801779349787, h: 0.9912270058605195, ucb: 1.0491130182699133,num_of_obs: 30, privacy reward: 0.2893842179390499, g: 0.002126389921156986, curr_delay = 0.8403618492916078, data_size = 2587
num of fast users chosen: 1, num of slow users chosen: 4
max_delay = 0.84 seconds
global epoch 136 has been done artifficialy in 0.84 secs, the total time by now is 118.37 
 with avg train loss 1.249, val loss 1.154, avg val acc 59.72%
iteration: 137
user 6, emp_avg: 0.5254537865092134, h: 1.2806223650798498, ucb: 1.8043972313771781,num_of_obs: 18, privacy reward: 0.4676664270099087, g: 0.00033126793948596764, curr_delay = 0.08998075936188706, data_size = 1451
user 15, emp_avg: 0.0712752297360477, h: 2.2181030016273198, ucb: 2.2895069929906047,num_of_obs: 6, privacy reward: 0.7557837414557252, g: 0.0001434623133809448, curr_delay = 0.7091931002236602, data_size = 541
user 17, emp_avg: 0.0680532450300132, h: 0.6232331399852744, ucb: 0.6911941432754629,num_of_obs: 76, privacy reward: 0.045959256649043545, g: 0.00014543390787461998, curr_delay = 0.6661016591968761, data_size = 5498
user 19, emp_avg: 0.06532244986171698, h: 0.7683734190479099, ucb: 0.8336913300097936,num_of_obs: 50, privacy reward: 0.13002871087842538, g: -5.6864015095659284e-05, curr_delay = 0.7627835483735375, data_size = 3467
user 21, emp_avg: 0.06319226365567665, h: 0.893215956378347, ucb: 0.9562451883746982,num_of_obs: 37, privacy reward: 0.21871188695221422, g: -0.0031303220847590492, curr_delay = 0.7222883070604236, data_size = 2077
num of fast users chosen: 1, num of slow users chosen: 4
max_delay = 0.76 seconds
global epoch 137 has been done artifficialy in 0.76 secs, the total time by now is 119.14 
 with avg train loss 1.262, val loss 1.151, avg val acc 60.03%
iteration: 138
user 6, emp_avg: 0.5186571866442701, h: 1.2473872085059958, ucb: 1.7728409950152093,num_of_obs: 19, privacy reward: 0.449328964117221, g: 0.000141764014661138, curr_delay = 0.1283625239588314, data_size = 1451
user 17, emp_avg: 0.06797190385390045, h: 0.6196304104840766, ucb: 0.6876836555140898,num_of_obs: 77, privacy reward: 0.044157168419692305, g: 7.802381846747955e-05, curr_delay = 0.8102593969699091, data_size = 5498
user 19, emp_avg: 0.0652516269162888, h: 0.7613651582100023, ucb: 0.8266876080717193,num_of_obs: 51, privacy reward: 0.12493021219858191, g: -0.00014744120428476006, curr_delay = 0.8111661011318492, data_size = 3467
user 22, emp_avg: 0.06117801542488437, h: 2.055081580269581, ucb: 2.116095324858848,num_of_obs: 7, privacy reward: 0.7261490370736907, g: 2.5487939849606545e-05, curr_delay = 0.8022088174915377, data_size = 541
user 29, emp_avg: 0.0553536291065105, h: 1.06632947194035, ucb: 1.1214561099780709,num_of_obs: 26, privacy reward: 0.33959552564493845, g: 0.004650168100012125, curr_delay = 0.8162546083191918, data_size = 2489
num of fast users chosen: 1, num of slow users chosen: 4
max_delay = 0.82 seconds
global epoch 138 has been done artifficialy in 0.82 secs, the total time by now is 119.95 
 with avg train loss 1.165, val loss 1.184, avg val acc 58.76%
iteration: 139
user 7, emp_avg: 0.40602903338256036, h: 2.0565867561424667, ucb: 2.448321814314081,num_of_obs: 7, privacy reward: 0.7261490370736907, g: 2.9305805186297992e-05, curr_delay = 0.0987972697293748, data_size = 541
user 17, emp_avg: 0.06799597918518835, h: 0.6160965167351055, ucb: 0.684068420589006,num_of_obs: 78, privacy reward: 0.04242574108051078, g: 3.195691296297592e-05, curr_delay = 0.7155752317036128, data_size = 5498
user 18, emp_avg: 0.06640036449934163, h: 1.047162720362949, ucb: 1.1134452032194777,num_of_obs: 27, privacy reward: 0.3262797946230388, g: -1.3906488115610523e-05, curr_delay = 0.7185645727630411, data_size = 1848
user 19, emp_avg: 0.0652575794805854, h: 0.7545610491535427, ucb: 0.8198126760698315,num_of_obs: 52, privacy reward: 0.12003162851145621, g: -0.0002781569852887729, curr_delay = 0.7625774240541474, data_size = 3467
user 25, emp_avg: 0.05932758443867314, h: 1.2825071712769864, ucb: 1.3416160441341307,num_of_obs: 18, privacy reward: 0.4676664270099087, g: 0.0004119849158448953, curr_delay = 0.7903339888859492, data_size = 1453
num of fast users chosen: 1, num of slow users chosen: 4
max_delay = 0.79 seconds
global epoch 139 has been done artifficialy in 0.79 secs, the total time by now is 120.74 
 with avg train loss 1.190, val loss 1.145, avg val acc 60.85%
iteration: 140
user 9, emp_avg: 0.35932617139530443, h: 0.7942593838562696, ucb: 1.155348981310831,num_of_obs: 47, privacy reward: 0.14660696213034952, g: -0.00023100418400966413, curr_delay = 0.18086770780062802, data_size = 3109
user 13, emp_avg: 0.3048027725229802, h: 1.925157608341971, ucb: 2.218406611984507,num_of_obs: 8, privacy reward: 0.6976763260710308, g: 5.483460256246197e-06, curr_delay = 0.12587073486023728, data_size = 577
user 20, emp_avg: 0.06397102827771918, h: 1.283438405561314, ucb: 1.3473437186309427,num_of_obs: 18, privacy reward: 0.4676664270099087, g: 0.00026149604915831794, curr_delay = 0.76741374571982, data_size = 1404
user 23, emp_avg: 0.06065371799481227, h: 0.7029681658943955, ucb: 0.7637267287010968,num_of_obs: 60, privacy reward: 0.08716085146198072, g: 0.00011026546445977797, curr_delay = 0.9197427122966018, data_size = 4259
user 29, emp_avg: 0.05528426327218224, h: 1.0479230699721451, ucb: 1.1032766990786556,num_of_obs: 27, privacy reward: 0.3262797946230388, g: 0.004062888983843086, curr_delay = 0.9361299899316282, data_size = 2489
num of fast users chosen: 2, num of slow users chosen: 3
max_delay = 0.94 seconds
global epoch 140 has been done artifficialy in 0.94 secs, the total time by now is 121.68 
 with avg train loss 1.208, val loss 1.173, avg val acc 59.43%
iteration: 141
user 6, emp_avg: 0.5131143427564185, h: 1.2184531041913147, ucb: 1.7371102908355849,num_of_obs: 20, privacy reward: 0.4317105234290791, g: 5.9964227369662876e-05, curr_delay = 0.12429850121010438, data_size = 1451
user 21, emp_avg: 0.0632112644863693, h: 0.8839587889636182, ucb: 0.9471510526192949,num_of_obs: 38, privacy reward: 0.21013607120076416, g: -0.0030669260979435137, curr_delay = 0.7820651067136134, data_size = 2077
user 23, emp_avg: 0.06075443560571827, h: 0.6976842178995089, ucb: 0.7583379358943211,num_of_obs: 61, privacy reward: 0.08374322559219538, g: 4.157736780202089e-05, curr_delay = 0.7474041547064854, data_size = 4259
user 26, emp_avg: 0.05808223323669243, h: 0.9786850846477142, ucb: 1.036623102441212,num_of_obs: 31, privacy reward: 0.2780373004531934, g: 0.002194254928847043, curr_delay = 0.7993232995996202, data_size = 2587
user 27, emp_avg: 0.05760143600430727, h: 1.2843623437823364, ucb: 1.342001404527909,num_of_obs: 18, privacy reward: 0.4676664270099087, g: -0.000964825251109228, curr_delay = 0.8783611926482463, data_size = 937
num of fast users chosen: 1, num of slow users chosen: 4
max_delay = 0.88 seconds
global epoch 141 has been done artifficialy in 0.88 secs, the total time by now is 122.56 
 with avg train loss 1.215, val loss 1.161, avg val acc 60.89%
iteration: 142
user 8, emp_avg: 0.4126654288124586, h: 1.0125924793118313, ucb: 1.4280878696096466,num_of_obs: 29, privacy reward: 0.3011942119122014, g: -0.0038259442957798155, curr_delay = 0.15124174963328005, data_size = 1381
user 9, emp_avg: 0.3619800651413774, h: 0.7870694900707037, ucb: 1.1463956614660082,num_of_obs: 48, privacy reward: 0.1408584209210444, g: -0.00030669483979903385, curr_delay = 0.10217281422912211, data_size = 3109
user 12, emp_avg: 0.2946760618447978, h: 1.0905954767118295, ucb: 1.3833094144205442,num_of_obs: 25, privacy reward: 0.3534546819587794, g: -2.3944161647473e-07, curr_delay = 0.14546336201668647, data_size = 1703
user 15, emp_avg: 0.07226671265735529, h: 2.061031723108168, ucb: 2.1323069528442153,num_of_obs: 7, privacy reward: 0.7261490370736907, g: 4.195698577014428e-05, curr_delay = 0.6312565963349501, data_size = 541
user 17, emp_avg: 0.06798396979277165, h: 0.6135078878265643, ucb: 0.6815038670117526,num_of_obs: 79, privacy reward: 0.0407622039783655, g: 0.00010953915590109903, curr_delay = 0.7458764838578961, data_size = 5498
num of fast users chosen: 3, num of slow users chosen: 2
max_delay = 0.75 seconds
global epoch 142 has been done artifficialy in 0.75 secs, the total time by now is 123.30 
 with avg train loss 1.271, val loss 1.168, avg val acc 59.13%
iteration: 143
user 1, emp_avg: 0.7349685391856098, h: 1.3234773222253085, ucb: 2.04285577548066,num_of_obs: 17, privacy reward: 0.48675225595997107, g: 0.0003871285329338813, curr_delay = 0.05, data_size = 1344
user 8, emp_avg: 0.41271305606482533, h: 0.9962775346518566, ucb: 1.4089429634643151,num_of_obs: 30, privacy reward: 0.2893842179390499, g: -0.004545331777625885, curr_delay = 0.12073157336407653, data_size = 1381
user 17, emp_avg: 0.0680373160228281, h: 0.6100929005237588, ucb: 0.6780768703165304,num_of_obs: 80, privacy reward: 0.03916389509898632, g: 5.422207876991922e-05, curr_delay = 0.6915149716240213, data_size = 5498
user 26, emp_avg: 0.0580191763782271, h: 0.9646415749768058, ucb: 1.0227238082134982,num_of_obs: 32, privacy reward: 0.26713530196584967, g: 0.0018425390690030173, curr_delay = 0.8928355090169148, data_size = 2587
user 29, emp_avg: 0.05523175843358587, h: 1.0312452213146328, ucb: 1.086529484586815,num_of_obs: 28, privacy reward: 0.3134861808826046, g: 0.0036958791077186135, curr_delay = 0.9300314472242854, data_size = 2489
num of fast users chosen: 2, num of slow users chosen: 3
max_delay = 0.93 seconds
global epoch 143 has been done artifficialy in 0.93 secs, the total time by now is 124.23 
 with avg train loss 1.167, val loss 1.200, avg val acc 58.68%
iteration: 144
user 9, emp_avg: 0.36062255162323387, h: 0.7800952296322677, ucb: 1.1420752947736452,num_of_obs: 49, privacy reward: 0.13533528323661215, g: -0.0003905490491111088, curr_delay = 0.17000766336807166, data_size = 3109
user 16, emp_avg: 0.0691180537717956, h: 1.5145164193298444, ucb: 1.5831744837840487,num_of_obs: 13, privacy reward: 0.5712090638488144, g: 0.0006819396798311045, curr_delay = 0.6657974467900732, data_size = 1129
user 17, emp_avg: 0.0680276665195566, h: 0.6067407341584304, ucb: 0.6747780501812586,num_of_obs: 81, privacy reward: 0.03762825680717552, g: 1.852548092252143e-05, curr_delay = 0.7435380216045941, data_size = 5498
user 21, emp_avg: 0.06313594764957317, h: 0.8744064623921938, ucb: 0.937617726878563,num_of_obs: 39, privacy reward: 0.2018965179946548, g: -0.0032159812266033677, curr_delay = 0.8305842239386694, data_size = 2077
user 25, emp_avg: 0.05933016272383582, h: 1.2527628371650779, ucb: 1.312090421603751,num_of_obs: 19, privacy reward: 0.449328964117221, g: 0.00031860000898797984, curr_delay = 0.8420464065331206, data_size = 1453
num of fast users chosen: 1, num of slow users chosen: 4
max_delay = 0.84 seconds
global epoch 144 has been done artifficialy in 0.84 secs, the total time by now is 125.08 
 with avg train loss 1.260, val loss 1.148, avg val acc 60.47%
iteration: 145
user 1, emp_avg: 0.7188577686908773, h: 1.2879872854471526, ucb: 2.0229558246327626,num_of_obs: 18, privacy reward: 0.4676664270099087, g: 0.00020790092821038517, curr_delay = 0.11658710379909708, data_size = 1344
user 12, emp_avg: 0.29524545248408124, h: 1.0716701999597036, ucb: 1.3663462618045012,num_of_obs: 26, privacy reward: 0.33959552564493845, g: -1.4012553315955107e-05, curr_delay = 0.161264515521432, data_size = 1703
user 19, emp_avg: 0.06522696977730141, h: 0.7506023047504375, ucb: 0.815859884231023,num_of_obs: 53, privacy reward: 0.11532512103806203, g: -6.552191724749607e-05, curr_delay = 0.7861059792619266, data_size = 3467
user 22, emp_avg: 0.0608723973337058, h: 1.9319809281707288, ucb: 1.9931589435956132,num_of_obs: 8, privacy reward: 0.6976763260710308, g: 3.609391114763604e-07, curr_delay = 0.8557621079023346, data_size = 541
user 23, emp_avg: 0.06079328168228845, h: 0.6939880362281453, ucb: 0.7547424718338636,num_of_obs: 62, privacy reward: 0.08045960674953179, g: 0.00013192723237004985, curr_delay = 0.7911174793975477, data_size = 4259
num of fast users chosen: 2, num of slow users chosen: 3
max_delay = 0.86 seconds
global epoch 145 has been done artifficialy in 0.86 secs, the total time by now is 125.93 
 with avg train loss 1.173, val loss 1.151, avg val acc 59.40%
iteration: 146
user 9, emp_avg: 0.3647874631283738, h: 0.7733258010728727, ucb: 1.1339483526961067,num_of_obs: 50, privacy reward: 0.13002871087842538, g: -0.0004818152094468976, curr_delay = 0.08725500390149345, data_size = 3109
user 10, emp_avg: 0.32452718072353137, h: 1.5785446812979886, ucb: 1.8813967864464864,num_of_obs: 12, privacy reward: 0.5945205479701939, g: -4.388758434513712e-05, curr_delay = 0.08552445744304173, data_size = 733
user 17, emp_avg: 0.06809878489377184, h: 0.6038659975953519, ucb: 0.6718936641149085,num_of_obs: 82, privacy reward: 0.03615283175404571, g: 2.6628573222386045e-05, curr_delay = 0.6763109365543284, data_size = 5498
user 18, emp_avg: 0.0665174001227834, h: 1.0334000699882822, ucb: 1.0998004344876238,num_of_obs: 28, privacy reward: 0.3134861808826046, g: -1.6011308688787626e-06, curr_delay = 0.7163898784755003, data_size = 1848
user 28, emp_avg: 0.056109851613399625, h: 1.0334000699882822, ucb: 1.0896938212619682,num_of_obs: 28, privacy reward: 0.3134861808826046, g: -0.0004654649336691701, curr_delay = 0.981148966591814, data_size = 1651
num of fast users chosen: 2, num of slow users chosen: 3
max_delay = 0.98 seconds
global epoch 146 has been done artifficialy in 0.98 secs, the total time by now is 126.91 
 with avg train loss 1.199, val loss 1.192, avg val acc 59.53%
iteration: 147
user 9, emp_avg: 0.36266335681606593, h: 0.7662308503914574, ucb: 1.1310183135198313,num_of_obs: 51, privacy reward: 0.12493021219858191, g: -0.0006981913955237674, curr_delay = 0.19659193344351267, data_size = 3109
user 10, emp_avg: 0.3191846046935224, h: 1.517654960296728, ucb: 1.8421821410202592,num_of_obs: 13, privacy reward: 0.5712090638488144, g: -0.00016559478792843832, curr_delay = 0.20021533856138932, data_size = 733
user 11, emp_avg: 0.3848363325222085, h: 1.7303928895101373, ucb: 2.132986176019909,num_of_obs: 10, privacy reward: 0.6440364210831411, g: 0.006060478910486518, curr_delay = 0.2412349772076532, data_size = 1415
user 17, emp_avg: 0.06806886994964528, h: 0.6006281402828773, ucb: 0.6687269251766491,num_of_obs: 83, privacy reward: 0.034735258944737835, g: 4.744874879697495e-06, curr_delay = 0.7623586387316205, data_size = 5498
user 21, emp_avg: 0.06331718765520643, h: 0.8651964447550686, ucb: 0.9283323924046418,num_of_obs: 40, privacy reward: 0.19398004229089127, g: -0.0033622755559277804, curr_delay = 0.708548617582616, data_size = 2077
num of fast users chosen: 3, num of slow users chosen: 2
max_delay = 0.76 seconds
global epoch 147 has been done artifficialy in 0.76 secs, the total time by now is 127.67 
 with avg train loss 1.244, val loss 1.163, avg val acc 58.10%
iteration: 148
user 8, emp_avg: 0.41808221146495583, h: 0.9834644760067585, ucb: 1.396177532071584,num_of_obs: 31, privacy reward: 0.2780373004531934, g: -0.004500843410187829, curr_delay = 0.08553939008797418, data_size = 1381
user 9, emp_avg: 0.3603051150988857, h: 0.7593427527826625, ucb: 1.1220061095987284,num_of_obs: 52, privacy reward: 0.12003162851145621, g: -0.0009508519538315631, curr_delay = 0.2103699371368101, data_size = 3109
user 13, emp_avg: 0.2931683253649292, h: 1.8252328205399104, ucb: 2.1300355930628907,num_of_obs: 9, privacy reward: 0.670320046035639, g: -1.7590046550242898e-06, curr_delay = 0.26531068013429254, data_size = 577
user 23, emp_avg: 0.060757009654175825, h: 0.6898731611345126, ucb: 0.7506664428168011,num_of_obs: 63, privacy reward: 0.07730474044329905, g: 0.00017946592483565545, curr_delay = 0.8551120118059403, data_size = 4259
user 29, emp_avg: 0.05521754874564221, h: 1.0168116775860385, ucb: 1.0720434360196245,num_of_obs: 29, privacy reward: 0.3011942119122014, g: 0.0036786641576328294, curr_delay = 0.9123177305369052, data_size = 2489
num of fast users chosen: 3, num of slow users chosen: 2
max_delay = 0.91 seconds
global epoch 148 has been done artifficialy in 0.91 secs, the total time by now is 128.59 
 with avg train loss 1.186, val loss 1.208, avg val acc 57.57%
iteration: 149
user 2, emp_avg: 0.7004652287864294, h: 1.7327341929930498, ucb: 2.403245944658122,num_of_obs: 10, privacy reward: 0.6440364210831411, g: -0.00012861596933903854, curr_delay = 0.05, data_size = 541
user 19, emp_avg: 0.06525675166974913, h: 0.7456500747629144, ucb: 0.8108770445402158,num_of_obs: 54, privacy reward: 0.11080315836233334, g: -2.4934312906512847e-05, curr_delay = 0.7477756605909821, data_size = 3467
user 20, emp_avg: 0.0639977482340845, h: 1.257057504769995, ucb: 1.3210285330477143,num_of_obs: 19, privacy reward: 0.449328964117221, g: 0.0002967174891260173, curr_delay = 0.7751285746244779, data_size = 1404
user 21, emp_avg: 0.06338536393072876, h: 0.8557364227729887, ucb: 0.9190536104281951,num_of_obs: 41, privacy reward: 0.1863739760394093, g: -0.003726378957660755, curr_delay = 0.7555085119803537, data_size = 2077
user 23, emp_avg: 0.06076702487785392, h: 0.6849233286889759, ucb: 0.7456803383431517,num_of_obs: 64, privacy reward: 0.07427357821433322, g: 9.10490694615065e-05, curr_delay = 0.8142261701549545, data_size = 4259
num of fast users chosen: 1, num of slow users chosen: 4
max_delay = 0.81 seconds
global epoch 149 has been done artifficialy in 0.81 secs, the total time by now is 129.40 
 with avg train loss 1.235, val loss 1.381, avg val acc 48.60%
iteration: 150
user 16, emp_avg: 0.06937474722151875, h: 1.4654061300681296, ucb: 1.5345241838399253,num_of_obs: 14, privacy reward: 0.5488116360940261, g: 0.0005316906980314352, curr_delay = 0.6852276047957542, data_size = 1129
user 17, emp_avg: 0.06800689720360145, h: 0.5982495474355792, ucb: 0.6663184173852246,num_of_obs: 84, privacy reward: 0.0333732699603253, g: 4.6296099479222e-05, curr_delay = 0.7961633013319147, data_size = 5498
user 26, emp_avg: 0.05802017725177733, h: 0.9544760860946658, ucb: 1.012495262472893,num_of_obs: 33, privacy reward: 0.25666077695355527, g: 0.0021809862897226046, curr_delay = 0.861278874624343, data_size = 2587
user 28, emp_avg: 0.05605397025717946, h: 1.0181763915431241, ucb: 1.0742862431565237,num_of_obs: 29, privacy reward: 0.3011942119122014, g: -0.0005348649638053398, curr_delay = 0.918553497726665, data_size = 1651
user 29, emp_avg: 0.055199747638543524, h: 1.0010629644629008, ucb: 1.0562805132085429,num_of_obs: 30, privacy reward: 0.2893842179390499, g: 0.003203326602189393, curr_delay = 0.9146500786716257, data_size = 2489
num of fast users chosen: 0, num of slow users chosen: 5
max_delay = 0.92 seconds
global epoch 150 has been done artifficialy in 0.92 secs, the total time by now is 130.32 
 with avg train loss 1.140, val loss 1.206, avg val acc 58.48%
iteration: 151
user 9, emp_avg: 0.3605059214151896, h: 0.7536537293680492, ucb: 1.1139588444669348,num_of_obs: 53, privacy reward: 0.11532512103806203, g: -0.0009289032153315652, curr_delay = 0.1347169097005847, data_size = 3109
user 16, emp_avg: 0.06920828951384915, h: 1.4166551926019153, ucb: 1.486029939823434,num_of_obs: 15, privacy reward: 0.5272924240430481, g: 0.0002908390603774331, curr_delay = 0.7494968189533063, data_size = 1129
user 23, emp_avg: 0.060681209014237895, h: 0.6805391417092045, ucb: 0.7413061665870584,num_of_obs: 65, privacy reward: 0.07136126955638533, g: 7.410780094693338e-05, curr_delay = 0.9073886829107249, data_size = 4259
user 28, emp_avg: 0.05619597020690417, h: 1.0017264932919487, ucb: 1.0577804635491281,num_of_obs: 30, privacy reward: 0.2893842179390499, g: -0.0008105016757459392, curr_delay = 0.8270481984869786, data_size = 1651
user 29, emp_avg: 0.05513132757344451, h: 0.985437172035181, ucb: 1.0406369196737246,num_of_obs: 31, privacy reward: 0.2780373004531934, g: 0.002631682294673492, curr_delay = 0.943212823924767, data_size = 2489
num of fast users chosen: 1, num of slow users chosen: 4
max_delay = 0.94 seconds
global epoch 151 has been done artifficialy in 0.94 secs, the total time by now is 131.26 
 with avg train loss 1.176, val loss 1.216, avg val acc 57.08%
iteration: 152
user 2, emp_avg: 0.7046087123747556, h: 1.6553846881967196, ucb: 2.355849916983149,num_of_obs: 11, privacy reward: 0.6187833918061405, g: -0.00027540149865352607, curr_delay = 0.06665004575851032, data_size = 541
user 12, emp_avg: 0.3019913480107948, h: 1.056606782829542, ucb: 1.3518522353136233,num_of_obs: 27, privacy reward: 0.3262797946230388, g: -4.262443661385085e-06, curr_delay = 0.10327793268040143, data_size = 1703
user 20, emp_avg: 0.06399626300064395, h: 1.2276661420165838, ucb: 1.2916638902506683,num_of_obs: 20, privacy reward: 0.4317105234290791, g: 0.00017327301113538663, curr_delay = 0.781658436907296, data_size = 1404
user 23, emp_avg: 0.06067230014587224, h: 0.6758079690163658, ucb: 0.7364891780306037,num_of_obs: 66, privacy reward: 0.06856315415427716, g: 2.3635530194612494e-05, curr_delay = 0.8321639372664211, data_size = 4259
user 29, emp_avg: 0.055229523270285144, h: 0.9705553037610359, ucb: 1.0256866313344803,num_of_obs: 32, privacy reward: 0.26713530196584967, g: 0.0021225943864084888, curr_delay = 0.8565782168979108, data_size = 2489
num of fast users chosen: 2, num of slow users chosen: 3
max_delay = 0.86 seconds
global epoch 152 has been done artifficialy in 0.86 secs, the total time by now is 132.12 
 with avg train loss 1.134, val loss 1.153, avg val acc 59.24%
iteration: 153
user 6, emp_avg: 0.4992804468219159, h: 1.1988611168691292, ucb: 1.7119754596255476,num_of_obs: 21, privacy reward: 0.41478291168158077, g: 0.00015209615291812177, curr_delay = 0.23949958130075888, data_size = 1451
user 16, emp_avg: 0.06931681888875896, h: 1.373467953948021, ucb: 1.44267624346187,num_of_obs: 16, privacy reward: 0.5066169923655891, g: 0.00013963177981643924, curr_delay = 0.7036971937962723, data_size = 1129
user 17, emp_avg: 0.06799417151940218, h: 0.5958940640983943, ucb: 0.6639009613019957,num_of_obs: 85, privacy reward: 0.03206468532786, g: 0.0001265302855553331, curr_delay = 0.7472446657363888, data_size = 5498
user 19, emp_avg: 0.06519332951270283, h: 0.7407935245195411, ucb: 0.8060502761892901,num_of_obs: 55, privacy reward: 0.1064585043792523, g: -4.220739206702623e-06, curr_delay = 0.8103056503886901, data_size = 3467
user 21, emp_avg: 0.06328496166330404, h: 0.8477228254390393, ucb: 0.9111081893697681,num_of_obs: 42, privacy reward: 0.17906614791149256, g: -0.003646480177244878, curr_delay = 0.8464810687177814, data_size = 2077
num of fast users chosen: 1, num of slow users chosen: 4
max_delay = 0.85 seconds
global epoch 153 has been done artifficialy in 0.85 secs, the total time by now is 132.97 
 with avg train loss 1.219, val loss 1.165, avg val acc 59.26%
iteration: 154
user 8, emp_avg: 0.4137474981423973, h: 0.9718171705380367, ucb: 1.3898993820029926,num_of_obs: 32, privacy reward: 0.26713530196584967, g: -0.004279916893427724, curr_delay = 0.18179393921923076, data_size = 1381
user 9, emp_avg: 0.3586869435113233, h: 0.7481052066843146, ucb: 1.1086111280995041,num_of_obs: 54, privacy reward: 0.11080315836233334, g: -0.0009080511295664514, curr_delay = 0.1919664817044085, data_size = 3109
user 16, emp_avg: 0.06901919574445234, h: 1.3333221581157562, ucb: 1.4026389770045151,num_of_obs: 17, privacy reward: 0.48675225595997107, g: 3.602571084147855e-05, curr_delay = 0.7817434475643734, data_size = 1129
user 18, emp_avg: 0.06653236151130949, h: 1.0208467684414262, ucb: 1.0873641685642097,num_of_obs: 29, privacy reward: 0.3011942119122014, g: 4.85662692088424e-06, curr_delay = 0.7466448567523397, data_size = 1848
user 23, emp_avg: 0.060655625115246345, h: 0.6716177352525008, ucb: 0.732290035398373,num_of_obs: 67, privacy reward: 0.06587475442640223, g: 1.6057891339364434e-05, curr_delay = 0.839794176975203, data_size = 4259
num of fast users chosen: 2, num of slow users chosen: 3
max_delay = 0.84 seconds
global epoch 154 has been done artifficialy in 0.84 secs, the total time by now is 133.81 
 with avg train loss 1.208, val loss 1.119, avg val acc 60.11%
iteration: 155
user 12, emp_avg: 0.30377780074289357, h: 1.0395835481699165, ucb: 1.3415748961807112,num_of_obs: 28, privacy reward: 0.3134861808826046, g: -2.578761738628039e-05, curr_delay = 0.1413233894894578, data_size = 1703
user 16, emp_avg: 0.06894992944496889, h: 1.296588487392877, ucb: 1.3656076831373294,num_of_obs: 18, privacy reward: 0.4676664270099087, g: 6.902196614948112e-08, curr_delay = 0.7385182269832085, data_size = 1129
user 17, emp_avg: 0.06799654894405578, h: 0.5931836719113844, ucb: 0.6611778434307867,num_of_obs: 86, privacy reward: 0.03080741103275031, g: 0.0001431711330031519, curr_delay = 0.7331270000109299, data_size = 5498
user 28, emp_avg: 0.05618902453800082, h: 0.9880014153952817, ucb: 1.044197385602186,num_of_obs: 31, privacy reward: 0.2780373004531934, g: -0.0008876713784674254, curr_delay = 0.8932765233919286, data_size = 1651
user 29, emp_avg: 0.055243788912994606, h: 0.957594060598962, ucb: 1.0128235838692472,num_of_obs: 33, privacy reward: 0.25666077695355527, g: 0.0019092278862899346, curr_delay = 0.897431557878334, data_size = 2489
num of fast users chosen: 1, num of slow users chosen: 4
max_delay = 0.90 seconds
global epoch 155 has been done artifficialy in 0.90 secs, the total time by now is 134.70 
 with avg train loss 1.134, val loss 1.158, avg val acc 59.42%
iteration: 156
user 6, emp_avg: 0.4948942001115597, h: 1.1735559025979976, ucb: 1.6728363494199134,num_of_obs: 22, privacy reward: 0.3985190410845135, g: 7.330763577810172e-05, curr_delay = 0.1255030247566648, data_size = 1451
user 9, emp_avg: 0.3617646136619161, h: 0.7422219227488773, ucb: 1.1009088662602007,num_of_obs: 55, privacy reward: 0.1064585043792523, g: -0.0010271152390988567, curr_delay = 0.09415549146165522, data_size = 3109
user 10, emp_avg: 0.315596736493153, h: 1.471130178844464, ucb: 1.7903147835379865,num_of_obs: 14, privacy reward: 0.5488116360940261, g: -0.00020097540445734058, curr_delay = 0.18841860072188782, data_size = 733
user 17, emp_avg: 0.06799873644076555, h: 0.5901406031908419, ucb: 0.6581371521348978,num_of_obs: 87, privacy reward: 0.029599435167891208, g: 8.302519116469815e-05, curr_delay = 0.7332555738287048, data_size = 5498
user 29, emp_avg: 0.055260370887907126, h: 0.9440079767156946, ucb: 0.9992517656286892,num_of_obs: 34, privacy reward: 0.2465969639416059, g: 0.001493762221728899, curr_delay = 0.8956695767576434, data_size = 2489
num of fast users chosen: 3, num of slow users chosen: 2
max_delay = 0.90 seconds
global epoch 156 has been done artifficialy in 0.90 secs, the total time by now is 135.60 
 with avg train loss 1.177, val loss 1.172, avg val acc 58.43%
iteration: 157
user 1, emp_avg: 0.7247959320876957, h: 1.263609592274821, ucb: 1.9824673609656982,num_of_obs: 19, privacy reward: 0.449328964117221, g: 0.0003075671594884606, curr_delay = 0.05969286564402605, data_size = 1344
user 9, emp_avg: 0.365367226163369, h: 0.7360303132355381, ucb: 1.0977949268974543,num_of_obs: 56, privacy reward: 0.10228420671553695, g: -0.0013084449939020758, curr_delay = 0.08816576873256143, data_size = 3109
user 12, emp_avg: 0.2996372512142899, h: 1.022799991100998, ucb: 1.3265777918438915,num_of_obs: 29, privacy reward: 0.3011942119122014, g: -8.365600161995515e-05, curr_delay = 0.27845641491366013, data_size = 1703
user 17, emp_avg: 0.06795884058003106, h: 0.5871490715166287, ucb: 0.6551478079573942,num_of_obs: 88, privacy reward: 0.028438824714183686, g: 3.962160608683913e-05, curr_delay = 0.7758192069359462, data_size = 5498
user 28, emp_avg: 0.05614638162558235, h: 0.9736765831131031, ucb: 1.029865607651104,num_of_obs: 32, privacy reward: 0.26713530196584967, g: -0.0011299998558569851, curr_delay = 0.9127117456434587, data_size = 1651
num of fast users chosen: 3, num of slow users chosen: 2
max_delay = 0.91 seconds
global epoch 157 has been done artifficialy in 0.91 secs, the total time by now is 136.51 
 with avg train loss 1.194, val loss 1.222, avg val acc 55.51%
iteration: 158
user 0, emp_avg: 0.6505587231308464, h: 1.2990502983624828, ucb: 1.96729134102648,num_of_obs: 18, privacy reward: 0.4676664270099087, g: -0.0001264194013617039, curr_delay = 0.15047687406427496, data_size = 996
user 1, emp_avg: 0.7135352963462298, h: 1.2323873213840242, ucb: 1.9571832534717197,num_of_obs: 20, privacy reward: 0.4317105234290791, g: 0.0001433867954039172, curr_delay = 0.1023913328863092, data_size = 1344
user 18, emp_avg: 0.06643455843448062, h: 1.0062400342887345, ucb: 1.0727723958000441,num_of_obs: 30, privacy reward: 0.2893842179390499, g: 4.122233178067683e-07, curr_delay = 0.7873957948267968, data_size = 1848
user 19, emp_avg: 0.06508716407774638, h: 0.7364922921495829, ucb: 0.8016856216622857,num_of_obs: 56, privacy reward: 0.10228420671553695, g: 8.953863272965306e-06, curr_delay = 0.8454243140068568, data_size = 3467
user 23, emp_avg: 0.06066689562372279, h: 0.6683558645943594, ucb: 0.7290114897096057,num_of_obs: 68, privacy reward: 0.06329176835964001, g: 7.555813265139442e-05, curr_delay = 0.8138909675376897, data_size = 4259
num of fast users chosen: 2, num of slow users chosen: 3
max_delay = 0.85 seconds
global epoch 158 has been done artifficialy in 0.85 secs, the total time by now is 137.36 
 with avg train loss 1.179, val loss 1.196, avg val acc 58.28%
iteration: 159
user 1, emp_avg: 0.726556419239583, h: 1.203436057084669, ucb: 1.9169713534308988,num_of_obs: 21, privacy reward: 0.41478291168158077, g: 4.200633366453693e-05, curr_delay = 0.05, data_size = 1344
user 6, emp_avg: 0.5111018425607387, h: 1.1499229693165536, ucb: 1.6448171694281133,num_of_obs: 23, privacy reward: 0.3828928859751114, g: 2.4339824979831592e-05, curr_delay = 0.05656891738325341, data_size = 1451
user 23, emp_avg: 0.06072199449880317, h: 0.663908335882246, ucb: 0.7245752315059687,num_of_obs: 69, privacy reward: 0.060810062625217265, g: 2.6111086160395636e-05, curr_delay = 0.7749076607401126, data_size = 4259
user 29, emp_avg: 0.05515175490624086, h: 0.9321775614628883, ucb: 0.9874379323507955,num_of_obs: 35, privacy reward: 0.23692775868212124, g: 0.0013302178701111488, curr_delay = 0.97370612646136, data_size = 2489
num of fast users chosen: 2, num of slow users chosen: 2
max_delay = 0.97 seconds
global epoch 159 has been done artifficialy in 0.97 secs, the total time by now is 138.33 
 with avg train loss 1.154, val loss 1.131, avg val acc 61.19%
iteration: 160
user 5, emp_avg: 0.632434660025272, h: 2.0857010774524083, ucb: 2.665633587200619,num_of_obs: 7, privacy reward: 0.7261490370736907, g: 0.00042778606254649786, curr_delay = 0.05000251452821558, data_size = 625
user 9, emp_avg: 0.3660865991695626, h: 0.7309095858286389, ucb: 1.0962768119920079,num_of_obs: 57, privacy reward: 0.09827358560436095, g: -0.0012769570690296529, curr_delay = 0.12282270335377347, data_size = 3109
user 11, emp_avg: 0.38600350604570594, h: 1.663813879762751, ucb: 2.0486502122849597,num_of_obs: 11, privacy reward: 0.6187833918061405, g: 0.00594846440243384, curr_delay = 0.12536279528983613, data_size = 1415
user 17, emp_avg: 0.06790919048328746, h: 0.5849329443120863, ucb: 0.6528917848921174,num_of_obs: 89, privacy reward: 0.027323722447291754, g: 0.00011138952731427418, curr_delay = 0.7875214780721432, data_size = 5498
user 21, emp_avg: 0.06326266864840295, h: 0.8415246806672766, ucb: 0.9048096423305806,num_of_obs: 43, privacy reward: 0.17204486382304973, g: -0.0029840314127431164, curr_delay = 0.8025158034839696, data_size = 2077
num of fast users chosen: 3, num of slow users chosen: 2
max_delay = 0.80 seconds
global epoch 160 has been done artifficialy in 0.80 secs, the total time by now is 139.13 
 with avg train loss 1.226, val loss 1.146, avg val acc 59.39%
iteration: 161
user 1, emp_avg: 0.7097110770528033, h: 1.1772160184463478, ucb: 1.9037724376859309,num_of_obs: 22, privacy reward: 0.3985190410845135, g: 3.650920843476745e-06, curr_delay = 0.14744323886719354, data_size = 1344
user 17, emp_avg: 0.06787652235544094, h: 0.5820311769991056, ucb: 0.649940367482393,num_of_obs: 90, privacy reward: 0.026252343965687097, g: 6.0807439844496914e-05, curr_delay = 0.769984277630587, data_size = 5498
user 21, emp_avg: 0.06331200202825353, h: 0.8324174295648403, ucb: 0.8956800982132432,num_of_obs: 44, privacy reward: 0.16529888822158578, g: -0.0035008775628166777, curr_delay = 0.7635607930110758, data_size = 2077
user 25, emp_avg: 0.059401054979202464, h: 1.2346745763541658, ucb: 1.2940047390780016,num_of_obs: 20, privacy reward: 0.4317105234290791, g: 0.0006538357390921147, curr_delay = 0.8221128617725427, data_size = 1453
user 26, emp_avg: 0.05810365659015774, h: 0.9469521726836047, ucb: 1.004972349935382,num_of_obs: 34, privacy reward: 0.2465969639416059, g: 0.0030825710812600942, curr_delay = 0.8204528512817578, data_size = 2587
num of fast users chosen: 1, num of slow users chosen: 4
max_delay = 0.82 seconds
global epoch 161 has been done artifficialy in 0.82 secs, the total time by now is 139.96 
 with avg train loss 1.206, val loss 1.132, avg val acc 61.30%
iteration: 162
user 15, emp_avg: 0.07305588486720688, h: 1.9533809795900767, ucb: 2.025647692247432,num_of_obs: 8, privacy reward: 0.6976763260710308, g: 4.083823241809182e-05, curr_delay = 0.6299667956598345, data_size = 541
user 17, emp_avg: 0.0679652127466905, h: 0.5791769265199748, ucb: 0.6470534488754157,num_of_obs: 91, privacy reward: 0.025222974835226397, g: 2.576302132449013e-05, curr_delay = 0.6575829183732905, data_size = 5498
user 20, emp_avg: 0.06395418882544408, h: 1.2056529156119262, ucb: 1.26964917861257,num_of_obs: 21, privacy reward: 0.41478291168158077, g: 0.00022839183975999393, curr_delay = 0.7927620049347709, data_size = 1404
user 26, emp_avg: 0.05811085722766937, h: 0.9338947326942812, ucb: 0.991998389284439,num_of_obs: 35, privacy reward: 0.23692775868212124, g: 0.00256558946657049, curr_delay = 0.856708928579124, data_size = 2587
user 29, emp_avg: 0.05505926117547388, h: 0.9208326246059761, ucb: 0.975984379512217,num_of_obs: 36, privacy reward: 0.22763768838381226, g: 0.0011816898451574487, curr_delay = 0.9665667113172765, data_size = 2489
num of fast users chosen: 0, num of slow users chosen: 5
max_delay = 0.97 seconds
global epoch 162 has been done artifficialy in 0.97 secs, the total time by now is 140.92 
 with avg train loss 1.179, val loss 1.230, avg val acc 55.94%
iteration: 163
user 1, emp_avg: 0.69788429087319, h: 1.1527377846719782, ucb: 1.8624488617247814,num_of_obs: 23, privacy reward: 0.3828928859751114, g: -6.490232374253179e-06, curr_delay = 0.1174072141888412, data_size = 1344
user 5, emp_avg: 0.6058796113802606, h: 1.954562009915539, ucb: 2.586996669940811,num_of_obs: 8, privacy reward: 0.6976763260710308, g: 0.00023572182771328972, curr_delay = 0.12708443179063614, data_size = 625
user 12, emp_avg: 0.30166256764452143, h: 1.009331481804344, ucb: 1.308968733018634,num_of_obs: 30, privacy reward: 0.2893842179390499, g: -7.194550207527983e-05, curr_delay = 0.13796069677414008, data_size = 1703
user 19, emp_avg: 0.0650990903284555, h: 0.7322460185373968, ucb: 0.7973331826151432,num_of_obs: 57, privacy reward: 0.09827358560436095, g: 5.9744070789781164e-05, curr_delay = 0.7601223214631415, data_size = 3467
user 23, emp_avg: 0.060753123961016044, h: 0.6607625595243355, ucb: 0.7214845540231387,num_of_obs: 70, privacy reward: 0.05842566596450016, g: 9.262738508664609e-05, curr_delay = 0.794506006020537, data_size = 4259
num of fast users chosen: 3, num of slow users chosen: 2
max_delay = 0.79 seconds
global epoch 163 has been done artifficialy in 0.79 secs, the total time by now is 141.72 
 with avg train loss 1.180, val loss 1.146, avg val acc 59.50%
iteration: 164
user 14, emp_avg: 0.25204633758151623, h: 1.3829135585545738, ucb: 1.633279003456825,num_of_obs: 16, privacy reward: 0.5066169923655891, g: -0.0001805600710497228, curr_delay = 0.17924961921781382, data_size = 816
user 17, emp_avg: 0.06798615630801043, h: 0.5767148207071822, ucb: 0.6446800334538727,num_of_obs: 92, privacy reward: 0.024233967845690207, g: 3.397157492645823e-05, curr_delay = 0.7151749428926535, data_size = 5498
user 19, emp_avg: 0.0650927325011546, h: 0.7263417853085845, ucb: 0.79144087563704,num_of_obs: 58, privacy reward: 0.09442022319630183, g: 1.4168778750382069e-05, curr_delay = 0.7725112260570396, data_size = 3467
user 24, emp_avg: 0.06021337050664855, h: 1.0645673537299554, ucb: 1.1249099385282384,num_of_obs: 27, privacy reward: 0.3262797946230388, g: 0.0035390083437396385, curr_delay = 0.8814520251477487, data_size = 2174
user 28, emp_avg: 0.056033288341186094, h: 0.9629374026501315, ucb: 1.0190837842757139,num_of_obs: 33, privacy reward: 0.25666077695355527, g: -0.0009618264285419394, curr_delay = 0.956000827551777, data_size = 1651
num of fast users chosen: 1, num of slow users chosen: 4
max_delay = 0.96 seconds
global epoch 164 has been done artifficialy in 0.96 secs, the total time by now is 142.67 
 with avg train loss 1.151, val loss 1.208, avg val acc 58.48%
iteration: 165
user 4, emp_avg: 0.6007629559799833, h: 2.09201450566548, ucb: 2.720162674385579,num_of_obs: 7, privacy reward: 0.7261490370736907, g: 0.00017819455826489697, curr_delay = 0.12222952517040957, data_size = 541
user 9, emp_avg: 0.36383384844995836, h: 0.7267745564621465, ucb: 1.0928611556317092,num_of_obs: 58, privacy reward: 0.09442022319630183, g: -0.0009609806311503901, curr_delay = 0.2144318587448888, data_size = 3109
user 12, emp_avg: 0.299169559174227, h: 0.9941063882087932, ucb: 1.2957689558533145,num_of_obs: 31, privacy reward: 0.2780373004531934, g: -0.00015157986692107772, curr_delay = 0.22534063963057738, data_size = 1703
user 17, emp_avg: 0.06793195283602348, h: 0.5739475908354733, ucb: 0.6419337471434837,num_of_obs: 93, privacy reward: 0.02328374037489611, g: 1.0034703892616105e-05, curr_delay = 0.7950259368739557, data_size = 5498
user 20, emp_avg: 0.06409029563049023, h: 1.1800553308176136, ucb: 1.2440095196430576,num_of_obs: 22, privacy reward: 0.3985190410845135, g: 0.00013016379116921134, curr_delay = 0.7453270378857448, data_size = 1404
num of fast users chosen: 3, num of slow users chosen: 2
max_delay = 0.80 seconds
global epoch 165 has been done artifficialy in 0.80 secs, the total time by now is 143.47 
 with avg train loss 1.252, val loss 1.194, avg val acc 56.92%
iteration: 166
user 8, emp_avg: 0.41011523407646244, h: 0.9640810781027367, ucb: 1.3778285762451339,num_of_obs: 33, privacy reward: 0.25666077695355527, g: -0.0031836730462602874, curr_delay = 0.1722649799804701, data_size = 1381
user 15, emp_avg: 0.07264823451815763, h: 1.8460747165010312, ucb: 1.919130601368238,num_of_obs: 9, privacy reward: 0.670320046035639, g: 2.4221581085960075e-06, curr_delay = 0.7248542825708595, data_size = 541
user 19, emp_avg: 0.06502958508794919, h: 0.7210153707915072, ucb: 0.7861081032926618,num_of_obs: 59, privacy reward: 0.0907179532894119, g: 4.003975648903692e-06, curr_delay = 0.8156089583988697, data_size = 3467
user 23, emp_avg: 0.06078802284475789, h: 0.6572662839596524, ucb: 0.7180194079206684,num_of_obs: 71, privacy reward: 0.0561347628341331, g: 0.0001290796279296441, curr_delay = 0.7903158665470533, data_size = 4259
user 24, emp_avg: 0.06011095160485087, h: 1.0466259860369562, ucb: 1.1068393565436048,num_of_obs: 28, privacy reward: 0.3134861808826046, g: 0.003074592992218391, curr_delay = 0.8734658522600743, data_size = 2174
num of fast users chosen: 1, num of slow users chosen: 4
max_delay = 0.87 seconds
global epoch 166 has been done artifficialy in 0.87 secs, the total time by now is 144.34 
 with avg train loss 1.215, val loss 1.208, avg val acc 56.79%
iteration: 167
user 2, emp_avg: 0.7101870842683323, h: 1.5996865024774003, ucb: 2.304295214852156,num_of_obs: 12, privacy reward: 0.5945205479701939, g: -0.00025866583376904544, curr_delay = 0.06433950281852881, data_size = 541
user 18, emp_avg: 0.06645208326138789, h: 0.9952785778687961, ucb: 1.0617131363032768,num_of_obs: 31, privacy reward: 0.2780373004531934, g: 2.3880046066196158e-05, curr_delay = 0.7463204213280393, data_size = 1848
user 19, emp_avg: 0.06500029230763936, h: 0.7154015524456706, ucb: 0.7804311375336198,num_of_obs: 60, privacy reward: 0.08716085146198072, g: -3.4549765195254577e-06, curr_delay = 0.7906047630514755, data_size = 3467
user 23, emp_avg: 0.060911915231806106, h: 0.6530692799145148, ucb: 0.7138573027592727,num_of_obs: 72, privacy reward: 0.053933687300355304, g: 6.295534442235942e-05, curr_delay = 0.716002410879178, data_size = 4259
user 28, emp_avg: 0.056076753677180416, h: 0.9503553959765685, ucb: 1.0063886843177545,num_of_obs: 34, privacy reward: 0.2465969639416059, g: -0.0011146669829125869, curr_delay = 0.8687406676579252, data_size = 1651
num of fast users chosen: 1, num of slow users chosen: 4
max_delay = 0.87 seconds
global epoch 167 has been done artifficialy in 0.87 secs, the total time by now is 145.21 
 with avg train loss 1.123, val loss 1.147, avg val acc 57.91%
iteration: 168
user 1, emp_avg: 0.6945447695963212, h: 1.1318087271490773, ucb: 1.8296930180222675,num_of_obs: 24, privacy reward: 0.36787944117144167, g: -1.8493799900659416e-05, curr_delay = 0.0813807038560587, data_size = 1344
user 3, emp_avg: 0.6634862587382424, h: 2.4796686825630374, ucb: 3.2123815601835326,num_of_obs: 5, privacy reward: 0.7866278610665532, g: 0.001561549484993984, curr_delay = 0.15755317929801244, data_size = 672
user 17, emp_avg: 0.06795850775328362, h: 0.5718929363090682, ucb: 0.6398248891450917,num_of_obs: 94, privacy reward: 0.02237077185616476, g: 5.3002974669161134e-05, curr_delay = 0.709676165074927, data_size = 5498
user 24, emp_avg: 0.06004975606714189, h: 1.0296263781086934, ucb: 1.0897373297135442,num_of_obs: 29, privacy reward: 0.3011942119122014, g: 0.002652730385029626, curr_delay = 0.8579995995487125, data_size = 2174
user 26, emp_avg: 0.058094600526193106, h: 0.9241179559813832, ucb: 0.9822288132090526,num_of_obs: 36, privacy reward: 0.22763768838381226, g: 0.0027473654186937818, curr_delay = 0.8694237013249624, data_size = 2587
num of fast users chosen: 2, num of slow users chosen: 3
max_delay = 0.87 seconds
global epoch 168 has been done artifficialy in 0.87 secs, the total time by now is 146.08 
 with avg train loss 1.181, val loss 1.202, avg val acc 56.39%
iteration: 169
user 17, emp_avg: 0.06797891462811222, h: 0.5692043596528167, ucb: 0.6371628674061003,num_of_obs: 95, privacy reward: 0.02149360134508893, g: 2.184577304821966e-05, curr_delay = 0.7151278515322557, data_size = 5498
user 24, emp_avg: 0.059872202124074854, h: 1.0129065815684162, ucb: 1.072956337635558,num_of_obs: 30, privacy reward: 0.2893842179390499, g: 0.0021723912782209503, curr_delay = 0.9166644939385239, data_size = 2174
user 25, emp_avg: 0.05919950314654796, h: 1.2106549248736727, ucb: 1.2700559798528752,num_of_obs: 21, privacy reward: 0.41478291168158077, g: 0.0006519575491052751, curr_delay = 0.9096381033672029, data_size = 1453
user 26, emp_avg: 0.05804340053015296, h: 0.9120720735143811, ucb: 0.9701666740405742,num_of_obs: 37, privacy reward: 0.21871188695221422, g: 0.002281602189783858, curr_delay = 0.8904877984903723, data_size = 2587
user 27, emp_avg: 0.05730137944347348, h: 1.2727796412729366, ucb: 1.330381077277244,num_of_obs: 19, privacy reward: 0.449328964117221, g: -0.00025052866599422827, curr_delay = 0.9689865245134159, data_size = 937
num of fast users chosen: 0, num of slow users chosen: 5
max_delay = 0.97 seconds
global epoch 169 has been done artifficialy in 0.97 secs, the total time by now is 147.05 
 with avg train loss 1.177, val loss 1.265, avg val acc 53.07%
iteration: 170
user 3, emp_avg: 0.6561709550527283, h: 2.26623000532829, ucb: 2.929716264066532,num_of_obs: 6, privacy reward: 0.7557837414557252, g: 0.0011549280836539856, curr_delay = 0.08166210035599696, data_size = 672
user 17, emp_avg: 0.06796239811719686, h: 0.5665575013320725, ucb: 0.6345364159601847,num_of_obs: 96, privacy reward: 0.020650825181711685, g: 4.4026167980964535e-06, curr_delay = 0.7532750924299495, data_size = 5498
user 18, emp_avg: 0.06623943090407186, h: 0.9813063777164215, ucb: 1.0477584609778094,num_of_obs: 32, privacy reward: 0.26713530196584967, g: 5.19917431627895e-06, curr_delay = 0.8412614447040425, data_size = 1848
user 25, emp_avg: 0.059366507968847904, h: 1.1835000215520521, ucb: 1.2426995246986001,num_of_obs: 22, privacy reward: 0.3985190410845135, g: 0.0004154279510782761, curr_delay = 0.7931394823161229, data_size = 1453
user 26, emp_avg: 0.05798822570781887, h: 0.900508491182702, ucb: 0.958551891712855,num_of_obs: 38, privacy reward: 0.21013607120076416, g: 0.0018637887011662595, curr_delay = 0.8945890919543668, data_size = 2587
num of fast users chosen: 1, num of slow users chosen: 4
max_delay = 0.89 seconds
global epoch 170 has been done artifficialy in 0.89 secs, the total time by now is 147.94 
 with avg train loss 1.189, val loss 1.177, avg val acc 58.62%
iteration: 171
user 19, emp_avg: 0.06498719233911478, h: 0.7111521630426654, ucb: 0.7761524553503047,num_of_obs: 61, privacy reward: 0.08374322559219538, g: 4.865539790598991e-07, curr_delay = 0.7789606558212981, data_size = 3467
user 20, emp_avg: 0.06405055647378363, h: 1.1581465954182808, ucb: 1.222236891048771,num_of_obs: 23, privacy reward: 0.3828928859751114, g: 0.00010484416687385158, curr_delay = 0.79193423384263, data_size = 1404
user 21, emp_avg: 0.06326064590209075, h: 0.8279825728039337, ucb: 0.8912945748321872,num_of_obs: 45, privacy reward: 0.15881742610691996, g: -0.002404351141374924, curr_delay = 0.8203496562507416, data_size = 2077
user 22, emp_avg: 0.06112442468782893, h: 1.8514253169747643, ucb: 1.91229771430847,num_of_obs: 9, privacy reward: 0.670320046035639, g: 9.869756928078235e-06, curr_delay = 0.7887347119139599, data_size = 541
user 23, emp_avg: 0.06104392472896956, h: 0.6500788291400582, ucb: 0.7109907443718643,num_of_obs: 73, privacy reward: 0.05181891717272524, g: 0.00014814736342411735, curr_delay = 0.7074075099980931, data_size = 4259
num of fast users chosen: 0, num of slow users chosen: 5
max_delay = 0.82 seconds
global epoch 171 has been done artifficialy in 0.82 secs, the total time by now is 148.76 
 with avg train loss 1.178, val loss 1.183, avg val acc 58.15%
iteration: 172
user 15, emp_avg: 0.0722635769262589, h: 1.7574119284015548, ucb: 1.8300601629197124,num_of_obs: 10, privacy reward: 0.6440364210831411, g: -5.599560298095551e-06, curr_delay = 0.7308125065973847, data_size = 541
user 20, emp_avg: 0.06399540379459796, h: 1.1344045218542471, ucb: 1.1984550783280308,num_of_obs: 24, privacy reward: 0.36787944117144167, g: 2.711685145937788e-05, curr_delay = 0.7978077583864371, data_size = 1404
user 21, emp_avg: 0.06308810847171217, h: 0.8193975366466659, ucb: 0.8826581825487567,num_of_obs: 46, privacy reward: 0.15259010575688325, g: -0.002842825026106148, curr_delay = 0.9065955185366511, data_size = 2077
user 23, emp_avg: 0.061066143627693324, h: 0.6460374734014496, ucb: 0.7070813981304191,num_of_obs: 74, privacy reward: 0.049787068367863285, g: 7.813864853628299e-05, curr_delay = 0.797316651434549, data_size = 4259
user 26, emp_avg: 0.05799829094999002, h: 0.8899001220373383, ucb: 0.9478883477451572,num_of_obs: 39, privacy reward: 0.2018965179946548, g: 0.0015965494528701418, curr_delay = 0.8562987609622166, data_size = 2587
num of fast users chosen: 0, num of slow users chosen: 5
max_delay = 0.91 seconds
global epoch 172 has been done artifficialy in 0.91 secs, the total time by now is 149.67 
 with avg train loss 1.190, val loss 1.146, avg val acc 60.39%
iteration: 173
user 11, emp_avg: 0.37460198534604316, h: 1.6051933831314187, ucb: 1.9911968891771246,num_of_obs: 12, privacy reward: 0.5945205479701939, g: 0.005854105549002199, curr_delay = 0.2102751039298158, data_size = 1415
user 14, emp_avg: 0.250039229360789, h: 1.348632195247481, ucb: 1.6006785328289972,num_of_obs: 17, privacy reward: 0.48675225595997107, g: -0.00020000138564375993, curr_delay = 0.2315689742345545, data_size = 816
user 17, emp_avg: 0.06797816673877694, h: 0.5645886155549859, ucb: 0.6325510136721827,num_of_obs: 97, privacy reward: 0.019841094744369348, g: 3.7337991406956806e-05, curr_delay = 0.7193445248803316, data_size = 5498
user 18, emp_avg: 0.06630287859540047, h: 0.9679680305105667, ucb: 1.0342074614146386,num_of_obs: 33, privacy reward: 0.25666077695355527, g: -5.5687112207284484e-08, curr_delay = 0.7310299296642444, data_size = 1848
user 26, emp_avg: 0.05798769128074111, h: 0.8792006250991106, ucb: 0.9371989160491005,num_of_obs: 40, privacy reward: 0.19398004229089127, g: 0.0012593383896925341, curr_delay = 0.8686028883118916, data_size = 2587
num of fast users chosen: 2, num of slow users chosen: 3
max_delay = 0.87 seconds
global epoch 173 has been done artifficialy in 0.87 secs, the total time by now is 150.54 
 with avg train loss 1.187, val loss 1.159, avg val acc 58.85%
iteration: 174
user 4, emp_avg: 0.6260756611997098, h: 1.967051467148457, ucb: 2.56781442312844,num_of_obs: 8, privacy reward: 0.6976763260710308, g: 9.596522844684183e-05, curr_delay = 0.060344399757910484, data_size = 541
user 17, emp_avg: 0.0679238531935402, h: 0.5620147048995591, ucb: 0.6299928716383361,num_of_obs: 98, privacy reward: 0.019063114291610672, g: 1.2857480478496578e-05, curr_delay = 0.7987076812551019, data_size = 5498
user 19, emp_avg: 0.06497276467890148, h: 0.7065857457188186, ucb: 0.7715729380579334,num_of_obs: 62, privacy reward: 0.08045960674953179, g: 1.2118516380443569e-06, curr_delay = 0.7802959693569506, data_size = 3467
user 20, emp_avg: 0.0638133242493783, h: 1.112732345090897, ucb: 1.176727748885495,num_of_obs: 25, privacy reward: 0.3534546819587794, g: 1.1323239664460258e-06, curr_delay = 0.843720437243486, data_size = 1404
user 29, emp_avg: 0.054949654282358186, h: 0.9146603533742941, ucb: 0.969719614549768,num_of_obs: 37, privacy reward: 0.21871188695221422, g: 0.0019319769706892308, curr_delay = 0.9824302327085987, data_size = 2489
num of fast users chosen: 1, num of slow users chosen: 4
max_delay = 0.98 seconds
global epoch 174 has been done artifficialy in 0.98 secs, the total time by now is 151.52 
 with avg train loss 1.157, val loss 1.281, avg val acc 55.24%
iteration: 175
user 10, emp_avg: 0.30880347674867314, h: 1.4373289079293596, ucb: 1.7529256444225125,num_of_obs: 15, privacy reward: 0.5272924240430481, g: -0.00010296719814506724, curr_delay = 0.24165728887916554, data_size = 733
user 12, emp_avg: 0.2985859892276746, h: 0.9840718317839704, ucb: 1.2832413909581974,num_of_obs: 32, privacy reward: 0.26713530196584967, g: -5.314603256543347e-05, curr_delay = 0.178627727605031, data_size = 1703
user 17, emp_avg: 0.06788078742935982, h: 0.5594795186179207, ucb: 0.6274033718114609,num_of_obs: 99, privacy reward: 0.01831563888873322, g: 1.187746859823835e-06, curr_delay = 0.7859500207222689, data_size = 5498
user 19, emp_avg: 0.06502934492578341, h: 0.7013446930496489, ucb: 0.7663174577285503,num_of_obs: 63, privacy reward: 0.07730474044329905, g: -6.642576256775381e-06, curr_delay = 0.728927785861308, data_size = 3467
user 28, emp_avg: 0.05597713096610932, h: 0.9409526455906434, ucb: 0.9970293992678239,num_of_obs: 35, privacy reward: 0.23692775868212124, g: -0.0008876713784674254, curr_delay = 0.9525562938882467, data_size = 1651
num of fast users chosen: 2, num of slow users chosen: 3
max_delay = 0.95 seconds
global epoch 175 has been done artifficialy in 0.95 secs, the total time by now is 152.47 
 with avg train loss 1.158, val loss 1.212, avg val acc 58.49%
iteration: 176
user 11, emp_avg: 0.36286458660812965, h: 1.544790350979429, ucb: 1.9193923363254721,num_of_obs: 13, privacy reward: 0.5712090638488144, g: 0.005185822090727272, curr_delay = 0.23778000632986063, data_size = 1415
user 16, emp_avg: 0.06863720675134279, h: 1.2778045310162789, ucb: 1.3467544604612478,num_of_obs: 19, privacy reward: 0.449328964117221, g: 7.118646403259045e-05, curr_delay = 0.7975057138249689, data_size = 1129
user 17, emp_avg: 0.06788081125752268, h: 0.5569820820298343, ucb: 0.6248628694591942,num_of_obs: 100, privacy reward: 0.017597472415622373, g: -1.8980420539855873e-06, curr_delay = 0.7365593308063295, data_size = 5498
user 19, emp_avg: 0.06501186488574832, h: 0.6962276025372929, ucb: 0.7612569474630763,num_of_obs: 64, privacy reward: 0.07427357821433322, g: -3.8609859208126036e-05, curr_delay = 0.782556596556806, data_size = 3467
user 24, emp_avg: 0.05999085692609121, h: 1.0003693506647031, ucb: 1.060241552788778,num_of_obs: 31, privacy reward: 0.2780373004531934, g: 0.0023027855396494804, curr_delay = 0.7853096115490461, data_size = 2174
num of fast users chosen: 1, num of slow users chosen: 4
max_delay = 0.80 seconds
global epoch 176 has been done artifficialy in 0.80 secs, the total time by now is 153.27 
 with avg train loss 1.225, val loss 1.178, avg val acc 59.62%
iteration: 177
user 9, emp_avg: 0.37014685107113277, h: 0.7255260907764369, ucb: 1.0893599392263953,num_of_obs: 59, privacy reward: 0.0907179532894119, g: -0.00016429777636069425, curr_delay = 0.06732972932754505, data_size = 3109
user 16, emp_avg: 0.06864741243101007, h: 1.2461319832875444, ucb: 1.3147691900388871,num_of_obs: 20, privacy reward: 0.4317105234290791, g: 1.1542342352941337e-05, curr_delay = 0.7262003166395036, data_size = 1129
user 17, emp_avg: 0.06784838455852679, h: 0.5545214545166285, ucb: 0.6224022657741511,num_of_obs: 101, privacy reward: 0.01690746565270429, g: -1.4572124492112445e-05, curr_delay = 0.7743139861643408, data_size = 5498
user 24, emp_avg: 0.06033218007326865, h: 0.9851538330928794, ucb: 1.0451446900189707,num_of_obs: 32, privacy reward: 0.26713530196584967, g: 0.0018777272995412913, curr_delay = 0.7017098627651785, data_size = 2174
user 28, emp_avg: 0.056048991959794466, h: 0.9288119411891936, ucb: 0.984789072155303,num_of_obs: 36, privacy reward: 0.22763768838381226, g: -0.001101154291601168, curr_delay = 0.8527186448727789, data_size = 1651
num of fast users chosen: 1, num of slow users chosen: 4
max_delay = 0.85 seconds
global epoch 177 has been done artifficialy in 0.85 secs, the total time by now is 154.12 
 with avg train loss 1.209, val loss 1.308, avg val acc 54.82%
iteration: 178
user 8, emp_avg: 0.40961389869219533, h: 0.9562595836006116, ucb: 1.366374817677074,num_of_obs: 34, privacy reward: 0.2465969639416059, g: -0.0023658595161924834, curr_delay = 0.12736630819069403, data_size = 1381
user 9, emp_avg: 0.37087748814162064, h: 0.7198460634255136, ucb: 1.0899929144966465,num_of_obs: 60, privacy reward: 0.08716085146198072, g: -0.00027433918903363463, curr_delay = 0.12056451807469365, data_size = 3109
user 12, emp_avg: 0.29729548085631397, h: 0.970640233912375, ucb: 1.2692262231400495,num_of_obs: 33, privacy reward: 0.25666077695355527, g: -9.655515207036602e-05, curr_delay = 0.19630267476819763, data_size = 1703
user 15, emp_avg: 0.07251416380264929, h: 1.681198201006773, ucb: 1.753461777933032,num_of_obs: 11, privacy reward: 0.6187833918061405, g: -3.62952862353449e-05, curr_delay = 0.6642698089910214, data_size = 541
user 23, emp_avg: 0.06112333043144896, h: 0.6438498924620294, ucb: 0.7049160360897228,num_of_obs: 75, privacy reward: 0.047834889494197785, g: 0.0003141348709354077, curr_delay = 0.7643817581652388, data_size = 4259
num of fast users chosen: 3, num of slow users chosen: 2
max_delay = 0.76 seconds
global epoch 178 has been done artifficialy in 0.76 secs, the total time by now is 154.89 
 with avg train loss 1.244, val loss 1.199, avg val acc 58.28%
iteration: 179
user 2, emp_avg: 0.6797810398332844, h: 1.5473131758742942, ucb: 2.2575002601426264,num_of_obs: 13, privacy reward: 0.5712090638488144, g: -0.0002840068387508702, curr_delay = 0.17574540345727052, data_size = 541
user 12, emp_avg: 0.3009785079880531, h: 0.9567763712384065, ucb: 1.2540718520947205,num_of_obs: 34, privacy reward: 0.2465969639416059, g: -0.00020670168786724515, curr_delay = 0.11731542042266807, data_size = 1703
user 23, emp_avg: 0.06111740576664351, h: 0.6399456682843075, ucb: 0.7010689987157566,num_of_obs: 76, privacy reward: 0.045959256649043545, g: 0.00020999369965086506, curr_delay = 0.8241695128293003, data_size = 4259
user 26, emp_avg: 0.05811939676160994, h: 0.8712804543446601, ucb: 0.9292681456254012,num_of_obs: 41, privacy reward: 0.1863739760394093, g: 0.0014175790959113244, curr_delay = 0.7871620608844527, data_size = 2587
user 28, emp_avg: 0.05606037999855349, h: 0.9171683042083644, ucb: 0.9732172961681589,num_of_obs: 37, privacy reward: 0.21871188695221422, g: -0.0013320839336439917, curr_delay = 0.8852418900822949, data_size = 1651
num of fast users chosen: 2, num of slow users chosen: 3
max_delay = 0.89 seconds
global epoch 179 has been done artifficialy in 0.89 secs, the total time by now is 155.77 
 with avg train loss 1.121, val loss 1.160, avg val acc 59.25%
iteration: 180
user 2, emp_avg: 0.6749686092912479, h: 1.4918287221044526, ucb: 2.171609761937737,num_of_obs: 14, privacy reward: 0.5488116360940261, g: -0.0004842016246593426, curr_delay = 0.0822917147481448, data_size = 541
user 12, emp_avg: 0.30098517205121617, h: 0.9435153281416905, ucb: 1.2444938361297435,num_of_obs: 35, privacy reward: 0.23692775868212124, g: -0.00035635751952753424, curr_delay = 0.16599250787012768, data_size = 1703
user 23, emp_avg: 0.06114914683660942, h: 0.6361179044650884, ucb: 0.6972353102317319,num_of_obs: 77, privacy reward: 0.044157168419692305, g: 0.0001275631815611279, curr_delay = 0.786247472177296, data_size = 4259
user 25, emp_avg: 0.05932131225685181, h: 1.163909101212119, ucb: 1.223275609180967,num_of_obs: 23, privacy reward: 0.3828928859751114, g: 0.00048470587000363526, curr_delay = 0.8579005910118378, data_size = 1453
user 26, emp_avg: 0.058100329411399684, h: 0.8613077142918212, ucb: 0.9194271110534311,num_of_obs: 42, privacy reward: 0.17906614791149256, g: 0.0011134032427581146, curr_delay = 0.8726079527209205, data_size = 2587
num of fast users chosen: 2, num of slow users chosen: 3
max_delay = 0.87 seconds
global epoch 180 has been done artifficialy in 0.87 secs, the total time by now is 156.65 
 with avg train loss 1.153, val loss 1.166, avg val acc 58.38%
iteration: 181
user 10, emp_avg: 0.30135023522093213, h: 1.3962221838678415, ucb: 1.7050256606165146,num_of_obs: 16, privacy reward: 0.5066169923655891, g: -0.0001646289088896006, curr_delay = 0.2745768662653761, data_size = 733
user 17, emp_avg: 0.06785358132035467, h: 0.5529863859225079, ucb: 0.6208347704810347,num_of_obs: 102, privacy reward: 0.016244514441948854, g: 1.068121039026598e-05, curr_delay = 0.731168916096708, data_size = 5498
user 19, emp_avg: 0.06493625346137505, h: 0.6927201920144509, ucb: 0.7577320569001992,num_of_obs: 65, privacy reward: 0.07136126955638533, g: -2.8674060691907846e-06, curr_delay = 0.8330346782234485, data_size = 3467
user 21, emp_avg: 0.06315629167428778, h: 0.8146397479162178, ucb: 0.87772785638793,num_of_obs: 47, privacy reward: 0.14660696213034952, g: -0.0020743285289513518, curr_delay = 0.7534556997555452, data_size = 2077
user 28, emp_avg: 0.05595952391242404, h: 0.9059885875253524, ucb: 0.9620489675239059,num_of_obs: 38, privacy reward: 0.21013607120076416, g: -0.0015791536129699142, curr_delay = 0.9591959456741546, data_size = 1651
num of fast users chosen: 1, num of slow users chosen: 4
max_delay = 0.96 seconds
global epoch 181 has been done artifficialy in 0.96 secs, the total time by now is 157.60 
 with avg train loss 1.147, val loss 1.220, avg val acc 57.52%
iteration: 182
user 7, emp_avg: 0.3978430351802244, h: 1.9756024436377873, ucb: 2.3816314770203477,num_of_obs: 8, privacy reward: 0.6976763260710308, g: 0.00013964507950614294, curr_delay = 0.1504415235031423, data_size = 541
user 9, emp_avg: 0.37010607141083246, h: 0.715450564472679, ucb: 1.0863280526142995,num_of_obs: 61, privacy reward: 0.08374322559219538, g: -0.00021460407794149424, curr_delay = 0.1547749699500069, data_size = 3109
user 11, emp_avg: 0.3604946389948849, h: 1.4934150729705957, ucb: 1.8562796595787254,num_of_obs: 14, privacy reward: 0.5488116360940261, g: 0.004754545408808513, curr_delay = 0.15275787272664962, data_size = 1415
user 23, emp_avg: 0.06112271387946213, h: 0.6326991439050751, ucb: 0.6938482907416845,num_of_obs: 78, privacy reward: 0.04242574108051078, g: 0.00011026546445977797, curr_delay = 0.8465831609238166, data_size = 4259
user 24, emp_avg: 0.060390947961103544, h: 0.9727194014791536, ucb: 1.0330515815524222,num_of_obs: 33, privacy reward: 0.25666077695355527, g: 0.0018322705951436444, curr_delay = 0.8021782250021098, data_size = 2174
num of fast users chosen: 3, num of slow users chosen: 2
max_delay = 0.85 seconds
global epoch 182 has been done artifficialy in 0.85 secs, the total time by now is 158.45 
 with avg train loss 1.254, val loss 1.207, avg val acc 57.79%
iteration: 183
user 16, emp_avg: 0.06850266421689055, h: 1.220010088113024, ucb: 1.2886575005440342,num_of_obs: 21, privacy reward: 0.41478291168158077, g: 2.6819113333568618e-06, curr_delay = 0.7637907959538786, data_size = 1129
user 18, emp_avg: 0.0662265738103708, h: 0.9588123308528864, ucb: 1.025115209448287,num_of_obs: 34, privacy reward: 0.2465969639416059, g: 2.230780765886219e-05, curr_delay = 0.7857655599333115, data_size = 1848
user 19, emp_avg: 0.06497275361217758, h: 0.6881785017408717, ucb: 0.7531147552022468,num_of_obs: 66, privacy reward: 0.06856315415427716, g: -1.0452659456890787e-05, curr_delay = 0.7420405367048636, data_size = 3467
user 23, emp_avg: 0.06114426672181681, h: 0.6290128585054293, ucb: 0.6901355723848914,num_of_obs: 79, privacy reward: 0.0407622039783655, g: 5.443747927807458e-05, curr_delay = 0.7955836671018524, data_size = 4259
user 28, emp_avg: 0.055917115115231654, h: 0.8952426532116583, ucb: 0.9512021771240824,num_of_obs: 39, privacy reward: 0.2018965179946548, g: -0.001841145253409588, curr_delay = 0.9214352595755815, data_size = 1651
num of fast users chosen: 0, num of slow users chosen: 5
max_delay = 0.92 seconds
global epoch 183 has been done artifficialy in 0.92 secs, the total time by now is 159.37 
 with avg train loss 1.150, val loss 1.201, avg val acc 57.87%
iteration: 184
user 2, emp_avg: 0.6952830712105449, h: 1.4442902419678652, ucb: 2.1192588512591133,num_of_obs: 15, privacy reward: 0.5272924240430481, g: -0.000662987479710634, curr_delay = 0.05, data_size = 541
user 6, emp_avg: 0.5092047363140814, h: 1.1418116917435408, ucb: 1.6529135343042793,num_of_obs: 24, privacy reward: 0.36787944117144167, g: 0.00036683151975514715, curr_delay = 0.10783434029143962, data_size = 1451
user 19, emp_avg: 0.06501788388752139, h: 0.6833806935546195, ucb: 0.7483534471667971,num_of_obs: 67, privacy reward: 0.06587475442640223, g: -4.499396869144126e-05, curr_delay = 0.7348444324543241, data_size = 3467
user 23, emp_avg: 0.061124565773453966, h: 0.6253960199910725, ucb: 0.6865402867128894,num_of_obs: 80, privacy reward: 0.03916389509898632, g: 1.8400292845948225e-05, curr_delay = 0.8396518548202996, data_size = 4259
user 24, emp_avg: 0.06033453728286427, h: 0.9593137029952855, ucb: 1.019704650956389,num_of_obs: 34, privacy reward: 0.2465969639416059, g: 0.0015477223572893345, curr_delay = 0.8559214686120011, data_size = 2174
num of fast users chosen: 2, num of slow users chosen: 3
max_delay = 0.86 seconds
global epoch 184 has been done artifficialy in 0.86 secs, the total time by now is 160.23 
 with avg train loss 1.186, val loss 1.208, avg val acc 58.77%
iteration: 185
user 17, emp_avg: 0.06788861069164358, h: 0.5514511742460778, ucb: 0.6193047555664325,num_of_obs: 103, privacy reward: 0.015607557919981918, g: 0.00010094958272005702, curr_delay = 0.6993336028547663, data_size = 5498
user 19, emp_avg: 0.0649761763606238, h: 0.6786896430803685, ucb: 0.7437075269678899,num_of_obs: 68, privacy reward: 0.06329176835964001, g: -0.00010291873539167009, curr_delay = 0.8046338602462133, data_size = 3467
user 22, emp_avg: 0.06103367710124012, h: 1.7698060614222664, ucb: 1.8309304861100952,num_of_obs: 10, privacy reward: 0.6440364210831411, g: 2.955448604956102e-06, curr_delay = 0.8315842174077305, data_size = 541
user 24, emp_avg: 0.06035030187654659, h: 0.9460011318397026, ucb: 1.006335669122567,num_of_obs: 35, privacy reward: 0.23692775868212124, g: 0.0012204208379198954, curr_delay = 0.8209902558291037, data_size = 2174
user 28, emp_avg: 0.05594076773830127, h: 0.8849030307111332, ucb: 0.9408201458263649,num_of_obs: 40, privacy reward: 0.19398004229089127, g: -0.002116922920340868, curr_delay = 0.8789374008637121, data_size = 1651
num of fast users chosen: 0, num of slow users chosen: 5
max_delay = 0.88 seconds
global epoch 185 has been done artifficialy in 0.88 secs, the total time by now is 161.11 
 with avg train loss 1.119, val loss 1.177, avg val acc 59.10%
iteration: 186
user 1, emp_avg: 0.6797971393165766, h: 1.1199014249884534, ucb: 1.8144461945847745,num_of_obs: 25, privacy reward: 0.3534546819587794, g: 1.7206724321494613e-05, curr_delay = 0.16071672855651936, data_size = 1344
user 12, emp_avg: 0.30222409049097415, h: 0.9332511874903778, ucb: 1.234236359541594,num_of_obs: 36, privacy reward: 0.22763768838381226, g: -0.0003233299111738942, curr_delay = 0.14416486052664254, data_size = 1703
user 17, emp_avg: 0.067901538272671, h: 0.5490768480112009, ucb: 0.6169654587028445,num_of_obs: 104, privacy reward: 0.014995576820476808, g: 5.874208870627209e-05, curr_delay = 0.7220632984218812, data_size = 5498
user 20, emp_avg: 0.063927696364464, h: 1.0981536960224019, ucb: 1.1619670202717802,num_of_obs: 26, privacy reward: 0.33959552564493845, g: 2.4575039475135723e-05, curr_delay = 0.7473688354371568, data_size = 1404
user 26, emp_avg: 0.05819939952930893, h: 0.8539168311209292, ucb: 0.9120171605323288,num_of_obs: 43, privacy reward: 0.17204486382304973, g: 0.0012615450337762058, curr_delay = 0.8005198306881842, data_size = 2587
num of fast users chosen: 2, num of slow users chosen: 3
max_delay = 0.80 seconds
global epoch 186 has been done artifficialy in 0.80 secs, the total time by now is 161.91 
 with avg train loss 1.209, val loss 1.189, avg val acc 56.91%
iteration: 187
user 13, emp_avg: 0.29466139540580233, h: 1.7716278305876638, ucb: 2.064796155952593,num_of_obs: 10, privacy reward: 0.6440364210831411, g: 3.6103277007528606e-05, curr_delay = 0.16150283122846065, data_size = 577
user 19, emp_avg: 0.06504419882954386, h: 0.6744471885635438, ucb: 0.7394233649241676,num_of_obs: 69, privacy reward: 0.060810062625217265, g: -0.00013366312140530563, curr_delay = 0.7169718062930327, data_size = 3467
user 23, emp_avg: 0.06110218293761005, h: 0.6224865678666599, ucb: 0.6836111336401138,num_of_obs: 81, privacy reward: 0.03762825680717552, g: 3.501189175584325e-05, curr_delay = 0.8433242913077779, data_size = 4259
user 28, emp_avg: 0.05594890779314097, h: 0.8749446212597703, ucb: 0.9308853889980716,num_of_obs: 41, privacy reward: 0.1863739760394093, g: -0.002405426869118495, curr_delay = 0.8883732369224165, data_size = 1651
user 29, emp_avg: 0.05491978922092492, h: 0.9088259010672639, ucb: 0.9637755553496221,num_of_obs: 38, privacy reward: 0.21013607120076416, g: 0.0028504261097650283, curr_delay = 0.9296286560328653, data_size = 2489
num of fast users chosen: 1, num of slow users chosen: 4
max_delay = 0.93 seconds
global epoch 187 has been done artifficialy in 0.93 secs, the total time by now is 162.84 
 with avg train loss 1.126, val loss 1.260, avg val acc 57.17%
iteration: 188
user 6, emp_avg: 0.5016810755627503, h: 1.1210468639085467, ucb: 1.630251600222628,num_of_obs: 25, privacy reward: 0.3534546819587794, g: 0.0002758557406364871, curr_delay = 0.1594440851713742, data_size = 1451
user 17, emp_avg: 0.06786734630899695, h: 0.5470148581335376, ucb: 0.6149163964062085,num_of_obs: 105, privacy reward: 0.014407591843111467, g: 6.878190030340601e-05, curr_delay = 0.7778809232971805, data_size = 5498
user 18, emp_avg: 0.06626935325152, h: 0.9474575267823686, ucb: 1.0136841005927395,num_of_obs: 35, privacy reward: 0.23692775868212124, g: 1.888120757020595e-05, curr_delay = 0.7378262321165413, data_size = 1848
user 19, emp_avg: 0.06505256429776758, h: 0.6699536420740478, ucb: 0.7349978409035917,num_of_obs: 70, privacy reward: 0.05842566596450016, g: -0.00022253911945167124, curr_delay = 0.7617521552530474, data_size = 3467
user 27, emp_avg: 0.05746245338666389, h: 1.253368496831233, ucb: 1.3106698762747067,num_of_obs: 20, privacy reward: 0.4317105234290791, g: -9.574701913413174e-05, curr_delay = 0.8239413325033972, data_size = 937
num of fast users chosen: 1, num of slow users chosen: 4
max_delay = 0.82 seconds
global epoch 188 has been done artifficialy in 0.82 secs, the total time by now is 163.66 
 with avg train loss 1.170, val loss 1.197, avg val acc 57.75%
iteration: 189
user 15, emp_avg: 0.0731665894538273, h: 1.618911210514592, ucb: 1.6914253743172412,num_of_obs: 12, privacy reward: 0.5945205479701939, g: -5.958091726985743e-05, curr_delay = 0.617316742574382, data_size = 541
user 23, emp_avg: 0.06104767507841222, h: 0.6193080530047702, ucb: 0.6804102359423803,num_of_obs: 82, privacy reward: 0.03615283175404571, g: 2.714129798864102e-05, curr_delay = 0.8837352493252373, data_size = 4259
user 25, emp_avg: 0.059328482094829625, h: 1.1447430950937902, ucb: 1.2040644073506421,num_of_obs: 24, privacy reward: 0.36787944117144167, g: 0.0005202818415148055, curr_delay = 0.8403282508147696, data_size = 1453
user 26, emp_avg: 0.05814353816713798, h: 0.8454488061803443, ucb: 0.9036482057096533,num_of_obs: 44, privacy reward: 0.16529888822158578, g: 0.0011489929230322448, curr_delay = 0.8978975834313457, data_size = 2587
user 29, emp_avg: 0.054837488957170444, h: 0.8980103661436674, ucb: 0.9529301553645922,num_of_obs: 39, privacy reward: 0.2018965179946548, g: 0.0025249350470182624, curr_delay = 0.9684708753183656, data_size = 2489
num of fast users chosen: 0, num of slow users chosen: 5
max_delay = 0.97 seconds
global epoch 189 has been done artifficialy in 0.97 secs, the total time by now is 164.63 
 with avg train loss 1.148, val loss 1.228, avg val acc 57.40%
iteration: 190
user 9, emp_avg: 0.36998391411821613, h: 0.712584397185558, ucb: 1.0826904685963905,num_of_obs: 62, privacy reward: 0.08045960674953179, g: -3.3643776557424806e-05, curr_delay = 0.13796522627119456, data_size = 3109
user 13, emp_avg: 0.2959537112551179, h: 1.6917485422690206, ucb: 1.986409937674823,num_of_obs: 11, privacy reward: 0.6187833918061405, g: 2.527461624677734e-06, curr_delay = 0.1612023447902065, data_size = 577
user 17, emp_avg: 0.06795134386516102, h: 0.5449783138576451, ucb: 0.612845660166642,num_of_obs: 106, privacy reward: 0.013842662086478552, g: 7.937717438569768e-05, curr_delay = 0.6505750415609388, data_size = 5498
user 21, emp_avg: 0.06325136251338673, h: 0.8098629569378147, ucb: 0.8730192486121026,num_of_obs: 48, privacy reward: 0.1408584209210444, g: -0.0014828558676507348, curr_delay = 0.7373025863812754, data_size = 2077
user 28, emp_avg: 0.055946129389848366, h: 0.8657799186002746, ucb: 0.9217288263934156,num_of_obs: 42, privacy reward: 0.17906614791149256, g: -0.0025853610720448293, curr_delay = 0.8955848953156291, data_size = 1651
num of fast users chosen: 2, num of slow users chosen: 3
max_delay = 0.90 seconds
global epoch 190 has been done artifficialy in 0.90 secs, the total time by now is 165.53 
 with avg train loss 1.189, val loss 1.217, avg val acc 58.22%
iteration: 191
user 1, emp_avg: 0.6916565045270737, h: 1.1009373727783027, ucb: 1.7807345120948792,num_of_obs: 26, privacy reward: 0.33959552564493845, g: 5.909987477368157e-06, curr_delay = 0.05, data_size = 1344
user 11, emp_avg: 0.36143224713963684, h: 1.449451403538129, ucb: 1.8099460425330138,num_of_obs: 15, privacy reward: 0.5272924240430481, g: 0.004534979611010852, curr_delay = 0.13315707976552837, data_size = 1415
user 21, emp_avg: 0.06312853754526693, h: 0.80195730672002, ucb: 0.8652086692334067,num_of_obs: 49, privacy reward: 0.13533528323661215, g: -0.0017995235326172673, curr_delay = 0.8755016651861969, data_size = 2077
user 23, emp_avg: 0.06098856892216552, h: 0.6161837522081368, ucb: 0.6772314272865491,num_of_obs: 83, privacy reward: 0.034735258944737835, g: 2.0405015673005942e-05, curr_delay = 0.8915396072584055, data_size = 4259
user 26, emp_avg: 0.05810399763861383, h: 0.8368411580100196, ucb: 0.8949846961771576,num_of_obs: 45, privacy reward: 0.15881742610691996, g: 0.0009671438630618692, curr_delay = 0.8877104220557688, data_size = 2587
num of fast users chosen: 2, num of slow users chosen: 3
max_delay = 0.89 seconds
global epoch 191 has been done artifficialy in 0.89 secs, the total time by now is 166.42 
 with avg train loss 1.226, val loss 1.282, avg val acc 56.68%
iteration: 192
user 4, emp_avg: 0.6026307498761717, h: 1.8721636986880148, ucb: 2.498239359887725,num_of_obs: 9, privacy reward: 0.670320046035639, g: 7.917788985280047e-05, curr_delay = 0.12767265207095774, data_size = 541
user 12, emp_avg: 0.2997106375299536, h: 0.9233454484024851, ucb: 1.2255695388934593,num_of_obs: 37, privacy reward: 0.21871188695221422, g: -0.00029382495501499784, curr_delay = 0.24188139844255704, data_size = 1703
user 17, emp_avg: 0.06794066831103632, h: 0.5429666882965185, ucb: 0.6109180321616795,num_of_obs: 107, privacy reward: 0.013299883542442825, g: 9.048683902676092e-05, curr_delay = 0.7485211017269451, data_size = 5498
user 20, emp_avg: 0.06405289221453431, h: 1.0808942154045706, ucb: 1.1448219117690346,num_of_obs: 27, privacy reward: 0.3262797946230388, g: 1.695189612339242e-05, curr_delay = 0.7414747439850007, data_size = 1404
user 26, emp_avg: 0.05811537033422148, h: 0.828106433930245, ucb: 0.8862104315688588,num_of_obs: 46, privacy reward: 0.15259010575688325, g: 0.000735369522826843, curr_delay = 0.8526819031730893, data_size = 2587
num of fast users chosen: 2, num of slow users chosen: 3
max_delay = 0.85 seconds
global epoch 192 has been done artifficialy in 0.85 secs, the total time by now is 167.27 
 with avg train loss 1.209, val loss 1.261, avg val acc 55.52%
iteration: 193
user 9, emp_avg: 0.3687933856579624, h: 0.7079608671526365, ucb: 1.0779447812708527,num_of_obs: 63, privacy reward: 0.07730474044329905, g: -3.492108575894666e-05, curr_delay = 0.17018953752646887, data_size = 3109
user 10, emp_avg: 0.30711615649988194, h: 1.362871992034583, ucb: 1.6642222272555152,num_of_obs: 17, privacy reward: 0.48675225595997107, g: -0.0001566475336598162, curr_delay = 0.12341509768714717, data_size = 733
user 18, emp_avg: 0.06651020585876864, h: 0.9365441962257561, ucb: 1.002813549477276,num_of_obs: 36, privacy reward: 0.22763768838381226, g: 1.5895901937503334e-05, curr_delay = 0.665062538309647, data_size = 1848
user 20, emp_avg: 0.06381386395153263, h: 1.0619413007289547, ucb: 1.125994192943489,num_of_obs: 28, privacy reward: 0.3134861808826046, g: -1.1252815568534245e-07, curr_delay = 0.8753337032217097, data_size = 1404
user 23, emp_avg: 0.060963588458651546, h: 0.6131120958394433, ucb: 0.6741006647616088,num_of_obs: 84, privacy reward: 0.0333732699603253, g: 1.4737954220359788e-05, curr_delay = 0.849397860243759, data_size = 4259
num of fast users chosen: 2, num of slow users chosen: 3
max_delay = 0.88 seconds
global epoch 193 has been done artifficialy in 0.88 secs, the total time by now is 168.15 
 with avg train loss 1.213, val loss 1.198, avg val acc 59.03%
iteration: 194
user 3, emp_avg: 0.6991495856711373, h: 2.124925173619733, ucb: 2.7810961286724614,num_of_obs: 7, privacy reward: 0.7261490370736907, g: 0.0011019662025720063, curr_delay = 0.05, data_size = 672
user 8, emp_avg: 0.4062838032985881, h: 0.9502954270628532, ucb: 1.3599093257550485,num_of_obs: 35, privacy reward: 0.23692775868212124, g: -0.001447135721118079, curr_delay = 0.17257418919488654, data_size = 1381
user 17, emp_avg: 0.06794675148436097, h: 0.5409794696794227, ucb: 0.608920137990459,num_of_obs: 108, privacy reward: 0.012778387649534761, g: 0.00010207248379211456, curr_delay = 0.7288233006637859, data_size = 5498
user 19, emp_avg: 0.06523070404245584, h: 0.6672114447710866, ucb: 0.7322640090688542,num_of_obs: 71, privacy reward: 0.0561347628341331, g: -7.321713253268115e-05, curr_delay = 0.6420246815135778, data_size = 3467
user 29, emp_avg: 0.05485508665000709, h: 0.8889199760718055, ucb: 0.943757465028976,num_of_obs: 40, privacy reward: 0.19398004229089127, g: 0.0025414071633542376, curr_delay = 0.8999442947598107, data_size = 2489
num of fast users chosen: 2, num of slow users chosen: 3
max_delay = 0.90 seconds
global epoch 194 has been done artifficialy in 0.90 secs, the total time by now is 169.05 
 with avg train loss 1.156, val loss 1.235, avg val acc 57.21%
iteration: 195
user 6, emp_avg: 0.49268704587701045, h: 1.1031074525975468, ucb: 1.6047885281602972,num_of_obs: 26, privacy reward: 0.33959552564493845, g: 0.000264202123262597, curr_delay = 0.19316782849300518, data_size = 1451
user 14, emp_avg: 0.25062286537303674, h: 1.3257701608956391, ucb: 1.575809390256428,num_of_obs: 18, privacy reward: 0.4676664270099087, g: -6.697754447617516e-05, curr_delay = 0.19147674686030441, data_size = 816
user 18, emp_avg: 0.06636479332993268, h: 0.9247059043267886, ucb: 0.9912161101855572,num_of_obs: 37, privacy reward: 0.21871188695221422, g: 5.95789740389441e-07, curr_delay = 0.8198800612927599, data_size = 1848
user 19, emp_avg: 0.06524177560799259, h: 0.6628850804478196, ucb: 0.7281157844902755,num_of_obs: 72, privacy reward: 0.053933687300355304, g: -0.00013943096154317875, curr_delay = 0.7571291852692147, data_size = 3467
user 23, emp_avg: 0.060987255691690986, h: 0.6100915779993002, ucb: 0.6710551664579518,num_of_obs: 85, privacy reward: 0.03206468532786, g: 1.0078904547375954e-05, curr_delay = 0.7936637631239651, data_size = 4259
num of fast users chosen: 2, num of slow users chosen: 3
max_delay = 0.82 seconds
global epoch 195 has been done artifficialy in 0.82 secs, the total time by now is 169.87 
 with avg train loss 1.193, val loss 1.232, avg val acc 57.45%
iteration: 196
user 4, emp_avg: 0.5776228341031167, h: 1.7795698344089534, ucb: 2.3822005842851253,num_of_obs: 10, privacy reward: 0.6440364210831411, g: 2.2588991045065726e-05, curr_delay = 0.15265139768147246, data_size = 541
user 23, emp_avg: 0.06099968544799486, h: 0.606828276879657, ucb: 0.667815532571348,num_of_obs: 86, privacy reward: 0.03080741103275031, g: 8.800403735842603e-08, curr_delay = 0.805559721993805, data_size = 4259
user 24, emp_avg: 0.06017606270377503, h: 0.9379156553434959, ucb: 0.9982659572200424,num_of_obs: 36, privacy reward: 0.22763768838381226, g: 0.0016362220740118317, curr_delay = 0.9275843697552153, data_size = 2174
user 25, emp_avg: 0.05927638239488801, h: 1.125498786412195, ucb: 1.1848272685070247,num_of_obs: 25, privacy reward: 0.3534546819587794, g: 0.0004947418860308543, curr_delay = 0.8624572215077473, data_size = 1453
user 26, emp_avg: 0.05814632857443484, h: 0.8208543545545274, ucb: 0.8789697248887489,num_of_obs: 47, privacy reward: 0.14660696213034952, g: 0.000723885081892535, curr_delay = 0.8389069491075638, data_size = 2587
num of fast users chosen: 1, num of slow users chosen: 4
max_delay = 0.93 seconds
global epoch 196 has been done artifficialy in 0.93 secs, the total time by now is 170.79 
 with avg train loss 1.184, val loss 1.236, avg val acc 57.48%
iteration: 197
user 8, emp_avg: 0.4020214619156381, h: 0.9383677076656383, ucb: 1.3446515109642263,num_of_obs: 36, privacy reward: 0.22763768838381226, g: -0.0016297355056730182, curr_delay = 0.20114477758224894, data_size = 1381
user 19, emp_avg: 0.0652280924404095, h: 0.6589657979819376, ucb: 0.7242075735899302,num_of_obs: 73, privacy reward: 0.05181891717272524, g: -0.000172546488969126, curr_delay = 0.7784618754597615, data_size = 3467
user 21, emp_avg: 0.06307142290761764, h: 0.7962314032042184, ucb: 0.8593599407494853,num_of_obs: 50, privacy reward: 0.13002871087842538, g: -0.001574771859264449, curr_delay = 0.83034835520054, data_size = 2077
user 23, emp_avg: 0.06101365901867657, h: 0.603621469005203, ucb: 0.6646211544531978,num_of_obs: 87, privacy reward: 0.029599435167891208, g: -6.5137275646261924e-06, curr_delay = 0.8034792623090888, data_size = 4259
user 27, emp_avg: 0.05761058919518114, h: 1.2286117285942801, ucb: 1.286074181980944,num_of_obs: 21, privacy reward: 0.41478291168158077, g: -0.00010002093364030261, curr_delay = 0.8234323664467565, data_size = 937
num of fast users chosen: 1, num of slow users chosen: 4
max_delay = 0.83 seconds
global epoch 197 has been done artifficialy in 0.83 secs, the total time by now is 171.62 
 with avg train loss 1.190, val loss 1.180, avg val acc 58.67%
iteration: 198
user 3, emp_avg: 0.6623074025212294, h: 1.9915321421008754, ucb: 2.6906817277720125,num_of_obs: 8, privacy reward: 0.6976763260710308, g: 0.0008337257844106543, curr_delay = 0.13602853477161125, data_size = 672
user 18, emp_avg: 0.06626573437739491, h: 0.9137776158137685, ucb: 0.9801424091437012,num_of_obs: 38, privacy reward: 0.21013607120076416, g: -1.9704523026615933e-06, curr_delay = 0.799980874940933, data_size = 1848
user 19, emp_avg: 0.06522611506037104, h: 0.6548117346949056, ucb: 0.7200398271353151,num_of_obs: 74, privacy reward: 0.049787068367863285, g: -0.00026616921828888525, curr_delay = 0.7682876791133834, data_size = 3467
user 23, emp_avg: 0.060993583143054086, h: 0.6004695339346688, ucb: 0.6614831929533455,num_of_obs: 88, privacy reward: 0.028438824714183686, g: -2.886138698304299e-05, curr_delay = 0.8442109051834831, data_size = 4259
user 28, emp_avg: 0.05600884927973825, h: 0.8590097352260864, ucb: 0.9149558646159347,num_of_obs: 43, privacy reward: 0.17204486382304973, g: -0.0022057611589127203, curr_delay = 0.8517045356506502, data_size = 1651
num of fast users chosen: 1, num of slow users chosen: 4
max_delay = 0.85 seconds
global epoch 198 has been done artifficialy in 0.85 secs, the total time by now is 172.47 
 with avg train loss 1.177, val loss 1.157, avg val acc 59.50%
iteration: 199
user 7, emp_avg: 0.3918844902615256, h: 1.8785286484772228, ucb: 2.2763716836574472,num_of_obs: 9, privacy reward: 0.670320046035639, g: 0.00011124058481868695, curr_delay = 0.14781634491118206, data_size = 541
user 9, emp_avg: 0.36569380209044205, h: 0.7044482431789586, ucb: 1.073241628836921,num_of_obs: 64, privacy reward: 0.07427357821433322, g: -1.1937229352213346e-06, curr_delay = 0.2988277815035552, data_size = 3109
user 17, emp_avg: 0.06793219384492423, h: 0.5397912351157346, ucb: 0.6077379866000956,num_of_obs: 109, privacy reward: 0.012277339903067452, g: 0.00036349063038896467, curr_delay = 0.7536316247966126, data_size = 5498
user 24, emp_avg: 0.06023669351313523, h: 0.9264846223012708, ucb: 0.9866606850050459,num_of_obs: 37, privacy reward: 0.21871188695221422, g: 0.0014587864560104042, curr_delay = 0.8002556533911004, data_size = 2174
user 28, emp_avg: 0.05603906614422323, h: 0.8495965479453248, ucb: 0.9056053972250631,num_of_obs: 44, privacy reward: 0.16529888822158578, g: -0.0025907430232790614, curr_delay = 0.8715567901134714, data_size = 1651
num of fast users chosen: 2, num of slow users chosen: 3
max_delay = 0.87 seconds
global epoch 199 has been done artifficialy in 0.87 secs, the total time by now is 173.35 
 with avg train loss 1.166, val loss 1.168, avg val acc 59.12%
iteration: 200
user 2, emp_avg: 0.713207596433454, h: 1.4095634120022815, ucb: 2.1048464832128264,num_of_obs: 16, privacy reward: 0.5066169923655891, g: -0.000586938038048677, curr_delay = 0.05, data_size = 541
user 9, emp_avg: 0.36408068161187784, h: 0.6993392947774483, ucb: 1.0650330968678903,num_of_obs: 65, privacy reward: 0.07136126955638533, g: -2.0111063875013342e-05, curr_delay = 0.19288050995506895, data_size = 3109
user 11, emp_avg: 0.3531173651383377, h: 1.4095634120022815, ucb: 1.7709956591419185,num_of_obs: 16, privacy reward: 0.5066169923655891, g: 0.00433968540758848, curr_delay = 0.22719088370085272, data_size = 1415
user 12, emp_avg: 0.2975386720953224, h: 0.9146455194757466, ucb: 1.2143561570057002,num_of_obs: 38, privacy reward: 0.21013607120076416, g: -0.00020831119141247753, curr_delay = 0.2325538285500748, data_size = 1703
user 23, emp_avg: 0.06097232660176068, h: 0.5976536913827799, ucb: 0.658647274525834,num_of_obs: 89, privacy reward: 0.027323722447291754, g: -3.513922839834176e-05, curr_delay = 0.8463030055051048, data_size = 4259
num of fast users chosen: 4, num of slow users chosen: 1
max_delay = 0.85 seconds
global epoch 200 has been done artifficialy in 0.85 secs, the total time by now is 174.19 
 with avg train loss 1.223, val loss 1.192, avg val acc 57.91%
iteration: 201
user 10, emp_avg: 0.34358372721041447, h: 1.3295744818122672, ucb: 1.6366906383121491,num_of_obs: 18, privacy reward: 0.4676664270099087, g: -0.00019558661610468003, curr_delay = 0.05, data_size = 733
user 17, emp_avg: 0.0679078868412376, h: 0.5378393596634801, ucb: 0.6057715535084043,num_of_obs: 110, privacy reward: 0.011795938519750582, g: 0.0003818288782177332, curr_delay = 0.7664701038647244, data_size = 5498
user 25, emp_avg: 0.05916252829623194, h: 1.1062728389359828, ucb: 1.165549221330871,num_of_obs: 26, privacy reward: 0.33959552564493845, g: 0.00041781733535274277, curr_delay = 0.88964296242349, data_size = 1453
user 26, emp_avg: 0.05820250044053392, h: 0.8141947638663518, ucb: 0.8723410924407866,num_of_obs: 48, privacy reward: 0.1408584209210444, g: 0.0007781344158407453, curr_delay = 0.8210349143305696, data_size = 2587
user 29, emp_avg: 0.05481158857746541, h: 0.8809616343402118, ucb: 0.9358167209902188,num_of_obs: 41, privacy reward: 0.1863739760394093, g: 0.0027686369433389587, curr_delay = 0.9428951114073505, data_size = 2489
num of fast users chosen: 1, num of slow users chosen: 4
max_delay = 0.94 seconds
global epoch 201 has been done artifficialy in 0.94 secs, the total time by now is 175.14 
 with avg train loss 1.139, val loss 1.232, avg val acc 56.58%
iteration: 202
user 1, emp_avg: 0.7026687722225354, h: 1.086100844243726, ucb: 1.7777573487707998,num_of_obs: 27, privacy reward: 0.3262797946230388, g: 2.3944724430383085e-05, curr_delay = 0.05, data_size = 1344
user 4, emp_avg: 0.5764324566513012, h: 1.7015930018770706, ucb: 2.279215835980187,num_of_obs: 11, privacy reward: 0.6187833918061405, g: 1.7364659367855997e-06, curr_delay = 0.08875661318341188, data_size = 541
user 9, emp_avg: 0.3642472255404482, h: 0.694672434081587, ucb: 1.0587531156934649,num_of_obs: 66, privacy reward: 0.06856315415427716, g: -3.8653692099252567e-05, curr_delay = 0.13324836535415405, data_size = 3109
user 23, emp_avg: 0.06108113171213637, h: 0.5948819321176937, ucb: 0.6558542587194544,num_of_obs: 90, privacy reward: 0.026252343965687097, g: -4.1891825930219056e-05, curr_delay = 0.7054813907241634, data_size = 4259
user 29, emp_avg: 0.05487861573908675, h: 0.8708179814241325, ucb: 0.9256295700015978,num_of_obs: 42, privacy reward: 0.17906614791149256, g: 0.002369464549045222, curr_delay = 0.8666449024937719, data_size = 2489
num of fast users chosen: 3, num of slow users chosen: 2
max_delay = 0.87 seconds
global epoch 202 has been done artifficialy in 0.87 secs, the total time by now is 176.00 
 with avg train loss 1.194, val loss 1.218, avg val acc 57.03%
iteration: 203
user 0, emp_avg: 0.6677204871288808, h: 1.2953202382798652, ucb: 1.9458789614107115,num_of_obs: 19, privacy reward: 0.449328964117221, g: 8.252547411311078e-05, curr_delay = 0.05031223759094747, data_size = 996
user 9, emp_avg: 0.36400189432488655, h: 0.689789453862886, ucb: 1.0540366794033342,num_of_obs: 67, privacy reward: 0.06587475442640223, g: -9.089328840658732e-05, curr_delay = 0.1438581063766376, data_size = 3109
user 11, emp_avg: 0.3603189944044137, h: 1.3693973744218921, ucb: 1.7225147395602298,num_of_obs: 17, privacy reward: 0.48675225595997107, g: 0.003860440882633593, curr_delay = 0.10357398784099332, data_size = 1415
user 17, emp_avg: 0.06796336693452668, h: 0.5359107418138285, ucb: 0.6038186286550661,num_of_obs: 111, privacy reward: 0.011333413154666405, g: 0.0004002438033263219, curr_delay = 0.6745666763039965, data_size = 5498
user 29, emp_avg: 0.0550247058191164, h: 0.8610328556280226, ucb: 0.9159114713671093,num_of_obs: 43, privacy reward: 0.17204486382304973, g: 0.002004825524079393, curr_delay = 0.8155731506015317, data_size = 2489
num of fast users chosen: 3, num of slow users chosen: 2
max_delay = 0.82 seconds
global epoch 203 has been done artifficialy in 0.82 secs, the total time by now is 176.82 
 with avg train loss 1.224, val loss 1.435, avg val acc 48.93%
iteration: 204
user 7, emp_avg: 0.38586750437777867, h: 1.78630120537006, ucb: 2.1781856956315857,num_of_obs: 10, privacy reward: 0.6440364210831411, g: 4.561095132152584e-05, curr_delay = 0.15351661482554954, data_size = 541
user 9, emp_avg: 0.3627285388456426, h: 0.6850152420273462, ucb: 1.0490171363522327,num_of_obs: 68, privacy reward: 0.06329176835964001, g: -0.00016429777636069425, curr_delay = 0.18106733426092297, data_size = 3109
user 17, emp_avg: 0.06797781273004709, h: 0.533759576386702, ucb: 0.6017229433212287,num_of_obs: 112, privacy reward: 0.010889023668553377, g: 0.0003162890046663627, curr_delay = 0.7184347588869928, data_size = 5498
user 25, emp_avg: 0.05939711034963695, h: 1.0871082940887224, ucb: 1.1462708223849545,num_of_obs: 27, privacy reward: 0.3262797946230388, g: 0.0003041840599499634, curr_delay = 0.760678104951041, data_size = 1453
user 29, emp_avg: 0.05496244039088959, h: 0.85158568622233, ucb: 0.9066103920414464,num_of_obs: 44, privacy reward: 0.16529888822158578, g: 0.001673764221344595, curr_delay = 0.957436920549899, data_size = 2489
num of fast users chosen: 2, num of slow users chosen: 3
max_delay = 0.96 seconds
global epoch 204 has been done artifficialy in 0.96 secs, the total time by now is 177.78 
 with avg train loss 1.184, val loss 1.342, avg val acc 52.53%
iteration: 205
user 0, emp_avg: 0.661552005417989, h: 1.2636862718814044, ucb: 1.9314067590102852,num_of_obs: 20, privacy reward: 0.4317105234290791, g: 2.6208632753747687e-05, curr_delay = 0.0929053099388957, data_size = 996
user 17, emp_avg: 0.0679746493339809, h: 0.5316368102448786, ucb: 0.5996146229749257,num_of_obs: 113, privacy reward: 0.010462058943425778, g: 0.00024288011611144284, curr_delay = 0.739456982307432, data_size = 5498
user 26, emp_avg: 0.05822455630704844, h: 0.8073395446171717, ucb: 0.8655420450577056,num_of_obs: 49, privacy reward: 0.13533528323661215, g: 0.0007659964395475136, curr_delay = 0.8430950565233736, data_size = 2587
user 28, emp_avg: 0.056192574931044306, h: 0.8424575145876029, ucb: 0.8984965807318261,num_of_obs: 45, privacy reward: 0.15881742610691996, g: -0.0024310825782319244, curr_delay = 0.7923871206058943, data_size = 1651
user 29, emp_avg: 0.054998692456120046, h: 0.8424575145876029, ucb: 0.8974199549784925,num_of_obs: 45, privacy reward: 0.15881742610691996, g: 0.0013753523355219093, curr_delay = 0.8829236933076957, data_size = 2489
num of fast users chosen: 1, num of slow users chosen: 4
max_delay = 0.88 seconds
global epoch 205 has been done artifficialy in 0.88 secs, the total time by now is 178.66 
 with avg train loss 1.106, val loss 1.369, avg val acc 51.98%
iteration: 206
user 9, emp_avg: 0.3608470001268057, h: 0.6806567269150774, ucb: 1.0433852657607199,num_of_obs: 69, privacy reward: 0.060810062625217265, g: -0.00020839787637519586, curr_delay = 0.21643070158993769, data_size = 3109
user 10, emp_avg: 0.34175943272324566, h: 1.2971072473765266, ucb: 1.6406909745869411,num_of_obs: 19, privacy reward: 0.449328964117221, g: -0.00027775553598278466, curr_delay = 0.16281456233102495, data_size = 733
user 18, emp_avg: 0.06624862558005876, h: 0.9053580820519904, ucb: 0.9716238164293853,num_of_obs: 39, privacy reward: 0.2018965179946548, g: 1.4282056132573194e-06, curr_delay = 0.762411497077506, data_size = 1848
user 20, emp_avg: 0.06406101159100469, h: 1.0499139047254187, ucb: 1.1137277686769513,num_of_obs: 29, privacy reward: 0.3011942119122014, g: 1.57257375898142e-05, curr_delay = 0.7019682460275561, data_size = 1404
user 23, emp_avg: 0.0610711168326159, h: 0.5926959917204695, ucb: 0.6537771234326059,num_of_obs: 91, privacy reward: 0.025222974835226397, g: -7.157807255235537e-06, curr_delay = 0.8311202982853879, data_size = 4259
num of fast users chosen: 2, num of slow users chosen: 3
max_delay = 0.83 seconds
global epoch 206 has been done artifficialy in 0.83 secs, the total time by now is 179.49 
 with avg train loss 1.257, val loss 1.317, avg val acc 53.94%
iteration: 207
user 0, emp_avg: 0.6583403937119748, h: 1.234355678454538, ucb: 1.8959076838725268,num_of_obs: 21, privacy reward: 0.41478291168158077, g: 1.5156983344743836e-06, curr_delay = 0.08461718075508835, data_size = 996
user 19, emp_avg: 0.0652387826432523, h: 0.6531596309182232, ucb: 0.7183857459785942,num_of_obs: 75, privacy reward: 0.047834889494197785, g: -2.3972384384237205e-05, curr_delay = 0.755414227216971, data_size = 3467
user 21, emp_avg: 0.0631121991792298, h: 0.7920723966662591, ucb: 0.8551438195738768,num_of_obs: 51, privacy reward: 0.12493021219858191, g: -0.0010402624759943632, curr_delay = 0.7669677538052926, data_size = 2077
user 23, emp_avg: 0.06110822437146286, h: 0.5897338452695734, ucb: 0.6508049621021893,num_of_obs: 92, privacy reward: 0.024233967845690207, g: -2.886138698304299e-05, curr_delay = 0.774928064858691, data_size = 4259
user 25, emp_avg: 0.059519446084049334, h: 1.068983374847206, ucb: 1.1283804851968429,num_of_obs: 28, privacy reward: 0.3134861808826046, g: 0.00021106609494121853, curr_delay = 0.7943462040654516, data_size = 1453
num of fast users chosen: 1, num of slow users chosen: 4
max_delay = 0.79 seconds
global epoch 207 has been done artifficialy in 0.79 secs, the total time by now is 180.28 
 with avg train loss 1.240, val loss 1.346, avg val acc 54.38%
iteration: 208
user 9, emp_avg: 0.3607821807393032, h: 0.676389875718434, ucb: 1.0372368758452397,num_of_obs: 70, privacy reward: 0.05842566596450016, g: -0.00025673645276051384, curr_delay = 0.1403529165497674, data_size = 3109
user 13, emp_avg: 0.2984417044348584, h: 1.6336367527240132, ucb: 1.929590463979131,num_of_obs: 12, privacy reward: 0.5945205479701939, g: 3.2120826025189147e-06, curr_delay = 0.15230082875798845, data_size = 577
user 17, emp_avg: 0.06793339844032566, h: 0.5300217512766671, ucb: 0.597996400610648,num_of_obs: 114, privacy reward: 0.010051835744632642, g: 0.0003507080436017133, curr_delay = 0.7907539160871578, data_size = 5498
user 18, emp_avg: 0.06653582375449, h: 0.8947797002364312, ucb: 0.9610283258164899,num_of_obs: 40, privacy reward: 0.19398004229089127, g: -3.2120826025189647e-06, curr_delay = 0.6408305103392035, data_size = 1848
user 20, emp_avg: 0.06410761363020992, h: 1.0332026015938325, ucb: 1.0972636131848372,num_of_obs: 30, privacy reward: 0.2893842179390499, g: 2.6163103311006276e-07, curr_delay = 0.7632926482751131, data_size = 1404
num of fast users chosen: 2, num of slow users chosen: 3
max_delay = 0.79 seconds
global epoch 208 has been done artifficialy in 0.79 secs, the total time by now is 181.07 
 with avg train loss 1.245, val loss 1.348, avg val acc 52.82%
iteration: 209
user 7, emp_avg: 0.3806040800030514, h: 1.7070443758355303, ucb: 2.092911880213309,num_of_obs: 11, privacy reward: 0.6187833918061405, g: 9.869756928078235e-06, curr_delay = 0.154939592642584, data_size = 541
user 8, emp_avg: 0.4021677643288886, h: 0.930765530781835, ucb: 1.3327869926974731,num_of_obs: 37, privacy reward: 0.21871188695221422, g: -0.0012014791177427098, curr_delay = 0.12267501598398958, data_size = 1381
user 9, emp_avg: 0.3617652941818539, h: 0.6719113530542726, ucb: 1.0326935337935759,num_of_obs: 71, privacy reward: 0.0561347628341331, g: -0.0003685422686003683, curr_delay = 0.11585704066560597, data_size = 3109
user 23, emp_avg: 0.061145340213617026, h: 0.5870832359497362, ucb: 0.6481914603211991,num_of_obs: 93, privacy reward: 0.02328374037489611, g: -3.485617225819524e-05, curr_delay = 0.7740283932922017, data_size = 4259
user 29, emp_avg: 0.05492312484185978, h: 0.8347611675072211, ucb: 0.8897598599633412,num_of_obs: 46, privacy reward: 0.15259010575688325, g: 0.0013324138436402397, curr_delay = 0.9718736918451876, data_size = 2489
num of fast users chosen: 3, num of slow users chosen: 2
max_delay = 0.97 seconds
global epoch 209 has been done artifficialy in 0.97 secs, the total time by now is 182.05 
 with avg train loss 1.206, val loss 1.297, avg val acc 54.25%
iteration: 210
user 1, emp_avg: 0.712921573180379, h: 1.070424568375705, ucb: 1.7730933405982405,num_of_obs: 28, privacy reward: 0.3134861808826046, g: 2.728357010427384e-05, curr_delay = 0.05, data_size = 1344
user 9, emp_avg: 0.36004945621268064, h: 0.6675269988745441, ucb: 1.0292922930563981,num_of_obs: 72, privacy reward: 0.053933687300355304, g: -0.0004991506178409294, curr_delay = 0.21140833590607877, data_size = 3109
user 14, emp_avg: 0.24982623900894768, h: 1.2994461408069777, ucb: 1.5500690061800144,num_of_obs: 19, privacy reward: 0.449328964117221, g: -4.035399117311568e-05, curr_delay = 0.2130466912556002, data_size = 816
user 23, emp_avg: 0.06112440352523698, h: 0.5842129200927026, ucb: 0.6453582603063197,num_of_obs: 94, privacy reward: 0.02237077185616476, g: -7.304920338490007e-05, curr_delay = 0.845217731116819, data_size = 4259
user 24, emp_avg: 0.060178474137779665, h: 0.9188471779513032, ucb: 0.9790838714644384,num_of_obs: 38, privacy reward: 0.21013607120076416, g: 0.0018637637674547617, curr_delay = 0.8625725610433579, data_size = 2174
num of fast users chosen: 3, num of slow users chosen: 2
max_delay = 0.86 seconds
global epoch 210 has been done artifficialy in 0.86 secs, the total time by now is 182.91 
 with avg train loss 1.249, val loss 1.208, avg val acc 59.15%
iteration: 211
user 1, emp_avg: 0.7131005126327387, h: 1.0522742005451713, ucb: 1.7651957737255501,num_of_obs: 29, privacy reward: 0.3011942119122014, g: 1.2453281924616484e-06, curr_delay = 0.06960979121594375, data_size = 1344
user 18, emp_avg: 0.06646167380451388, h: 0.8849851700680639, ucb: 0.9515209938225538,num_of_obs: 41, privacy reward: 0.1863739760394093, g: -1.4419732528309585e-05, curr_delay = 0.7883758601760238, data_size = 1848
user 19, emp_avg: 0.06515893449652466, h: 0.6500116274350345, ucb: 0.7152504100782868,num_of_obs: 76, privacy reward: 0.045959256649043545, g: -7.655697135443388e-06, curr_delay = 0.8461600572323109, data_size = 3467
user 23, emp_avg: 0.06112901994818621, h: 0.5813880740440017, ucb: 0.6425124775692387,num_of_obs: 95, privacy reward: 0.02149360134508893, g: -0.00012465280093459583, curr_delay = 0.8121157254476199, data_size = 4259
num of fast users chosen: 1, num of slow users chosen: 3
max_delay = 0.85 seconds
global epoch 211 has been done artifficialy in 0.85 secs, the total time by now is 183.75 
 with avg train loss 1.209, val loss 1.248, avg val acc 56.32%
iteration: 212
user 5, emp_avg: 0.5826215772449332, h: 1.889724190575971, ucb: 2.4956038019562317,num_of_obs: 9, privacy reward: 0.670320046035639, g: 0.0004831274117352248, curr_delay = 0.13394079232028874, data_size = 625
user 12, emp_avg: 0.29591674817250047, h: 0.9077941375132286, ucb: 1.205332809608551,num_of_obs: 39, privacy reward: 0.2018965179946548, g: -7.048028706599152e-05, curr_delay = 0.2149042869420601, data_size = 1703
user 19, emp_avg: 0.06532628763060741, h: 0.6460621743232812, ucb: 0.7112211088198058,num_of_obs: 77, privacy reward: 0.044157168419692305, g: -3.34646834013363e-05, curr_delay = 0.639284173933175, data_size = 3467
user 23, emp_avg: 0.06122488212620058, h: 0.5786075026881355, ucb: 0.6397365226363217,num_of_obs: 96, privacy reward: 0.020650825181711685, g: -0.0001892832169770264, curr_delay = 0.7099484241913663, data_size = 4259
user 25, emp_avg: 0.05962170900428463, h: 1.0527389178910815, ucb: 1.112258363975131,num_of_obs: 29, privacy reward: 0.3011942119122014, g: 0.00016903540352678872, curr_delay = 0.7988836886193087, data_size = 1453
num of fast users chosen: 2, num of slow users chosen: 3
max_delay = 0.80 seconds
global epoch 212 has been done artifficialy in 0.80 secs, the total time by now is 184.55 
 with avg train loss 1.220, val loss 1.245, avg val acc 57.28%
iteration: 213
user 3, emp_avg: 0.6542104843512057, h: 1.890554092624598, ucb: 2.5528614951458275,num_of_obs: 9, privacy reward: 0.670320046035639, g: 0.000730341403488525, curr_delay = 0.08600845120657591, data_size = 672
user 9, emp_avg: 0.36133566820723023, h: 0.6638178595113678, ucb: 1.0238673157240485,num_of_obs: 73, privacy reward: 0.05181891717272524, g: -0.0004931748673758824, curr_delay = 0.10983479568465346, data_size = 3109
user 17, emp_avg: 0.06786136677846427, h: 0.5288852344832523, ucb: 0.596818632923578,num_of_obs: 115, privacy reward: 0.009657697627536765, g: 0.0007235035027813103, curr_delay = 0.8392398239846315, data_size = 5498
user 20, emp_avg: 0.06391522638396459, h: 1.018660616411389, ucb: 1.0827682300415988,num_of_obs: 31, privacy reward: 0.2780373004531934, g: -6.36226478029718e-07, curr_delay = 0.8627945794721738, data_size = 1404
user 29, emp_avg: 0.054849062801859715, h: 0.8272969699409902, ucb: 0.88222009478285,num_of_obs: 47, privacy reward: 0.14660696213034952, g: 0.001291731123829017, curr_delay = 0.9733658501651257, data_size = 2489
num of fast users chosen: 2, num of slow users chosen: 3
max_delay = 0.97 seconds
global epoch 213 has been done artifficialy in 0.97 secs, the total time by now is 185.53 
 with avg train loss 1.205, val loss 1.287, avg val acc 54.73%
iteration: 214
user 6, emp_avg: 0.502369723107747, h: 1.0919886054576304, ucb: 1.584675651334641,num_of_obs: 27, privacy reward: 0.3262797946230388, g: 0.0005484685102687906, curr_delay = 0.06546199074393876, data_size = 1451
user 9, emp_avg: 0.36985119263113386, h: 0.6596052882998461, ucb: 1.0209409565070764,num_of_obs: 74, privacy reward: 0.049787068367863285, g: -0.0006390242314590896, curr_delay = 0.05, data_size = 3109
user 17, emp_avg: 0.0678968701631896, h: 0.526830602315026, ucb: 0.5946919690934902,num_of_obs: 116, privacy reward: 0.009279013887063758, g: 0.0006124659265833815, curr_delay = 0.6942972650794942, data_size = 5498
user 21, emp_avg: 0.06310167655400233, h: 0.7868615371565492, ucb: 0.849973736335779,num_of_obs: 52, privacy reward: 0.12003162851145621, g: -0.0008333003903943421, curr_delay = 0.7993030072383447, data_size = 2077
user 22, emp_avg: 0.061463741567237766, h: 1.7108173509155609, ucb: 1.771851028016801,num_of_obs: 11, privacy reward: 0.6187833918061405, g: 1.910849727034383e-05, curr_delay = 0.7553503273519488, data_size = 541
num of fast users chosen: 2, num of slow users chosen: 3
max_delay = 0.80 seconds
global epoch 214 has been done artifficialy in 0.80 secs, the total time by now is 186.33 
 with avg train loss 1.249, val loss 1.338, avg val acc 52.04%
iteration: 215
user 4, emp_avg: 0.5857593183014344, h: 1.6386943015900894, ucb: 2.2151267582413907,num_of_obs: 12, privacy reward: 0.5945205479701939, g: -1.6611829427437605e-09, curr_delay = 0.0716659230170217, data_size = 541
user 8, emp_avg: 0.41275352205020466, h: 0.9208666994334307, ucb: 1.3230344637623193,num_of_obs: 38, privacy reward: 0.21013607120076416, g: -0.0011815067055747524, curr_delay = 0.061348766210687716, data_size = 1381
user 12, emp_avg: 0.31290655846942717, h: 0.8975498338360658, ucb: 1.1934665820085661,num_of_obs: 40, privacy reward: 0.19398004229089127, g: -0.0001098199478871391, curr_delay = 0.050377886016893525, data_size = 1703
user 19, emp_avg: 0.06532320402670858, h: 0.6427487862016282, ucb: 0.7080750738322357,num_of_obs: 78, privacy reward: 0.04242574108051078, g: -2.8815609325639913e-05, curr_delay = 0.7682535162151098, data_size = 3467
user 23, emp_avg: 0.0612291616495624, h: 0.5763717672743778, ucb: 0.6375966494005784,num_of_obs: 97, privacy reward: 0.019841094744369348, g: -0.00014618323100772012, curr_delay = 0.8111053242633846, data_size = 4259
num of fast users chosen: 3, num of slow users chosen: 2
max_delay = 0.81 seconds
global epoch 215 has been done artifficialy in 0.81 secs, the total time by now is 187.14 
 with avg train loss 1.268, val loss 1.367, avg val acc 52.57%
iteration: 216
user 8, emp_avg: 0.40842823301845604, h: 0.9093766595171041, ucb: 1.3221301815673088,num_of_obs: 39, privacy reward: 0.2018965179946548, g: -0.001458050047957761, curr_delay = 0.2085575667991985, data_size = 1381
user 13, emp_avg: 0.2935156806507716, h: 1.575086577500888, ucb: 1.8735282819357464,num_of_obs: 13, privacy reward: 0.5712090638488144, g: -4.90909165129667e-07, curr_delay = 0.2178864071973605, data_size = 577
user 17, emp_avg: 0.06789667428390526, h: 0.5250288591669627, ucb: 0.5929257293301523,num_of_obs: 117, privacy reward: 0.008915178548438596, g: 0.0006318917466728118, curr_delay = 0.7366617474316371, data_size = 5498
user 18, emp_avg: 0.06646918852911551, h: 0.8762972756909908, ucb: 0.9427589494955047,num_of_obs: 42, privacy reward: 0.17906614791149256, g: -1.543688798090614e-05, curr_delay = 0.7486732727723862, data_size = 1848
user 19, emp_avg: 0.0652317929951468, h: 0.6389436540014078, ucb: 0.7042668580281164,num_of_obs: 79, privacy reward: 0.0407622039783655, g: -6.91901276263966e-05, curr_delay = 0.8619155816689914, data_size = 3467
num of fast users chosen: 2, num of slow users chosen: 3
max_delay = 0.86 seconds
global epoch 216 has been done artifficialy in 0.86 secs, the total time by now is 188.00 
 with avg train loss 1.236, val loss 1.341, avg val acc 51.99%
iteration: 217
user 6, emp_avg: 0.4965400360881173, h: 1.073701609939764, ucb: 1.5760713330475111,num_of_obs: 28, privacy reward: 0.3134861808826046, g: 0.00042252326878564777, curr_delay = 0.15001104102031565, data_size = 1451
user 13, emp_avg: 0.28974372340314825, h: 1.518443378718641, ucb: 1.8119590593694128,num_of_obs: 14, privacy reward: 0.5488116360940261, g: -2.5316927612314407e-05, curr_delay = 0.21102716371792468, data_size = 577
user 18, emp_avg: 0.06660891184704906, h: 0.8664198472200463, ucb: 0.9328890357491618,num_of_obs: 43, privacy reward: 0.17204486382304973, g: -5.838821420648697e-05, curr_delay = 0.6885438671879589, data_size = 1848
user 19, emp_avg: 0.06517076412250523, h: 0.6352104387646148, ucb: 0.7004422317597616,num_of_obs: 80, privacy reward: 0.03916389509898632, g: -0.00012635814885203467, curr_delay = 0.8293461919246387, data_size = 3467
user 23, emp_avg: 0.0612179622919757, h: 0.5739176514317416, ucb: 0.6351468130813039,num_of_obs: 98, privacy reward: 0.019063114291610672, g: -0.00015727011654106176, curr_delay = 0.8316641107136109, data_size = 4259
num of fast users chosen: 2, num of slow users chosen: 3
max_delay = 0.83 seconds
global epoch 217 has been done artifficialy in 0.83 secs, the total time by now is 188.83 
 with avg train loss 1.240, val loss 1.308, avg val acc 54.16%
iteration: 218
user 16, emp_avg: 0.0685699717316177, h: 1.2118162622641824, ucb: 1.280318926481073,num_of_obs: 22, privacy reward: 0.3985190410845135, g: 0.00023945462231571564, curr_delay = 0.7137683642115555, data_size = 1129
user 17, emp_avg: 0.06795136968228165, h: 0.5232474410339698, ucb: 0.591144115317875,num_of_obs: 118, privacy reward: 0.008565609397496954, g: 0.0006512561110024324, curr_delay = 0.6719939959198272, data_size = 5498
user 20, emp_avg: 0.0638004418809098, h: 1.004784964195302, ucb: 1.0687001905792666,num_of_obs: 32, privacy reward: 0.26713530196584967, g: -4.189074156390761e-06, curr_delay = 0.8315684985142712, data_size = 1404
user 21, emp_avg: 0.06303772392365133, h: 0.7807467443456373, ucb: 0.8438484208996396,num_of_obs: 53, privacy reward: 0.11532512103806203, g: -0.0008407421932212625, curr_delay = 0.8382477772646499, data_size = 2077
user 26, emp_avg: 0.05826889466677512, h: 0.8038279713562415, ucb: 0.86205252766329,num_of_obs: 50, privacy reward: 0.13002871087842538, g: 0.0013945170331689971, curr_delay = 0.8266401294259464, data_size = 2587
num of fast users chosen: 0, num of slow users chosen: 5
max_delay = 0.84 seconds
global epoch 218 has been done artifficialy in 0.84 secs, the total time by now is 189.67 
 with avg train loss 1.270, val loss 1.481, avg val acc 43.61%
iteration: 219
user 19, emp_avg: 0.06517630237250742, h: 0.6318152407982305, ucb: 0.6969860049207357,num_of_obs: 81, privacy reward: 0.03762825680717552, g: -0.00015476189227320333, curr_delay = 0.7619059156748952, data_size = 3467
user 20, emp_avg: 0.06383171989519709, h: 0.9898642450371669, ucb: 1.0536646869180766,num_of_obs: 33, privacy reward: 0.25666077695355527, g: -3.5315249065522035e-05, curr_delay = 0.7708448665963277, data_size = 1404
user 21, emp_avg: 0.06311052250813817, h: 0.7738124758346747, ucb: 0.8368501997583261,num_of_obs: 54, privacy reward: 0.11080315836233334, g: -0.001053108362708585, curr_delay = 0.7458050768543869, data_size = 2077
user 23, emp_avg: 0.06121853903015159, h: 0.571498388333394, ucb: 0.6327163506253697,num_of_obs: 99, privacy reward: 0.01831563888873322, g: -0.00016854867060621701, curr_delay = 0.8159850011282878, data_size = 4259
user 27, emp_avg: 0.057559923521200484, h: 1.2123311574831772, ucb: 1.2699417466783585,num_of_obs: 22, privacy reward: 0.3985190410845135, g: -1.48894334158814e-05, curr_delay = 0.885813679322769, data_size = 937
num of fast users chosen: 0, num of slow users chosen: 5
max_delay = 0.89 seconds
global epoch 219 has been done artifficialy in 0.89 secs, the total time by now is 190.56 
 with avg train loss 1.244, val loss 1.325, avg val acc 52.23%
iteration: 220
user 11, emp_avg: 0.35917228009916463, h: 1.3408489283972749, ucb: 1.7011679228016885,num_of_obs: 18, privacy reward: 0.4676664270099087, g: 0.004103441052131379, curr_delay = 0.14769677690566202, data_size = 1415
user 17, emp_avg: 0.06797833929952729, h: 0.5214859608648258, ucb: 0.5894373305471075,num_of_obs: 119, privacy reward: 0.00822974704901891, g: 0.0006705527238295704, curr_delay = 0.7023682928022257, data_size = 5498
user 18, emp_avg: 0.06653651670052917, h: 0.8576098561768549, ucb: 0.924218768023904,num_of_obs: 44, privacy reward: 0.16529888822158578, g: -8.995642469975575e-05, curr_delay = 0.7892519012652661, data_size = 1848
user 22, emp_avg: 0.061518905529613026, h: 1.6421978483654704, ucb: 1.703661589932708,num_of_obs: 12, privacy reward: 0.5945205479701939, g: 1.5073487754383226e-06, curr_delay = 0.8041057888844103, data_size = 541
user 26, emp_avg: 0.05827950872286452, h: 0.796582963173281, ucb: 0.8548518578400561,num_of_obs: 51, privacy reward: 0.12493021219858191, g: 0.0012168131620068348, curr_delay = 0.8500390721154809, data_size = 2587
num of fast users chosen: 1, num of slow users chosen: 4
max_delay = 0.85 seconds
global epoch 220 has been done artifficialy in 0.85 secs, the total time by now is 191.41 
 with avg train loss 1.228, val loss 1.452, avg val acc 47.53%
iteration: 221
user 7, emp_avg: 0.3715362993208042, h: 1.6428881126719725, ucb: 2.023492192675024,num_of_obs: 12, privacy reward: 0.5945205479701939, g: 2.1743075594414673e-06, curr_delay = 0.19031456365157862, data_size = 541
user 17, emp_avg: 0.06797500869138456, h: 0.519526837685877, ucb: 0.5875051769854043,num_of_obs: 120, privacy reward: 0.00790705405159231, g: 0.0005672827557383226, curr_delay = 0.7399149330374865, data_size = 5498
user 19, emp_avg: 0.06512656397668377, h: 0.6284803216849366, ucb: 0.693656624057444,num_of_obs: 82, privacy reward: 0.03615283175404571, g: -0.00018545111066159932, curr_delay = 0.8190274421667159, data_size = 3467
user 24, emp_avg: 0.06023987783357665, h: 0.9113103584752396, ucb: 0.9714888326130192,num_of_obs: 39, privacy reward: 0.2018965179946548, g: 0.002270820141651902, curr_delay = 0.7982805424166329, data_size = 2174
user 28, emp_avg: 0.05619108068465033, h: 0.8391115411307589, ucb: 0.8953041160618033,num_of_obs: 46, privacy reward: 0.15259010575688325, g: -0.0014393381904263657, curr_delay = 0.890910735959296, data_size = 1651
num of fast users chosen: 1, num of slow users chosen: 4
max_delay = 0.89 seconds
global epoch 221 has been done artifficialy in 0.89 secs, the total time by now is 192.30 
 with avg train loss 1.211, val loss 1.492, avg val acc 47.10%
iteration: 222
user 3, emp_avg: 0.640597622268529, h: 1.8004461750142289, ucb: 2.4546566593654346,num_of_obs: 10, privacy reward: 0.6440364210831411, g: 0.0005872530940226337, curr_delay = 0.09911411772993187, data_size = 672
user 8, emp_avg: 0.4228568127009327, h: 0.9002230875071144, ucb: 1.3086513205255705,num_of_obs: 40, privacy reward: 0.19398004229089127, g: -0.0014295239714958619, curr_delay = 0.05, data_size = 1381
user 19, emp_avg: 0.06504806134317048, h: 0.6249439906588803, ucb: 0.6900705546355641,num_of_obs: 83, privacy reward: 0.034735258944737835, g: -0.000270641766307791, curr_delay = 0.85422857929463, data_size = 3467
user 23, emp_avg: 0.06119516090602102, h: 0.5693510717583105, ucb: 0.6305696107884621,num_of_obs: 100, privacy reward: 0.017597472415622373, g: -0.00012946538096495104, curr_delay = 0.8495115950725693, data_size = 4259
user 29, emp_avg: 0.054796688122087524, h: 0.8217874863576562, ucb: 0.8766365491595159,num_of_obs: 48, privacy reward: 0.1408584209210444, g: 0.001630683465879497, curr_delay = 0.9563392223333087, data_size = 2489
num of fast users chosen: 2, num of slow users chosen: 3
max_delay = 0.96 seconds
global epoch 222 has been done artifficialy in 0.96 secs, the total time by now is 193.25 
 with avg train loss 1.244, val loss 1.613, avg val acc 39.47%
iteration: 223
user 9, emp_avg: 0.3720905879620274, h: 0.6577033842978227, ucb: 1.0275545769289565,num_of_obs: 75, privacy reward: 0.047834889494197785, g: -0.0002498740856385393, curr_delay = 0.09258483642153197, data_size = 3109
user 10, emp_avg: 0.33956527077565923, h: 1.273637127064862, ucb: 1.6153965597881077,num_of_obs: 20, privacy reward: 0.4317105234290791, g: -0.00019934865570606173, curr_delay = 0.16910056959353365, data_size = 733
user 11, emp_avg: 0.35454359563508064, h: 1.3067241207804772, ucb: 1.6658964008796417,num_of_obs: 19, privacy reward: 0.449328964117221, g: 0.003681394335959634, curr_delay = 0.18754787805397818, data_size = 1415
user 17, emp_avg: 0.06797352114511626, h: 0.517807126324467, ucb: 0.5857821350158516,num_of_obs: 121, privacy reward: 0.007597014027576399, g: 0.0005857961899696822, curr_delay = 0.7375335292417943, data_size = 5498
user 24, emp_avg: 0.06010439894068873, h: 0.9005974493185164, ucb: 0.960837327152093,num_of_obs: 40, privacy reward: 0.19398004229089127, g: 0.002002698008047917, curr_delay = 0.9143234454333499, data_size = 2174
num of fast users chosen: 3, num of slow users chosen: 2
max_delay = 0.91 seconds
global epoch 223 has been done artifficialy in 0.91 secs, the total time by now is 194.17 
 with avg train loss 1.310, val loss 1.515, avg val acc 46.45%
iteration: 224
user 1, emp_avg: 0.704031311410389, h: 1.0403505228388208, ucb: 1.7534510354715596,num_of_obs: 30, privacy reward: 0.2893842179390499, g: 2.1419583616207827e-05, curr_delay = 0.1157527247007401, data_size = 1344
user 12, emp_avg: 0.3190146522866781, h: 0.8899147165377667, ucb: 1.2028212750071938,num_of_obs: 41, privacy reward: 0.1863739760394093, g: -5.57815390876298e-05, curr_delay = 0.08780456128169244, data_size = 1703
user 17, emp_avg: 0.0679483826205147, h: 0.5158939107417452, ucb: 0.5838674318868614,num_of_obs: 122, privacy reward: 0.0072991308467874605, g: 0.0004911217359193695, curr_delay = 0.7706359038296865, data_size = 5498
user 27, emp_avg: 0.05761217894442985, h: 1.1881640259904507, ucb: 1.2457239495116512,num_of_obs: 23, privacy reward: 0.3828928859751114, g: -3.697410113742583e-05, curr_delay = 0.850136946403057, data_size = 937
user 29, emp_avg: 0.0547930196966828, h: 0.8140334986730223, ucb: 0.8688301867951098,num_of_obs: 49, privacy reward: 0.13533528323661215, g: 0.0014324664217770227, curr_delay = 0.9155284582340438, data_size = 2489
num of fast users chosen: 2, num of slow users chosen: 3
max_delay = 0.92 seconds
global epoch 224 has been done artifficialy in 0.92 secs, the total time by now is 195.08 
 with avg train loss 1.270, val loss 1.530, avg val acc 45.70%
iteration: 225
user 1, emp_avg: 0.6948978360784468, h: 1.023854236305567, ucb: 1.7278855477159558,num_of_obs: 31, privacy reward: 0.2780373004531934, g: 6.067214342978898e-07, curr_delay = 0.12142992947661532, data_size = 1344
user 18, emp_avg: 0.0664610336817844, h: 0.8497921629986491, ucb: 0.9163286796991783,num_of_obs: 45, privacy reward: 0.15881742610691996, g: -8.995642469975575e-05, curr_delay = 0.7928416190128104, data_size = 1848
user 19, emp_avg: 0.06510360954533544, h: 0.6219841753961051, ucb: 0.6870322367392756,num_of_obs: 84, privacy reward: 0.0333732699603253, g: -0.0002531488763713236, curr_delay = 0.7166438972968996, data_size = 3467
user 23, emp_avg: 0.061230204608728404, h: 0.56722882397214, ucb: 0.6284239848781611,num_of_obs: 101, privacy reward: 0.01690746565270429, g: -9.636806892271471e-05, curr_delay = 0.7719668741998932, data_size = 4259
user 27, emp_avg: 0.05795929898714542, h: 1.1636258421636678, ucb: 1.2212380211080978,num_of_obs: 24, privacy reward: 0.36787944117144167, g: -0.00010137929405651799, curr_delay = 0.7542595297027128, data_size = 937
num of fast users chosen: 1, num of slow users chosen: 4
max_delay = 0.79 seconds
global epoch 225 has been done artifficialy in 0.79 secs, the total time by now is 195.88 
 with avg train loss 1.285, val loss 1.870, avg val acc 32.77%
iteration: 226
user 7, emp_avg: 0.3696191675160357, h: 1.581703317401692, ucb: 1.9532396167224961,num_of_obs: 13, privacy reward: 0.5712090638488144, g: -3.0587492104547254e-06, curr_delay = 0.1450551620474765, data_size = 541
user 11, emp_avg: 0.3496170587809191, h: 1.275209982623131, ucb: 1.6297535782582115,num_of_obs: 20, privacy reward: 0.4317105234290791, g: 0.0032925462747175533, curr_delay = 0.19913470260718055, data_size = 1415
user 17, emp_avg: 0.06798687938427761, h: 0.5142142952387811, ucb: 0.5821626778592959,num_of_obs: 123, privacy reward: 0.007012927832584226, g: 0.0005087882982886818, curr_delay = 0.6875500239066875, data_size = 5498
user 21, emp_avg: 0.06319400403309801, h: 0.7689805529593736, ucb: 0.8320910754675118,num_of_obs: 55, privacy reward: 0.1064585043792523, g: -0.0008549261686778756, curr_delay = 0.737621009225726, data_size = 2077
user 26, emp_avg: 0.058286235371006655, h: 0.790851658700846, ucb: 0.8491311674237104,num_of_obs: 52, privacy reward: 0.12003162851145621, g: 0.0013404777449463954, curr_delay = 0.8527181599951971, data_size = 2587
num of fast users chosen: 2, num of slow users chosen: 3
max_delay = 0.85 seconds
global epoch 226 has been done artifficialy in 0.85 secs, the total time by now is 196.73 
 with avg train loss 1.315, val loss 1.634, avg val acc 39.03%
iteration: 227
user 6, emp_avg: 0.4959421113903589, h: 1.0594354401721249, ucb: 1.5559754762602422,num_of_obs: 29, privacy reward: 0.3011942119122014, g: 0.00047673774389210864, curr_delay = 0.10447087384687305, data_size = 1451
user 12, emp_avg: 0.3199608591417858, h: 0.8803367876217604, ucb: 1.1993514399084384,num_of_obs: 42, privacy reward: 0.17906614791149256, g: -8.93973298755948e-05, curr_delay = 0.1390041283091082, data_size = 1703
user 16, emp_avg: 0.0685395265197452, h: 1.1896236179508428, ucb: 1.2581935896824605,num_of_obs: 23, privacy reward: 0.3828928859751114, g: 0.0002271099235892499, curr_delay = 0.7370360519916974, data_size = 1129
user 19, emp_avg: 0.06501605119276879, h: 0.6188195603669981, ucb: 0.6839231699123336,num_of_obs: 85, privacy reward: 0.03206468532786, g: -0.0002899071097103636, curr_delay = 0.8684537291575449, data_size = 3467
user 23, emp_avg: 0.06128463516119901, h: 0.5649023870640579, ucb: 0.6261325916727863,num_of_obs: 102, privacy reward: 0.016244514441948854, g: -0.000105412153483265, curr_delay = 0.7480936533675654, data_size = 4259
num of fast users chosen: 2, num of slow users chosen: 3
max_delay = 0.87 seconds
global epoch 227 has been done artifficialy in 0.87 secs, the total time by now is 197.60 
 with avg train loss 1.330, val loss 1.716, avg val acc 33.74%
iteration: 228
user 0, emp_avg: 0.645463173769162, h: 1.2168527544770913, ucb: 1.8751931481890662,num_of_obs: 22, privacy reward: 0.3985190410845135, g: 3.830600231123229e-05, curr_delay = 0.1380588731804146, data_size = 996
user 1, emp_avg: 0.6914922901874768, h: 1.0089610029277434, ucb: 1.7038588390061902,num_of_obs: 32, privacy reward: 0.26713530196584967, g: -3.2190681004849756e-06, curr_delay = 0.08583472581196036, data_size = 1344
user 17, emp_avg: 0.06790592521040041, h: 0.5125527020402519, ucb: 0.5805395814245295,num_of_obs: 124, privacy reward: 0.006737946999084254, g: 0.0005264489141438464, curr_delay = 0.8640412491688958, data_size = 5498
user 19, emp_avg: 0.06503550409382335, h: 0.6154604418713272, ucb: 0.680476493064096,num_of_obs: 86, privacy reward: 0.03080741103275031, g: -0.0003908648429018657, curr_delay = 0.7495301916518488, data_size = 3467
user 21, emp_avg: 0.06309683254647114, h: 0.7627028275168918, ucb: 0.8258968315499898,num_of_obs: 56, privacy reward: 0.10228420671553695, g: -0.0009916404897231871, curr_delay = 0.8672240247948914, data_size = 2077
num of fast users chosen: 2, num of slow users chosen: 3
max_delay = 0.87 seconds
global epoch 228 has been done artifficialy in 0.87 secs, the total time by now is 198.46 
 with avg train loss 1.319, val loss 1.739, avg val acc 33.74%
iteration: 229
user 12, emp_avg: 0.32351134780207064, h: 0.8707432273281263, ucb: 1.190704086469912,num_of_obs: 43, privacy reward: 0.17204486382304973, g: -0.0001489843720925032, curr_delay = 0.10500178960765379, data_size = 1703
user 16, emp_avg: 0.06865014750090126, h: 1.165517267520546, ucb: 1.2340567940402913,num_of_obs: 24, privacy reward: 0.36787944117144167, g: 0.0001342877496069661, curr_delay = 0.7012125966488421, data_size = 1129
user 17, emp_avg: 0.06793088917189954, h: 0.510704078866229, ucb: 0.5786100040766294,num_of_obs: 125, privacy reward: 0.006473748318288286, g: 0.00043901125093956714, curr_delay = 0.7037160563566319, data_size = 5498
user 25, emp_avg: 0.05945265937027741, h: 1.0424703356502993, ucb: 1.1020920446545839,num_of_obs: 30, privacy reward: 0.2893842179390499, g: 0.0003530433418933822, curr_delay = 0.9194358944123734, data_size = 1453
user 26, emp_avg: 0.058280164964393484, h: 0.7843075544867639, ucb: 0.8425937898577706,num_of_obs: 53, privacy reward: 0.11532512103806203, g: 0.0012432663936076378, curr_delay = 0.8626872234958102, data_size = 2587
num of fast users chosen: 1, num of slow users chosen: 4
max_delay = 0.92 seconds
global epoch 229 has been done artifficialy in 0.92 secs, the total time by now is 199.38 
 with avg train loss 1.308, val loss 1.561, avg val acc 45.18%
iteration: 230
user 16, emp_avg: 0.06889658031276549, h: 1.1424268178494266, ucb: 1.211076965350328,num_of_obs: 25, privacy reward: 0.3534546819587794, g: 5.922996141931433e-05, curr_delay = 0.6661568292275375, data_size = 1129
user 17, emp_avg: 0.06784905412955568, h: 0.5088773502208279, ucb: 0.5768082393927274,num_of_obs: 126, privacy reward: 0.006219909015941494, g: 0.00036016587906724463, curr_delay = 0.8689933624169386, data_size = 5498
user 19, emp_avg: 0.06507239961914008, h: 0.6124050557756122, ucb: 0.6774405598694355,num_of_obs: 87, privacy reward: 0.029599435167891208, g: -0.0004342301271697988, curr_delay = 0.732254075241985, data_size = 3467
user 21, emp_avg: 0.06317015664352107, h: 0.7565906429102093, ucb: 0.8196874754566804,num_of_obs: 57, privacy reward: 0.09827358560436095, g: -0.0011358501221832218, curr_delay = 0.7423945739539773, data_size = 2077
user 28, emp_avg: 0.05622722990483751, h: 0.8332003903628666, ucb: 0.8893914710475169,num_of_obs: 47, privacy reward: 0.14660696213034952, g: -0.001165651617393234, curr_delay = 0.8631666269305681, data_size = 1651
num of fast users chosen: 0, num of slow users chosen: 5
max_delay = 0.87 seconds
global epoch 230 has been done artifficialy in 0.87 secs, the total time by now is 200.25 
 with avg train loss 1.288, val loss 1.779, avg val acc 34.03%
iteration: 231
user 9, emp_avg: 0.37125754933298477, h: 0.6554880289477648, ucb: 1.0275786169097922,num_of_obs: 76, privacy reward: 0.045959256649043545, g: -7.206083046194704e-05, curr_delay = 0.1623658056425396, data_size = 3109
user 11, emp_avg: 0.3462351040067426, h: 1.2469869641341533, ucb: 1.5966040229150724,num_of_obs: 21, privacy reward: 0.41478291168158077, g: 0.0030213928285648794, curr_delay = 0.18167676875104022, data_size = 1415
user 21, emp_avg: 0.06311193956257864, h: 0.7503390758015127, ucb: 0.8135092324450338,num_of_obs: 58, privacy reward: 0.09442022319630183, g: -0.001365933659864311, curr_delay = 0.8370253283454736, data_size = 2077
user 22, emp_avg: 0.06165030798583423, h: 1.5848927715034555, ucb: 1.6464116770330686,num_of_obs: 13, privacy reward: 0.5712090638488144, g: -2.5387530346170893e-07, curr_delay = 0.7891595997276643, data_size = 541
user 23, emp_avg: 0.061245034232992816, h: 0.5630577602605429, ucb: 0.6243423954217419,num_of_obs: 103, privacy reward: 0.015607557919981918, g: -4.6448054277391114e-05, curr_delay = 0.8746436474497922, data_size = 4259
num of fast users chosen: 2, num of slow users chosen: 3
max_delay = 0.87 seconds
global epoch 231 has been done artifficialy in 0.87 secs, the total time by now is 201.13 
 with avg train loss 1.409, val loss 1.597, avg val acc 40.46%
iteration: 232
user 1, emp_avg: 0.691270782216948, h: 0.9951461630120024, ucb: 1.6866384531994791,num_of_obs: 33, privacy reward: 0.25666077695355527, g: -1.3576854022807322e-05, curr_delay = 0.07310358134042552, data_size = 1344
user 13, emp_avg: 0.2960690684206152, h: 1.4760402937137334, ucb: 1.7657840171168817,num_of_obs: 15, privacy reward: 0.5272924240430481, g: -2.673548007075478e-05, curr_delay = 0.12789383994969677, data_size = 577
user 17, emp_avg: 0.06779726784066971, h: 0.5072732745171514, ucb: 0.5751223286467071,num_of_obs: 127, privacy reward: 0.005976022895004873, g: 0.00037598492108335217, curr_delay = 0.8167211015485919, data_size = 5498
user 19, emp_avg: 0.06503615148700917, h: 0.6094000797169841, ucb: 0.6744724793361241,num_of_obs: 88, privacy reward: 0.028438824714183686, g: -0.00047906985355307153, curr_delay = 0.8084555935974787, data_size = 3467
user 29, emp_avg: 0.05482699404372684, h: 0.8084605646535625, ucb: 0.8632535843502454,num_of_obs: 50, privacy reward: 0.13002871087842538, g: 0.0016876236466994898, curr_delay = 0.8845532195036006, data_size = 2489
num of fast users chosen: 2, num of slow users chosen: 3
max_delay = 0.88 seconds
global epoch 232 has been done artifficialy in 0.88 secs, the total time by now is 202.01 
 with avg train loss 1.324, val loss 1.626, avg val acc 41.95%
iteration: 233
user 10, emp_avg: 0.33633371584007016, h: 1.2479741816887193, ucb: 1.5875394524643784,num_of_obs: 21, privacy reward: 0.41478291168158077, g: -0.0002120444190622091, curr_delay = 0.18623981144050328, data_size = 733
user 17, emp_avg: 0.06779277974233895, h: 0.5054873168645205, ucb: 0.5732845847051903,num_of_obs: 128, privacy reward: 0.00574169968565319, g: 0.00030442923309232506, curr_delay = 0.7438450191751955, data_size = 5498
user 21, emp_avg: 0.06306304327024476, h: 0.7445420697200075, ucb: 0.8076540092825861,num_of_obs: 59, privacy reward: 0.0907179532894119, g: -0.0015284325346953548, curr_delay = 0.8308661866619997, data_size = 2077
user 28, emp_avg: 0.05630417584030555, h: 0.8254573318444222, ucb: 0.8816845617492597,num_of_obs: 48, privacy reward: 0.1408584209210444, g: -0.0012818117114277384, curr_delay = 0.8333669354830435, data_size = 1651
user 29, emp_avg: 0.05476328676874082, h: 0.8008112396788426, ucb: 0.8556382337225694,num_of_obs: 51, privacy reward: 0.12493021219858191, g: 0.0014223320660746365, curr_delay = 0.9706058663114355, data_size = 2489
num of fast users chosen: 1, num of slow users chosen: 4
max_delay = 0.97 seconds
global epoch 233 has been done artifficialy in 0.97 secs, the total time by now is 202.98 
 with avg train loss 1.308, val loss 1.607, avg val acc 42.27%
iteration: 234
user 1, emp_avg: 0.6895847520081468, h: 0.9811746665296626, ucb: 1.6724454487466107,num_of_obs: 34, privacy reward: 0.2465969639416059, g: -4.5460554710018514e-05, curr_delay = 0.07908142497484523, data_size = 1344
user 2, emp_avg: 0.6997409896378197, h: 1.3875905204631476, ucb: 2.1007981168966015,num_of_obs: 17, privacy reward: 0.48675225595997107, g: -0.0002848120929938396, curr_delay = 0.10620025235155617, data_size = 541
user 17, emp_avg: 0.06780002260146901, h: 0.5037220124538839, ucb: 0.5715147921962229,num_of_obs: 129, privacy reward: 0.005516564420759651, g: 0.00024093473250009172, curr_delay = 0.7274383035601686, data_size = 5498
user 21, emp_avg: 0.06307620300216256, h: 0.7386014564944821, ucb: 0.8016644997647269,num_of_obs: 60, privacy reward: 0.08716085146198072, g: -0.0017881518939613867, curr_delay = 0.7828917862516831, data_size = 2077
user 26, emp_avg: 0.05835801818293985, h: 0.7785542952134425, ucb: 0.836834460177836,num_of_obs: 54, privacy reward: 0.11080315836233334, g: 0.0012910942626378728, curr_delay = 0.7992060114043592, data_size = 2587
num of fast users chosen: 2, num of slow users chosen: 3
max_delay = 0.80 seconds
global epoch 234 has been done artifficialy in 0.80 secs, the total time by now is 203.78 
 with avg train loss 1.390, val loss 1.875, avg val acc 28.69%
iteration: 235
user 1, emp_avg: 0.6838809456440925, h: 0.9674342072109379, ucb: 1.6570189592190847,num_of_obs: 35, privacy reward: 0.23692775868212124, g: -0.00010773338049672693, curr_delay = 0.10325293777395667, data_size = 1344
user 16, emp_avg: 0.06901917146233204, h: 1.1224546090679492, ucb: 1.1913511893807147,num_of_obs: 26, privacy reward: 0.33959552564493845, g: 3.3102241042246875e-05, curr_delay = 0.6924580386270577, data_size = 1129
user 17, emp_avg: 0.06784157520289374, h: 0.5019769615067773, ucb: 0.5697769841082463,num_of_obs: 130, privacy reward: 0.005300256835869321, g: 0.00018530381393694733, curr_delay = 0.6826552407525959, data_size = 5498
user 19, emp_avg: 0.0650960933152666, h: 0.6066810898435548, ucb: 0.671717241330564,num_of_obs: 89, privacy reward: 0.027323722447291754, g: -0.0004537208362335339, curr_delay = 0.7099155146381474, data_size = 3467
user 21, emp_avg: 0.06311141467252568, h: 0.7328085774793404, ucb: 0.7958847804815029,num_of_obs: 61, privacy reward: 0.08374322559219538, g: -0.002065771288684089, curr_delay = 0.7661740111652334, data_size = 2077
num of fast users chosen: 1, num of slow users chosen: 4
max_delay = 0.77 seconds
global epoch 235 has been done artifficialy in 0.77 secs, the total time by now is 204.55 
 with avg train loss 1.413, val loss 1.862, avg val acc 29.03%
iteration: 236
user 8, emp_avg: 0.42167724055344485, h: 0.8941952483651822, ucb: 1.317052061066115,num_of_obs: 41, privacy reward: 0.1863739760394093, g: -0.000983304066052024, curr_delay = 0.1339352266317971, data_size = 1381
user 15, emp_avg: 0.07293728142304283, h: 1.588007722083377, ucb: 1.6611743115372044,num_of_obs: 13, privacy reward: 0.5712090638488144, g: 4.739635588839005e-07, curr_delay = 0.7147321459612844, data_size = 541
user 18, emp_avg: 0.066372729587125, h: 0.844200043650196, ucb: 0.9106610773319803,num_of_obs: 46, privacy reward: 0.15259010575688325, g: -1.935815485787466e-05, curr_delay = 0.8024298702080851, data_size = 1848
user 23, emp_avg: 0.061229696499224995, h: 0.5614455144308791, ucb: 0.6226905486638719,num_of_obs: 104, privacy reward: 0.014995576820476808, g: -2.5785973437509955e-06, curr_delay = 0.838439820493728, data_size = 4259
user 26, emp_avg: 0.05829586431650935, h: 0.7720455807334607, ucb: 0.8304035989164006,num_of_obs: 55, privacy reward: 0.1064585043792523, g: 0.0011323348475786549, curr_delay = 0.9111218549887155, data_size = 2587
num of fast users chosen: 1, num of slow users chosen: 4
max_delay = 0.91 seconds
global epoch 236 has been done artifficialy in 0.91 secs, the total time by now is 205.46 
 with avg train loss 1.464, val loss 1.936, avg val acc 27.54%
iteration: 237
user 0, emp_avg: 0.6370831469907523, h: 1.1943410198098652, ucb: 1.839804193579027,num_of_obs: 23, privacy reward: 0.3828928859751114, g: 3.174194325616738e-05, curr_delay = 0.11252580273521728, data_size = 996
user 1, emp_avg: 0.6729320411960665, h: 0.9546430520649355, ucb: 1.638523997709028,num_of_obs: 36, privacy reward: 0.22763768838381226, g: -0.00017800984847663023, curr_delay = 0.17935837557199585, data_size = 1344
user 18, emp_avg: 0.06641006435752077, h: 0.8354940040378556, ucb: 0.9018667336249806,num_of_obs: 47, privacy reward: 0.14660696213034952, g: -6.0789659380146516e-05, curr_delay = 0.7335164344613849, data_size = 1848
user 19, emp_avg: 0.06506055307690442, h: 0.6037692793959809, ucb: 0.6688653727112475,num_of_obs: 90, privacy reward: 0.026252343965687097, g: -0.0004983678978332489, curr_delay = 0.8082515157084622, data_size = 3467
user 23, emp_avg: 0.06121264682129738, h: 0.5589817344899886, ucb: 0.6202114309892135,num_of_obs: 105, privacy reward: 0.014407591843111467, g: -1.5727646854939706e-05, curr_delay = 0.8414330996293921, data_size = 4259
num of fast users chosen: 2, num of slow users chosen: 3
max_delay = 0.84 seconds
global epoch 237 has been done artifficialy in 0.84 secs, the total time by now is 206.30 
 with avg train loss 1.429, val loss 1.840, avg val acc 29.83%
iteration: 238
user 4, emp_avg: 0.5662330348360071, h: 1.5892335850492127, ucb: 2.174992903350647,num_of_obs: 13, privacy reward: 0.5712090638488144, g: 1.3256002294011139e-06, curr_delay = 0.1600556482576724, data_size = 541
user 17, emp_avg: 0.06780649306034353, h: 0.5006379444926934, ucb: 0.5684795196955872,num_of_obs: 131, privacy reward: 0.005092430792698055, g: 0.00026843400254827286, curr_delay = 0.7910049150271039, data_size = 5498
user 19, emp_avg: 0.06507746374053335, h: 0.6006738344616905, ucb: 0.6657343875385949,num_of_obs: 91, privacy reward: 0.025222974835226397, g: -0.0006215179017659956, curr_delay = 0.7505666688571072, data_size = 3467
user 20, emp_avg: 0.06384896752635136, h: 0.9826977280759096, ucb: 1.0465294479711067,num_of_obs: 34, privacy reward: 0.2465969639416059, g: 3.5536969597063993e-06, curr_delay = 0.7759711292054036, data_size = 1404
user 29, emp_avg: 0.054786622277882106, h: 0.7946167925246064, ucb: 0.8493800792933472,num_of_obs: 52, privacy reward: 0.12003162851145621, g: 0.0014524135019583979, curr_delay = 0.8928560466654285, data_size = 2489
num of fast users chosen: 1, num of slow users chosen: 4
max_delay = 0.89 seconds
global epoch 238 has been done artifficialy in 0.89 secs, the total time by now is 207.19 
 with avg train loss 1.379, val loss 1.995, avg val acc 27.77%
iteration: 239
user 8, emp_avg: 0.417701017857818, h: 0.8845066059618865, ucb: 1.3061838465153313,num_of_obs: 42, privacy reward: 0.17906614791149256, g: -0.0011129618958037716, curr_delay = 0.19944183041290378, data_size = 1381
user 12, emp_avg: 0.3207204539638948, h: 0.8641704023827113, ucb: 1.1876817501847818,num_of_obs: 44, privacy reward: 0.16529888822158578, g: -7.281905381417615e-05, curr_delay = 0.252625888109413, data_size = 1703
user 14, emp_avg: 0.25110966598363854, h: 1.2817718461487027, ucb: 1.5315980851576503,num_of_obs: 20, privacy reward: 0.4317105234290791, g: 1.9510151547836197e-07, curr_delay = 0.18065006207315917, data_size = 816
user 19, emp_avg: 0.06503285317070955, h: 0.5976292048003644, ucb: 0.6627066685408978,num_of_obs: 92, privacy reward: 0.024233967845690207, g: -0.0007570509064121325, curr_delay = 0.8206315874076711, data_size = 3467
user 23, emp_avg: 0.061241688200309785, h: 0.5567661115221718, ucb: 0.6179787583434692,num_of_obs: 106, privacy reward: 0.013842662086478552, g: -1.973562324617511e-05, curr_delay = 0.7773622851864701, data_size = 4259
num of fast users chosen: 3, num of slow users chosen: 2
max_delay = 0.82 seconds
global epoch 239 has been done artifficialy in 0.82 secs, the total time by now is 208.01 
 with avg train loss 1.457, val loss 1.728, avg val acc 36.16%
iteration: 240
user 7, emp_avg: 0.3753922404378386, h: 1.5325942884080097, ucb: 1.9022134559240453,num_of_obs: 14, privacy reward: 0.5488116360940261, g: -6.554303798963185e-06, curr_delay = 0.1095973857884587, data_size = 541
user 17, emp_avg: 0.06780867516319279, h: 0.4991191752086866, ucb: 0.5669256682690301,num_of_obs: 132, privacy reward: 0.004892753725238341, g: 0.0002823785737060264, curr_delay = 0.7342498336362215, data_size = 5498
user 19, emp_avg: 0.06499055659835555, h: 0.5946340117732485, ucb: 0.659666864943958,num_of_obs: 93, privacy reward: 0.02328374037489611, g: -0.000904645153576364, curr_delay = 0.8189072533886229, data_size = 3467
user 24, emp_avg: 0.060174411261796505, h: 0.8955694950639352, ucb: 0.955673894004624,num_of_obs: 41, privacy reward: 0.1863739760394093, g: 0.002839864388115396, curr_delay = 0.7930853561797424, data_size = 2174
user 28, emp_avg: 0.056276668803095384, h: 0.8192061057356259, ucb: 0.8755102815759315,num_of_obs: 49, privacy reward: 0.13533528323661215, g: -0.0011533142765201164, curr_delay = 0.9102688966796361, data_size = 1651
num of fast users chosen: 1, num of slow users chosen: 4
max_delay = 0.91 seconds
global epoch 240 has been done artifficialy in 0.91 secs, the total time by now is 208.92 
 with avg train loss 1.378, val loss 1.738, avg val acc 37.08%
iteration: 241
user 6, emp_avg: 0.5122020432809925, h: 1.0473582895543105, ucb: 1.5433004009446694,num_of_obs: 30, privacy reward: 0.2893842179390499, g: 0.0006303263531739267, curr_delay = 0.05, data_size = 1451
user 10, emp_avg: 0.3346042344672512, h: 1.223050983865274, ucb: 1.5593846997053442,num_of_obs: 22, privacy reward: 0.3985190410845135, g: -0.00024709629014679, curr_delay = 0.16860242240164852, data_size = 733
user 21, emp_avg: 0.06316343378732071, h: 0.7285511649947618, ucb: 0.7916625796672875,num_of_obs: 62, privacy reward: 0.08045960674953179, g: -0.001860861113681123, curr_delay = 0.7531411381194673, data_size = 2077
user 23, emp_avg: 0.06122987384505682, h: 0.5545797567085169, ucb: 0.6158214449088266,num_of_obs: 107, privacy reward: 0.013299883542442825, g: -2.4120254185826002e-05, curr_delay = 0.8338094686544958, data_size = 4259
user 26, emp_avg: 0.05830538043037594, h: 0.7665877733844769, ucb: 0.8248836377009863,num_of_obs: 56, privacy reward: 0.10228420671553695, g: 0.0011789530467773185, curr_delay = 0.8497868668956476, data_size = 2587
num of fast users chosen: 2, num of slow users chosen: 3
max_delay = 0.85 seconds
global epoch 241 has been done artifficialy in 0.85 secs, the total time by now is 209.77 
 with avg train loss 1.463, val loss 1.746, avg val acc 37.15%
iteration: 242
user 8, emp_avg: 0.41722441407235156, h: 0.8751561502787377, ucb: 1.2928571681365557,num_of_obs: 43, privacy reward: 0.17204486382304973, g: -0.0012471362568433736, curr_delay = 0.12603015431888742, data_size = 1381
user 15, emp_avg: 0.07281824184241607, h: 1.5337541793385863, ucb: 1.6066914607616292,num_of_obs: 14, privacy reward: 0.5488116360940261, g: -4.3182660061778875e-06, curr_delay = 0.7027240197201099, data_size = 541
user 17, emp_avg: 0.06783541278053282, h: 0.4976155652751038, ucb: 0.5654242404382966,num_of_obs: 133, privacy reward: 0.004700906107582226, g: 0.0002964370326164332, curr_delay = 0.700363332798696, data_size = 5498
user 18, emp_avg: 0.06651290089055906, h: 0.8283219276160604, ucb: 0.8947319919735811,num_of_obs: 48, privacy reward: 0.1408584209210444, g: -6.133464023204492e-05, curr_delay = 0.6997993236777811, data_size = 1848
user 23, emp_avg: 0.06119037240938182, h: 0.5522146184107068, ucb: 0.6134444922557637,num_of_obs: 108, privacy reward: 0.012778387649534761, g: -5.196718364617358e-05, curr_delay = 0.8783607807355617, data_size = 4259
num of fast users chosen: 1, num of slow users chosen: 4
max_delay = 0.88 seconds
global epoch 242 has been done artifficialy in 0.88 secs, the total time by now is 210.65 
 with avg train loss 1.463, val loss 1.891, avg val acc 32.94%
iteration: 243
user 11, emp_avg: 0.3440271934304163, h: 1.223972085615356, ucb: 1.5702071896220986,num_of_obs: 22, privacy reward: 0.3985190410845135, g: 0.003062660507946334, curr_delay = 0.16923156236632156, data_size = 1415
user 17, emp_avg: 0.0678524397008225, h: 0.4959415036825915, ucb: 0.5637769164631243,num_of_obs: 134, privacy reward: 0.004516580942611648, g: 0.00023604618123030337, curr_delay = 0.7129205018783344, data_size = 5498
user 22, emp_avg: 0.06157310391212191, h: 1.534330208919544, ucb: 1.5959805169053782,num_of_obs: 14, privacy reward: 0.5488116360940261, g: -3.3855000813447723e-06, curr_delay = 0.8265522042694619, data_size = 541
user 24, emp_avg: 0.06022204147639182, h: 0.8858459591454736, ucb: 0.94602037040727,num_of_obs: 42, privacy reward: 0.17906614791149256, g: 0.0026300696996485588, curr_delay = 0.803567705750509, data_size = 2174
user 29, emp_avg: 0.05477994395876249, h: 0.7885784757737475, ucb: 0.8433650980516296,num_of_obs: 53, privacy reward: 0.11532512103806203, g: 0.0014815526360284922, curr_delay = 0.9186786901301163, data_size = 2489
num of fast users chosen: 1, num of slow users chosen: 4
max_delay = 0.92 seconds
global epoch 243 has been done artifficialy in 0.92 secs, the total time by now is 211.57 
 with avg train loss 1.463, val loss 1.975, avg val acc 27.45%
iteration: 244
user 0, emp_avg: 0.6515998211111221, h: 1.1723020328922493, ucb: 1.8093851798830016,num_of_obs: 24, privacy reward: 0.36787944117144167, g: 1.8660297372054787e-05, curr_delay = 0.05, data_size = 996
user 17, emp_avg: 0.0678043989308956, h: 0.4942859372780183, ucb: 0.5621383769788408,num_of_obs: 135, privacy reward: 0.004339483270737743, g: 0.00018293739699097743, curr_delay = 0.81540934499115, data_size = 5498
user 18, emp_avg: 0.0665044321485103, h: 0.8204405157181237, ucb: 0.8869534166086828,num_of_obs: 49, privacy reward: 0.13533528323661215, g: -0.00010617670690967031, curr_delay = 0.7565502446849423, data_size = 1848
user 25, emp_avg: 0.059371847434353295, h: 1.031488266343896, ucb: 1.0909409257141733,num_of_obs: 31, privacy reward: 0.2780373004531934, g: 0.0005173183805758262, curr_delay = 0.8792495406421369, data_size = 1453
user 26, emp_avg: 0.05824647697788063, h: 0.7606900070810505, ucb: 0.8189953875114264,num_of_obs: 57, privacy reward: 0.09827358560436095, g: 0.001095244179603664, curr_delay = 0.9109296589386058, data_size = 2587
num of fast users chosen: 1, num of slow users chosen: 4
max_delay = 0.91 seconds
global epoch 244 has been done artifficialy in 0.91 secs, the total time by now is 212.48 
 with avg train loss 1.507, val loss 2.169, avg val acc 23.50%
iteration: 245
user 8, emp_avg: 0.4175105050543283, h: 0.8661244565102582, ucb: 1.2833488705826097,num_of_obs: 44, privacy reward: 0.16529888822158578, g: -0.001385380710529574, curr_delay = 0.11625243761511125, data_size = 1381
user 15, emp_avg: 0.07241198910634196, h: 1.4834093447925596, ucb: 1.5562275866349757,num_of_obs: 15, privacy reward: 0.5272924240430481, g: -2.971660539819183e-05, curr_delay = 0.753940870812266, data_size = 541
user 23, emp_avg: 0.061223059892000824, h: 0.5502922431526922, ucb: 0.6114826155620741,num_of_obs: 109, privacy reward: 0.012277339903067452, g: -3.3939878471120704e-05, curr_delay = 0.7717717327034191, data_size = 4259
user 24, emp_avg: 0.06027472936924027, h: 0.8761377886652141, ucb: 0.9363598301416058,num_of_obs: 43, privacy reward: 0.17204486382304973, g: 0.0023632730879793807, curr_delay = 0.7994843803937455, data_size = 2174
user 26, emp_avg: 0.058388438036620346, h: 0.7543843032254203, ucb: 0.8126307802033009,num_of_obs: 58, privacy reward: 0.09442022319630183, g: 0.0008979813562112241, curr_delay = 0.7505008154586924, data_size = 2587
num of fast users chosen: 1, num of slow users chosen: 4
max_delay = 0.80 seconds
global epoch 245 has been done artifficialy in 0.80 secs, the total time by now is 213.28 
 with avg train loss 1.534, val loss 2.196, avg val acc 21.20%
iteration: 246
user 6, emp_avg: 0.5128880312677198, h: 1.032253863743176, ucb: 1.5444559070241684,num_of_obs: 31, privacy reward: 0.2780373004531934, g: 0.0005556094225505762, curr_delay = 0.09360602360575486, data_size = 1451
user 15, emp_avg: 0.0725764758526064, h: 1.436836568985713, ucb: 1.509248558092055,num_of_obs: 16, privacy reward: 0.5066169923655891, g: -8.588571346961021e-05, curr_delay = 0.6648205593168043, data_size = 541
user 17, emp_avg: 0.06784423589261819, h: 0.49283087732413317, ucb: 0.5606352762550287,num_of_obs: 136, privacy reward: 0.004169329697902957, g: 0.00019484238152238056, curr_delay = 0.682481466754382, data_size = 5498
user 26, emp_avg: 0.0584116629551441, h: 0.7482407526946935, ucb: 0.8066291907313138,num_of_obs: 59, privacy reward: 0.0907179532894119, g: 0.0007216547539883392, curr_delay = 0.8363730874372811, data_size = 2587
user 29, emp_avg: 0.05482269136993617, h: 0.7821147639525063, ucb: 0.8368947079112689,num_of_obs: 54, privacy reward: 0.11080315836233334, g: 0.0013753523355219093, curr_delay = 0.8751808101385331, data_size = 2489
num of fast users chosen: 1, num of slow users chosen: 4
max_delay = 0.88 seconds
global epoch 246 has been done artifficialy in 0.88 secs, the total time by now is 214.16 
 with avg train loss 1.441, val loss 2.353, avg val acc 21.14%
iteration: 247
user 9, emp_avg: 0.37477233836782825, h: 0.6552121696593497, ucb: 1.0264697189923344,num_of_obs: 77, privacy reward: 0.044157168419692305, g: 7.69931353557633e-05, curr_delay = 0.07747000394149743, data_size = 3109
user 14, emp_avg: 0.25033305229083236, h: 1.2546357851274126, ucb: 1.505745451111051,num_of_obs: 21, privacy reward: 0.41478291168158077, g: -8.037688645659738e-07, curr_delay = 0.21365315011440514, data_size = 816
user 17, emp_avg: 0.06785414100246706, h: 0.49120981304963945, ucb: 0.5590540489422576,num_of_obs: 137, privacy reward: 0.004005847942089247, g: 0.00014758005741478519, curr_delay = 0.7224270433947121, data_size = 5498
user 18, emp_avg: 0.0663941531300853, h: 0.8130969194354123, ucb: 0.8796013515839226,num_of_obs: 50, privacy reward: 0.13002871087842538, g: -0.0001419359112483853, curr_delay = 0.821285051394653, data_size = 1848
user 25, emp_avg: 0.059388857726424875, h: 1.0163711492942653, ucb: 1.0757429967286185,num_of_obs: 32, privacy reward: 0.26713530196584967, g: 0.00040962353931981235, curr_delay = 0.8342623251344262, data_size = 1453
num of fast users chosen: 2, num of slow users chosen: 3
max_delay = 0.83 seconds
global epoch 247 has been done artifficialy in 0.83 secs, the total time by now is 214.99 
 with avg train loss 1.641, val loss 2.081, avg val acc 23.23%
iteration: 248
user 1, emp_avg: 0.6815390927435384, h: 0.9455524979635622, ucb: 1.6184845391596288,num_of_obs: 37, privacy reward: 0.21871188695221422, g: -0.000113142521678438, curr_delay = 0.05, data_size = 1344
user 9, emp_avg: 0.3767145820801113, h: 0.6512372098944842, ucb: 1.0260095482623124,num_of_obs: 78, privacy reward: 0.04242574108051078, g: 3.599201906559019e-05, curr_delay = 0.09465939428500322, data_size = 3109
user 17, emp_avg: 0.0678361529168065, h: 0.48960626355421655, ucb: 0.5574604045566836,num_of_obs: 138, privacy reward: 0.003848776397609277, g: 0.00010717448003212756, curr_delay = 0.7650664876720553, data_size = 5498
user 18, emp_avg: 0.06634167377611896, h: 0.8053810750318198, ucb: 0.8717752281619051,num_of_obs: 51, privacy reward: 0.12493021219858191, g: -0.00022890774259241495, curr_delay = 0.785358076503642, data_size = 1848
user 28, emp_avg: 0.05632084903071198, h: 0.8133950144547223, ucb: 0.8696716832578176,num_of_obs: 50, privacy reward: 0.13002871087842538, g: -0.0009863819140993365, curr_delay = 0.8542648085683884, data_size = 1651
num of fast users chosen: 2, num of slow users chosen: 3
max_delay = 0.85 seconds
global epoch 248 has been done artifficialy in 0.85 secs, the total time by now is 215.84 
 with avg train loss 1.581, val loss 2.053, avg val acc 24.48%
iteration: 249
user 5, emp_avg: 0.5811583752124574, h: 1.8194701805412543, ucb: 2.4020917577861876,num_of_obs: 10, privacy reward: 0.6440364210831411, g: 0.0005891468347351571, curr_delay = 0.08825714738356953, data_size = 625
user 19, emp_avg: 0.06499087956117908, h: 0.5934457384253374, ucb: 0.6584362950236929,num_of_obs: 94, privacy reward: 0.02237077185616476, g: -0.0004035020216564747, curr_delay = 0.7689795132598604, data_size = 3467
user 23, emp_avg: 0.06125506736799507, h: 0.54859090055414, ucb: 0.6098139604461408,num_of_obs: 110, privacy reward: 0.011795938519750582, g: -7.262503929148886e-06, curr_delay = 0.7718921378069353, data_size = 4259
user 24, emp_avg: 0.06036199970480454, h: 0.8673983746970048, ucb: 0.927673104066245,num_of_obs: 44, privacy reward: 0.16529888822158578, g: 0.002248360891206384, curr_delay = 0.7787932180669517, data_size = 2174
user 28, emp_avg: 0.05626294104515654, h: 0.8056749378418298, ucb: 0.8619957868725417,num_of_obs: 51, privacy reward: 0.12493021219858191, g: -0.0011980661060549574, curr_delay = 0.9379167788813909, data_size = 1651
num of fast users chosen: 1, num of slow users chosen: 4
max_delay = 0.94 seconds
global epoch 249 has been done artifficialy in 0.94 secs, the total time by now is 216.78 
 with avg train loss 1.605, val loss 1.966, avg val acc 27.05%
iteration: 250
user 1, emp_avg: 0.6769779027199885, h: 0.9337074587952204, ucb: 1.6152465515387588,num_of_obs: 38, privacy reward: 0.21013607120076416, g: -0.00018072228717185628, curr_delay = 0.09927476176402923, data_size = 1344
user 17, emp_avg: 0.06776365793453444, h: 0.4881971348724313, ucb: 0.5560332877892378,num_of_obs: 139, privacy reward: 0.0036978637164817307, g: 0.0001167290891699437, curr_delay = 0.8667485799739088, data_size = 5498
user 19, emp_avg: 0.06503296485685227, h: 0.5905284476161426, ucb: 0.6555193271773218,num_of_obs: 95, privacy reward: 0.02149360134508893, g: -0.0005097353597619304, curr_delay = 0.7243115525788161, data_size = 3467
user 24, emp_avg: 0.0603504925498327, h: 0.8580179421482395, ucb: 0.918379941853044,num_of_obs: 45, privacy reward: 0.15881742610691996, g: 0.0019469019024338393, curr_delay = 0.8356638525169318, data_size = 2174
num of fast users chosen: 1, num of slow users chosen: 3
max_delay = 0.87 seconds
global epoch 250 has been done artifficialy in 0.87 secs, the total time by now is 217.65 
 with avg train loss 1.592, val loss 2.140, avg val acc 22.48%
iteration: 251
user 10, emp_avg: 0.3311732073254358, h: 1.2005925644699227, ucb: 1.5351967989371738,num_of_obs: 23, privacy reward: 0.3828928859751114, g: -0.00025813100281458725, curr_delay = 0.19820852549089296, data_size = 733
user 11, emp_avg: 0.33876262583528294, h: 1.2005925644699227, ucb: 1.544619757900339,num_of_obs: 23, privacy reward: 0.3828928859751114, g: 0.002942283795406575, curr_delay = 0.22969752802958704, data_size = 1415
user 19, emp_avg: 0.06503687276233903, h: 0.587657050239114, ucb: 0.6526900150959662,num_of_obs: 96, privacy reward: 0.020650825181711685, g: -0.0006273742059461748, curr_delay = 0.7643853693105125, data_size = 3467
user 21, emp_avg: 0.06312278492315998, h: 0.725419611845893, ucb: 0.7885830456332137,num_of_obs: 63, privacy reward: 0.07730474044329905, g: -0.0013595668462238007, curr_delay = 0.8256014862355573, data_size = 2077
user 23, emp_avg: 0.061246502712425974, h: 0.5465099558516399, ucb: 0.6077650232196349,num_of_obs: 111, privacy reward: 0.011333413154666405, g: -9.978717118615766e-06, curr_delay = 0.8292447979106481, data_size = 4259
num of fast users chosen: 2, num of slow users chosen: 3
max_delay = 0.83 seconds
global epoch 251 has been done artifficialy in 0.83 secs, the total time by now is 218.48 
 with avg train loss 1.668, val loss 1.875, avg val acc 29.86%
iteration: 252
user 9, emp_avg: 0.38450564980410995, h: 0.648040615669905, ucb: 1.0247551977500162,num_of_obs: 79, privacy reward: 0.0407622039783655, g: 4.932815353638387e-05, curr_delay = 0.05, data_size = 3109
user 11, emp_avg: 0.3359441003907602, h: 1.1757369058925793, ucb: 1.5144995317278622,num_of_obs: 24, privacy reward: 0.36787944117144167, g: 0.0025642266330133585, curr_delay = 0.1863589082922509, data_size = 1415
user 17, emp_avg: 0.06780643894691511, h: 0.48680132736252696, ucb: 0.5545649852970614,num_of_obs: 140, privacy reward: 0.0035528684062201554, g: 0.0001265302855553331, curr_delay = 0.677545511940214, data_size = 5498
user 22, emp_avg: 0.06147544045611911, h: 1.4872026206958382, ucb: 1.54877572460796,num_of_obs: 15, privacy reward: 0.5272924240430481, g: -1.4067102732969754e-05, curr_delay = 0.8331876835711153, data_size = 541
user 24, emp_avg: 0.06031802319640356, h: 0.8492525425218054, ucb: 0.9096030350716381,num_of_obs: 46, privacy reward: 0.15259010575688325, g: 0.0017292314512827797, curr_delay = 0.8499869442368541, data_size = 2174
num of fast users chosen: 2, num of slow users chosen: 3
max_delay = 0.85 seconds
global epoch 252 has been done artifficialy in 0.85 secs, the total time by now is 219.33 
 with avg train loss 1.622, val loss 2.072, avg val acc 25.51%
iteration: 253
user 3, emp_avg: 0.6161836381849483, h: 1.7373003333899493, ucb: 2.3778979556584785,num_of_obs: 11, privacy reward: 0.6187833918061405, g: 0.0006656446257364097, curr_delay = 0.14383116203501278, data_size = 672
user 17, emp_avg: 0.06776924359839603, h: 0.48524569292168207, ucb: 0.5530521318685971,num_of_obs: 141, privacy reward: 0.0034135584433941935, g: 9.009561027610993e-05, curr_delay = 0.7996839718393717, data_size = 5498
user 18, emp_avg: 0.06632717352533349, h: 0.7990419375290001, ucb: 0.8653836113051191,num_of_obs: 52, privacy reward: 0.12003162851145621, g: -0.00022554431641536984, curr_delay = 0.7625070933072949, data_size = 1848
user 19, emp_avg: 0.06507138079269888, h: 0.5850397548600015, ucb: 0.6500766276223405,num_of_obs: 97, privacy reward: 0.019841094744369348, g: -0.0006747800627217109, curr_delay = 0.7307947889034756, data_size = 3467
user 25, emp_avg: 0.059460283497139936, h: 1.0030308151459137, ucb: 1.0624196728723385,num_of_obs: 33, privacy reward: 0.25666077695355527, g: 0.00037477211317402977, curr_delay = 0.8088346232469721, data_size = 1453
num of fast users chosen: 1, num of slow users chosen: 4
max_delay = 0.81 seconds
global epoch 253 has been done artifficialy in 0.81 secs, the total time by now is 220.14 
 with avg train loss 1.673, val loss 2.336, avg val acc 14.30%
iteration: 254
user 0, emp_avg: 0.6569146349879156, h: 1.1528053712940658, ucb: 1.8044051924051878,num_of_obs: 25, privacy reward: 0.3534546819587794, g: 1.81068591279493e-05, curr_delay = 0.0633083701835193, data_size = 996
user 17, emp_avg: 0.06777991549368745, h: 0.48370638866713656, ucb: 0.5514756322655325,num_of_obs: 142, privacy reward: 0.0032797109023422477, g: 6.0047087805941645e-05, curr_delay = 0.7215494013561792, data_size = 5498
user 18, emp_avg: 0.06652120610144825, h: 0.7917499796201536, ucb: 0.858077153145487,num_of_obs: 53, privacy reward: 0.11532512103806203, g: -0.0003292756249876403, curr_delay = 0.6509998548826161, data_size = 1848
user 26, emp_avg: 0.05837893801525184, h: 0.7441326674067291, ucb: 0.8025443303618732,num_of_obs: 60, privacy reward: 0.08716085146198072, g: 0.0009290644456727316, curr_delay = 0.8862821696099782, data_size = 2587
user 28, emp_avg: 0.05618191369494935, h: 0.7993267070828954, ucb: 0.8555896481280519,num_of_obs: 52, privacy reward: 0.12003162851145621, g: -0.0011915077799546606, curr_delay = 0.9621214426673388, data_size = 1651
num of fast users chosen: 1, num of slow users chosen: 4
max_delay = 0.96 seconds
global epoch 254 has been done artifficialy in 0.96 secs, the total time by now is 221.10 
 with avg train loss 1.614, val loss 2.193, avg val acc 21.88%
iteration: 255
user 4, emp_avg: 0.5693457266762771, h: 1.54104744691373, ucb: 2.1072804817497373,num_of_obs: 14, privacy reward: 0.5488116360940261, g: 7.590505854885693e-07, curr_delay = 0.08157626056565387, data_size = 541
user 6, emp_avg: 0.5137571703415825, h: 1.0193070757711853, ucb: 1.532195107038905,num_of_obs: 32, privacy reward: 0.26713530196584967, g: 0.0005806862669503934, curr_delay = 0.09232423328120594, data_size = 1451
user 12, emp_avg: 0.32042941398199704, h: 0.8595551985500738, ucb: 1.1802756525139686,num_of_obs: 45, privacy reward: 0.15881742610691996, g: -8.164530683829794e-07, curr_delay = 0.1626901851373369, data_size = 1703
user 17, emp_avg: 0.06779496598870662, h: 0.48218312737830793, ucb: 0.5499630428719954,num_of_obs: 143, privacy reward: 0.003151111598443168, g: 3.623811226574004e-05, curr_delay = 0.7148250316313753, data_size = 5498
user 26, emp_avg: 0.058344509421054874, h: 0.7382698124108977, ucb: 0.7966487504261496,num_of_obs: 61, privacy reward: 0.08374322559219538, g: 0.0007554441707120734, curr_delay = 0.8889779419572669, data_size = 2587
num of fast users chosen: 3, num of slow users chosen: 2
max_delay = 0.89 seconds
global epoch 255 has been done artifficialy in 0.89 secs, the total time by now is 221.99 
 with avg train loss 1.707, val loss 2.124, avg val acc 23.71%
iteration: 256
user 3, emp_avg: 0.596112793764641, h: 1.6651092223153954, ucb: 2.2812928605003435,num_of_obs: 12, privacy reward: 0.5945205479701939, g: 0.0005019101143187377, curr_delay = 0.1407409377009458, data_size = 672
user 9, emp_avg: 0.38449752852789454, h: 0.644894028764391, ucb: 1.029399678568501,num_of_obs: 80, privacy reward: 0.03916389509898632, g: 6.42476618131577e-05, curr_delay = 0.130259953442858, data_size = 3109
user 11, emp_avg: 0.3321724268793425, h: 1.1536215092807063, ucb: 1.4895656096714665,num_of_obs: 25, privacy reward: 0.3534546819587794, g: 0.002325172128352011, curr_delay = 0.21018949125043343, data_size = 1415
user 23, emp_avg: 0.061244842135366635, h: 0.5450349322592394, ucb: 0.6062814349716653,num_of_obs: 112, privacy reward: 0.010889023668553377, g: 2.471702625146224e-06, curr_delay = 0.8188820106261357, data_size = 4259
user 29, emp_avg: 0.05479817477234313, h: 0.77777146289169, ucb: 0.8325941542616262,num_of_obs: 55, privacy reward: 0.1064585043792523, g: 0.0017434122275921, curr_delay = 0.935457862078503, data_size = 2489
num of fast users chosen: 3, num of slow users chosen: 2
max_delay = 0.94 seconds
global epoch 256 has been done artifficialy in 0.94 secs, the total time by now is 222.92 
 with avg train loss 1.690, val loss 2.174, avg val acc 21.27%
iteration: 257
user 5, emp_avg: 0.6012557504763575, h: 1.739761125436251, ucb: 2.3209195006487082,num_of_obs: 11, privacy reward: 0.6187833918061405, g: 0.0004679189053355829, curr_delay = 0.06080307152132258, data_size = 625
user 17, emp_avg: 0.06779720005540182, h: 0.4808445731598734, ucb: 0.54863953914858,num_of_obs: 144, privacy reward: 0.0030275547453746388, g: 4.2156966910821714e-05, curr_delay = 0.7340106174036557, data_size = 5498
user 24, emp_avg: 0.06026183660856985, h: 0.8416606749092841, ucb: 0.9019786981056876,num_of_obs: 47, privacy reward: 0.14660696213034952, g: 0.0017010950795393095, curr_delay = 0.8677381836233634, data_size = 2174
user 26, emp_avg: 0.058421977457947805, h: 0.7328078623038757, ucb: 0.7911523717249306,num_of_obs: 62, privacy reward: 0.08045960674953179, g: 0.0006480025770681607, curr_delay = 0.7908264668204378, data_size = 2587
user 28, emp_avg: 0.056242361300216266, h: 0.7925889808908825, ucb: 0.8487708945858319,num_of_obs: 53, privacy reward: 0.11532512103806203, g: -0.0012974040464819392, curr_delay = 0.8410982913679963, data_size = 1651
num of fast users chosen: 1, num of slow users chosen: 4
max_delay = 0.87 seconds
global epoch 257 has been done artifficialy in 0.87 secs, the total time by now is 223.79 
 with avg train loss 1.606, val loss 1.980, avg val acc 26.99%
iteration: 258
user 1, emp_avg: 0.6690574303531819, h: 0.9242843039905665, ucb: 1.601262206710555,num_of_obs: 39, privacy reward: 0.2018965179946548, g: -0.00015891349668605443, curr_delay = 0.13882757027522147, data_size = 1344
user 8, emp_avg: 0.41697359841924825, h: 0.8604618593074781, ucb: 1.2779723643618064,num_of_obs: 45, privacy reward: 0.15881742610691996, g: -0.0010270403738155962, curr_delay = 0.12728709456586937, data_size = 1381
user 18, emp_avg: 0.06647762507919505, h: 0.785490617025904, ucb: 0.8520118231273522,num_of_obs: 54, privacy reward: 0.11080315836233334, g: -0.0003529461711773727, curr_delay = 0.7797362167276822, data_size = 1848
user 19, emp_avg: 0.06511453359936717, h: 0.5830755675246397, ucb: 0.6481469483173387,num_of_obs: 98, privacy reward: 0.019063114291610672, g: -0.0005027586775269589, curr_delay = 0.7210480255665348, data_size = 3467
user 23, emp_avg: 0.061182885855138924, h: 0.5429985373725775, ucb: 0.6042433795079442,num_of_obs: 113, privacy reward: 0.010462058943425778, g: 1.1830234716209002e-06, curr_delay = 0.9228186555619391, data_size = 4259
num of fast users chosen: 2, num of slow users chosen: 3
max_delay = 0.92 seconds
global epoch 258 has been done artifficialy in 0.92 secs, the total time by now is 224.71 
 with avg train loss 1.691, val loss 1.959, avg val acc 28.57%
iteration: 259
user 2, emp_avg: 0.7155440954463556, h: 1.3609834754935537, ucb: 2.0607244651313734,num_of_obs: 18, privacy reward: 0.4676664270099087, g: -0.00018837215593385553, curr_delay = 0.05, data_size = 541
user 19, emp_avg: 0.0651318123046192, h: 0.5803253038467481, ucb: 0.6454398374461152,num_of_obs: 99, privacy reward: 0.01831563888873322, g: -0.0006158686895707772, curr_delay = 0.7480281515131882, data_size = 3467
user 20, emp_avg: 0.06387654429300793, h: 0.9760118320447501, ucb: 1.0398607995711013,num_of_obs: 35, privacy reward: 0.23692775868212124, g: 9.229700267550713e-05, curr_delay = 0.7711083453779087, data_size = 1404
user 23, emp_avg: 0.061176542416979764, h: 0.5407999952166156, ucb: 0.6019828810717545,num_of_obs: 114, privacy reward: 0.010051835744632642, g: -1.1713196214931795e-06, curr_delay = 0.827083470652159, data_size = 4259
user 24, emp_avg: 0.06039446623356068, h: 0.8334287658297151, ucb: 0.893690602438285,num_of_obs: 48, privacy reward: 0.1408584209210444, g: 0.0015050928385493866, curr_delay = 0.7489437470357699, data_size = 2174
num of fast users chosen: 1, num of slow users chosen: 4
max_delay = 0.83 seconds
global epoch 259 has been done artifficialy in 0.83 secs, the total time by now is 225.54 
 with avg train loss 1.671, val loss 1.959, avg val acc 28.03%
iteration: 260
user 2, emp_avg: 0.7297668906740378, h: 1.3251432849257665, ucb: 2.040687380372122,num_of_obs: 19, privacy reward: 0.449328964117221, g: -0.0002994189750339756, curr_delay = 0.05, data_size = 541
user 11, emp_avg: 0.32967609102119366, h: 1.1327992860794207, ucb: 1.4649717129587632,num_of_obs: 26, privacy reward: 0.33959552564493845, g: 0.002104633861196727, curr_delay = 0.1888421778085602, data_size = 1415
user 23, emp_avg: 0.06113772407362955, h: 0.53863022555281, ucb: 0.5998067679697898,num_of_obs: 115, privacy reward: 0.009657697627536765, g: -1.0468637292381863e-05, curr_delay = 0.8822447688076928, data_size = 4259
user 24, emp_avg: 0.060298002399108326, h: 0.8251665235289916, ucb: 0.8855609897625523,num_of_obs: 49, privacy reward: 0.13533528323661215, g: 0.0012717905744279831, curr_delay = 0.8997454249524932, data_size = 2174
user 26, emp_avg: 0.058506376436554076, h: 0.7277284704911466, ucb: 0.7861504479490944,num_of_obs: 63, privacy reward: 0.07730474044329905, g: 0.0005950349690369467, curr_delay = 0.7834103508824897, data_size = 2587
num of fast users chosen: 2, num of slow users chosen: 3
max_delay = 0.90 seconds
global epoch 260 has been done artifficialy in 0.90 secs, the total time by now is 226.44 
 with avg train loss 1.623, val loss 2.002, avg val acc 27.14%
iteration: 261
user 0, emp_avg: 0.6696215003587335, h: 1.1331902285130881, ucb: 1.7901048635010037,num_of_obs: 26, privacy reward: 0.33959552564493845, g: 9.385363929412714e-06, curr_delay = 0.05, data_size = 996
user 17, emp_avg: 0.06785998310888383, h: 0.47984999411767437, ucb: 0.5476471941730762,num_of_obs: 145, privacy reward: 0.002908842625811481, g: 0.0001265302855553331, curr_delay = 0.6496583860840737, data_size = 5498
user 19, emp_avg: 0.0650975974285903, h: 0.5778159087800903, ucb: 0.6429477210847094,num_of_obs: 100, privacy reward: 0.017597472415622373, g: -0.0006614711809666793, curr_delay = 0.8106866684896771, data_size = 3467
user 20, emp_avg: 0.06381784700417201, h: 0.9630265146334838, ucb: 1.0269030589264916,num_of_obs: 36, privacy reward: 0.22763768838381226, g: 4.639290258814349e-05, curr_delay = 0.8103104602279533, data_size = 1404
user 21, emp_avg: 0.06316577349926758, h: 0.7222698859751129, ucb: 0.7853926708982728,num_of_obs: 64, privacy reward: 0.07427357821433322, g: -0.0009664026029005796, curr_delay = 0.7585291785275711, data_size = 2077
num of fast users chosen: 1, num of slow users chosen: 4
max_delay = 0.81 seconds
global epoch 261 has been done artifficialy in 0.81 secs, the total time by now is 227.25 
 with avg train loss 1.653, val loss 2.254, avg val acc 23.24%
iteration: 262
user 6, emp_avg: 0.5067428826497412, h: 1.0061939541714153, ucb: 1.519951124512998,num_of_obs: 33, privacy reward: 0.25666077695355527, g: 0.0005585390321264515, curr_delay = 0.18163892809390558, data_size = 1451
user 17, emp_avg: 0.06784051205263973, h: 0.4783681380454089, ucb: 0.5462281211542928,num_of_obs: 146, privacy reward: 0.0027947852750357383, g: 9.124481741253663e-05, curr_delay = 0.7692575412749219, data_size = 5498
user 18, emp_avg: 0.06640841258154805, h: 0.7793944855120962, ucb: 0.8458721105912913,num_of_obs: 55, privacy reward: 0.1064585043792523, g: -0.00037667823518228654, curr_delay = 0.7987000331301413, data_size = 1848
user 26, emp_avg: 0.05850719092413538, h: 0.7225180255381888, ucb: 0.7810244019747429,num_of_obs: 64, privacy reward: 0.07427357821433322, g: 0.000502935422766423, curr_delay = 0.8538350786388295, data_size = 2587
user 27, emp_avg: 0.05810287526290798, h: 1.1560288408611021, ucb: 1.2139881398482475,num_of_obs: 25, privacy reward: 0.3534546819587794, g: 1.3878979709452878e-06, curr_delay = 0.8104741509282861, data_size = 937
num of fast users chosen: 1, num of slow users chosen: 4
max_delay = 0.85 seconds
global epoch 262 has been done artifficialy in 0.85 secs, the total time by now is 228.11 
 with avg train loss 1.700, val loss 2.330, avg val acc 19.71%
iteration: 263
user 1, emp_avg: 0.6771292003445677, h: 0.9142336161106005, ucb: 1.5832910464637824,num_of_obs: 40, privacy reward: 0.19398004229089127, g: -0.00018318414445164298, curr_delay = 0.05, data_size = 1344
user 9, emp_avg: 0.38265706280321043, h: 0.6424578978670014, ucb: 1.026955426394896,num_of_obs: 81, privacy reward: 0.03762825680717552, g: 0.00015701776691059294, curr_delay = 0.21406002856177747, data_size = 3109
user 15, emp_avg: 0.07231667407352728, h: 1.4023703503683156, ucb: 1.474946826220922,num_of_obs: 17, privacy reward: 0.48675225595997107, g: -7.859863983485924e-05, curr_delay = 0.7363765497086616, data_size = 541
user 23, emp_avg: 0.06115549146409754, h: 0.5368564647401879, ucb: 0.5979941888138174,num_of_obs: 116, privacy reward: 0.009279013887063758, g: -3.969951982427659e-06, curr_delay = 0.790932637408077, data_size = 4259
user 24, emp_avg: 0.06028142884262827, h: 0.8177154051754998, ucb: 0.8780134075746081,num_of_obs: 50, privacy reward: 0.13002871087842538, g: 0.001156655810127129, curr_delay = 0.8410039761547039, data_size = 2174
num of fast users chosen: 2, num of slow users chosen: 3
max_delay = 0.84 seconds
global epoch 263 has been done artifficialy in 0.84 secs, the total time by now is 228.95 
 with avg train loss 1.783, val loss 2.065, avg val acc 23.11%
iteration: 264
user 9, emp_avg: 0.38404656671903503, h: 0.6387458617008601, ucb: 1.0214029245040706,num_of_obs: 82, privacy reward: 0.03615283175404571, g: 9.819627398927688e-05, curr_delay = 0.10040445165869603, data_size = 3109
user 14, emp_avg: 0.24939519177351382, h: 1.233172085220541, ucb: 1.4835051375113735,num_of_obs: 22, privacy reward: 0.3985190410845135, g: 6.246973937483111e-07, curr_delay = 0.21856752033403992, data_size = 816
user 17, emp_avg: 0.06785298918308148, h: 0.4770636847550802, ucb: 0.54490419680772,num_of_obs: 147, privacy reward: 0.002685200176952618, g: 9.971903549353777e-05, curr_delay = 0.717492625906708, data_size = 5498
user 20, emp_avg: 0.06377988779010613, h: 0.9508985028237112, ucb: 1.0147163498278833,num_of_obs: 37, privacy reward: 0.21871188695221422, g: 2.1075012094490584e-05, curr_delay = 0.8015981061326714, data_size = 1404
user 24, emp_avg: 0.06033615255352636, h: 0.8099345727494665, ucb: 0.8702160015920948,num_of_obs: 51, privacy reward: 0.12493021219858191, g: 0.0009574007522250978, curr_delay = 0.7920533376164688, data_size = 2174
num of fast users chosen: 2, num of slow users chosen: 3
max_delay = 0.80 seconds
global epoch 264 has been done artifficialy in 0.80 secs, the total time by now is 229.75 
 with avg train loss 1.720, val loss 2.445, avg val acc 17.02%
iteration: 265
user 3, emp_avg: 0.611462812849822, h: 1.6047616395234368, ucb: 2.2008744332880776,num_of_obs: 13, privacy reward: 0.5712090638488144, g: 0.00040891904129269457, curr_delay = 0.061651288255443026, data_size = 672
user 12, emp_avg: 0.3203238106252179, h: 0.8531065858776194, ucb: 1.1735359998596164,num_of_obs: 46, privacy reward: 0.15259010575688325, g: 3.92873883919496e-06, curr_delay = 0.1584956575048454, data_size = 1703
user 19, emp_avg: 0.06503769867117429, h: 0.5757335308746911, ucb: 0.6408311283032815,num_of_obs: 101, privacy reward: 0.01690746565270429, g: -0.00056213541407924, curr_delay = 0.8476311160581659, data_size = 3467
user 23, emp_avg: 0.06112821866852081, h: 0.5349205465078123, ucb: 0.5960760379719098,num_of_obs: 117, privacy reward: 0.008915178548438596, g: -5.940280245680943e-06, curr_delay = 0.8630018767053554, data_size = 4259
user 25, emp_avg: 0.05935770645232518, h: 0.9922994530814798, ucb: 1.0517597365786198,num_of_obs: 34, privacy reward: 0.2465969639416059, g: 0.0004619029537060726, curr_delay = 0.8949332773345634, data_size = 1453
num of fast users chosen: 2, num of slow users chosen: 3
max_delay = 0.89 seconds
global epoch 265 has been done artifficialy in 0.89 secs, the total time by now is 230.64 
 with avg train loss 1.780, val loss 2.041, avg val acc 24.13%
iteration: 266
user 19, emp_avg: 0.06503516882950362, h: 0.5730976874321689, ucb: 0.6381353861033432,num_of_obs: 102, privacy reward: 0.016244514441948854, g: -0.0006778715361846929, curr_delay = 0.7718774183963147, data_size = 3467
user 23, emp_avg: 0.06112876388919003, h: 0.532828858051017, ucb: 0.5939570767195378,num_of_obs: 118, privacy reward: 0.008565609397496954, g: -2.0583076954698713e-05, curr_delay = 0.817085587406119, data_size = 4259
user 27, emp_avg: 0.05809650132642755, h: 1.135120763698908, ucb: 1.193223638961816,num_of_obs: 26, privacy reward: 0.33959552564493845, g: -1.3142851398900375e-06, curr_delay = 0.8630990447934931, data_size = 937
user 28, emp_avg: 0.05626480363018495, h: 0.7876474330266825, ucb: 0.8438897943268988,num_of_obs: 54, privacy reward: 0.11080315836233334, g: -0.001075927461664332, curr_delay = 0.8699178828802606, data_size = 1651
user 29, emp_avg: 0.05489837384104288, h: 0.7734544248819498, ucb: 0.828252599654293,num_of_obs: 56, privacy reward: 0.10228420671553695, g: 0.0021225943864084888, curr_delay = 0.8263162326356113, data_size = 2489
num of fast users chosen: 0, num of slow users chosen: 5
max_delay = 0.87 seconds
global epoch 266 has been done artifficialy in 0.87 secs, the total time by now is 231.51 
 with avg train loss 1.603, val loss 1.955, avg val acc 28.88%
iteration: 267
user 9, emp_avg: 0.3832673347879332, h: 0.6355293017464508, ucb: 1.0195758684654859,num_of_obs: 83, privacy reward: 0.034735258944737835, g: 9.320050177068247e-05, curr_delay = 0.15694098934831713, data_size = 3109
user 10, emp_avg: 0.3310926998069352, h: 1.1818680825710044, ucb: 1.5130412898964403,num_of_obs: 24, privacy reward: 0.36787944117144167, g: -0.00020508044761125452, curr_delay = 0.15190157099269794, data_size = 733
user 17, emp_avg: 0.06784166724777574, h: 0.47593075204903085, ucb: 0.5437837412321124,num_of_obs: 148, privacy reward: 0.0025799119720260055, g: 0.00015617519911620208, curr_delay = 0.7556748823404923, data_size = 5498
user 21, emp_avg: 0.06316409192191769, h: 0.7181546003516074, ucb: 0.7813203738508749,num_of_obs: 65, privacy reward: 0.07136126955638533, g: -0.0008597786016484356, curr_delay = 0.7929611767860334, data_size = 2077
user 25, emp_avg: 0.05939692543127654, h: 0.978679751361883, ucb: 1.0380374578142082,num_of_obs: 35, privacy reward: 0.23692775868212124, g: 0.00034997699580865873, curr_delay = 0.8227799504867184, data_size = 1453
num of fast users chosen: 2, num of slow users chosen: 3
max_delay = 0.82 seconds
global epoch 267 has been done artifficialy in 0.82 secs, the total time by now is 232.34 
 with avg train loss 1.741, val loss 2.193, avg val acc 22.60%
iteration: 268
user 5, emp_avg: 0.6145654347456448, h: 1.6719729334697462, ucb: 2.273228683946104,num_of_obs: 12, privacy reward: 0.5945205479701939, g: 0.0003863925495089008, curr_delay = 0.06457598505632048, data_size = 625
user 8, emp_avg: 0.4208549625334662, h: 0.8539667273207905, ucb: 1.2709403257400387,num_of_obs: 46, privacy reward: 0.15259010575688325, g: -0.0008567713626258649, curr_delay = 0.08341706852849418, data_size = 1381
user 17, emp_avg: 0.06780311611903088, h: 0.4744896366861818, ucb: 0.5423313039339576,num_of_obs: 149, privacy reward: 0.0024787521766651555, g: 0.00011737500254812247, curr_delay = 0.8056849395397423, data_size = 5498
user 19, emp_avg: 0.06505861176733117, h: 0.5706913018186857, ucb: 0.6357264706481893,num_of_obs: 103, privacy reward: 0.015607557919981918, g: -0.0007239154976935982, curr_delay = 0.7410345816621646, data_size = 3467
user 24, emp_avg: 0.06044855797955975, h: 0.8031898171457588, ucb: 0.8635259696992851,num_of_obs: 52, privacy reward: 0.12003162851145621, g: 0.0009056404454473449, curr_delay = 0.7542201619863583, data_size = 2174
num of fast users chosen: 2, num of slow users chosen: 3
max_delay = 0.81 seconds
global epoch 268 has been done artifficialy in 0.81 secs, the total time by now is 233.14 
 with avg train loss 1.757, val loss 2.262, avg val acc 20.76%
iteration: 269
user 15, emp_avg: 0.07212101148589878, h: 1.3656148041086158, ucb: 1.437931478182143,num_of_obs: 18, privacy reward: 0.4676664270099087, g: -0.00012412861615954322, curr_delay = 0.7288726965764816, data_size = 541
user 17, emp_avg: 0.06782639506165547, h: 0.4730628448568684, ucb: 0.5408659609758992,num_of_obs: 150, privacy reward: 0.002381558913615689, g: 8.433310665558364e-05, curr_delay = 0.7010829555678366, data_size = 5498
user 18, emp_avg: 0.0664963666832308, h: 0.7742308196527681, ucb: 0.8406392322343161,num_of_obs: 56, privacy reward: 0.10228420671553695, g: -0.0003119806768136913, curr_delay = 0.7000664017990994, data_size = 1848
user 19, emp_avg: 0.06504589962849133, h: 0.5681300998553452, ucb: 0.6331887116226764,num_of_obs: 104, privacy reward: 0.014995576820476808, g: -0.0008523141567644179, curr_delay = 0.7846357376689006, data_size = 3467
user 20, emp_avg: 0.06358669479845054, h: 0.9398805674072446, ucb: 1.0036604551973507,num_of_obs: 38, privacy reward: 0.21013607120076416, g: 1.2098762341892043e-05, curr_delay = 0.8889622007633748, data_size = 1404
num of fast users chosen: 0, num of slow users chosen: 5
max_delay = 0.89 seconds
global epoch 269 has been done artifficialy in 0.89 secs, the total time by now is 234.03 
 with avg train loss 1.800, val loss 2.468, avg val acc 16.81%
iteration: 270
user 8, emp_avg: 0.4229513918627507, h: 0.8453946800036749, ucb: 1.266249642537141,num_of_obs: 47, privacy reward: 0.14660696213034952, g: -0.001005076408032995, curr_delay = 0.09588029775796185, data_size = 1381
user 16, emp_avg: 0.06899486989803451, h: 1.1153895143250654, ucb: 1.1844086857873974,num_of_obs: 27, privacy reward: 0.3262797946230388, g: 0.000268689552556063, curr_delay = 0.7316495596361795, data_size = 1129
user 23, emp_avg: 0.06108799131720373, h: 0.5312940580167932, ucb: 0.5924228219059833,num_of_obs: 119, privacy reward: 0.00822974704901891, g: -2.7841451746066246e-06, curr_delay = 0.8891093049998249, data_size = 4259
user 26, emp_avg: 0.058493227127105196, h: 0.7188723194002187, ucb: 0.777379510324354,num_of_obs: 65, privacy reward: 0.07136126955638533, g: 0.000673936666598145, curr_delay = 0.8682729204434209, data_size = 2587
user 29, emp_avg: 0.055044259253779766, h: 0.767663711941243, ucb: 0.822562085782286,num_of_obs: 57, privacy reward: 0.09827358560436095, g: 0.0020690514335499643, curr_delay = 0.789144804627067, data_size = 2489
num of fast users chosen: 1, num of slow users chosen: 4
max_delay = 0.89 seconds
global epoch 270 has been done artifficialy in 0.89 secs, the total time by now is 234.92 
 with avg train loss 1.743, val loss 1.995, avg val acc 26.65%
iteration: 271
user 2, emp_avg: 0.742635133975274, h: 1.2963933223616628, ucb: 2.0261602130357006,num_of_obs: 20, privacy reward: 0.4317105234290791, g: -0.00032499227528827603, curr_delay = 0.05, data_size = 541
user 17, emp_avg: 0.06781238421607569, h: 0.4718058370235838, ucb: 0.5396322320852392,num_of_obs: 151, privacy reward: 0.0022881766529210257, g: 9.23242668404416e-05, curr_delay = 0.7610726959588751, data_size = 5498
user 20, emp_avg: 0.06369247267907698, h: 0.928366540748584, ucb: 0.9919532355470346,num_of_obs: 39, privacy reward: 0.2018965179946548, g: 6.902767056840208e-07, curr_delay = 0.7372694574281989, data_size = 1404
user 26, emp_avg: 0.05849634253429835, h: 0.713641036635984, ucb: 0.7721342637630892,num_of_obs: 66, privacy reward: 0.06856315415427716, g: 0.0005363205456938407, curr_delay = 0.8517603245845813, data_size = 2587
user 29, emp_avg: 0.0549669702116249, h: 0.7612683713346113, ucb: 0.8163126305883911,num_of_obs: 58, privacy reward: 0.09442022319630183, g: 0.0018126985687739751, curr_delay = 0.9904087672710788, data_size = 2489
num of fast users chosen: 1, num of slow users chosen: 4
max_delay = 0.99 seconds
global epoch 271 has been done artifficialy in 0.99 secs, the total time by now is 235.91 
 with avg train loss 1.670, val loss 2.223, avg val acc 23.21%
iteration: 272
user 16, emp_avg: 0.06924682050603986, h: 1.0960124542725649, ucb: 1.1650073241705994,num_of_obs: 28, privacy reward: 0.3134861808826046, g: 0.00018091799760297232, curr_delay = 0.6552956486595262, data_size = 1129
user 17, emp_avg: 0.06778813496749285, h: 0.47040584659598367, ucb: 0.5382182308120593,num_of_obs: 152, privacy reward: 0.002198455963041357, g: 6.368988537441759e-05, curr_delay = 0.78000383196127, data_size = 5498
user 20, emp_avg: 0.06373920611233679, h: 0.9169898090733614, ucb: 0.9806822817524383,num_of_obs: 40, privacy reward: 0.19398004229089127, g: -5.366429329792162e-06, curr_delay = 0.7620958700850575, data_size = 1404
user 29, emp_avg: 0.055033207797345426, h: 0.7550374600402286, ucb: 0.8100044302518535,num_of_obs: 59, privacy reward: 0.0907179532894119, g: 0.0015749923621865395, curr_delay = 0.8483026896535402, data_size = 2489
num of fast users chosen: 0, num of slow users chosen: 4
max_delay = 0.85 seconds
global epoch 272 has been done artifficialy in 0.85 secs, the total time by now is 236.76 
 with avg train loss 1.713, val loss 2.224, avg val acc 22.45%
iteration: 273
user 1, emp_avg: 0.6688484834060069, h: 0.9060343875871831, ucb: 1.5831635879317507,num_of_obs: 41, privacy reward: 0.1863739760394093, g: -0.00013517431988921132, curr_delay = 0.15181920908084018, data_size = 1344
user 17, emp_avg: 0.06779004143773436, h: 0.4690194943557087, ucb: 0.5368076293232016,num_of_obs: 153, privacy reward: 0.002112253271731479, g: 4.0507665640488526e-05, curr_delay = 0.734411404984451, data_size = 5498
user 21, emp_avg: 0.06315896095953075, h: 0.7141092223045792, ucb: 0.7772733142264969,num_of_obs: 66, privacy reward: 0.06856315415427716, g: -0.0007636672714253332, curr_delay = 0.7959208427459593, data_size = 2077
user 26, emp_avg: 0.05851355731300067, h: 0.7087600142345487, ucb: 0.7672563567688471,num_of_obs: 67, privacy reward: 0.06587475442640223, g: 0.00045282927120646194, curr_delay = 0.8379848828647491, data_size = 2587
user 28, emp_avg: 0.056306013148563885, h: 0.7822674591573787, ucb: 0.8385322627875637,num_of_obs: 55, privacy reward: 0.1064585043792523, g: -0.0009771260749233677, curr_delay = 0.8536423868876621, data_size = 1651
num of fast users chosen: 1, num of slow users chosen: 4
max_delay = 0.85 seconds
global epoch 273 has been done artifficialy in 0.85 secs, the total time by now is 237.61 
 with avg train loss 1.777, val loss 2.956, avg val acc 12.05%
iteration: 274
user 1, emp_avg: 0.6622537418365428, h: 0.8954749822131963, ucb: 1.564323465619203,num_of_obs: 42, privacy reward: 0.17906614791149256, g: -0.0002169131151053925, curr_delay = 0.12977756781686395, data_size = 1344
user 9, emp_avg: 0.38453734124346856, h: 0.6331964323058542, ucb: 1.0164637670937875,num_of_obs: 84, privacy reward: 0.0333732699603253, g: 0.0001944942868139126, curr_delay = 0.10178782507445241, data_size = 3109
user 23, emp_avg: 0.06112149165431784, h: 0.5297701438542979, ucb: 0.5908581351715017,num_of_obs: 120, privacy reward: 0.00790705405159231, g: 1.2453679913208008e-06, curr_delay = 0.7675594721520274, data_size = 4259
user 24, emp_avg: 0.06033987720083548, h: 0.7971502147488396, ucb: 0.8575987727283994,num_of_obs: 53, privacy reward: 0.11532512103806203, g: 0.0009420635887635122, curr_delay = 0.91608990377222, data_size = 2174
user 28, emp_avg: 0.05627918798611764, h: 0.7755040830500464, ucb: 0.8318100961986102,num_of_obs: 56, privacy reward: 0.10228420671553695, g: -0.0011678196598241036, curr_delay = 0.9127922169859597, data_size = 1651
num of fast users chosen: 2, num of slow users chosen: 3
max_delay = 0.92 seconds
global epoch 274 has been done artifficialy in 0.92 secs, the total time by now is 238.53 
 with avg train loss 1.794, val loss 2.259, avg val acc 17.21%
iteration: 275
user 3, emp_avg: 0.5852386370502701, h: 1.5515113964407976, ucb: 2.1629742092906197,num_of_obs: 14, privacy reward: 0.5488116360940261, g: 0.00033742969848632725, curr_delay = 0.22925245155642537, data_size = 672
user 11, emp_avg: 0.33373415432820025, h: 1.1172158945508321, ucb: 1.4468919855720257,num_of_obs: 27, privacy reward: 0.3262797946230388, g: 0.002274762514174491, curr_delay = 0.11278996120610894, data_size = 1415
user 23, emp_avg: 0.06108445064658919, h: 0.5277476433778784, ucb: 0.5888691350321962,num_of_obs: 121, privacy reward: 0.007597014027576399, g: -8.608778828780481e-07, curr_delay = 0.8833533849530242, data_size = 4259
user 24, emp_avg: 0.06035010011747338, h: 0.7899909350862881, ucb: 0.8503308122871236,num_of_obs: 54, privacy reward: 0.11080315836233334, g: 0.0007706217627047779, curr_delay = 0.8209892453254378, data_size = 2174
user 26, emp_avg: 0.058531742647972396, h: 0.7039868250145802, ucb: 0.7625003823275809,num_of_obs: 68, privacy reward: 0.06329176835964001, g: 0.0003774589829150733, curr_delay = 0.836563228303911, data_size = 2587
num of fast users chosen: 2, num of slow users chosen: 3
max_delay = 0.88 seconds
global epoch 275 has been done artifficialy in 0.88 secs, the total time by now is 239.41 
 with avg train loss 1.787, val loss 2.093, avg val acc 22.57%
iteration: 276
user 9, emp_avg: 0.3841813375221353, h: 0.6298683820898654, ucb: 1.014405723333334,num_of_obs: 85, privacy reward: 0.03206468532786, g: 0.00015736321137066695, curr_delay = 0.14127445673960354, data_size = 3109
user 10, emp_avg: 0.3272213753600114, h: 1.1614199101841314, ucb: 1.4925126099910666,num_of_obs: 25, privacy reward: 0.3534546819587794, g: -0.0002253811563553009, curr_delay = 0.21697785381443097, data_size = 733
user 11, emp_avg: 0.3350221025047868, h: 1.0974386607379232, ucb: 1.4311728150661234,num_of_obs: 28, privacy reward: 0.3134861808826046, g: 0.0019737595105340185, curr_delay = 0.13474014569110632, data_size = 1415
user 17, emp_avg: 0.06779132350826991, h: 0.4679494172513339, ucb: 0.5357394586890682,num_of_obs: 154, privacy reward: 0.0020294306362945713, g: 7.802381846747955e-05, curr_delay = 0.7354156518889047, data_size = 5498
user 24, emp_avg: 0.060288390342014754, h: 0.7830291437082123, ucb: 0.8433792438256857,num_of_obs: 55, privacy reward: 0.1064585043792523, g: 0.0006174404490876006, curr_delay = 0.878821844952901, data_size = 2174
num of fast users chosen: 3, num of slow users chosen: 2
max_delay = 0.88 seconds
global epoch 276 has been done artifficialy in 0.88 secs, the total time by now is 240.29 
 with avg train loss 1.783, val loss 2.276, avg val acc 21.01%
iteration: 277
user 16, emp_avg: 0.06915378177427223, h: 1.0786982102823504, ucb: 1.1479450307883903,num_of_obs: 29, privacy reward: 0.3011942119122014, g: 0.0001368575176515868, curr_delay = 0.7523813786318224, data_size = 1129
user 17, emp_avg: 0.06776995953437115, h: 0.46658750890408146, ucb: 0.5343788324123514,num_of_obs: 155, privacy reward: 0.0019498555228441017, g: 5.237904262105888e-05, curr_delay = 0.7756923632302759, data_size = 5498
user 21, emp_avg: 0.06305384951614972, h: 0.7096783488053199, ucb: 0.7728373097648507,num_of_obs: 67, privacy reward: 0.06587475442640223, g: -0.0007702592588171905, curr_delay = 0.8926756936165483, data_size = 2077
user 25, emp_avg: 0.05951508019453693, h: 0.968161273255248, ucb: 1.0275581986865245,num_of_obs: 36, privacy reward: 0.22763768838381226, g: 0.000393225549372578, curr_delay = 0.7840843218271166, data_size = 1453
user 26, emp_avg: 0.058493684698085184, h: 0.6993175248326252, ucb: 0.7578492674805977,num_of_obs: 69, privacy reward: 0.060810062625217265, g: 0.00030988525438777574, curr_delay = 0.8949717348326075, data_size = 2587
num of fast users chosen: 0, num of slow users chosen: 5
max_delay = 0.89 seconds
global epoch 277 has been done artifficialy in 0.89 secs, the total time by now is 241.19 
 with avg train loss 1.812, val loss 2.377, avg val acc 18.25%
iteration: 278
user 9, emp_avg: 0.3828318912193826, h: 0.6265977408690023, ucb: 1.0107790783911377,num_of_obs: 86, privacy reward: 0.03080741103275031, g: 0.00012461136187884086, curr_delay = 0.1874206911662255, data_size = 3109
user 11, emp_avg: 0.35718803242129393, h: 1.0790437446334349, ucb: 1.4140658471382217,num_of_obs: 29, privacy reward: 0.3011942119122014, g: 0.0017272121465622045, curr_delay = 0.05, data_size = 1415
user 18, emp_avg: 0.06649307862676022, h: 0.7696630235773135, ucb: 0.8361593902605443,num_of_obs: 57, privacy reward: 0.09827358560436095, g: -0.00021084513240895723, curr_delay = 0.7540834439543351, data_size = 1848
user 23, emp_avg: 0.061110417877460216, h: 0.5260876842247708, ucb: 0.58717213487136,num_of_obs: 122, privacy reward: 0.0072991308467874605, g: 4.983792155191182e-08, curr_delay = 0.7778660391152654, data_size = 4259
user 27, emp_avg: 0.05817576406053254, h: 1.1182944467844909, ucb: 1.1763909481109185,num_of_obs: 27, privacy reward: 0.3262797946230388, g: -2.7495761911892296e-07, curr_delay = 0.8289693914052075, data_size = 937
num of fast users chosen: 2, num of slow users chosen: 3
max_delay = 0.83 seconds
global epoch 278 has been done artifficialy in 0.83 secs, the total time by now is 242.01 
 with avg train loss 1.848, val loss 1.998, avg val acc 28.94%
iteration: 279
user 9, emp_avg: 0.381251346567759, h: 0.6231849109446247, ucb: 1.0060168021640072,num_of_obs: 87, privacy reward: 0.029599435167891208, g: 7.547277662888633e-05, curr_delay = 0.20513328664663544, data_size = 3109
user 17, emp_avg: 0.0677793158774894, h: 0.46538700941430566, ucb: 0.5331569689486768,num_of_obs: 156, privacy reward: 0.0018734005942213638, g: 5.874208870627209e-05, curr_delay = 0.7221373548340007, data_size = 5498
user 21, emp_avg: 0.06302750599952721, h: 0.7048912170028562, ucb: 0.7679450665190058,num_of_obs: 68, privacy reward: 0.06329176835964001, g: -0.000876390138895768, curr_delay = 0.8165112038613777, data_size = 2077
user 22, emp_avg: 0.06133388555645882, h: 1.4531704711364777, ucb: 1.5146459115925968,num_of_obs: 16, privacy reward: 0.5066169923655891, g: -2.4789695562953634e-06, curr_delay = 0.8464675876972455, data_size = 541
user 28, emp_avg: 0.05626173343390448, h: 0.7699085237406875, ucb: 0.8261877117268052,num_of_obs: 57, privacy reward: 0.09827358560436095, g: -0.0011624615037783787, curr_delay = 0.9047018883918436, data_size = 1651
num of fast users chosen: 1, num of slow users chosen: 4
max_delay = 0.90 seconds
global epoch 279 has been done artifficialy in 0.90 secs, the total time by now is 242.92 
 with avg train loss 1.784, val loss 2.317, avg val acc 19.44%
iteration: 280
user 5, emp_avg: 0.598812912986568, h: 1.6126599531642292, ucb: 2.227225387909874,num_of_obs: 13, privacy reward: 0.5712090638488144, g: 0.0003241590769584481, curr_delay = 0.12689384942454596, data_size = 625
user 6, emp_avg: 0.49965966322841293, h: 0.9971833511713866, ucb: 1.5039262338211277,num_of_obs: 34, privacy reward: 0.2465969639416059, g: 0.0007929325157632396, curr_delay = 0.19317683732098845, data_size = 1451
user 9, emp_avg: 0.3813486383676375, h: 0.6198307835337683, ucb: 1.0010821301015274,num_of_obs: 88, privacy reward: 0.028438824714183686, g: 3.88097804750555e-05, curr_delay = 0.12823461665716326, data_size = 3109
user 17, emp_avg: 0.06780983965390895, h: 0.46404986566976203, ucb: 0.5318291815472515,num_of_obs: 157, privacy reward: 0.0017999435062295843, g: 3.7086126830369216e-05, curr_delay = 0.6886855738772387, data_size = 5498
user 21, emp_avg: 0.06297336524923793, h: 0.6999869317518813, ucb: 0.7630144377514085,num_of_obs: 69, privacy reward: 0.060810062625217265, g: -0.001043603985328854, curr_delay = 0.8440577413737491, data_size = 2077
num of fast users chosen: 3, num of slow users chosen: 2
max_delay = 0.84 seconds
global epoch 280 has been done artifficialy in 0.84 secs, the total time by now is 243.76 
 with avg train loss 1.895, val loss 2.218, avg val acc 21.10%
iteration: 281
user 9, emp_avg: 0.3832061687922353, h: 0.6165336956992797, ucb: 0.9978823340669172,num_of_obs: 89, privacy reward: 0.027323722447291754, g: 1.43601986103265e-05, curr_delay = 0.0911533193929768, data_size = 3109
user 10, emp_avg: 0.32769194703568155, h: 1.1406834661054086, ucb: 1.4679048414654199,num_of_obs: 26, privacy reward: 0.33959552564493845, g: -0.00028763074848991716, curr_delay = 0.14709048665884578, data_size = 733
user 11, emp_avg: 0.3539194756215827, h: 1.06191851564362, ucb: 1.4191065480649139,num_of_obs: 30, privacy reward: 0.2893842179390499, g: 0.0015299615415588319, curr_delay = 0.1954172530900907, data_size = 1415
user 17, emp_avg: 0.06783163605626416, h: 0.46272533351708406, ucb: 0.530535173170993,num_of_obs: 158, privacy reward: 0.001729366711856195, g: 2.0489597326326486e-05, curr_delay = 0.70150364022426, data_size = 5498
user 18, emp_avg: 0.0665147912253875, h: 0.7637264361284228, ucb: 0.8302195147551831,num_of_obs: 58, privacy reward: 0.09442022319630183, g: -0.0002524994104906008, curr_delay = 0.7377447108795862, data_size = 1848
num of fast users chosen: 3, num of slow users chosen: 2
max_delay = 0.74 seconds
global epoch 281 has been done artifficialy in 0.74 secs, the total time by now is 244.50 
 with avg train loss 1.908, val loss 2.651, avg val acc 15.09%
iteration: 282
user 9, emp_avg: 0.38197330081947917, h: 0.6132920495673664, ucb: 0.9964982183596016,num_of_obs: 90, privacy reward: 0.026252343965687097, g: 1.8673980841763302e-06, curr_delay = 0.18449150854372173, data_size = 3109
user 10, emp_avg: 0.3267009292213591, h: 1.1197129662887433, ucb: 1.447404913324425,num_of_obs: 27, privacy reward: 0.3262797946230388, g: -0.0004071383884928372, curr_delay = 0.1666980902376089, data_size = 733
user 17, emp_avg: 0.06782010843714345, h: 0.4614132135302436, ucb: 0.5292448495865077,num_of_obs: 159, privacy reward: 0.0016615572731730754, g: 8.84667748018383e-06, curr_delay = 0.7577225146850771, data_size = 5498
user 21, emp_avg: 0.06292916185880783, h: 0.6954078189464354, ucb: 0.7583811841956734,num_of_obs: 70, privacy reward: 0.05842566596450016, g: -0.001163030911273549, curr_delay = 0.8356323734647113, data_size = 2077
user 28, emp_avg: 0.0561907623412694, h: 0.7639669882020843, ucb: 0.8202287216359888,num_of_obs: 58, privacy reward: 0.09442022319630183, g: -0.0012579487556658787, curr_delay = 0.9601639689350864, data_size = 1651
num of fast users chosen: 2, num of slow users chosen: 3
max_delay = 0.96 seconds
global epoch 282 has been done artifficialy in 0.96 secs, the total time by now is 245.46 
 with avg train loss 1.851, val loss 3.208, avg val acc 18.02%
iteration: 283
user 14, emp_avg: 0.252475394179207, h: 1.2135589304380985, ucb: 1.4629541222116123,num_of_obs: 23, privacy reward: 0.3828928859751114, g: 8.131773892563796e-06, curr_delay = 0.15464552871296716, data_size = 816
user 20, emp_avg: 0.06385665302163616, h: 0.9089350695350673, ucb: 0.972674275647404,num_of_obs: 41, privacy reward: 0.1863739760394093, g: -1.797129187774022e-08, curr_delay = 0.7280990396934384, data_size = 1404
user 23, emp_avg: 0.06113029794604039, h: 0.5247739070719623, ucb: 0.5858843249494224,num_of_obs: 123, privacy reward: 0.007012927832584226, g: 1.9741934562992e-05, curr_delay = 0.7864659109658373, data_size = 4259
user 26, emp_avg: 0.058488820853365125, h: 0.695625939977385, ucb: 0.7541196246754701,num_of_obs: 70, privacy reward: 0.05842566596450016, g: 0.0003744692358213589, curr_delay = 0.8598696010889121, data_size = 2587
user 29, emp_avg: 0.05505713420783234, h: 0.7513618900132769, ucb: 0.8063950978106224,num_of_obs: 60, privacy reward: 0.08716085146198072, g: 0.0019877155674037366, curr_delay = 0.8850698112835471, data_size = 2489
num of fast users chosen: 1, num of slow users chosen: 4
max_delay = 0.89 seconds
global epoch 283 has been done artifficialy in 0.89 secs, the total time by now is 246.35 
 with avg train loss 1.860, val loss 2.210, avg val acc 20.79%
iteration: 284
user 5, emp_avg: 0.6255587187874635, h: 1.5559527496720285, ucb: 2.1547656626585967,num_of_obs: 14, privacy reward: 0.5488116360940261, g: 0.00022913527925300968, curr_delay = 0.05, data_size = 625
user 20, emp_avg: 0.06380916727430574, h: 0.898329738869484, ucb: 0.9621863918911201,num_of_obs: 42, privacy reward: 0.17906614791149256, g: -9.89137662937748e-06, curr_delay = 0.8088682256253241, data_size = 1404
user 23, emp_avg: 0.0611399763894454, h: 0.5228168542968298, ucb: 0.5839471522428702,num_of_obs: 124, privacy reward: 0.006737946999084254, g: 6.0144945151535e-06, curr_delay = 0.8020519263804273, data_size = 4259
user 24, emp_avg: 0.06030955417991544, h: 0.7779763748360142, ucb: 0.838264765178029,num_of_obs: 56, privacy reward: 0.10228420671553695, g: 0.0007257966152730941, curr_delay = 0.8130778154462355, data_size = 2174
user 26, emp_avg: 0.05849600603190327, h: 0.6909255420328166, ucb: 0.7494143628861818,num_of_obs: 71, privacy reward: 0.0561347628341331, g: 0.00027892443405250244, curr_delay = 0.847369246389756, data_size = 2587
num of fast users chosen: 1, num of slow users chosen: 4
max_delay = 0.85 seconds
global epoch 284 has been done artifficialy in 0.85 secs, the total time by now is 247.19 
 with avg train loss 1.796, val loss 2.034, avg val acc 24.53%
iteration: 285
user 4, emp_avg: 0.5777228845147447, h: 1.503660756988577, ucb: 2.0730064836648543,num_of_obs: 15, privacy reward: 0.5272924240430481, g: 9.869756928078235e-06, curr_delay = 0.07108530535411917, data_size = 541
user 8, emp_avg: 0.4190689839240017, h: 0.8405719169313125, ucb: 1.2635233087940632,num_of_obs: 48, privacy reward: 0.1408584209210444, g: -0.000678598259637661, curr_delay = 0.2148565548208234, data_size = 1381
user 9, emp_avg: 0.3813965025257123, h: 0.6104847207780285, ucb: 0.9924580215975076,num_of_obs: 91, privacy reward: 0.025222974835226397, g: 1.4816203983527704e-06, curr_delay = 0.15201825926420492, data_size = 3109
user 17, emp_avg: 0.06781897429224551, h: 0.4604002001086385, ucb: 0.528220308545782,num_of_obs: 160, privacy reward: 0.0015964066806113397, g: 2.9166641723783492e-05, curr_delay = 0.7392347704772707, data_size = 5498
user 21, emp_avg: 0.0629331986274946, h: 0.6911404647353053, ucb: 0.7540696265941131,num_of_obs: 71, privacy reward: 0.0561347628341331, g: -0.001224936698231436, curr_delay = 0.7908913460725087, data_size = 2077
num of fast users chosen: 3, num of slow users chosen: 2
max_delay = 0.79 seconds
global epoch 285 has been done artifficialy in 0.79 secs, the total time by now is 247.98 
 with avg train loss 1.872, val loss 3.129, avg val acc 19.18%
iteration: 286
user 1, emp_avg: 0.6553089239859099, h: 0.8883738850558821, ucb: 1.550627626892425,num_of_obs: 43, privacy reward: 0.17204486382304973, g: -0.00013907365363395724, curr_delay = 0.14018098515447902, data_size = 1344
user 14, emp_avg: 0.25095991363681835, h: 1.1891164588487382, ucb: 1.4415918530279452,num_of_obs: 24, privacy reward: 0.36787944117144167, g: 4.3109147247647734e-08, curr_delay = 0.23300422816769553, data_size = 816
user 17, emp_avg: 0.06786448008114646, h: 0.4591103391438864, ucb: 0.5269293134361319,num_of_obs: 161, privacy reward: 0.0015338106793235662, g: 1.4954159031954477e-05, curr_delay = 0.6649739790010696, data_size = 5498
user 21, emp_avg: 0.06291360747551404, h: 0.6865367076141337, ucb: 0.7494699062416282,num_of_obs: 72, privacy reward: 0.053933687300355304, g: -0.0014156060409166549, curr_delay = 0.812967884431179, data_size = 2077
user 29, emp_avg: 0.05516649441404792, h: 0.74587335611304, ucb: 0.8009304903208723,num_of_obs: 61, privacy reward: 0.08374322559219538, g: 0.0018758621986670284, curr_delay = 0.8085712826092956, data_size = 2489
num of fast users chosen: 2, num of slow users chosen: 3
max_delay = 0.81 seconds
global epoch 286 has been done artifficialy in 0.81 secs, the total time by now is 248.80 
 with avg train loss 1.853, val loss 2.405, avg val acc 22.00%
iteration: 287
user 11, emp_avg: 0.3517855129186551, h: 1.046605778057408, ucb: 1.4005252536789907,num_of_obs: 31, privacy reward: 0.2780373004531934, g: 0.0014335576518381117, curr_delay = 0.17505000444333355, data_size = 1415
user 12, emp_avg: 0.3182033947843754, h: 0.8499924066564175, ucb: 1.1703162172816355,num_of_obs: 47, privacy reward: 0.14660696213034952, g: 0.00013933309648561288, curr_delay = 0.2287870371983571, data_size = 1703
user 14, emp_avg: 0.25324518276605834, h: 1.1654508706000049, ucb: 1.4164107842368232,num_of_obs: 25, privacy reward: 0.3534546819587794, g: -8.906061990914854e-06, curr_delay = 0.1610944571855539, data_size = 816
user 23, emp_avg: 0.061144378142864025, h: 0.5212054742195844, ucb: 0.5823454506090298,num_of_obs: 125, privacy reward: 0.006473748318288286, g: 1.247569694014316e-05, curr_delay = 0.8104437369208015, data_size = 4259
user 26, emp_avg: 0.05841028509841145, h: 0.6867485114508575, ucb: 0.7452445174827608,num_of_obs: 72, privacy reward: 0.053933687300355304, g: 0.0002505873419651357, curr_delay = 0.9571507007387863, data_size = 2587
num of fast users chosen: 3, num of slow users chosen: 2
max_delay = 0.96 seconds
global epoch 287 has been done artifficialy in 0.96 secs, the total time by now is 249.75 
 with avg train loss 1.927, val loss 2.083, avg val acc 21.80%
iteration: 288
user 17, emp_avg: 0.0678535910507205, h: 0.45797300907594113, ucb: 0.5258374891570876,num_of_obs: 162, privacy reward: 0.0014736691023530257, g: 1.852548092252143e-05, curr_delay = 0.7565490503420433, data_size = 5498
user 18, emp_avg: 0.06648242671475185, h: 0.7588769901080938, ucb: 0.8253917813334813,num_of_obs: 59, privacy reward: 0.0907179532894119, g: -0.0002057975934028227, curr_delay = 0.7743183914446274, data_size = 1848
user 19, emp_avg: 0.0650317149930241, h: 0.5688565212090427, ucb: 0.6339024208375341,num_of_obs: 105, privacy reward: 0.014407591843111467, g: -5.127495025448427e-05, curr_delay = 0.7868770528577126, data_size = 3467
user 22, emp_avg: 0.061390159662092464, h: 1.4137510156196629, ucb: 1.4750849011761218,num_of_obs: 17, privacy reward: 0.48675225595997107, g: -1.0592303353500529e-05, curr_delay = 0.8019655282302123, data_size = 541
user 28, emp_avg: 0.056197017351703904, h: 0.7588769901080938, ucb: 0.8150677524493632,num_of_obs: 59, privacy reward: 0.0907179532894119, g: -0.0012009638644671697, curr_delay = 0.8839222207999378, data_size = 1651
num of fast users chosen: 0, num of slow users chosen: 5
max_delay = 0.88 seconds
global epoch 288 has been done artifficialy in 0.88 secs, the total time by now is 250.64 
 with avg train loss 1.794, val loss 2.721, avg val acc 15.06%
iteration: 289
user 6, emp_avg: 0.49679309816738887, h: 0.9855898904959637, ucb: 1.4852495537243766,num_of_obs: 35, privacy reward: 0.23692775868212124, g: 0.0008111310441437691, curr_delay = 0.12611507130068536, data_size = 1451
user 12, emp_avg: 0.31912709098096537, h: 0.8416075902783043, ucb: 1.1598109850626797,num_of_obs: 48, privacy reward: 0.1408584209210444, g: 8.981438025182988e-05, curr_delay = 0.13756501348020544, data_size = 1703
user 17, emp_avg: 0.06784614028527322, h: 0.4567057296430615, ucb: 0.524559320693782,num_of_obs: 163, privacy reward: 0.0014158857103458988, g: 7.785678555390304e-06, curr_delay = 0.7503939697705388, data_size = 5498
user 19, emp_avg: 0.06503610612863385, h: 0.5663401215606951, ucb: 0.6313718365537192,num_of_obs: 106, privacy reward: 0.013842662086478552, g: -8.759699268417712e-05, curr_delay = 0.7633405225126261, data_size = 3467
user 22, emp_avg: 0.061487497971726555, h: 1.3743394398901159, ucb: 1.4357295995522084,num_of_obs: 18, privacy reward: 0.4676664270099087, g: -4.238714603892605e-05, curr_delay = 0.7906439928045118, data_size = 541
num of fast users chosen: 2, num of slow users chosen: 3
max_delay = 0.79 seconds
global epoch 289 has been done artifficialy in 0.79 secs, the total time by now is 251.43 
 with avg train loss 1.949, val loss 2.332, avg val acc 18.38%
iteration: 290
user 8, emp_avg: 0.4178562518480332, h: 0.8332293402336395, ucb: 1.2522983241576413,num_of_obs: 49, privacy reward: 0.13533528323661215, g: -0.000707261218892682, curr_delay = 0.13949632559000982, data_size = 1381
user 17, emp_avg: 0.06788352116988643, h: 0.4554499620308706, ucb: 0.5232961023161439,num_of_obs: 164, privacy reward: 0.0013603680375469107, g: 1.6560661364906952e-06, curr_delay = 0.6755479948547707, data_size = 5498
user 21, emp_avg: 0.0629917667056523, h: 0.682654825008941, ucb: 0.745568432484455,num_of_obs: 73, privacy reward: 0.05181891717272524, g: -0.0014137920798122676, curr_delay = 0.7278296836590635, data_size = 2077
user 26, emp_avg: 0.058406513576619225, h: 0.682654825008941, ucb: 0.7410651101073524,num_of_obs: 73, privacy reward: 0.05181891717272524, g: 0.00022430732383761336, curr_delay = 0.8601234184594647, data_size = 2587
user 27, emp_avg: 0.058144074447089494, h: 1.1022588096703179, ucb: 1.1604345737308503,num_of_obs: 28, privacy reward: 0.3134861808826046, g: 2.135734387434825e-09, curr_delay = 0.8732592517866251, data_size = 937
num of fast users chosen: 1, num of slow users chosen: 4
max_delay = 0.87 seconds
global epoch 290 has been done artifficialy in 0.87 secs, the total time by now is 252.30 
 with avg train loss 1.927, val loss 2.559, avg val acc 15.87%
iteration: 291
user 1, emp_avg: 0.6583671233810947, h: 0.8795652283815741, ucb: 1.534874152367484,num_of_obs: 44, privacy reward: 0.16529888822158578, g: -0.00015992253279956486, curr_delay = 0.06305743586992474, data_size = 1344
user 21, emp_avg: 0.06293750581780429, h: 0.6782323966198575, ucb: 0.7412241633255098,num_of_obs: 74, privacy reward: 0.049787068367863285, g: -0.0016137752270284935, curr_delay = 0.8485765959294345, data_size = 2077
user 23, emp_avg: 0.06110901983132609, h: 0.5197674968846072, ucb: 0.5809118750274712,num_of_obs: 126, privacy reward: 0.006219909015941494, g: 3.699649271973656e-05, curr_delay = 0.8825522020857643, data_size = 4259
user 26, emp_avg: 0.058325040527496624, h: 0.6782323966198575, ucb: 0.7366389101964766,num_of_obs: 74, privacy reward: 0.049787068367863285, g: 0.00015389638761941876, curr_delay = 0.9560954306163538, data_size = 2587
num of fast users chosen: 1, num of slow users chosen: 3
max_delay = 0.96 seconds
global epoch 291 has been done artifficialy in 0.96 secs, the total time by now is 253.26 
 with avg train loss 1.995, val loss 2.116, avg val acc 21.33%
iteration: 292
user 5, emp_avg: 0.6081966304800445, h: 1.5068847072378542, ucb: 2.1324434260253176,num_of_obs: 15, privacy reward: 0.5272924240430481, g: 0.00017064527857995037, curr_delay = 0.14377512407424956, data_size = 625
user 6, emp_avg: 0.49528322245566, h: 0.9726898959644745, ucb: 1.4694829941318635,num_of_obs: 36, privacy reward: 0.22763768838381226, g: 0.0006916877715029952, curr_delay = 0.11339727660358309, data_size = 1451
user 17, emp_avg: 0.06783965816397576, h: 0.45434283420295507, ucb: 0.5222263553728415,num_of_obs: 165, privacy reward: 0.001307027243835357, g: 3.012413443080589e-06, curr_delay = 0.8250517091969332, data_size = 5498
user 21, emp_avg: 0.06296333380256545, h: 0.6738993279277422, ucb: 0.7368368337455465,num_of_obs: 75, privacy reward: 0.047834889494197785, g: -0.001825477213946611, curr_delay = 0.7704108886639767, data_size = 2077
user 26, emp_avg: 0.058389118954160046, h: 0.6738993279277422, ucb: 0.7322243684552389,num_of_obs: 75, privacy reward: 0.047834889494197785, g: 9.70563053732079e-05, curr_delay = 0.7912018236452141, data_size = 2587
num of fast users chosen: 2, num of slow users chosen: 3
max_delay = 0.83 seconds
global epoch 292 has been done artifficialy in 0.83 secs, the total time by now is 254.08 
 with avg train loss 1.907, val loss 2.603, avg val acc 14.59%
iteration: 293
user 16, emp_avg: 0.06901666944793648, h: 1.0658492021873514, ucb: 1.1350029839616236,num_of_obs: 30, privacy reward: 0.2893842179390499, g: 0.0001960748813634286, curr_delay = 0.7703768570099452, data_size = 1129
user 17, emp_avg: 0.06782526665715731, h: 0.45310864447658916, ucb: 0.5209483026405649,num_of_obs: 166, privacy reward: 0.0012557779725613782, g: 6.311283868933994e-08, curr_delay = 0.7641021564036207, data_size = 5498
user 25, emp_avg: 0.05969697101687671, h: 0.959744274133739, ucb: 1.019259354328276,num_of_obs: 37, privacy reward: 0.21871188695221422, g: 0.0005529058893618238, curr_delay = 0.752706754828298, data_size = 1453
user 29, emp_avg: 0.05508366848087567, h: 0.741413598103828, ucb: 0.7965800925178759,num_of_obs: 62, privacy reward: 0.08045960674953179, g: 0.0020244458702209033, curr_delay = 1.0010318511353455, data_size = 2489
num of fast users chosen: 0, num of slow users chosen: 4
max_delay = 1.00 seconds
global epoch 293 has been done artifficialy in 1.00 secs, the total time by now is 255.08 
 with avg train loss 1.958, val loss 2.818, avg val acc 14.32%
iteration: 294
user 5, emp_avg: 0.594337041460623, h: 1.4599117825238639, ucb: 2.0681084130039085,num_of_obs: 16, privacy reward: 0.5066169923655891, g: 0.00010022454557523787, curr_delay = 0.13419806373259416, data_size = 625
user 9, emp_avg: 0.3799899330948717, h: 0.6088252998159661, ucb: 0.9902218023416784,num_of_obs: 92, privacy reward: 0.024233967845690207, g: 5.761256072173556e-05, curr_delay = 0.19953265823336544, data_size = 3109
user 21, emp_avg: 0.06296084084371929, h: 0.6698534659479843, ucb: 0.7328167997505498,num_of_obs: 76, privacy reward: 0.045959256649043545, g: -0.0019695568863012914, curr_delay = 0.7965414048398767, data_size = 2077
user 23, emp_avg: 0.0611518898894004, h: 0.518184889358333, ucb: 0.5792939091896591,num_of_obs: 127, privacy reward: 0.005976022895004873, g: 5.040113721544973e-05, curr_delay = 0.7507914776392024, data_size = 4259
user 25, emp_avg: 0.05955992571913512, h: 0.9473158563462637, ucb: 1.0070128273631405,num_of_obs: 38, privacy reward: 0.21013607120076416, g: 0.00042197843742958885, curr_delay = 0.919925889803323, data_size = 1453
num of fast users chosen: 2, num of slow users chosen: 3
max_delay = 0.92 seconds
global epoch 294 has been done artifficialy in 0.92 secs, the total time by now is 256.00 
 with avg train loss 2.107, val loss 2.151, avg val acc 18.57%
iteration: 295
user 2, emp_avg: 0.7543335369763979, h: 1.2746960821354152, ucb: 2.0173312161106893,num_of_obs: 21, privacy reward: 0.41478291168158077, g: -0.0002375681153164368, curr_delay = 0.05, data_size = 541
user 11, emp_avg: 0.34759932776877694, h: 1.0326218471995041, ucb: 1.3844073601181592,num_of_obs: 32, privacy reward: 0.26713530196584967, g: 0.0013988880896001073, curr_delay = 0.23403703263638964, data_size = 1415
user 12, emp_avg: 0.3166956561964403, h: 0.8344844692070267, ucb: 1.1536115601879922,num_of_obs: 49, privacy reward: 0.13533528323661215, g: 8.959219550835e-05, curr_delay = 0.25309362442420946, data_size = 1703
user 17, emp_avg: 0.06778632344196947, h: 0.45202042862292036, ucb: 0.5198456952800776,num_of_obs: 167, privacy reward: 0.001206538213957109, g: 4.934062135709161e-07, curr_delay = 0.8158895267864475, data_size = 5498
user 19, emp_avg: 0.06505021302843417, h: 0.5647086101470346, ucb: 0.6297447162756684,num_of_obs: 107, privacy reward: 0.013299883542442825, g: -2.797546732670738e-05, curr_delay = 0.7512058584761588, data_size = 3467
num of fast users chosen: 3, num of slow users chosen: 2
max_delay = 0.82 seconds
global epoch 295 has been done artifficialy in 0.82 secs, the total time by now is 256.82 
 with avg train loss 2.039, val loss 3.209, avg val acc 14.88%
iteration: 296
user 6, emp_avg: 0.4995173566156422, h: 0.9606044933233922, ucb: 1.4558877157790522,num_of_obs: 37, privacy reward: 0.21871188695221422, g: 0.000604551493251142, curr_delay = 0.0761985668196127, data_size = 1451
user 9, emp_avg: 0.37931364202231904, h: 0.6059042538182916, ucb: 0.9858941869131633,num_of_obs: 93, privacy reward: 0.02328374037489611, g: 4.002175193839005e-05, curr_delay = 0.15801853740923272, data_size = 3109
user 16, emp_avg: 0.06916634454207969, h: 1.0494569521353898, ucb: 1.1184736215833262,num_of_obs: 31, privacy reward: 0.2780373004531934, g: 0.00013600277689770776, curr_delay = 0.6774491968381975, data_size = 1129
user 23, emp_avg: 0.06115274406063889, h: 0.516464519034406, ucb: 0.5776164089238065,num_of_obs: 128, privacy reward: 0.00574169968565319, g: 4.408604788430894e-05, curr_delay = 0.8161655896981542, data_size = 4259
user 24, emp_avg: 0.060368902544311986, h: 0.7739413451407814, ucb: 0.8342508993206968,num_of_obs: 57, privacy reward: 0.09827358560436095, g: 0.000995790209799438, curr_delay = 0.7842920813057791, data_size = 2174
num of fast users chosen: 2, num of slow users chosen: 3
max_delay = 0.82 seconds
global epoch 296 has been done artifficialy in 0.82 secs, the total time by now is 257.64 
 with avg train loss 2.045, val loss 2.151, avg val acc 19.43%
iteration: 297
user 1, emp_avg: 0.6510152137276074, h: 0.8713003415434274, ucb: 1.529667464924522,num_of_obs: 45, privacy reward: 0.15881742610691996, g: -0.0001679214389520767, curr_delay = 0.15616251028512773, data_size = 1344
user 12, emp_avg: 0.31663920659651984, h: 0.8265880816079578, ucb: 1.143283737804398,num_of_obs: 50, privacy reward: 0.13002871087842538, g: 5.208280786277048e-05, curr_delay = 0.15932866466882772, data_size = 1703
user 15, emp_avg: 0.07210000026728955, h: 1.3409029328819364, ucb: 1.4130239443678352,num_of_obs: 19, privacy reward: 0.449328964117221, g: -6.723783680451364e-05, curr_delay = 0.6973424143964029, data_size = 541
user 17, emp_avg: 0.06782897898764623, h: 0.45094076815676215, ucb: 0.5187270915987316,num_of_obs: 168, privacy reward: 0.001159229173903653, g: 1.316889489078115e-06, curr_delay = 0.6667101302881963, data_size = 5498
user 26, emp_avg: 0.05831725730091259, h: 0.6704514664409682, ucb: 0.7288405853951283,num_of_obs: 76, privacy reward: 0.045959256649043545, g: 0.00011682961776975891, curr_delay = 0.9459704860087095, data_size = 2587
num of fast users chosen: 2, num of slow users chosen: 3
max_delay = 0.95 seconds
global epoch 297 has been done artifficialy in 0.95 secs, the total time by now is 258.58 
 with avg train loss 2.003, val loss 4.242, avg val acc 17.46%
iteration: 298
user 1, emp_avg: 0.6584404219461689, h: 0.8620319892055911, ucb: 1.5130472029331985,num_of_obs: 46, privacy reward: 0.15259010575688325, g: -0.00024982062907806746, curr_delay = 0.05, data_size = 1344
user 11, emp_avg: 0.345011914871931, h: 1.0177598829609167, ucb: 1.3653592107296937,num_of_obs: 33, privacy reward: 0.25666077695355527, g: 0.001234681407118546, curr_delay = 0.19258376166630178, data_size = 1415
user 17, emp_avg: 0.06785526092389234, h: 0.4497373389847845, ucb: 0.5175663179724308,num_of_obs: 169, privacy reward: 0.0011137751478438318, g: -9.608155488776439e-08, curr_delay = 0.6915925076161916, data_size = 5498
user 26, emp_avg: 0.05831616352898856, h: 0.6662802432796854, ucb: 0.724597500580598,num_of_obs: 77, privacy reward: 0.044157168419692305, g: 6.908550694928379e-05, curr_delay = 0.8586352669359257, data_size = 2587
user 29, emp_avg: 0.05520545194481794, h: 0.7366005240618104, ucb: 0.7916841925426861,num_of_obs: 63, privacy reward: 0.07730474044329905, g: 0.0020420043435561107, curr_delay = 0.7951930873910418, data_size = 2489
num of fast users chosen: 2, num of slow users chosen: 3
max_delay = 0.86 seconds
global epoch 298 has been done artifficialy in 0.86 secs, the total time by now is 259.44 
 with avg train loss 1.942, val loss 2.345, avg val acc 19.61%
iteration: 299
user 12, emp_avg: 0.31565458051209566, h: 0.8189263827713114, ucb: 1.1355655893678311,num_of_obs: 51, privacy reward: 0.12493021219858191, g: 2.4984486771036222e-05, curr_delay = 0.1883674437053871, data_size = 1703
user 16, emp_avg: 0.06922404387299905, h: 1.0338438808692316, ucb: 1.1030102254113112,num_of_obs: 32, privacy reward: 0.26713530196584967, g: 8.77658169535763e-05, curr_delay = 0.7035275472921184, data_size = 1129
user 17, emp_avg: 0.06781964116173783, h: 0.44854445277995725, ucb: 0.5163997137038496,num_of_obs: 170, privacy reward: 0.0010701033996386444, g: -3.0896822443306294e-06, curr_delay = 0.8095293705102695, data_size = 5498
user 25, emp_avg: 0.059465551696664065, h: 0.9364781465593218, ucb: 0.996038072278457,num_of_obs: 39, privacy reward: 0.2018965179946548, g: 0.00037477211317402977, curr_delay = 0.8962988533034152, data_size = 1453
user 26, emp_avg: 0.05823138405687974, h: 0.6621900478651059, ucb: 0.7205062113940945,num_of_obs: 78, privacy reward: 0.04242574108051078, g: 3.400599233208111e-05, curr_delay = 0.9686433631393734, data_size = 2587
num of fast users chosen: 1, num of slow users chosen: 4
max_delay = 0.97 seconds
global epoch 299 has been done artifficialy in 0.97 secs, the total time by now is 260.41 
 with avg train loss 2.016, val loss 3.159, avg val acc 11.34%
iteration: 300
user 1, emp_avg: 0.6520882800055535, h: 0.8533126294466361, ucb: 1.511753051392805,num_of_obs: 47, privacy reward: 0.14660696213034952, g: -0.00032797085532764125, curr_delay = 0.1414276692377649, data_size = 1344
user 9, emp_avg: 0.3787262508082154, h: 0.60338314675384, ucb: 0.9826967887761591,num_of_obs: 94, privacy reward: 0.02237077185616476, g: 5.158299972839223e-05, curr_delay = 0.15455402235721846, data_size = 3109
user 18, emp_avg: 0.06650295671544933, h: 0.7552339024869184, ucb: 0.8217163292016703,num_of_obs: 60, privacy reward: 0.08716085146198072, g: -8.995642469975575e-05, curr_delay = 0.7381734635758128, data_size = 1848
user 23, emp_avg: 0.06120896331163181, h: 0.5150652464722738, ucb: 0.5762179905329127,num_of_obs: 129, privacy reward: 0.005516564420759651, g: 8.230417685195088e-05, curr_delay = 0.7303401912414942, data_size = 4259
user 28, emp_avg: 0.056147662445826925, h: 0.7552339024869184, ucb: 0.8114309198386223,num_of_obs: 60, privacy reward: 0.08716085146198072, g: -0.0008876713784674254, curr_delay = 0.9400905117712826, data_size = 1651
num of fast users chosen: 2, num of slow users chosen: 3
max_delay = 0.94 seconds
global epoch 300 has been done artifficialy in 0.94 secs, the total time by now is 261.35 
 with avg train loss 2.077, val loss 2.146, avg val acc 20.92%
iteration: 301
user 11, emp_avg: 0.34352662262099015, h: 1.0035622081086548, ucb: 1.3485741229805859,num_of_obs: 34, privacy reward: 0.2465969639416059, g: 0.0010836920336731463, curr_delay = 0.17063292312159317, data_size = 1415
user 16, emp_avg: 0.06901167198380344, h: 1.0186542159989929, ucb: 1.0878782598719918,num_of_obs: 33, privacy reward: 0.25666077695355527, g: 4.565976646667649e-05, curr_delay = 0.806407395240031, data_size = 1129
user 19, emp_avg: 0.0650630851068151, h: 0.5630823042637173, ucb: 0.6281325172921515,num_of_obs: 108, privacy reward: 0.012778387649534761, g: -1.908007090530882e-06, curr_delay = 0.7524084265840218, data_size = 3467
user 23, emp_avg: 0.06119034498931777, h: 0.5132300547924447, ucb: 0.5744390181040765,num_of_obs: 130, privacy reward: 0.005300256835869321, g: 5.153053549686221e-05, curr_delay = 0.8507747388697902, data_size = 4259
user 24, emp_avg: 0.06043260496121926, h: 0.7683688678252049, ucb: 0.8287377703695169,num_of_obs: 58, privacy reward: 0.09442022319630183, g: 0.0009880134625005952, curr_delay = 0.7796985808379693, data_size = 2174
num of fast users chosen: 1, num of slow users chosen: 4
max_delay = 0.85 seconds
global epoch 301 has been done artifficialy in 0.85 secs, the total time by now is 262.20 
 with avg train loss 1.997, val loss 2.070, avg val acc 23.26%
iteration: 302
user 9, emp_avg: 0.37816130586917507, h: 0.6005485396417023, ucb: 0.9792747904499177,num_of_obs: 95, privacy reward: 0.02149360134508893, g: 3.5354053760155874e-05, curr_delay = 0.1540872237057383, data_size = 3109
user 17, emp_avg: 0.06783024491333728, h: 0.4476224528090245, ucb: 0.5154420939707623,num_of_obs: 171, privacy reward: 0.0010281440451737067, g: 3.351925376292618e-07, curr_delay = 0.7179422306110763, data_size = 5498
user 21, emp_avg: 0.06298167716477703, h: 0.6670594718735531, ucb: 0.7300203127172724,num_of_obs: 77, privacy reward: 0.044157168419692305, g: -0.001668165032057836, curr_delay = 0.7741606973677126, data_size = 2077
user 27, emp_avg: 0.058009848781802195, h: 1.0869533838979546, ucb: 1.1450974583450442,num_of_obs: 29, privacy reward: 0.3011942119122014, g: 3.2655290596959324e-07, curr_delay = 0.9239188919812572, data_size = 937
user 28, emp_avg: 0.056059157712403475, h: 0.7494540319267745, ucb: 0.8056016943726014,num_of_obs: 61, privacy reward: 0.08374322559219538, g: -0.0010100045913804055, curr_delay = 0.9869647816043837, data_size = 1651
num of fast users chosen: 1, num of slow users chosen: 4
max_delay = 0.99 seconds
global epoch 302 has been done artifficialy in 0.99 secs, the total time by now is 263.19 
 with avg train loss 1.930, val loss 3.086, avg val acc 13.27%
iteration: 303
user 1, emp_avg: 0.6473141985254364, h: 0.8451133655839737, ucb: 1.4972016455895272,num_of_obs: 48, privacy reward: 0.1408584209210444, g: -0.00039438546351296697, curr_delay = 0.11957194559348407, data_size = 1344
user 19, emp_avg: 0.06506162386220492, h: 0.5608185108732864, ucb: 0.6258815959801015,num_of_obs: 109, privacy reward: 0.012277339903067452, g: -5.351325359714838e-06, curr_delay = 0.7703881506129372, data_size = 3467
user 20, emp_avg: 0.06391029690429563, h: 0.8928969944115693, ucb: 0.9567061616858751,num_of_obs: 43, privacy reward: 0.17204486382304973, g: 7.99801738044136e-06, curr_delay = 0.7325055230476487, data_size = 1404
user 23, emp_avg: 0.06118819347029979, h: 0.5115639605645815, ucb: 0.5727543055538993,num_of_obs: 131, privacy reward: 0.005092430792698055, g: 4.527850735634926e-05, curr_delay = 0.820932538765071, data_size = 4259
user 24, emp_avg: 0.06044127613968824, h: 0.7622713253439557, ucb: 0.822703930305175,num_of_obs: 59, privacy reward: 0.0907179532894119, g: 0.0008646092942815267, curr_delay = 0.8203058420283083, data_size = 2174
num of fast users chosen: 1, num of slow users chosen: 4
max_delay = 0.82 seconds
global epoch 303 has been done artifficialy in 0.82 secs, the total time by now is 264.01 
 with avg train loss 2.142, val loss 2.093, avg val acc 22.60%
iteration: 304
user 3, emp_avg: 0.569790966151227, h: 1.5122205793344066, ucb: 2.0974592163846766,num_of_obs: 15, privacy reward: 0.5272924240430481, g: 0.0003974538747600947, curr_delay = 0.14789578199975742, data_size = 672
user 18, emp_avg: 0.06650037143759739, h: 0.7498870538827429, ucb: 0.8163900105981923,num_of_obs: 61, privacy reward: 0.08374322559219538, g: -0.00010286890292461803, curr_delay = 0.7536627691559875, data_size = 1848
user 23, emp_avg: 0.06114551760313777, h: 0.5097694533006706, ucb: 0.5709576467709704,num_of_obs: 132, privacy reward: 0.004892753725238341, g: 2.3635530194612494e-05, curr_delay = 0.9007012351104666, data_size = 4259
user 26, emp_avg: 0.05828709709404937, h: 0.6589420578092126, ucb: 0.7171734418660923,num_of_obs: 79, privacy reward: 0.0407622039783655, g: 4.6684557706727766e-05, curr_delay = 0.7975953835261099, data_size = 2587
user 28, emp_avg: 0.05610314026476644, h: 0.7438149939987606, ucb: 0.799874151711164,num_of_obs: 62, privacy reward: 0.08045960674953179, g: -0.0011384674203899193, curr_delay = 0.8499056649828284, data_size = 1651
num of fast users chosen: 1, num of slow users chosen: 4
max_delay = 0.90 seconds
global epoch 304 has been done artifficialy in 0.90 secs, the total time by now is 264.91 
 with avg train loss 1.934, val loss 2.150, avg val acc 22.60%
iteration: 305
user 16, emp_avg: 0.06949006037494879, h: 1.0047222422675783, ucb: 1.0737339142513818,num_of_obs: 34, privacy reward: 0.2465969639416059, g: 2.4170425949480962e-05, curr_delay = 0.5830545752157033, data_size = 1129
user 17, emp_avg: 0.06781637275062584, h: 0.44670545065971135, ucb: 0.5145356955730487,num_of_obs: 172, privacy reward: 0.0009878299405302604, g: 8.235163637233373e-06, curr_delay = 0.7641712412399235, data_size = 5498
user 19, emp_avg: 0.0651299702067404, h: 0.5585848243523699, ucb: 0.6236464482145748,num_of_obs: 110, privacy reward: 0.011795938519750582, g: -1.0452659456890787e-05, curr_delay = 0.6882495474936947, data_size = 3467
user 20, emp_avg: 0.06384849550783876, h: 0.8832001556792888, ucb: 0.9471104525835844,num_of_obs: 44, privacy reward: 0.16529888822158578, g: 2.3037404163028678e-07, curr_delay = 0.8179392522384148, data_size = 1404
user 29, emp_avg: 0.05522837902607463, h: 0.7323108827929193, ucb: 0.7875163347377373,num_of_obs: 64, privacy reward: 0.07427357821433322, g: 0.002186672726305237, curr_delay = 0.8819009063727272, data_size = 2489
num of fast users chosen: 0, num of slow users chosen: 5
max_delay = 0.88 seconds
global epoch 305 has been done artifficialy in 0.88 secs, the total time by now is 265.79 
 with avg train loss 1.915, val loss 5.697, avg val acc 21.43%
iteration: 306
user 3, emp_avg: 0.5695761532885245, h: 1.4650407548024535, ucb: 2.0348317209536804,num_of_obs: 16, privacy reward: 0.5066169923655891, g: 0.00028868622496275146, curr_delay = 0.088317510318962, data_size = 672
user 17, emp_avg: 0.06775899173571842, h: 0.44553994398505925, ucb: 0.513356316735685,num_of_obs: 173, privacy reward: 0.0009490965745397872, g: 2.087003761785122e-06, curr_delay = 0.8645721081237379, data_size = 5498
user 18, emp_avg: 0.06638618594563991, h: 0.7442414476814663, ucb: 0.8107418191190636,num_of_obs: 62, privacy reward: 0.08045960674953179, g: -0.00014638374822894715, curr_delay = 0.8430752726347948, data_size = 1848
user 19, emp_avg: 0.06514240569234762, h: 0.55622205860961, ucb: 0.6213520288163504,num_of_obs: 111, privacy reward: 0.011333413154666405, g: -2.832812939454551e-05, curr_delay = 0.7516226262851263, data_size = 3467
user 25, emp_avg: 0.059360531786120795, h: 0.9265731300296038, ucb: 0.9860386817262679,num_of_obs: 40, privacy reward: 0.19398004229089127, g: 0.0003638502910629416, curr_delay = 0.9064583009634797, data_size = 1453
num of fast users chosen: 1, num of slow users chosen: 4
max_delay = 0.91 seconds
global epoch 306 has been done artifficialy in 0.91 secs, the total time by now is 266.70 
 with avg train loss 2.050, val loss 8.929, avg val acc 18.78%
iteration: 307
user 11, emp_avg: 0.3400922106406861, h: 0.9908306253632884, ucb: 1.3343572479842785,num_of_obs: 35, privacy reward: 0.23692775868212124, g: 0.0010156824949266595, curr_delay = 0.22738870447314422, data_size = 1415
user 16, emp_avg: 0.06944855172495687, h: 0.9908306253632884, ucb: 1.0603206857382372,num_of_obs: 35, privacy reward: 0.23692775868212124, g: 5.689359931853267e-06, curr_delay = 0.7353400874841028, data_size = 1129
user 17, emp_avg: 0.06772340655567481, h: 0.44438441527295885, ucb: 0.5121434070086772,num_of_obs: 174, privacy reward: 0.0009118819655534738, g: 8.3402041817203e-10, curr_delay = 0.812590798931275, data_size = 5498
user 19, emp_avg: 0.06520018172782645, h: 0.553891158125235, ucb: 0.6190335638175827,num_of_obs: 112, privacy reward: 0.010889023668553377, g: -5.4732867460608916e-05, curr_delay = 0.697631285183798, data_size = 3467
user 24, emp_avg: 0.060450098555050034, h: 0.7567593902679501, ucb: 0.8172006664076383,num_of_obs: 60, privacy reward: 0.08716085146198072, g: 0.0008227702454816965, curr_delay = 0.8199484473658388, data_size = 2174
num of fast users chosen: 1, num of slow users chosen: 4
max_delay = 0.82 seconds
global epoch 307 has been done artifficialy in 0.82 secs, the total time by now is 267.52 
 with avg train loss 2.013, val loss 6.125, avg val acc 12.50%
iteration: 308
user 6, emp_avg: 0.4950527744616345, h: 0.9511848386678674, ucb: 1.4507021952835095,num_of_obs: 38, privacy reward: 0.21013607120076416, g: 0.0006870168087630502, curr_delay = 0.15365767374589476, data_size = 1451
user 9, emp_avg: 0.3769924465973601, h: 0.5984406707735098, ucb: 0.9766019766426849,num_of_obs: 96, privacy reward: 0.020650825181711685, g: 7.79186164777194e-05, curr_delay = 0.18883461947457114, data_size = 3109
user 10, emp_avg: 0.32326053146975076, h: 1.108096803046967, ucb: 1.434797732268326,num_of_obs: 28, privacy reward: 0.3134861808826046, g: -0.00023537943713114476, curr_delay = 0.22033284902008318, data_size = 733
user 23, emp_avg: 0.06112047171458128, h: 0.5084296825412865, ucb: 0.5695752001444243,num_of_obs: 133, privacy reward: 0.004700906107582226, g: 5.2620271254268045e-05, curr_delay = 0.8652110460137911, data_size = 4259
user 24, emp_avg: 0.060386958502881484, h: 0.7507438791597048, ucb: 0.8111939777147548,num_of_obs: 61, privacy reward: 0.08374322559219538, g: 0.0006797368409589633, curr_delay = 0.8844013918790743, data_size = 2174
num of fast users chosen: 3, num of slow users chosen: 2
max_delay = 0.88 seconds
global epoch 308 has been done artifficialy in 0.88 secs, the total time by now is 268.40 
 with avg train loss 2.115, val loss 2.167, avg val acc 21.79%
iteration: 309
user 0, emp_avg: 0.6611414750397255, h: 1.1287496796502803, ucb: 1.7983711800090139,num_of_obs: 27, privacy reward: 0.3262797946230388, g: 0.00023414421392825764, curr_delay = 0.11569232365687414, data_size = 996
user 1, emp_avg: 0.6543679145549277, h: 0.8378793403634482, ucb: 1.4851935388888846,num_of_obs: 49, privacy reward: 0.13533528323661215, g: -0.0004007744044117844, curr_delay = 0.05, data_size = 1344
user 17, emp_avg: 0.06772630715100994, h: 0.4433640726561055, ucb: 0.5110874792117803,num_of_obs: 175, privacy reward: 0.0008761265622573289, g: 2.125962788767763e-07, curr_delay = 0.7327734702876898, data_size = 5498
user 24, emp_avg: 0.06039010311854363, h: 0.7448754784589564, ucb: 0.8052624369618379,num_of_obs: 62, privacy reward: 0.08045960674953179, g: 0.000551144275045997, curr_delay = 0.8252858432991097, data_size = 2174
user 26, emp_avg: 0.05822876611034546, h: 0.6557443066983738, ucb: 0.7140314037924231,num_of_obs: 80, privacy reward: 0.03916389509898632, g: 6.086113285272853e-05, curr_delay = 0.9334926197886722, data_size = 2587
num of fast users chosen: 2, num of slow users chosen: 3
max_delay = 0.93 seconds
global epoch 309 has been done artifficialy in 0.93 secs, the total time by now is 269.34 
 with avg train loss 2.006, val loss 2.524, avg val acc 15.85%
iteration: 310
user 11, emp_avg: 0.3447635413304822, h: 0.9778013003229228, ucb: 1.317893510963609,num_of_obs: 36, privacy reward: 0.22763768838381226, g: 0.000884899263430225, curr_delay = 0.09747891335969497, data_size = 1415
user 14, emp_avg: 0.25362932208683187, h: 1.1505756717145343, ucb: 1.4038208544805926,num_of_obs: 26, privacy reward: 0.33959552564493845, g: 6.387932646681926e-08, curr_delay = 0.18966914326653517, data_size = 816
user 19, emp_avg: 0.06517197125158611, h: 0.5519028530078344, ucb: 0.6171030347356609,num_of_obs: 113, privacy reward: 0.010462058943425778, g: -5.031701332297568e-05, curr_delay = 0.8066573438795304, data_size = 3467
user 21, emp_avg: 0.0630628680151081, h: 0.6642851737874209, ucb: 0.7272668509521979,num_of_obs: 78, privacy reward: 0.04242574108051078, g: -0.0014054395082353547, curr_delay = 0.7205051731890666, data_size = 2077
user 23, emp_avg: 0.061171878662428986, h: 0.506815001904822, ucb: 0.5679354736194032,num_of_obs: 134, privacy reward: 0.004516580942611648, g: 4.643196470180644e-05, curr_delay = 0.734641478643415, data_size = 4259
num of fast users chosen: 2, num of slow users chosen: 3
max_delay = 0.81 seconds
global epoch 310 has been done artifficialy in 0.81 secs, the total time by now is 270.14 
 with avg train loss 2.128, val loss 2.101, avg val acc 23.20%
iteration: 311
user 1, emp_avg: 0.661145014269537, h: 0.8299247854242625, ucb: 1.4842926999791901,num_of_obs: 50, privacy reward: 0.13002871087842538, g: -0.000493506364916143, curr_delay = 0.05, data_size = 1344
user 22, emp_avg: 0.06153908407346583, h: 1.3463157812316702, ucb: 1.4078032792033968,num_of_obs: 19, privacy reward: 0.449328964117221, g: -2.8302950219798846e-05, curr_delay = 0.7997540595482794, data_size = 541
user 23, emp_avg: 0.06122671048363906, h: 0.5050761400105591, ucb: 0.5662480186729881,num_of_obs: 135, privacy reward: 0.004339483270737743, g: 2.4885767412620545e-05, curr_delay = 0.7285549166658779, data_size = 4259
user 24, emp_avg: 0.06031865170233559, h: 0.7393557628213023, ucb: 0.799745865939846,num_of_obs: 63, privacy reward: 0.07730474044329905, g: 0.0004644612934210096, curr_delay = 0.8957810284204814, data_size = 2174
user 26, emp_avg: 0.058216707731322606, h: 0.6520504929425405, ucb: 0.7102792590528859,num_of_obs: 81, privacy reward: 0.03762825680717552, g: 3.9073377708807316e-05, curr_delay = 0.8735153444655032, data_size = 2587
num of fast users chosen: 1, num of slow users chosen: 4
max_delay = 0.90 seconds
global epoch 311 has been done artifficialy in 0.90 secs, the total time by now is 271.04 
 with avg train loss 2.066, val loss 2.033, avg val acc 24.56%
iteration: 312
user 10, emp_avg: 0.31968032634977384, h: 1.0900493365433115, ucb: 1.4133098680130622,num_of_obs: 29, privacy reward: 0.3011942119122014, g: -0.00030212376046295276, curr_delay = 0.23163764614498755, data_size = 733
user 19, emp_avg: 0.06521045786809697, h: 0.5497847994208127, ucb: 0.6149567706723988,num_of_obs: 114, privacy reward: 0.010051835744632642, g: -6.339240850224578e-05, curr_delay = 0.7184121489701366, data_size = 3467
user 23, emp_avg: 0.06122360076811481, h: 0.503356521461158, ucb: 0.564583231944797,num_of_obs: 136, privacy reward: 0.004169329697902957, g: 1.0078904547375954e-05, curr_delay = 0.8223592309607656, data_size = 4259
user 28, emp_avg: 0.05604734376093686, h: 0.7395624953668785, ucb: 0.7956656356316449,num_of_obs: 63, privacy reward: 0.07730474044329905, g: -0.0010059611972925333, curr_delay = 0.9517978353466446, data_size = 1651
user 29, emp_avg: 0.05528186434747362, h: 0.7280957156737112, ucb: 0.7833240946997858,num_of_obs: 65, privacy reward: 0.07136126955638533, g: 0.0023294720775616728, curr_delay = 0.8509420148899313, data_size = 2489
num of fast users chosen: 1, num of slow users chosen: 4
max_delay = 0.95 seconds
global epoch 312 has been done artifficialy in 0.95 secs, the total time by now is 271.99 
 with avg train loss 1.932, val loss 2.143, avg val acc 26.57%
iteration: 313
user 5, emp_avg: 0.5790253802109044, h: 1.4241038284859322, ucb: 2.0184408699465552,num_of_obs: 17, privacy reward: 0.48675225595997107, g: 0.00010241218675152472, curr_delay = 0.15687399624097476, data_size = 625
user 9, emp_avg: 0.3777379926912318, h: 0.596183905266983, ucb: 0.973176351864343,num_of_obs: 97, privacy reward: 0.019841094744369348, g: 0.00011259991186216916, curr_delay = 0.111097294607957, data_size = 3109
user 12, emp_avg: 0.3143698224456702, h: 0.8142625160612057, ucb: 1.1299170965733014,num_of_obs: 52, privacy reward: 0.12003162851145621, g: 8.89781875893662e-05, curr_delay = 0.20196927883959875, data_size = 1703
user 17, emp_avg: 0.06776251525473687, h: 0.4425983400178949, ucb: 0.5103246471689048,num_of_obs: 176, privacy reward: 0.0008417731483776336, g: 2.0284252474810506e-05, curr_delay = 0.6744439813715006, data_size = 5498
user 28, emp_avg: 0.05609311242419781, h: 0.7339663133367493, ucb: 0.7900136570976862,num_of_obs: 64, privacy reward: 0.07427357821433322, g: -0.0011742038425027023, curr_delay = 0.8471373392380703, data_size = 1651
num of fast users chosen: 3, num of slow users chosen: 2
max_delay = 0.85 seconds
global epoch 313 has been done artifficialy in 0.85 secs, the total time by now is 272.84 
 with avg train loss 1.999, val loss 2.845, avg val acc 16.61%
iteration: 314
user 9, emp_avg: 0.3774828629411946, h: 0.5932989568492975, ucb: 0.9710369495405293,num_of_obs: 98, privacy reward: 0.019063114291610672, g: 7.078787558984028e-05, curr_delay = 0.14185196063803474, data_size = 3109
user 14, emp_avg: 0.2512222624943028, h: 1.1303286627160216, ucb: 1.3839579848028536,num_of_obs: 27, privacy reward: 0.3262797946230388, g: -3.4728178805258208e-06, curr_delay = 0.2684828226640275, data_size = 816
user 17, emp_avg: 0.06773972947971504, h: 0.44146877294822945, ucb: 0.5092312882029664,num_of_obs: 177, privacy reward: 0.00080876675112318, g: 9.671205556171662e-06, curr_delay = 0.7848474549896861, data_size = 5498
user 20, emp_avg: 0.0638561620603541, h: 0.8755488172880105, ucb: 0.9393973127958493,num_of_obs: 45, privacy reward: 0.15881742610691996, g: 2.04537516056929e-06, curr_delay = 0.7788021648822281, data_size = 1404
user 21, emp_avg: 0.0629722668812989, h: 0.660804629541449, ucb: 0.7238674975565571,num_of_obs: 79, privacy reward: 0.0407622039783655, g: -0.0014038993841911137, curr_delay = 0.8958201108993693, data_size = 2077
num of fast users chosen: 2, num of slow users chosen: 3
max_delay = 0.90 seconds
global epoch 314 has been done artifficialy in 0.90 secs, the total time by now is 273.73 
 with avg train loss 2.108, val loss 2.702, avg val acc 16.32%
iteration: 315
user 18, emp_avg: 0.06643539443505651, h: 0.7401783979829029, ucb: 0.8065645839285428,num_of_obs: 63, privacy reward: 0.07730474044329905, g: -8.995642469975575e-05, curr_delay = 0.7190568695763507, data_size = 1848
user 23, emp_avg: 0.061228814066517645, h: 0.5019337484487166, ucb: 0.5631573492168315,num_of_obs: 137, privacy reward: 0.004005847942089247, g: 1.7235201571880386e-05, curr_delay = 0.8071932419039217, data_size = 4259
user 26, emp_avg: 0.05831284515896221, h: 0.6487834378144709, ucb: 0.7070001455457935,num_of_obs: 82, privacy reward: 0.03615283175404571, g: 4.0749973737639625e-05, curr_delay = 0.7553313451261119, data_size = 2587
user 27, emp_avg: 0.057995196542092724, h: 1.072620402456119, ucb: 1.1306302512379212,num_of_obs: 30, privacy reward: 0.2893842179390499, g: 1.8491727296367552e-06, curr_delay = 0.8687247548844239, data_size = 937
user 28, emp_avg: 0.05607232534665304, h: 0.7287020688335982, ucb: 0.784795181257796,num_of_obs: 65, privacy reward: 0.07136126955638533, g: -0.001306317951262254, curr_delay = 0.913723231590162, data_size = 1651
num of fast users chosen: 0, num of slow users chosen: 5
max_delay = 0.91 seconds
global epoch 315 has been done artifficialy in 0.91 secs, the total time by now is 274.65 
 with avg train loss 2.087, val loss 2.306, avg val acc 21.20%
iteration: 316
user 6, emp_avg: 0.5007509343610352, h: 0.9410094590865142, ucb: 1.4360622335481488,num_of_obs: 39, privacy reward: 0.2018965179946548, g: 0.0006848640505501472, curr_delay = 0.06915828566642093, data_size = 1451
user 16, emp_avg: 0.06942016063634543, h: 0.9794336980782068, ucb: 1.0488822498031636,num_of_obs: 36, privacy reward: 0.22763768838381226, g: 6.089552886435978e-06, curr_delay = 0.7310146562989631, data_size = 1129
user 21, emp_avg: 0.06293320239152066, h: 0.6570240985070627, ucb: 0.7199963653883615,num_of_obs: 80, privacy reward: 0.03916389509898632, g: -0.001524187626866715, curr_delay = 0.8360079567401145, data_size = 2077
user 23, emp_avg: 0.0612446319362039, h: 0.5002495991605596, ucb: 0.5614784132270771,num_of_obs: 138, privacy reward: 0.003848776397609277, g: 5.585206689555739e-06, curr_delay = 0.7883016296358478, data_size = 4259
user 26, emp_avg: 0.05830645965488331, h: 0.645040890471121, ucb: 0.7033537356300832,num_of_obs: 83, privacy reward: 0.034735258944737835, g: 1.6344256741504766e-05, curr_delay = 0.8654043110763655, data_size = 2587
num of fast users chosen: 1, num of slow users chosen: 4
max_delay = 0.87 seconds
global epoch 316 has been done artifficialy in 0.87 secs, the total time by now is 275.51 
 with avg train loss 2.070, val loss 2.183, avg val acc 18.60%
iteration: 317
user 0, emp_avg: 0.6511620295147179, h: 1.1108782021970547, ucb: 1.7720196772367802,num_of_obs: 28, privacy reward: 0.3134861808826046, g: 0.00020598956764087016, curr_delay = 0.13450349407110548, data_size = 996
user 6, emp_avg: 0.4998092555290665, h: 0.9294273861263138, ucb: 1.430178320487349,num_of_obs: 40, privacy reward: 0.19398004229089127, g: 0.0005477782766514489, curr_delay = 0.10819183051389172, data_size = 1451
user 12, emp_avg: 0.31241135210976306, h: 0.8074349163942084, ucb: 1.1218047388398786,num_of_obs: 53, privacy reward: 0.11532512103806203, g: 7.013361173585914e-05, curr_delay = 0.2396789173328136, data_size = 1703
user 17, emp_avg: 0.06771363398296779, h: 0.44059083571122687, ucb: 0.5083305651909419,num_of_obs: 178, privacy reward: 0.0007770545532166384, g: 2.798333959669812e-05, curr_delay = 0.7927870890893426, data_size = 5498
user 26, emp_avg: 0.05828042933023521, h: 0.641365829075357, ucb: 0.6996722887302403,num_of_obs: 84, privacy reward: 0.0333732699603253, g: 2.9474152825353736e-06, curr_delay = 0.8913628039988564, data_size = 2587
num of fast users chosen: 3, num of slow users chosen: 2
max_delay = 0.89 seconds
global epoch 317 has been done artifficialy in 0.89 secs, the total time by now is 276.40 
 with avg train loss 2.006, val loss 5.171, avg val acc 16.55%
iteration: 318
user 6, emp_avg: 0.5084106997092463, h: 0.9182739414936957, ucb: 1.4180831970227623,num_of_obs: 41, privacy reward: 0.1863739760394093, g: 0.00042670385126255774, curr_delay = 0.05806729436907423, data_size = 1451
user 14, emp_avg: 0.2510903983995019, h: 1.1111819366377578, ucb: 1.3624041991320606,num_of_obs: 28, privacy reward: 0.3134861808826046, g: -1.5418212102850925e-05, curr_delay = 0.20210332671420886, data_size = 816
user 17, emp_avg: 0.06766550837566893, h: 0.439478540013385, ucb: 0.5071921739963527,num_of_obs: 179, privacy reward: 0.0007465858083758325, g: 1.5296249137272238e-05, curr_delay = 0.8467253579446147, data_size = 5498
user 24, emp_avg: 0.060370308490711, h: 0.7349777664226596, ucb: 0.7952964181249952,num_of_obs: 64, privacy reward: 0.07427357821433322, g: 0.00052284708273101, curr_delay = 0.7852209735383723, data_size = 2174
user 29, emp_avg: 0.05536480509968816, h: 0.7237560728449994, ucb: 0.779037937192473,num_of_obs: 66, privacy reward: 0.06856315415427716, g: 0.0024059778740585327, curr_delay = 0.8218426749676007, data_size = 2489
num of fast users chosen: 2, num of slow users chosen: 3
max_delay = 0.85 seconds
global epoch 318 has been done artifficialy in 0.85 secs, the total time by now is 277.25 
 with avg train loss 2.051, val loss 3.563, avg val acc 13.17%
iteration: 319
user 6, emp_avg: 0.5047832560910008, h: 0.9075234040889875, ucb: 1.4159341037982338,num_of_obs: 42, privacy reward: 0.17906614791149256, g: 0.0003213481753292318, curr_delay = 0.14187189357957156, data_size = 1451
user 12, emp_avg: 0.3131356569613729, h: 0.8003604120634129, ucb: 1.112771764173176,num_of_obs: 54, privacy reward: 0.11080315836233334, g: 3.953911307286281e-05, curr_delay = 0.14194539959300145, data_size = 1703
user 19, emp_avg: 0.06517561263771335, h: 0.548445602841094, ucb: 0.613656060709191,num_of_obs: 115, privacy reward: 0.009657697627536765, g: -9.47954507100832e-06, curr_delay = 0.8174153793633965, data_size = 3467
user 22, emp_avg: 0.0616866390442861, h: 1.3151263554637833, ucb: 1.376665439537249,num_of_obs: 20, privacy reward: 0.4317105234290791, g: -4.7924175265079404e-05, curr_delay = 0.7735419151523527, data_size = 541
user 23, emp_avg: 0.06122551081530573, h: 0.4988558608499872, ucb: 0.5601004927861911,num_of_obs: 139, privacy reward: 0.0036978637164817307, g: 1.1125479080529919e-05, curr_delay = 0.8537132469586638, data_size = 4259
num of fast users chosen: 2, num of slow users chosen: 3
max_delay = 0.85 seconds
global epoch 319 has been done artifficialy in 0.85 secs, the total time by now is 278.10 
 with avg train loss 2.066, val loss 2.035, avg val acc 24.15%
iteration: 320
user 5, emp_avg: 0.6011819391471726, h: 1.386641145092915, ucb: 1.9656665253038195,num_of_obs: 18, privacy reward: 0.4676664270099087, g: 6.696132027845667e-05, curr_delay = 0.05, data_size = 625
user 17, emp_avg: 0.06764849130343463, h: 0.4384944315797626, ucb: 0.5061599399554315,num_of_obs: 180, privacy reward: 0.0007173117601084744, g: 1.852548092252143e-05, curr_delay = 0.774168555613761, data_size = 5498
user 18, emp_avg: 0.06644693274626778, h: 0.7353775175756097, ucb: 0.8018129120106662,num_of_obs: 64, privacy reward: 0.07427357821433322, g: -8.995642469975575e-05, curr_delay = 0.7442094772577611, data_size = 1848
user 19, emp_avg: 0.06515598263532991, h: 0.5462247072560149, ucb: 0.6114003198937282,num_of_obs: 116, privacy reward: 0.009279013887063758, g: -2.5779174194919687e-05, curr_delay = 0.795179275150973, data_size = 3467
user 20, emp_avg: 0.06382514336641452, h: 0.8674039976294411, ucb: 0.9312601596897951,num_of_obs: 46, privacy reward: 0.15259010575688325, g: 9.845958656605417e-07, curr_delay = 0.8013040942691382, data_size = 1404
num of fast users chosen: 1, num of slow users chosen: 4
max_delay = 0.80 seconds
global epoch 320 has been done artifficialy in 0.80 secs, the total time by now is 278.90 
 with avg train loss 1.988, val loss 152.845, avg val acc 12.04%
iteration: 321
user 3, emp_avg: 0.5934885892169398, h: 1.4272278094012325, ucb: 1.9968039626897571,num_of_obs: 17, privacy reward: 0.48675225595997107, g: 0.00026630483130851907, curr_delay = 0.05, data_size = 672
user 17, emp_avg: 0.06763711290309071, h: 0.43739969166599013, ucb: 0.5050481829694248,num_of_obs: 181, privacy reward: 0.0006891855636920186, g: 8.650630159983555e-06, curr_delay = 0.7624552116860468, data_size = 5498
user 19, emp_avg: 0.06519851875874802, h: 0.5440324803241926, ucb: 0.6091884629595226,num_of_obs: 117, privacy reward: 0.008915178548438596, g: -4.989021954800046e-05, curr_delay = 0.7125019635976996, data_size = 3467
user 20, emp_avg: 0.06385946330386166, h: 0.8583587349391774, ucb: 0.9221838783055919,num_of_obs: 47, privacy reward: 0.14660696213034952, g: -2.80621946094244e-06, curr_delay = 0.763679403140472, data_size = 1404
user 21, emp_avg: 0.0629787669917748, h: 0.6538456677755768, ucb: 0.7167788701670975,num_of_obs: 81, privacy reward: 0.03762825680717552, g: -0.0014602132887431805, curr_delay = 0.7499681307152083, data_size = 2077
num of fast users chosen: 1, num of slow users chosen: 4
max_delay = 0.76 seconds
global epoch 321 has been done artifficialy in 0.76 secs, the total time by now is 279.67 
 with avg train loss 2.066, val loss 5.338, avg val acc 15.78%
iteration: 322
user 6, emp_avg: 0.5071185333253968, h: 0.8976365514215968, ucb: 1.4024198075125978,num_of_obs: 43, privacy reward: 0.17204486382304973, g: 0.00025751443139348346, curr_delay = 0.0822997236416691, data_size = 1451
user 19, emp_avg: 0.06520950139363639, h: 0.5418683096728224, ucb: 0.6070668284315704,num_of_obs: 118, privacy reward: 0.008565609397496954, g: -8.166640957744858e-05, curr_delay = 0.7518180579629342, data_size = 3467
user 23, emp_avg: 0.06122187650159819, h: 0.49747440187745523, ucb: 0.558699912692761,num_of_obs: 140, privacy reward: 0.0035528684062201554, g: 1.8400292845948225e-05, curr_delay = 0.8235458670292567, data_size = 4259
user 27, emp_avg: 0.05796776707075553, h: 1.0571921007306595, ucb: 1.1151872972727521,num_of_obs: 31, privacy reward: 0.2780373004531934, g: 1.053951674227335e-07, curr_delay = 0.875389166914212, data_size = 937
user 29, emp_avg: 0.05531551515093084, h: 0.719113356157412, ucb: 0.7744781612571001,num_of_obs: 67, privacy reward: 0.06587475442640223, g: 0.002354520734081817, curr_delay = 0.9612964998044314, data_size = 2489
num of fast users chosen: 1, num of slow users chosen: 4
max_delay = 0.96 seconds
global epoch 322 has been done artifficialy in 0.96 secs, the total time by now is 280.63 
 with avg train loss 2.160, val loss 2.287, avg val acc 22.01%
iteration: 323
user 12, emp_avg: 0.31377681165732924, h: 0.7939076422050378, ucb: 1.1070432991664108,num_of_obs: 55, privacy reward: 0.1064585043792523, g: 2.7966884104697227e-05, curr_delay = 0.14324992599514377, data_size = 1703
user 15, emp_avg: 0.07180803188387405, h: 1.3165468836949168, ucb: 1.3886468839622064,num_of_obs: 20, privacy reward: 0.4317105234290791, g: -3.777711146758863e-05, curr_delay = 0.757935613742552, data_size = 541
user 17, emp_avg: 0.06765383623189597, h: 0.4364310422182821, ucb: 0.5040681551213728,num_of_obs: 182, privacy reward: 0.0006621622112115144, g: 1.1133109441660083e-05, curr_delay = 0.7072387662596563, data_size = 5498
user 19, emp_avg: 0.06518570292282663, h: 0.5397316010489753, ucb: 0.6049411024426117,num_of_obs: 119, privacy reward: 0.00822974704901891, g: -0.00012096419147224185, curr_delay = 0.8018772279941687, data_size = 3467
user 28, emp_avg: 0.056102450541399757, h: 0.7247352070190662, ucb: 0.7808075323657193,num_of_obs: 66, privacy reward: 0.06856315415427716, g: -0.0011647326535989403, curr_delay = 0.8607227744009156, data_size = 1651
num of fast users chosen: 1, num of slow users chosen: 4
max_delay = 0.86 seconds
global epoch 323 has been done artifficialy in 0.86 secs, the total time by now is 281.49 
 with avg train loss 2.049, val loss 3.443, avg val acc 17.48%
iteration: 324
user 2, emp_avg: 0.7650146875426415, h: 1.2556139587460422, ucb: 2.0099474957224404,num_of_obs: 22, privacy reward: 0.3985190410845135, g: -0.00014708932250525163, curr_delay = 0.05, data_size = 541
user 6, emp_avg: 0.5069308926904282, h: 0.8878531447818124, ucb: 1.3949716781072092,num_of_obs: 44, privacy reward: 0.16529888822158578, g: 0.00019003062878649113, curr_delay = 0.10026576347979116, data_size = 1451
user 9, emp_avg: 0.3765907076520876, h: 0.5919020965212083, ucb: 0.9693849594624029,num_of_obs: 99, privacy reward: 0.01831563888873322, g: 0.00022379885819854585, curr_delay = 0.17345010723522147, data_size = 3109
user 23, emp_avg: 0.061196696074111157, h: 0.4959728679861399, ucb: 0.5571947444877381,num_of_obs: 141, privacy reward: 0.0034135584433941935, g: 1.5108611680058541e-05, curr_delay = 0.867359021110155, data_size = 4259
user 24, emp_avg: 0.06035556338556597, h: 0.7304841502493026, ucb: 0.7908544587400136,num_of_obs: 65, privacy reward: 0.07136126955638533, g: 0.0005525521286220145, curr_delay = 0.8417914921859777, data_size = 2174
num of fast users chosen: 3, num of slow users chosen: 2
max_delay = 0.87 seconds
global epoch 324 has been done artifficialy in 0.87 secs, the total time by now is 282.36 
 with avg train loss 2.186, val loss 2.089, avg val acc 23.17%
iteration: 325
user 14, emp_avg: 0.25072407154209925, h: 1.093916580914311, ucb: 1.3450069793138129,num_of_obs: 29, privacy reward: 0.3011942119122014, g: -2.6082040297562188e-05, curr_delay = 0.20824604988449846, data_size = 816
user 17, emp_avg: 0.06768699047322853, h: 0.43546941630314434, ucb: 0.5031232525350403,num_of_obs: 183, privacy reward: 0.0006361984595377734, g: 1.389202456920018e-05, curr_delay = 0.677927341375338, data_size = 5498
user 18, emp_avg: 0.06642676293467398, h: 0.7306788318351476, ucb: 0.7971257645814154,num_of_obs: 65, privacy reward: 0.07136126955638533, g: -8.995642469975575e-05, curr_delay = 0.7678636744190148, data_size = 1848
user 19, emp_avg: 0.06515528502125133, h: 0.5377650594046501, ucb: 0.6029507623274768,num_of_obs: 120, privacy reward: 0.00790705405159231, g: -0.00013943096154317875, curr_delay = 0.8129402286576346, data_size = 3467
user 25, emp_avg: 0.05924184064476553, h: 0.9200073050343389, ucb: 0.9793678368204597,num_of_obs: 41, privacy reward: 0.1863739760394093, g: 0.0005588481002389134, curr_delay = 0.9195317093275295, data_size = 1453
num of fast users chosen: 1, num of slow users chosen: 4
max_delay = 0.92 seconds
global epoch 325 has been done artifficialy in 0.92 secs, the total time by now is 283.28 
 with avg train loss 2.101, val loss 5.521, avg val acc 11.52%
iteration: 326
user 17, emp_avg: 0.06773003012817057, h: 0.43439978761430026, ucb: 0.5020867780875288,num_of_obs: 184, privacy reward: 0.0006112527611289442, g: 5.6975102389133245e-06, curr_delay = 0.6609444157988108, data_size = 5498
user 20, emp_avg: 0.0639948363172376, h: 0.8505070091838388, ucb: 0.9143664724877005,num_of_obs: 48, privacy reward: 0.1408584209210444, g: -6.2349878376627315e-06, curr_delay = 0.7092928905811858, data_size = 1404
user 22, emp_avg: 0.06160659595842402, h: 1.2858457340672944, ucb: 1.3475323731115805,num_of_obs: 21, privacy reward: 0.41478291168158077, g: -7.471842547018549e-05, curr_delay = 0.8343666804009942, data_size = 541
user 26, emp_avg: 0.05826720237829012, h: 0.6391297786669202, ucb: 0.6974102079971555,num_of_obs: 85, privacy reward: 0.03206468532786, g: 3.5579251910536735e-05, curr_delay = 0.874999168224255, data_size = 2587
user 29, emp_avg: 0.0552424522716795, h: 0.7145688157718143, ucb: 0.7698843309227451,num_of_obs: 68, privacy reward: 0.06329176835964001, g: 0.0023048622652150205, curr_delay = 0.9945463754600998, data_size = 2489
num of fast users chosen: 0, num of slow users chosen: 5
max_delay = 0.99 seconds
global epoch 326 has been done artifficialy in 0.99 secs, the total time by now is 284.27 
 with avg train loss 2.176, val loss 3.013, avg val acc 17.18%
iteration: 327
user 4, emp_avg: 0.5995275422098423, h: 1.473511134700539, ucb: 2.0512340192152836,num_of_obs: 16, privacy reward: 0.5066169923655891, g: 4.68339338994065e-05, curr_delay = 0.05272025634247057, data_size = 541
user 17, emp_avg: 0.06774282074754305, h: 0.43333877281994987, ucb: 0.5010688029481204,num_of_obs: 185, privacy reward: 0.0005872851975453619, g: 1.1127891932659044e-06, curr_delay = 0.7131743305966416, data_size = 5498
user 18, emp_avg: 0.06646868662536709, h: 0.725506730179751, ucb: 0.791933493114425,num_of_obs: 66, privacy reward: 0.06856315415427716, g: -0.00012812878167272744, curr_delay = 0.7221713069428963, data_size = 1848
user 19, emp_avg: 0.0651996241219142, h: 0.535822230800196, ucb: 0.6009775158214473,num_of_obs: 121, privacy reward: 0.007597014027576399, g: -0.00015895915822999505, curr_delay = 0.7085700310718781, data_size = 3467
user 25, emp_avg: 0.05930051119889423, h: 0.9094708171629458, ucb: 0.9687126578077113,num_of_obs: 42, privacy reward: 0.17906614791149256, g: 0.0004559697184488731, curr_delay = 0.80952422120227, data_size = 1453
num of fast users chosen: 1, num of slow users chosen: 4
max_delay = 0.81 seconds
global epoch 327 has been done artifficialy in 0.81 secs, the total time by now is 285.08 
 with avg train loss 2.213, val loss 6.447, avg val acc 11.57%
iteration: 328
user 1, emp_avg: 0.6581271510845477, h: 0.8255489160256198, ucb: 1.4866939302951567,num_of_obs: 51, privacy reward: 0.12493021219858191, g: -0.0002866622774819932, curr_delay = 0.09916382511178645, data_size = 1344
user 17, emp_avg: 0.0677472967160018, h: 0.43228625553222155, ucb: 0.5000290762797646,num_of_obs: 186, privacy reward: 0.0005642574155720892, g: -7.238629916836528e-08, curr_delay = 0.7290773729985015, data_size = 5498
user 19, emp_avg: 0.06521317847226875, h: 0.5337624083888414, ucb: 0.5989620325107555,num_of_obs: 122, privacy reward: 0.0072991308467874605, g: -0.00021107844837511445, curr_delay = 0.7477551357182337, data_size = 3467
user 21, emp_avg: 0.06293332055045638, h: 0.6510599392651286, ucb: 0.7140387062569035,num_of_obs: 82, privacy reward: 0.03615283175404571, g: -0.0012871080880008498, curr_delay = 0.8444988415164731, data_size = 2077
user 27, emp_avg: 0.058062984850832354, h: 1.042204419282526, ucb: 1.1001721863532814,num_of_obs: 32, privacy reward: 0.26713530196584967, g: -9.274411598145145e-07, curr_delay = 0.8181973128758212, data_size = 937
num of fast users chosen: 1, num of slow users chosen: 4
max_delay = 0.84 seconds
global epoch 328 has been done artifficialy in 0.84 secs, the total time by now is 285.93 
 with avg train loss 2.237, val loss 3.516, avg val acc 14.53%
iteration: 329
user 5, emp_avg: 0.5844888582098164, h: 1.3528983799818395, ucb: 1.954080319129012,num_of_obs: 19, privacy reward: 0.449328964117221, g: 4.4652195264420144e-05, curr_delay = 0.18704152353690773, data_size = 625
user 12, emp_avg: 0.3258158149615866, h: 0.7880394581377281, ucb: 1.1018162697950573,num_of_obs: 56, privacy reward: 0.10228420671553695, g: 2.866793257911999e-05, curr_delay = 0.05, data_size = 1703
user 17, emp_avg: 0.06771722275720811, h: 0.4312421215561353, ucb: 0.49898941827213705,num_of_obs: 187, privacy reward: 0.0005421325658450105, g: -2.5120159093109825e-06, curr_delay = 0.8052386577197331, data_size = 5498
user 19, emp_avg: 0.06527074017217877, h: 0.5317278668901783, ucb: 0.596941045362447,num_of_obs: 123, privacy reward: 0.007012927832584226, g: -0.00027019147063403324, curr_delay = 0.6910770824692553, data_size = 3467
user 20, emp_avg: 0.06403853866832589, h: 0.8424496170315328, ucb: 0.9064444533487703,num_of_obs: 49, privacy reward: 0.13533528323661215, g: -1.758881542435437e-05, curr_delay = 0.7555157880129252, data_size = 1404
num of fast users chosen: 2, num of slow users chosen: 3
max_delay = 0.81 seconds
global epoch 329 has been done artifficialy in 0.81 secs, the total time by now is 286.73 
 with avg train loss 2.240, val loss 192.636, avg val acc 10.68%
iteration: 330
user 3, emp_avg: 0.613608536145556, h: 1.3903348103317328, ucb: 1.9838233995486725,num_of_obs: 18, privacy reward: 0.4676664270099087, g: 0.00021705822366311866, curr_delay = 0.051241710608892016, data_size = 672
user 18, emp_avg: 0.06644391088631496, h: 0.7206398061793398, ucb: 0.7871084928047068,num_of_obs: 67, privacy reward: 0.06587475442640223, g: -0.00015662119801869952, curr_delay = 0.7717962631133137, data_size = 1848
user 19, emp_avg: 0.06524366519605511, h: 0.5297180924547475, ucb: 0.5949888326269264,num_of_obs: 124, privacy reward: 0.006737946999084254, g: -0.0003361683873196055, curr_delay = 0.807932368456005, data_size = 3467
user 23, emp_avg: 0.06117987046649391, h: 0.4950071554950391, ucb: 0.5562038515691503,num_of_obs: 142, privacy reward: 0.0032797109023422477, g: 7.689772242956389e-05, curr_delay = 0.8504756019945965, data_size = 4259
user 25, emp_avg: 0.059077708828843487, h: 0.8995419496760838, ucb: 0.958842460874978,num_of_obs: 43, privacy reward: 0.17204486382304973, g: 0.0003798906660006767, curr_delay = 1.0101580092021156, data_size = 1453
num of fast users chosen: 1, num of slow users chosen: 4
max_delay = 1.01 seconds
global epoch 330 has been done artifficialy in 1.01 secs, the total time by now is 287.74 
 with avg train loss 2.338, val loss 2.093, avg val acc 20.95%
iteration: 331
user 2, emp_avg: 0.7748057422283647, h: 1.2302829340946135, ucb: 1.9952976216372549,num_of_obs: 23, privacy reward: 0.3828928859751114, g: -0.00018805209991338033, curr_delay = 0.05, data_size = 541
user 9, emp_avg: 0.37766109643878115, h: 0.5900229677924613, ucb: 0.9666136754445489,num_of_obs: 100, privacy reward: 0.017597472415622373, g: 0.00033858429918703773, curr_delay = 0.10315659700383775, data_size = 3109
user 11, emp_avg: 0.34736873388429224, h: 0.9699917839198208, ucb: 1.314755325250303,num_of_obs: 37, privacy reward: 0.21871188695221422, g: 0.0011623879702149392, curr_delay = 0.11267329926993652, data_size = 1415
user 17, emp_avg: 0.06771447004763169, h: 0.4303184759030494, ucb: 0.4980356986602575,num_of_obs: 188, privacy reward: 0.0005208752438844444, g: -1.3728975384305604e-06, curr_delay = 0.7440812727001853, data_size = 5498
user 21, emp_avg: 0.06288193551923187, h: 0.647634344366604, ucb: 0.7105676649170605,num_of_obs: 83, privacy reward: 0.034735258944737835, g: -0.0013418723359832163, curr_delay = 0.8529951861687444, data_size = 2077
num of fast users chosen: 3, num of slow users chosen: 2
max_delay = 0.85 seconds
global epoch 331 has been done artifficialy in 0.85 secs, the total time by now is 288.59 
 with avg train loss 2.213, val loss 314.673, avg val acc 12.76%
iteration: 332
user 9, emp_avg: 0.380199760524005, h: 0.5872473951444568, ucb: 0.964908491583238,num_of_obs: 101, privacy reward: 0.01690746565270429, g: 0.000265644246163227, curr_delay = 0.07854165943735904, data_size = 3109
user 11, emp_avg: 0.3455120135993115, h: 0.9573924264636585, ucb: 1.3047611603479508,num_of_obs: 38, privacy reward: 0.21013607120076416, g: 0.0009871194612793334, curr_delay = 0.18184685227560354, data_size = 1415
user 16, emp_avg: 0.06943422924759311, h: 0.9702439065527151, ucb: 1.0396640671890605,num_of_obs: 37, privacy reward: 0.21871188695221422, g: 2.4462613748790994e-05, curr_delay = 0.7147475651320722, data_size = 1129
user 17, emp_avg: 0.06770781156218006, h: 0.4292901105467279, ucb: 0.4970045805943596,num_of_obs: 189, privacy reward: 0.0005004514334399079, g: -6.1156534371973715e-06, curr_delay = 0.752452719582246, data_size = 5498
user 21, emp_avg: 0.0629053104826916, h: 0.6439351658200918, ucb: 0.7068171013393236,num_of_obs: 84, privacy reward: 0.0333732699603253, g: -0.0015123027431585554, curr_delay = 0.7707864841945816, data_size = 2077
num of fast users chosen: 2, num of slow users chosen: 3
max_delay = 0.77 seconds
global epoch 332 has been done artifficialy in 0.77 secs, the total time by now is 289.36 
 with avg train loss 2.286, val loss 7.222, avg val acc 15.53%
iteration: 333
user 7, emp_avg: 0.36837564303732995, h: 1.524223407506976, ucb: 1.8996156479448145,num_of_obs: 15, privacy reward: 0.5272924240430481, g: 0.00011509322025791305, curr_delay = 0.19002253824777926, data_size = 541
user 17, emp_avg: 0.06768783733017741, h: 0.42826980514552093, ucb: 0.495977616707701,num_of_obs: 190, privacy reward: 0.0004808284520576578, g: -1.4186121943406035e-05, curr_delay = 0.7825616068828256, data_size = 5498
user 19, emp_avg: 0.06523140892093253, h: 0.5280064767775688, ucb: 0.5932501419736239,num_of_obs: 125, privacy reward: 0.006473748318288286, g: -0.0003222992564346772, curr_delay = 0.7849370636437317, data_size = 3467
user 28, emp_avg: 0.056089403959304576, h: 0.7212018880187646, ucb: 0.7773043385601643,num_of_obs: 67, privacy reward: 0.06587475442640223, g: -0.0009606909941637372, curr_delay = 0.9055463871695253, data_size = 1651
user 29, emp_avg: 0.05516695333340814, h: 0.7106728281663452, ucb: 0.7659152804380247,num_of_obs: 69, privacy reward: 0.060810062625217265, g: 0.00243944430250325, curr_delay = 1.0008501903559524, data_size = 2489
num of fast users chosen: 1, num of slow users chosen: 4
max_delay = 1.00 seconds
global epoch 333 has been done artifficialy in 1.00 secs, the total time by now is 290.37 
 with avg train loss 2.359, val loss 4.055, avg val acc 11.84%
iteration: 334
user 9, emp_avg: 0.3791874809531303, h: 0.5846638548057136, ucb: 0.9648636153297185,num_of_obs: 102, privacy reward: 0.016244514441948854, g: 0.00022880320795280574, curr_delay = 0.1812021178614559, data_size = 3109
user 10, emp_avg: 0.3234986310063999, h: 1.078066880390702, ucb: 1.397747206740476,num_of_obs: 30, privacy reward: 0.2893842179390499, g: -0.00020315795692213943, curr_delay = 0.1141428020955536, data_size = 733
user 21, emp_avg: 0.06293037123876087, h: 0.6404671636700291, ucb: 0.7033724741527208,num_of_obs: 85, privacy reward: 0.03206468532786, g: -0.0016295194440651894, curr_delay = 0.7685150392963916, data_size = 2077
user 23, emp_avg: 0.061170461073207845, h: 0.4937854773152143, ucb: 0.5549653477817083,num_of_obs: 143, privacy reward: 0.003151111598443168, g: 0.00011943107128211665, curr_delay = 0.8357721466383523, data_size = 4259
user 28, emp_avg: 0.05609885785893964, h: 0.7160640576613344, ucb: 0.772153461620639,num_of_obs: 68, privacy reward: 0.06329176835964001, g: -0.0011146669829125869, curr_delay = 0.8811857893340864, data_size = 1651
num of fast users chosen: 2, num of slow users chosen: 3
max_delay = 0.88 seconds
global epoch 334 has been done artifficialy in 0.88 secs, the total time by now is 291.25 
 with avg train loss 2.397, val loss 2.014, avg val acc 23.86%
iteration: 335
user 0, emp_avg: 0.6463423631102213, h: 1.0967787189349703, ucb: 1.7479407484496883,num_of_obs: 29, privacy reward: 0.3011942119122014, g: 0.0002596367672979433, curr_delay = 0.09870264505443038, data_size = 996
user 9, emp_avg: 0.37965936259671645, h: 0.5819683972915715, ucb: 0.9611558782447018,num_of_obs: 103, privacy reward: 0.015607557919981918, g: 0.0001703749965581125, curr_delay = 0.11675064138669214, data_size = 3109
user 21, emp_avg: 0.06296914976167603, h: 0.6368963917689128, ucb: 0.6998267630076737,num_of_obs: 86, privacy reward: 0.03080741103275031, g: -0.0018141386529786983, curr_delay = 0.7541011481870508, data_size = 2077
user 23, emp_avg: 0.06120676394809965, h: 0.49219451320188895, ucb: 0.5533649742750968,num_of_obs: 144, privacy reward: 0.0030275547453746388, g: 8.503456246810761e-05, curr_delay = 0.7526223855183293, data_size = 4259
user 28, emp_avg: 0.05611204498271678, h: 0.7110390762713316, ucb: 0.7671379341302712,num_of_obs: 69, privacy reward: 0.060810062625217265, g: -0.0012790610985851, curr_delay = 0.8768552159295738, data_size = 1651
num of fast users chosen: 2, num of slow users chosen: 3
max_delay = 0.88 seconds
global epoch 335 has been done artifficialy in 0.88 secs, the total time by now is 292.12 
 with avg train loss 2.169, val loss 2.276, avg val acc 19.13%
iteration: 336
user 8, emp_avg: 0.41557041845234793, h: 0.8354958642600121, ucb: 1.2533521161080454,num_of_obs: 50, privacy reward: 0.13002871087842538, g: -4.145286307387956e-05, curr_delay = 0.1659592660320184, data_size = 1381
user 9, emp_avg: 0.3795552491263268, h: 0.5793121498129951, ucb: 0.9589715124097116,num_of_obs: 104, privacy reward: 0.014995576820476808, g: 0.0001208164663109016, curr_delay = 0.13560151337606016, data_size = 3109
user 12, emp_avg: 0.32459760853061664, h: 0.7825135721011122, ucb: 1.1083293870626987,num_of_obs: 57, privacy reward: 0.09827358560436095, g: 3.50955907392183e-05, curr_delay = 0.19595560028131118, data_size = 1703
user 14, emp_avg: 0.25477987074948166, h: 1.0786205227013999, ucb: 1.3293445942434992,num_of_obs: 30, privacy reward: 0.2893842179390499, g: -2.6646274409434312e-05, curr_delay = 0.13281840629950542, data_size = 816
user 17, emp_avg: 0.06774035052622243, h: 0.4274768721570918, ucb: 0.4951647094872692,num_of_obs: 191, privacy reward: 0.0004619748987809702, g: -2.7167519326430137e-06, curr_delay = 0.6429183682145387, data_size = 5498
num of fast users chosen: 4, num of slow users chosen: 1
max_delay = 0.64 seconds
global epoch 336 has been done artifficialy in 0.64 secs, the total time by now is 292.77 
 with avg train loss 2.246, val loss 286.094, avg val acc 17.34%
iteration: 337
user 5, emp_avg: 0.5802067003053373, h: 1.3213723468824783, ucb: 1.9058612050922947,num_of_obs: 20, privacy reward: 0.4317105234290791, g: 2.5865449948071244e-05, curr_delay = 0.10109924353903837, data_size = 625
user 6, emp_avg: 0.5022523071628611, h: 0.8809148979216521, ucb: 1.3878457906120802,num_of_obs: 45, privacy reward: 0.15881742610691996, g: 0.00025781028011153935, curr_delay = 0.1713996048430473, data_size = 1451
user 17, emp_avg: 0.06775981836008876, h: 0.42647109113457066, ucb: 0.4942114416607931,num_of_obs: 192, privacy reward: 0.00044386060390222415, g: -8.577951294998854e-06, curr_delay = 0.6993237577907226, data_size = 5498
user 18, emp_avg: 0.0664122936993871, h: 0.7166147703953204, ucb: 0.7830586812816354,num_of_obs: 68, privacy reward: 0.06329176835964001, g: -0.00012689913258441226, curr_delay = 0.7780608623965696, data_size = 1848
user 19, emp_avg: 0.06521735677934937, h: 0.5264473441924228, ucb: 0.5916787531133553,num_of_obs: 126, privacy reward: 0.006219909015941494, g: -0.00027108173414008347, curr_delay = 0.788061971481474, data_size = 3467
num of fast users chosen: 2, num of slow users chosen: 3
max_delay = 0.79 seconds
global epoch 337 has been done artifficialy in 0.79 secs, the total time by now is 293.55 
 with avg train loss 2.484, val loss 5.407, avg val acc 13.68%
iteration: 338
user 1, emp_avg: 0.6645775821961599, h: 0.8196889111225498, ucb: 1.4778160622070975,num_of_obs: 52, privacy reward: 0.12003162851145621, g: -0.00023376736738902246, curr_delay = 0.05, data_size = 1344
user 12, emp_avg: 0.3261083849203927, h: 0.7761340465109204, ucb: 1.1007316550415371,num_of_obs: 58, privacy reward: 0.09442022319630183, g: 1.5755955142991708e-05, curr_delay = 0.12085076554975085, data_size = 1703
user 22, emp_avg: 0.0618215475793956, h: 1.2601997564040486, ucb: 1.3218063523624726,num_of_obs: 22, privacy reward: 0.3985190410845135, g: -8.677968643590518e-05, curr_delay = 0.7513093454048574, data_size = 541
user 23, emp_avg: 0.06122424103902979, h: 0.490870271315514, ucb: 0.5520770352636136,num_of_obs: 145, privacy reward: 0.002908842625811481, g: 0.00010156773897996207, curr_delay = 0.7842101577897613, data_size = 4259
user 26, emp_avg: 0.05828262138057129, h: 0.6373845118638604, ucb: 0.6956517142421504,num_of_obs: 86, privacy reward: 0.03080741103275031, g: 0.0001503851202957643, curr_delay = 0.8388043567870753, data_size = 2587
num of fast users chosen: 2, num of slow users chosen: 3
max_delay = 0.84 seconds
global epoch 338 has been done artifficialy in 0.84 secs, the total time by now is 294.39 
 with avg train loss 2.695, val loss 2.197, avg val acc 19.54%
iteration: 339
user 6, emp_avg: 0.500772409255704, h: 0.8717299223293912, ucb: 1.3739822294922521,num_of_obs: 46, privacy reward: 0.15259010575688325, g: 0.00019305472725223154, curr_delay = 0.11555427425187627, data_size = 1451
user 14, emp_avg: 0.2523383801407802, h: 1.0618912015875823, ucb: 1.316671072337064,num_of_obs: 31, privacy reward: 0.2780373004531934, g: -5.3607530872273235e-05, curr_delay = 0.28304209136091313, data_size = 816
user 19, emp_avg: 0.06515906004591726, h: 0.5246371122607332, ucb: 0.5898544690400825,num_of_obs: 127, privacy reward: 0.005976022895004873, g: -0.0002961355017868823, curr_delay = 0.8657202916012205, data_size = 3467
user 21, emp_avg: 0.06296048634139696, h: 0.6338715255111433, ucb: 0.6968406752728193,num_of_obs: 87, privacy reward: 0.029599435167891208, g: -0.0018073940092033765, curr_delay = 0.8037710522973038, data_size = 2077
user 23, emp_avg: 0.061220317446463515, h: 0.48931039427662043, ucb: 0.5505346353156502,num_of_obs: 146, privacy reward: 0.0027947852750357383, g: 7.045418074974227e-05, curr_delay = 0.824436659648397, data_size = 4259
num of fast users chosen: 2, num of slow users chosen: 3
max_delay = 0.87 seconds
global epoch 339 has been done artifficialy in 0.87 secs, the total time by now is 295.26 
 with avg train loss 2.327, val loss 2.253, avg val acc 20.67%
iteration: 340
user 0, emp_avg: 0.6577506739776335, h: 1.079717149776756, ucb: 1.7260595128869771,num_of_obs: 30, privacy reward: 0.2893842179390499, g: 0.00020866144135722219, curr_delay = 0.05, data_size = 996
user 11, emp_avg: 0.34340815143326686, h: 0.9469745847950325, ucb: 1.292486598394344,num_of_obs: 39, privacy reward: 0.2018965179946548, g: 0.0009715942293342796, curr_delay = 0.1913088196925191, data_size = 1415
user 17, emp_avg: 0.06774889174720558, h: 0.42568855350939183, ucb: 0.4934483718694806,num_of_obs: 193, privacy reward: 0.0004264565806850751, g: -7.105396033613112e-07, curr_delay = 0.7617300084381694, data_size = 5498
user 19, emp_avg: 0.0651048306612888, h: 0.5227158174624893, ucb: 0.5878748775084066,num_of_obs: 128, privacy reward: 0.00574169968565319, g: -0.00036282279243057055, curr_delay = 0.8596461058975615, data_size = 3467
user 29, emp_avg: 0.055165333699834784, h: 0.706840795427708, ucb: 0.7620077487611161,num_of_obs: 70, privacy reward: 0.05842566596450016, g: 0.0025720705824983166, curr_delay = 0.9082328874507554, data_size = 2489
num of fast users chosen: 2, num of slow users chosen: 3
max_delay = 0.91 seconds
global epoch 340 has been done artifficialy in 0.91 secs, the total time by now is 296.17 
 with avg train loss 2.187, val loss 5.370, avg val acc 12.67%
iteration: 341
user 4, emp_avg: 0.6217760120870732, h: 1.4346816589650309, ucb: 2.034209201174873,num_of_obs: 17, privacy reward: 0.48675225595997107, g: 3.504430958766204e-05, curr_delay = 0.05, data_size = 541
user 6, emp_avg: 0.5033446968682123, h: 0.8628416050457325, ucb: 1.3636140143014366,num_of_obs: 47, privacy reward: 0.14660696213034952, g: 0.00013824390534885431, curr_delay = 0.08009711427085314, data_size = 1451
user 17, emp_avg: 0.06773904246245561, h: 0.4246969499507011, ucb: 0.4924458416979067,num_of_obs: 194, privacy reward: 0.00040973497897922595, g: -4.455613000369729e-06, curr_delay = 0.7595519596230791, data_size = 5498
user 18, emp_avg: 0.06633777469439346, h: 0.7121237360290401, ucb: 0.7785360297284272,num_of_obs: 69, privacy reward: 0.060810062625217265, g: -0.0001399625554227275, curr_delay = 0.8170473551363253, data_size = 1848
user 26, emp_avg: 0.05831878393660868, h: 0.6341914470700423, ucb: 0.6924740684506135,num_of_obs: 87, privacy reward: 0.029599435167891208, g: 0.00013384329085308803, curr_delay = 0.8134720563449354, data_size = 2587
num of fast users chosen: 2, num of slow users chosen: 3
max_delay = 0.82 seconds
global epoch 341 has been done artifficialy in 0.82 secs, the total time by now is 296.98 
 with avg train loss 2.580, val loss 7.910, avg val acc 10.05%
iteration: 342
user 5, emp_avg: 0.5659686076176381, h: 1.2911579229582597, ucb: 1.871364623263597,num_of_obs: 21, privacy reward: 0.41478291168158077, g: 9.177754637323739e-06, curr_delay = 0.18728790030918885, data_size = 625
user 11, emp_avg: 0.34407685249860004, h: 0.9355327950207789, ucb: 1.2789409464540458,num_of_obs: 40, privacy reward: 0.19398004229089127, g: 0.0008362058630850519, curr_delay = 0.134834528800739, data_size = 1415
user 17, emp_avg: 0.06773261775361991, h: 0.42371291939645267, ucb: 0.49145196185890827,num_of_obs: 195, privacy reward: 0.00039366904065440966, g: -1.1365764054840476e-05, curr_delay = 0.7521081644799616, data_size = 5498
user 19, emp_avg: 0.06512313850919359, h: 0.5209477381752305, ucb: 0.5860525688365193,num_of_obs: 129, privacy reward: 0.005516564420759651, g: -0.0003908648429018657, curr_delay = 0.7409070234489724, data_size = 3467
user 24, emp_avg: 0.060392399178703766, h: 0.7283112931521549, ucb: 0.7886668565377208,num_of_obs: 66, privacy reward: 0.06856315415427716, g: 0.000969777775422515, curr_delay = 0.795879742976164, data_size = 2174
num of fast users chosen: 2, num of slow users chosen: 3
max_delay = 0.80 seconds
global epoch 342 has been done artifficialy in 0.80 secs, the total time by now is 297.78 
 with avg train loss 2.834, val loss 5.914, avg val acc 12.83%
iteration: 343
user 17, emp_avg: 0.06771937873594715, h: 0.4227363647675895, ucb: 0.4904689825212094,num_of_obs: 196, privacy reward: 0.0003782330567819736, g: -2.1385516689404294e-05, curr_delay = 0.7677598444601982, data_size = 5498
user 26, emp_avg: 0.058316848900550354, h: 0.6308938705861171, ucb: 0.6892126545227258,num_of_obs: 88, privacy reward: 0.028438824714183686, g: 0.00010284523884375967, curr_delay = 0.8598960123353226, data_size = 2587
user 27, emp_avg: 0.05815788350024534, h: 1.0302453765236477, ucb: 1.08830836137448,num_of_obs: 33, privacy reward: 0.25666077695355527, g: 1.5056387237588573e-07, curr_delay = 0.8157999043914026, data_size = 937
user 28, emp_avg: 0.05610300834112693, h: 0.7073732363267402, ucb: 0.763485281309457,num_of_obs: 70, privacy reward: 0.05842566596450016, g: -0.0011475459152798357, curr_delay = 0.9013809320497527, data_size = 1651
user 29, emp_avg: 0.05513135758688563, h: 0.7023740695408102, ucb: 0.757539403240645,num_of_obs: 71, privacy reward: 0.0561347628341331, g: 0.002460244677474142, curr_delay = 0.9484237029404508, data_size = 2489
num of fast users chosen: 0, num of slow users chosen: 5
max_delay = 0.95 seconds
global epoch 343 has been done artifficialy in 0.95 secs, the total time by now is 298.73 
 with avg train loss 2.340, val loss 5.345, avg val acc 11.75%
iteration: 344
user 19, emp_avg: 0.06510129274909542, h: 0.519199457332302, ucb: 0.5843225958414956,num_of_obs: 130, privacy reward: 0.005300256835869321, g: -0.00041960639620960624, curr_delay = 0.8030665070630165, data_size = 3467
user 20, emp_avg: 0.0641273926160586, h: 0.8371839695579507, ucb: 0.9012225082262766,num_of_obs: 50, privacy reward: 0.13002871087842538, g: -3.679261556473448e-07, curr_delay = 0.7291809008568494, data_size = 1404
user 22, emp_avg: 0.06214310697094889, h: 1.2343604213314612, ucb: 1.2961819689108567,num_of_obs: 23, privacy reward: 0.3828928859751114, g: -0.00012292753920003745, curr_delay = 0.7190212604487478, data_size = 541
user 23, emp_avg: 0.06122956043088629, h: 0.4882556062511202, ucb: 0.5494759236975837,num_of_obs: 147, privacy reward: 0.002685200176952618, g: 0.0001379822251700726, curr_delay = 0.798871620792325, data_size = 4259
user 29, emp_avg: 0.05512043501433608, h: 0.697653307964959, ucb: 0.7527846655518445,num_of_obs: 72, privacy reward: 0.053933687300355304, g: 0.002236874967703212, curr_delay = 0.9202339417345063, data_size = 2489
num of fast users chosen: 0, num of slow users chosen: 5
max_delay = 0.92 seconds
global epoch 344 has been done artifficialy in 0.92 secs, the total time by now is 299.65 
 with avg train loss 2.664, val loss 2.456, avg val acc 18.62%
iteration: 345
user 4, emp_avg: 0.6190656652941592, h: 1.395653301866353, ucb: 2.0174293139534263,num_of_obs: 18, privacy reward: 0.4676664270099087, g: 1.2954836910563652e-05, curr_delay = 0.08767631792686467, data_size = 541
user 12, emp_avg: 0.32532952886453775, h: 0.7708818030504907, ucb: 1.0969901879708834,num_of_obs: 59, privacy reward: 0.0907179532894119, g: 2.0725416094548494e-05, curr_delay = 0.1789696221943355, data_size = 1703
user 19, emp_avg: 0.0651603328442704, h: 0.5173424936556965, ucb: 0.5824437864047919,num_of_obs: 131, privacy reward: 0.005092430792698055, g: -0.000496731074514744, curr_delay = 0.6859220034774762, data_size = 3467
user 23, emp_avg: 0.061228301244274405, h: 0.48672420254093507, ucb: 0.5479537629718214,num_of_obs: 148, privacy reward: 0.0025799119720260055, g: 0.00010174066359886604, curr_delay = 0.8191089383522617, data_size = 4259
user 25, emp_avg: 0.05910690107052404, h: 0.8926628512259385, ucb: 0.9517405600547819,num_of_obs: 44, privacy reward: 0.16529888822158578, g: 0.0004953999809225103, curr_delay = 0.8279330063883382, data_size = 1453
num of fast users chosen: 2, num of slow users chosen: 3
max_delay = 0.83 seconds
global epoch 345 has been done artifficialy in 0.83 secs, the total time by now is 300.48 
 with avg train loss 2.440, val loss 2.360, avg val acc 19.20%
iteration: 346
user 3, emp_avg: 0.6241695387622759, h: 1.3587655514114418, ucb: 1.972374087556998,num_of_obs: 19, privacy reward: 0.449328964117221, g: 0.00020635482577481074, curr_delay = 0.06061865543742029, data_size = 672
user 17, emp_avg: 0.06772275211356486, h: 0.4219764509171829, ucb: 0.48969582965313,num_of_obs: 197, privacy reward: 0.00036340232649445525, g: -6.553795269912471e-06, curr_delay = 0.7311298225462223, data_size = 5498
user 18, emp_avg: 0.06627296233785228, h: 0.7079006452719029, ucb: 0.7742384199662964,num_of_obs: 70, privacy reward: 0.05842566596450016, g: -0.0001391615365917145, curr_delay = 0.8098989427897112, data_size = 1848
user 20, emp_avg: 0.06408120077044456, h: 0.8293469276951471, ucb: 0.8934743203112057,num_of_obs: 51, privacy reward: 0.12493021219858191, g: -7.057395456134725e-06, curr_delay = 0.8100390846815919, data_size = 1404
user 26, emp_avg: 0.0583266764802697, h: 0.627807247402841, ucb: 0.6861240963033913,num_of_obs: 89, privacy reward: 0.027323722447291754, g: 8.978694612144361e-05, curr_delay = 0.8445756048358276, data_size = 2587
num of fast users chosen: 1, num of slow users chosen: 4
max_delay = 0.84 seconds
global epoch 346 has been done artifficialy in 0.84 secs, the total time by now is 301.32 
 with avg train loss 2.298, val loss 9.538, avg val acc 13.98%
iteration: 347
user 0, emp_avg: 0.6527698865878347, h: 1.0640147446177184, ucb: 1.721765418595352,num_of_obs: 31, privacy reward: 0.2780373004531934, g: 0.0001780419623932048, curr_delay = 0.10032797666967466, data_size = 996
user 9, emp_avg: 0.37850029793581347, h: 0.5781410989392448, ucb: 0.9576963480655716,num_of_obs: 105, privacy reward: 0.014407591843111467, g: 0.0003211910577241571, curr_delay = 0.18675501817257303, data_size = 3109
user 23, emp_avg: 0.06125566918125981, h: 0.4853280125125725, ucb: 0.5465563137568469,num_of_obs: 149, privacy reward: 0.0024787521766651555, g: 9.365114692551398e-05, curr_delay = 0.7653042662883837, data_size = 4259
user 25, emp_avg: 0.05903174659891474, h: 0.8831251160846809, ucb: 0.942232017155205,num_of_obs: 45, privacy reward: 0.15881742610691996, g: 0.00040444497307063015, curr_delay = 0.8984759002567305, data_size = 1453
user 29, emp_avg: 0.055134747032323336, h: 0.6933732185984723, ucb: 0.7484936536128084,num_of_obs: 73, privacy reward: 0.05181891717272524, g: 0.002136593312652949, curr_delay = 0.8900039753380445, data_size = 2489
num of fast users chosen: 2, num of slow users chosen: 3
max_delay = 0.90 seconds
global epoch 347 has been done artifficialy in 0.90 secs, the total time by now is 302.22 
 with avg train loss 2.893, val loss 2.228, avg val acc 20.47%
iteration: 348
user 11, emp_avg: 0.3458487677827641, h: 0.9254295624675858, ucb: 1.2695064149661859,num_of_obs: 41, privacy reward: 0.1863739760394093, g: 0.0007873746391665527, curr_delay = 0.11947508541885313, data_size = 1415
user 18, emp_avg: 0.06623625197008859, h: 0.7032441412727607, ucb: 0.769517103610613,num_of_obs: 71, privacy reward: 0.0561347628341331, g: -0.00018245322050140444, curr_delay = 0.7857951390414565, data_size = 1848
user 19, emp_avg: 0.06521074104285071, h: 0.5157608007847363, ucb: 0.5809211336290067,num_of_obs: 132, privacy reward: 0.004892753725238341, g: -0.00047906985355307153, curr_delay = 0.695752621178702, data_size = 3467
user 22, emp_avg: 0.06202645724465791, h: 1.2095662941499397, ucb: 1.2717094011208885,num_of_obs: 24, privacy reward: 0.36787944117144167, g: -0.00017403734299982729, curr_delay = 0.8442115077593553, data_size = 541
user 23, emp_avg: 0.061264022960703546, h: 0.48382651765997586, ucb: 0.5450821868412357,num_of_obs: 150, privacy reward: 0.002381558913615689, g: 6.460433498475817e-05, curr_delay = 0.7997813093693559, data_size = 4259
num of fast users chosen: 1, num of slow users chosen: 4
max_delay = 0.84 seconds
global epoch 348 has been done artifficialy in 0.84 secs, the total time by now is 303.06 
 with avg train loss 2.396, val loss 2.292, avg val acc 21.58%
iteration: 349
user 9, emp_avg: 0.3782289675090176, h: 0.5756901644180528, ucb: 0.9541904623538662,num_of_obs: 106, privacy reward: 0.013842662086478552, g: 0.0002819220840814562, curr_delay = 0.1430746399094953, data_size = 3109
user 11, emp_avg: 0.34506509680449576, h: 0.9145703067719387, ucb: 1.2604190745547028,num_of_obs: 42, privacy reward: 0.17906614791149256, g: 0.0006519059579758491, curr_delay = 0.16017893103121503, data_size = 1415
user 12, emp_avg: 0.32449194047836777, h: 0.7651844171310879, ucb: 1.0905139459956257,num_of_obs: 60, privacy reward: 0.08716085146198072, g: 1.3302356230331036e-05, curr_delay = 0.1823242893100865, data_size = 1703
user 13, emp_avg: 0.2918823625844077, h: 1.4817732521630662, ucb: 1.7778423205836815,num_of_obs: 16, privacy reward: 0.5066169923655891, g: 0.00018602951908380962, curr_delay = 0.22232590592906115, data_size = 577
user 23, emp_avg: 0.06125636742670622, h: 0.4823399884504441, ucb: 0.5436040114111477,num_of_obs: 151, privacy reward: 0.0022881766529210257, g: 4.1054883704610184e-05, curr_delay = 0.8319414703906762, data_size = 4259
num of fast users chosen: 4, num of slow users chosen: 1
max_delay = 0.83 seconds
global epoch 349 has been done artifficialy in 0.83 secs, the total time by now is 303.90 
 with avg train loss 2.503, val loss 2.209, avg val acc 21.73%
iteration: 350
user 3, emp_avg: 0.6420662273926437, h: 1.325662078489476, ucb: 1.9498316172517518,num_of_obs: 20, privacy reward: 0.4317105234290791, g: 0.00014727019939658314, curr_delay = 0.05, data_size = 672
user 11, emp_avg: 0.34260663826662063, h: 0.9040940335804852, ucb: 1.249159130384981,num_of_obs: 43, privacy reward: 0.17204486382304973, g: 0.0005298810734837036, curr_delay = 0.21106582568955304, data_size = 1415
user 19, emp_avg: 0.06520595554400618, h: 0.5140697045192577, ucb: 0.5792804455621084,num_of_obs: 133, privacy reward: 0.004700906107582226, g: -0.0005097353597619304, curr_delay = 0.7743596006887726, data_size = 3467
user 21, emp_avg: 0.06294567045885449, h: 0.6319845989106347, ucb: 0.6949450852520317,num_of_obs: 88, privacy reward: 0.028438824714183686, g: -0.0013916525862125069, curr_delay = 0.8111369387849083, data_size = 2077
user 23, emp_avg: 0.061231283152446796, h: 0.48086817680779453, ucb: 0.5421245442345007,num_of_obs: 152, privacy reward: 0.002198455963041357, g: 2.2910109946838068e-05, curr_delay = 0.8707998834288816, data_size = 4259
num of fast users chosen: 2, num of slow users chosen: 3
max_delay = 0.87 seconds
global epoch 350 has been done artifficialy in 0.87 secs, the total time by now is 304.77 
 with avg train loss 2.279, val loss 2.304, avg val acc 19.86%
iteration: 351
user 8, emp_avg: 0.412830624823714, h: 0.8303639332149606, ucb: 1.2459343516673085,num_of_obs: 51, privacy reward: 0.12493021219858191, g: -8.573250047179943e-06, curr_delay = 0.18308234895136893, data_size = 1381
user 17, emp_avg: 0.06775529201490002, h: 0.4214256548067152, ucb: 0.48914840692028005,num_of_obs: 198, privacy reward: 0.000349153117459311, g: 7.298424319770802e-06, curr_delay = 0.6738708630129272, data_size = 5498
user 19, emp_avg: 0.06518786290315395, h: 0.5122726458998934, ucb: 0.5774786014438996,num_of_obs: 134, privacy reward: 0.004516580942611648, g: -0.00059261579561326, curr_delay = 0.7966420069893448, data_size = 3467
user 21, emp_avg: 0.0629339463950522, h: 0.628577110309022, ucb: 0.6915227807678764,num_of_obs: 89, privacy reward: 0.027323722447291754, g: -0.001555319736436896, curr_delay = 0.8078783688857215, data_size = 2077
user 27, emp_avg: 0.05830282999637982, h: 1.0169839685935709, ucb: 1.0751418520938163,num_of_obs: 34, privacy reward: 0.2465969639416059, g: -7.190910005968784e-08, curr_delay = 0.7907512360792276, data_size = 937
num of fast users chosen: 1, num of slow users chosen: 4
max_delay = 0.81 seconds
global epoch 351 has been done artifficialy in 0.81 secs, the total time by now is 305.57 
 with avg train loss 2.392, val loss 6.456, avg val acc 16.44%
iteration: 352
user 11, emp_avg: 0.3522910612975052, h: 0.8941957668205215, ucb: 1.236802405087142,num_of_obs: 44, privacy reward: 0.16529888822158578, g: 0.0004358194282070362, curr_delay = 0.06423385854948842, data_size = 1415
user 12, emp_avg: 0.3240716064755222, h: 0.7594409835108179, ucb: 1.0839329239891857,num_of_obs: 61, privacy reward: 0.08374322559219538, g: 5.159965588161084e-06, curr_delay = 0.16754278570083375, data_size = 1703
user 22, emp_avg: 0.06209289309552689, h: 1.1862847390671192, ucb: 1.248311196311777,num_of_obs: 25, privacy reward: 0.3534546819587794, g: -0.00023254820781096726, curr_delay = 0.7842671078259651, data_size = 541
user 23, emp_avg: 0.061278440487214404, h: 0.4795271844345116, ucb: 0.5407584675869583,num_of_obs: 153, privacy reward: 0.002112253271731479, g: 1.947522247689748e-05, curr_delay = 0.7299961415928404, data_size = 4259
user 26, emp_avg: 0.05832387218191019, h: 0.6252269548251044, ucb: 0.683553631305374,num_of_obs: 90, privacy reward: 0.026252343965687097, g: 0.00012142304954198043, curr_delay = 0.861007768550276, data_size = 2587
num of fast users chosen: 2, num of slow users chosen: 3
max_delay = 0.86 seconds
global epoch 352 has been done artifficialy in 0.86 secs, the total time by now is 306.44 
 with avg train loss 2.965, val loss 2.354, avg val acc 19.58%
iteration: 353
user 9, emp_avg: 0.37712467358143087, h: 0.5735510662725926, ucb: 0.9517800337816101,num_of_obs: 107, privacy reward: 0.013299883542442825, g: 0.00030273621845131087, curr_delay = 0.19307611793245125, data_size = 3109
user 16, emp_avg: 0.0692462583686614, h: 0.9624367148244602, ucb: 1.0318709440720533,num_of_obs: 38, privacy reward: 0.21013607120076416, g: 7.644052750260326e-05, curr_delay = 0.8051093531687391, data_size = 1129
user 23, emp_avg: 0.06129217370922897, h: 0.4780833510276934, ucb: 0.5393617915149078,num_of_obs: 154, privacy reward: 0.0020294306362945713, g: 7.904766837631898e-06, curr_delay = 0.7885553505021456, data_size = 4259
user 24, emp_avg: 0.06044516152591034, h: 0.7248140095100855, ucb: 0.7852064086887892,num_of_obs: 67, privacy reward: 0.06587475442640223, g: 0.0011780004818831404, curr_delay = 0.7814913002292747, data_size = 2174
user 28, emp_avg: 0.0560798673067785, h: 0.704100748448824, ucb: 0.7602037567899509,num_of_obs: 71, privacy reward: 0.0561347628341331, g: -0.0009564767873534303, curr_delay = 0.9184954024199257, data_size = 1651
num of fast users chosen: 1, num of slow users chosen: 4
max_delay = 0.92 seconds
global epoch 353 has been done artifficialy in 0.92 secs, the total time by now is 307.35 
 with avg train loss 2.430, val loss 2.243, avg val acc 23.02%
iteration: 354
user 9, emp_avg: 0.3766483045931973, h: 0.5710271891334546, ucb: 0.9481518627148855,num_of_obs: 108, privacy reward: 0.012778387649534761, g: 0.0002381070627733031, curr_delay = 0.1537513229330091, data_size = 3109
user 14, emp_avg: 0.25398859729544565, h: 1.0490439319745302, ucb: 1.3013823121153103,num_of_obs: 32, privacy reward: 0.26713530196584967, g: -3.933508495666964e-05, curr_delay = 0.16297498647556366, data_size = 816
user 23, emp_avg: 0.061244627440473, h: 0.4766535326480058, ucb: 0.5379457063572348,num_of_obs: 155, privacy reward: 0.0019498555228441017, g: 1.4861014414334326e-06, curr_delay = 0.9280750076364936, data_size = 4259
user 28, emp_avg: 0.05606675868665923, h: 0.6993626213163534, ucb: 0.7554424886231319,num_of_obs: 72, privacy reward: 0.053933687300355304, g: -0.001101154291601168, curr_delay = 0.9070634073507944, data_size = 1651
user 29, emp_avg: 0.05516522772533476, h: 0.6898470402217716, ucb: 0.7449817872540949,num_of_obs: 74, privacy reward: 0.049787068367863285, g: 0.0022618004709707654, curr_delay = 0.8707646160214062, data_size = 2489
num of fast users chosen: 2, num of slow users chosen: 3
max_delay = 0.93 seconds
global epoch 354 has been done artifficialy in 0.93 secs, the total time by now is 308.28 
 with avg train loss 2.261, val loss 2.220, avg val acc 21.57%
iteration: 355
user 2, emp_avg: 0.7564413774214204, h: 1.2116226505677639, ucb: 1.9864283927961286,num_of_obs: 24, privacy reward: 0.36787944117144167, g: -0.00014000658728514386, curr_delay = 0.15837990180119182, data_size = 541
user 12, emp_avg: 0.3226565894328559, h: 0.7538364965280077, ucb: 1.0779081030035298,num_of_obs: 62, privacy reward: 0.08045960674953179, g: 8.44787062170566e-07, curr_delay = 0.2128334004682962, data_size = 1703
user 19, emp_avg: 0.06519176582499901, h: 0.5108649653925919, ucb: 0.5760528282957458,num_of_obs: 135, privacy reward: 0.004339483270737743, g: -0.000522534325766466, curr_delay = 0.7608189179675054, data_size = 3467
user 20, emp_avg: 0.06415409930849651, h: 0.823135500772369, ucb: 0.8872167015428135,num_of_obs: 52, privacy reward: 0.12003162851145621, g: -3.0157976144135753e-06, curr_delay = 0.7358912361675272, data_size = 1404
user 23, emp_avg: 0.06127133168384046, h: 0.47523750295046463, ucb: 0.5364821303909376,num_of_obs: 156, privacy reward: 0.0018734005942213638, g: -1.3282727927097096e-07, curr_delay = 0.7640914472596569, data_size = 4259
num of fast users chosen: 2, num of slow users chosen: 3
max_delay = 0.76 seconds
global epoch 355 has been done artifficialy in 0.76 secs, the total time by now is 309.05 
 with avg train loss 2.345, val loss 2.316, avg val acc 20.57%
iteration: 356
user 0, emp_avg: 0.6632920112366882, h: 1.0495472890893272, ucb: 1.702317175677162,num_of_obs: 32, privacy reward: 0.26713530196584967, g: 0.0001636550134405291, curr_delay = 0.05, data_size = 996
user 9, emp_avg: 0.37705097590671555, h: 0.5686744960275798, ucb: 0.9453228006207771,num_of_obs: 109, privacy reward: 0.012277339903067452, g: 0.00020551196868631293, curr_delay = 0.11878116769550065, data_size = 3109
user 23, emp_avg: 0.06125395676964142, h: 0.47383504066821164, ucb: 0.535106372352052,num_of_obs: 157, privacy reward: 0.0017999435062295843, g: -3.7599963686466897e-06, curr_delay = 0.8543197661595036, data_size = 4259
user 28, emp_avg: 0.0560228403643082, h: 0.6948892134535832, ucb: 0.7509559721402425,num_of_obs: 73, privacy reward: 0.05181891717272524, g: -0.0012145220963164936, curr_delay = 0.9466684334982058, data_size = 1651
user 29, emp_avg: 0.05512038962452879, h: 0.6855614184507195, ucb: 0.7407266461760542,num_of_obs: 75, privacy reward: 0.047834889494197785, g: 0.002108993646728445, curr_delay = 0.966042970095536, data_size = 2489
num of fast users chosen: 2, num of slow users chosen: 3
max_delay = 0.97 seconds
global epoch 356 has been done artifficialy in 0.97 secs, the total time by now is 310.01 
 with avg train loss 2.151, val loss 2.373, avg val acc 23.26%
iteration: 357
user 0, emp_avg: 0.6731951873767856, h: 1.0337694293462365, ucb: 1.6970614405829247,num_of_obs: 33, privacy reward: 0.25666077695355527, g: 0.00010492801348031037, curr_delay = 0.05, data_size = 996
user 18, emp_avg: 0.06616915837049468, h: 0.6998652121289521, ucb: 0.7661014640990407,num_of_obs: 72, privacy reward: 0.053933687300355304, g: -0.00012466187752976576, curr_delay = 0.8151497976690083, data_size = 1848
user 23, emp_avg: 0.061230438428233294, h: 0.47244592946718555, ucb: 0.533699886236827,num_of_obs: 158, privacy reward: 0.001729366711856195, g: -1.2284084723730145e-05, curr_delay = 0.8693453790592153, data_size = 4259
user 26, emp_avg: 0.058333620023194976, h: 0.6225295322945549, ucb: 0.680853404476465,num_of_obs: 91, privacy reward: 0.025222974835226397, g: 0.00013921805625173643, curr_delay = 0.84429975171361, data_size = 2587
user 28, emp_avg: 0.056023450898651996, h: 0.6903427927454928, ucb: 0.746365633109801,num_of_obs: 74, privacy reward: 0.049787068367863285, g: -0.001374683729395264, curr_delay = 0.8917642469156335, data_size = 1651
num of fast users chosen: 1, num of slow users chosen: 4
max_delay = 0.89 seconds
global epoch 357 has been done artifficialy in 0.89 secs, the total time by now is 310.90 
 with avg train loss 2.186, val loss 2.259, avg val acc 21.67%
iteration: 358
user 1, emp_avg: 0.6707891084517866, h: 0.8159171008390427, ucb: 1.4804946830352026,num_of_obs: 53, privacy reward: 0.11532512103806203, g: -9.0021986622657e-05, curr_delay = 0.05, data_size = 1344
user 8, emp_avg: 0.4096822642965015, h: 0.8237250978890885, ucb: 1.2365557227128026,num_of_obs: 52, privacy reward: 0.12003162851145621, g: -8.295912802947853e-06, curr_delay = 0.20327887451942778, data_size = 1381
user 21, emp_avg: 0.06290687107286883, h: 0.626127409100347, ucb: 0.6890613554953993,num_of_obs: 90, privacy reward: 0.026252343965687097, g: -0.0013892718105766614, curr_delay = 0.8268550333420625, data_size = 2077
user 23, emp_avg: 0.06125886334463508, h: 0.4710699578058404, ucb: 0.5323003962340737,num_of_obs: 159, privacy reward: 0.0016615572731730754, g: -2.5622965890607635e-05, curr_delay = 0.7601276552316225, data_size = 4259
user 26, emp_avg: 0.05826836782753826, h: 0.6192842811279966, ucb: 0.6776179011511916,num_of_obs: 92, privacy reward: 0.024233967845690207, g: 9.443545617396609e-05, curr_delay = 0.9566601235971848, data_size = 2587
num of fast users chosen: 2, num of slow users chosen: 3
max_delay = 0.96 seconds
global epoch 358 has been done artifficialy in 0.96 secs, the total time by now is 311.86 
 with avg train loss 2.304, val loss 2.076, avg val acc 25.01%
iteration: 359
user 9, emp_avg: 0.3777206295144475, h: 0.5664878585791071, ucb: 0.9435388344858227,num_of_obs: 110, privacy reward: 0.011795938519750582, g: 0.0001990576358625831, curr_delay = 0.11077079213202065, data_size = 3109
user 16, emp_avg: 0.0692339685201803, h: 0.9513813753200602, ucb: 1.0206276336887217,num_of_obs: 39, privacy reward: 0.2018965179946548, g: 6.01656980965391e-05, curr_delay = 0.7272233878958092, data_size = 1129
user 17, emp_avg: 0.06779025226943737, h: 0.4211728916704381, ucb: 0.4889281836853381,num_of_obs: 199, privacy reward: 0.00033546262790196124, g: 0.0001559145543521244, curr_delay = 0.6689200986305075, data_size = 5498
user 20, emp_avg: 0.06418858417925967, h: 0.816110591041431, ucb: 0.8802646903499275,num_of_obs: 53, privacy reward: 0.11532512103806203, g: -8.352353954777672e-06, curr_delay = 0.7573889082436307, data_size = 1404
user 29, emp_avg: 0.05510666561097607, h: 0.6815224282030721, ucb: 0.7366428178276009,num_of_obs: 76, privacy reward: 0.045959256649043545, g: 0.002015899888647125, curr_delay = 0.924835979647308, data_size = 2489
num of fast users chosen: 1, num of slow users chosen: 4
max_delay = 0.92 seconds
global epoch 359 has been done artifficialy in 0.92 secs, the total time by now is 312.79 
 with avg train loss 2.205, val loss 5.621, avg val acc 14.98%
iteration: 360
user 6, emp_avg: 0.5030285114613495, h: 0.8577662874765302, ucb: 1.3611109843447424,num_of_obs: 48, privacy reward: 0.1408584209210444, g: 0.000264202123262597, curr_delay = 0.1024901809835069, data_size = 1451
user 19, emp_avg: 0.06522814946700693, h: 0.509589109195866, ucb: 0.574780875020865,num_of_obs: 136, privacy reward: 0.004169329697902957, g: -0.00041432998875518424, curr_delay = 0.7124910025808299, data_size = 3467
user 22, emp_avg: 0.061912386271675175, h: 1.1654748815677756, ucb: 1.2275677746633025,num_of_obs: 26, privacy reward: 0.33959552564493845, g: -0.0002705704677292163, curr_delay = 0.8738324245226334, data_size = 541
user 23, emp_avg: 0.061273823612923044, h: 0.4698179447183567, ucb: 0.5310768080629917,num_of_obs: 160, privacy reward: 0.0015964066806113397, g: -2.886138698304299e-05, curr_delay = 0.7853304476843803, data_size = 4259
user 24, emp_avg: 0.06045705563307231, h: 0.7206678294624178, ucb: 0.7811129909883281,num_of_obs: 68, privacy reward: 0.06329176835964001, g: 0.0012414927131758529, curr_delay = 0.8161152744088587, data_size = 2174
num of fast users chosen: 1, num of slow users chosen: 4
max_delay = 0.87 seconds
global epoch 360 has been done artifficialy in 0.87 secs, the total time by now is 313.66 
 with avg train loss 2.509, val loss 2.228, avg val acc 19.85%
iteration: 361
user 9, emp_avg: 0.37666171823966493, h: 0.564196532670534, ucb: 0.9419171621849816,num_of_obs: 111, privacy reward: 0.011333413154666405, g: 0.0001699435413649732, curr_delay = 0.19295887899413333, data_size = 3109
user 21, emp_avg: 0.06286173481716668, h: 0.6231193044533188, ucb: 0.6860261755261876,num_of_obs: 91, privacy reward: 0.025222974835226397, g: -0.001440494804717865, curr_delay = 0.8510010288333602, data_size = 2077
user 22, emp_avg: 0.06190566312698934, h: 1.1439578428841666, ucb: 1.2058702291558419,num_of_obs: 27, privacy reward: 0.3262797946230388, g: -0.000361724182681078, curr_delay = 0.8100558621232672, data_size = 541
user 23, emp_avg: 0.061288299113804845, h: 0.46846695761030355, ucb: 0.5297407812232265,num_of_obs: 161, privacy reward: 0.0015338106793235662, g: -4.7764886596651074e-05, curr_delay = 0.7859305262872706, data_size = 4259
user 28, emp_avg: 0.05594256720722755, h: 0.6863747057305, ucb: 0.742398156629152,num_of_obs: 75, privacy reward: 0.047834889494197785, g: -0.0014100060387119888, curr_delay = 1.002480329806735, data_size = 1651
num of fast users chosen: 1, num of slow users chosen: 4
max_delay = 1.00 seconds
global epoch 361 has been done artifficialy in 1.00 secs, the total time by now is 314.66 
 with avg train loss 2.228, val loss 2.397, avg val acc 21.98%
iteration: 362
user 9, emp_avg: 0.37759988091450813, h: 0.5618040557544017, ucb: 0.9384657739940667,num_of_obs: 112, privacy reward: 0.010889023668553377, g: 0.00012372554985705733, curr_delay = 0.10358956477780994, data_size = 3109
user 20, emp_avg: 0.06417115130727102, h: 0.8090903130351443, ucb: 0.873278897214404,num_of_obs: 54, privacy reward: 0.11080315836233334, g: -1.9616064712828412e-05, curr_delay = 0.7907666765437067, data_size = 1404
user 22, emp_avg: 0.06184140062762134, h: 1.1236081115088035, ucb: 1.1855137746357929,num_of_obs: 28, privacy reward: 0.3134861808826046, g: -0.00046547503372841543, curr_delay = 0.8327497056248436, data_size = 541
user 23, emp_avg: 0.06132491464166514, h: 0.46712851002955924, ucb: 0.5284168091433641,num_of_obs: 162, privacy reward: 0.0014736691023530257, g: -7.126140755466213e-05, curr_delay = 0.7434211301509743, data_size = 4259
user 24, emp_avg: 0.060552825502084434, h: 0.7157631507592785, ucb: 0.7762202063923509,num_of_obs: 69, privacy reward: 0.060810062625217265, g: 0.001123320682999239, curr_delay = 0.7444802765973517, data_size = 2174
num of fast users chosen: 1, num of slow users chosen: 4
max_delay = 0.83 seconds
global epoch 362 has been done artifficialy in 0.83 secs, the total time by now is 315.49 
 with avg train loss 2.274, val loss 2.182, avg val acc 25.21%
iteration: 363
user 1, emp_avg: 0.6753889013492363, h: 0.8092797095267186, ucb: 1.480068817978505,num_of_obs: 54, privacy reward: 0.11080315836233334, g: -0.00010411405594434055, curr_delay = 0.054125574838990914, data_size = 1344
user 7, emp_avg: 0.36414212484573155, h: 1.4867417606461852, ucb: 1.8551174036835152,num_of_obs: 16, privacy reward: 0.5066169923655891, g: 0.0001367978403440557, curr_delay = 0.16868763803442832, data_size = 541
user 12, emp_avg: 0.3212454073815511, h: 0.749247421417928, ucb: 1.0719040108507838,num_of_obs: 63, privacy reward: 0.07730474044329905, g: 4.053341862738165e-06, curr_delay = 0.21520099039911741, data_size = 1703
user 23, emp_avg: 0.061361560615173734, h: 0.4658024081838476, ucb: 0.5271273228255128,num_of_obs: 163, privacy reward: 0.0014158857103458988, g: -9.927427596244369e-05, curr_delay = 0.7425574841137158, data_size = 4259
user 26, emp_avg: 0.05823033356874801, h: 0.6166717553314233, ucb: 0.6749401231589616,num_of_obs: 93, privacy reward: 0.02328374037489611, g: 0.00011030636743122978, curr_delay = 0.9141913070344471, data_size = 2587
num of fast users chosen: 3, num of slow users chosen: 2
max_delay = 0.91 seconds
global epoch 363 has been done artifficialy in 0.91 secs, the total time by now is 316.41 
 with avg train loss 2.453, val loss 2.205, avg val acc 24.88%
iteration: 364
user 9, emp_avg: 0.3771701333415739, h: 0.5595741364741588, ucb: 0.9371740173886669,num_of_obs: 113, privacy reward: 0.010462058943425778, g: 0.00010152383089727386, curr_delay = 0.15215667281920223, data_size = 3109
user 10, emp_avg: 0.3220782087489459, h: 1.068356035946161, ucb: 1.3918546669525609,num_of_obs: 31, privacy reward: 0.2780373004531934, g: -9.211824195794412e-05, curr_delay = 0.17982692960613772, data_size = 733
user 11, emp_avg: 0.3524456407524804, h: 0.8867283588289965, ucb: 1.2390194201265017,num_of_obs: 45, privacy reward: 0.15881742610691996, g: 0.0004950587189944179, curr_delay = 0.1391200924831091, data_size = 1415
user 18, emp_avg: 0.06622708738719882, h: 0.6962022537753838, ucb: 0.7623714121458784,num_of_obs: 73, privacy reward: 0.05181891717272524, g: -0.00010068088772964529, curr_delay = 0.7096637190242234, data_size = 1848
user 23, emp_avg: 0.061395297320426354, h: 0.4644884624431565, ucb: 0.5258500230583303,num_of_obs: 164, privacy reward: 0.0013603680375469107, g: -0.0001317280847668513, curr_delay = 0.7470701740130442, data_size = 4259
num of fast users chosen: 3, num of slow users chosen: 2
max_delay = 0.75 seconds
global epoch 364 has been done artifficialy in 0.75 secs, the total time by now is 317.16 
 with avg train loss 2.373, val loss 2.211, avg val acc 19.73%
iteration: 365
user 2, emp_avg: 0.7574920938187204, h: 1.189947631141723, ucb: 1.9463890085631435,num_of_obs: 25, privacy reward: 0.3534546819587794, g: -0.00016179725033391626, curr_delay = 0.06379503899240926, data_size = 541
user 6, emp_avg: 0.5129679412321225, h: 0.8499625936726593, ucb: 1.3529911051340089,num_of_obs: 49, privacy reward: 0.13533528323661215, g: 0.0002353479232113095, curr_delay = 0.05, data_size = 1451
user 9, emp_avg: 0.37670421776083673, h: 0.5572440339262924, ucb: 0.9344141672678663,num_of_obs: 114, privacy reward: 0.010051835744632642, g: 6.70220044007886e-05, curr_delay = 0.1545165934735392, data_size = 3109
user 17, emp_avg: 0.06781217979383998, h: 0.42071001961859045, ucb: 0.4885002718880278,num_of_obs: 200, privacy reward: 0.0003223089501185328, g: 0.0003556587968770464, curr_delay = 0.6925429842455342, data_size = 5498
user 24, emp_avg: 0.06058092690944477, h: 0.7111297261751388, ucb: 0.7716825516772232,num_of_obs: 70, privacy reward: 0.05842566596450016, g: 0.001046062496189462, curr_delay = 0.7993857465607637, data_size = 2174
num of fast users chosen: 3, num of slow users chosen: 2
max_delay = 0.80 seconds
global epoch 365 has been done artifficialy in 0.80 secs, the total time by now is 317.96 
 with avg train loss 2.281, val loss 8.820, avg val acc 11.95%
iteration: 366
user 17, emp_avg: 0.06782607572345863, h: 0.41975946678101206, ucb: 0.487571646574852,num_of_obs: 201, privacy reward: 0.00030967103541812424, g: 0.0003105981798976883, curr_delay = 0.7080231726868209, data_size = 5498
user 27, emp_avg: 0.05829853478687356, h: 1.0059224622264198, ucb: 1.0642252922227997,num_of_obs: 35, privacy reward: 0.23692775868212124, g: 9.399745446179678e-07, curr_delay = 0.8598718084092326, data_size = 937
user 28, emp_avg: 0.0558841701042095, h: 0.6826399991404134, ucb: 0.738582566347641,num_of_obs: 76, privacy reward: 0.045959256649043545, g: -0.001402059700467602, curr_delay = 0.9718930422543639, data_size = 1651
user 29, emp_avg: 0.05520169871772079, h: 0.678192785681738, ucb: 0.7332994512927141,num_of_obs: 77, privacy reward: 0.044157168419692305, g: 0.0021358654601556803, curr_delay = 0.7997537022571514, data_size = 2489
num of fast users chosen: 0, num of slow users chosen: 4
max_delay = 0.97 seconds
global epoch 366 has been done artifficialy in 0.97 secs, the total time by now is 318.93 
 with avg train loss 2.632, val loss 15.006, avg val acc 10.19%
iteration: 367
user 5, emp_avg: 0.5848395377212191, h: 1.2690757389878706, ucb: 1.8350443466055086,num_of_obs: 22, privacy reward: 0.3985190410845135, g: 2.013752704187272e-05, curr_delay = 0.05, data_size = 625
user 9, emp_avg: 0.3756947152638091, h: 0.5550728200431663, ucb: 0.931777037804003,num_of_obs: 115, privacy reward: 0.009657697627536765, g: 5.132239853195052e-05, curr_delay = 0.19260257566213193, data_size = 3109
user 21, emp_avg: 0.06288173576073504, h: 0.6205902790395138, ucb: 0.6834520138566805,num_of_obs: 92, privacy reward: 0.024233967845690207, g: -0.0013364498974216042, curr_delay = 0.7725369591790594, data_size = 2077
user 23, emp_avg: 0.06140136069245759, h: 0.4634009396174635, ucb: 0.5247962369378898,num_of_obs: 165, privacy reward: 0.001307027243835357, g: -0.00011065179522563985, curr_delay = 0.8012587187615532, data_size = 4259
user 28, emp_avg: 0.05588228566616165, h: 0.6783495161656521, ucb: 0.7342336862698616,num_of_obs: 77, privacy reward: 0.044157168419692305, g: -0.0015684038455414386, curr_delay = 0.8970672084363733, data_size = 1651
num of fast users chosen: 2, num of slow users chosen: 3
max_delay = 0.90 seconds
global epoch 367 has been done artifficialy in 0.90 secs, the total time by now is 319.82 
 with avg train loss 3.763, val loss 4.651, avg val acc 20.40%
iteration: 368
user 11, emp_avg: 0.3547330565156061, h: 0.8778493684421084, ucb: 1.2302950091945888,num_of_obs: 46, privacy reward: 0.15259010575688325, g: 0.0004358194282070362, curr_delay = 0.10870647990189353, data_size = 1415
user 15, emp_avg: 0.07156431593523367, h: 1.2992396609631707, ucb: 1.3710476928470448,num_of_obs: 21, privacy reward: 0.41478291168158077, g: -1.6693195952634316e-06, curr_delay = 0.7524875619393412, data_size = 541
user 17, emp_avg: 0.06782146583534132, h: 0.4189124156966701, ucb: 0.4867384914201287,num_of_obs: 202, privacy reward: 0.00029752866044108206, g: 0.00032009075190648416, curr_delay = 0.7474928890157643, data_size = 5498
user 18, emp_avg: 0.06625556185239939, h: 0.6921226421259652, ucb: 0.758349729513164,num_of_obs: 74, privacy reward: 0.049787068367863285, g: -0.00011175645588093781, curr_delay = 0.7313932930712188, data_size = 1848
user 29, emp_avg: 0.05517623502888458, h: 0.6741423576075657, ucb: 0.7293440563252864,num_of_obs: 78, privacy reward: 0.04242574108051078, g: 0.001992856058662413, curr_delay = 0.9400251313522835, data_size = 2489
num of fast users chosen: 1, num of slow users chosen: 4
max_delay = 0.94 seconds
global epoch 368 has been done artifficialy in 0.94 secs, the total time by now is 320.76 
 with avg train loss 2.354, val loss 7.751, avg val acc 11.91%
iteration: 369
user 16, emp_avg: 0.06930678444785135, h: 0.9416047454245752, ucb: 1.0108387139447554,num_of_obs: 40, privacy reward: 0.19398004229089127, g: 6.385078413932302e-05, curr_delay = 0.6923345399842853, data_size = 1129
user 20, emp_avg: 0.06414386238949843, h: 0.8030032249934466, ucb: 0.8671743763007176,num_of_obs: 55, privacy reward: 0.1064585043792523, g: -1.8569398327565794e-05, curr_delay = 0.7981741362819545, data_size = 1404
user 21, emp_avg: 0.06293915854057466, h: 0.6175287191462082, ucb: 0.6804104549069433,num_of_obs: 93, privacy reward: 0.02328374037489611, g: -0.0014370777986609927, curr_delay = 0.7322844601155727, data_size = 2077
user 23, emp_avg: 0.06141578275345075, h: 0.4622155906005724, ucb: 0.52361695129303,num_of_obs: 166, privacy reward: 0.0012557779725613782, g: -0.00011647446661731774, curr_delay = 0.7835781468416066, data_size = 4259
user 26, emp_avg: 0.05827712668346485, h: 0.6142352091607901, ucb: 0.6724655427295381,num_of_obs: 94, privacy reward: 0.02237077185616476, g: 0.00014300532767623503, curr_delay = 0.7977576059059321, data_size = 2587
num of fast users chosen: 0, num of slow users chosen: 5
max_delay = 0.80 seconds
global epoch 369 has been done artifficialy in 0.80 secs, the total time by now is 321.56 
 with avg train loss 2.464, val loss 17.461, avg val acc 16.68%
iteration: 370
user 16, emp_avg: 0.06923687061651902, h: 0.9302637710627787, ucb: 0.99957055551063,num_of_obs: 41, privacy reward: 0.1863739760394093, g: 3.1146911001161975e-05, curr_delay = 0.7533478378803726, data_size = 1129
user 17, emp_avg: 0.06785360176151202, h: 0.4180709749170901, ucb: 0.48589244075243143,num_of_obs: 203, privacy reward: 0.00028586239479688746, g: 0.0003296212747520188, curr_delay = 0.6722490697830054, data_size = 5498
user 21, emp_avg: 0.06286380778660025, h: 0.6143758122336539, ucb: 0.6773149707742285,num_of_obs: 94, privacy reward: 0.02237077185616476, g: -0.0015944322692453443, curr_delay = 0.8963651814328141, data_size = 2077
user 25, emp_avg: 0.059037197961217786, h: 0.8782519450569387, ucb: 0.9372836916558535,num_of_obs: 46, privacy reward: 0.15259010575688325, g: 0.0006486949263954029, curr_delay = 0.8433415396834633, data_size = 1453
user 26, emp_avg: 0.05835271810263425, h: 0.6111337008839401, ucb: 0.669410827567405,num_of_obs: 95, privacy reward: 0.02149360134508893, g: 9.888858878957488e-05, curr_delay = 0.7629638670871421, data_size = 2587
num of fast users chosen: 0, num of slow users chosen: 5
max_delay = 0.90 seconds
global epoch 370 has been done artifficialy in 0.90 secs, the total time by now is 322.46 
 with avg train loss 2.401, val loss 72.366, avg val acc 11.36%
iteration: 371
user 0, emp_avg: 0.6796639321407019, h: 1.0217806311078685, ucb: 1.6949758184846542,num_of_obs: 34, privacy reward: 0.2465969639416059, g: 0.00012179787641086384, curr_delay = 0.055580180409210554, data_size = 996
user 11, emp_avg: 0.35435745613857567, h: 0.8690568668272938, ucb: 1.2237899233429,num_of_obs: 47, privacy reward: 0.14660696213034952, g: 0.0003683195272619739, curr_delay = 0.1484982791868093, data_size = 1415
user 17, emp_avg: 0.06785169548195646, h: 0.4171401958788744, ucb: 0.4849937976403864,num_of_obs: 204, privacy reward: 0.00027465356997169454, g: 0.00028692615029796305, curr_delay = 0.7411490375207358, data_size = 5498
user 19, emp_avg: 0.06522370418355088, h: 0.5090223373961194, ucb: 0.5742504868631263,num_of_obs: 137, privacy reward: 0.004005847942089247, g: -0.00014041199598658656, curr_delay = 0.7738177184001281, data_size = 3467
user 29, emp_avg: 0.0552342379560672, h: 0.6703221630107045, ucb: 0.725498398039589,num_of_obs: 79, privacy reward: 0.0407622039783655, g: 0.0019061897280396474, curr_delay = 0.8358901932158701, data_size = 2489
num of fast users chosen: 2, num of slow users chosen: 3
max_delay = 0.84 seconds
global epoch 371 has been done artifficialy in 0.84 secs, the total time by now is 323.30 
 with avg train loss 2.828, val loss 7.616, avg val acc 14.80%
iteration: 372
user 14, emp_avg: 0.25482632252603316, h: 1.0373825326073087, ucb: 1.2913711299027544,num_of_obs: 33, privacy reward: 0.25666077695355527, g: -2.1031084879102105e-05, curr_delay = 0.17700916143141526, data_size = 816
user 17, emp_avg: 0.06784387965583635, h: 0.41621619104263985, ucb: 0.4840678865245963,num_of_obs: 205, privacy reward: 0.00026388424945422706, g: 0.00024739687628078604, curr_delay = 0.754812283432305, data_size = 5498
user 24, emp_avg: 0.060595365088257566, h: 0.7072398553794654, ucb: 0.7678207822889102,num_of_obs: 71, privacy reward: 0.0561347628341331, g: 0.0011064601851981895, curr_delay = 0.8114185968847987, data_size = 2174
user 25, emp_avg: 0.05903311052284734, h: 0.8692545488855804, ucb: 0.9282917468467982,num_of_obs: 47, privacy reward: 0.14660696213034952, g: 0.0005498897625723751, curr_delay = 0.8497476116774239, data_size = 1453
user 26, emp_avg: 0.058351070163348596, h: 0.6082194224883579, ucb: 0.6665721405909921,num_of_obs: 96, privacy reward: 0.020650825181711685, g: 7.458938786993952e-05, curr_delay = 0.8592118196844661, data_size = 2587
num of fast users chosen: 1, num of slow users chosen: 4
max_delay = 0.86 seconds
global epoch 372 has been done artifficialy in 0.86 secs, the total time by now is 324.15 
 with avg train loss 2.720, val loss 682.181, avg val acc 11.95%
iteration: 373
user 1, emp_avg: 0.6691275494898903, h: 0.8037352630388023, ucb: 1.4791241643880386,num_of_obs: 55, privacy reward: 0.1064585043792523, g: -7.914561409540486e-05, curr_delay = 0.15396307234883622, data_size = 1344
user 8, emp_avg: 0.41266939549754394, h: 0.8187596523165782, ucb: 1.2284419166130798,num_of_obs: 53, privacy reward: 0.11532512103806203, g: 7.838947549210137e-08, curr_delay = 0.08756761436866865, data_size = 1381
user 17, emp_avg: 0.06783076280366954, h: 0.4152988777419262, ucb: 0.4831427573977626,num_of_obs: 206, privacy reward: 0.0002535372000341818, g: 0.00021098443700296094, curr_delay = 0.7677108050960908, data_size = 5498
user 19, emp_avg: 0.06523682666765897, h: 0.5074050958443969, ucb: 0.5726288000279477,num_of_obs: 138, privacy reward: 0.003848776397609277, g: -0.00015751529965750942, curr_delay = 0.7457374081393856, data_size = 3467
user 24, emp_avg: 0.06069226695667744, h: 0.7024705462178833, ucb: 0.7630659113061409,num_of_obs: 72, privacy reward: 0.053933687300355304, g: 0.000966850562406973, curr_delay = 0.7388885771413928, data_size = 2174
num of fast users chosen: 2, num of slow users chosen: 3
max_delay = 0.77 seconds
global epoch 373 has been done artifficialy in 0.77 secs, the total time by now is 324.92 
 with avg train loss 2.955, val loss 671.284, avg val acc 10.11%
iteration: 374
user 11, emp_avg: 0.35181073287608966, h: 0.8605416751539792, ucb: 1.2148991312925548,num_of_obs: 48, privacy reward: 0.1408584209210444, g: 0.0003074426523705289, curr_delay = 0.21780037485588236, data_size = 1415
user 21, emp_avg: 0.06285874967358139, h: 0.6116890746508667, ucb: 0.674552882437467,num_of_obs: 95, privacy reward: 0.02149360134508893, g: -0.001590971480407616, curr_delay = 0.8015617123510566, data_size = 2077
user 22, emp_avg: 0.06170032434711547, h: 1.1071170200194738, ucb: 1.168958420647095,num_of_obs: 29, privacy reward: 0.3011942119122014, g: -0.0004737984177723381, curr_delay = 0.8679182525086495, data_size = 541
user 23, emp_avg: 0.06142990430676215, h: 0.4613540003940185, ucb: 0.5227697831474692,num_of_obs: 167, privacy reward: 0.001206538213957109, g: -5.5530802024820314e-05, curr_delay = 0.783843988263069, data_size = 4259
user 26, emp_avg: 0.05834010589674164, h: 0.6053501566954519, ucb: 0.6637012268588005,num_of_obs: 97, privacy reward: 0.019841094744369348, g: 5.391586239566288e-05, curr_delay = 0.872957270709026, data_size = 2587
num of fast users chosen: 1, num of slow users chosen: 4
max_delay = 0.87 seconds
global epoch 374 has been done artifficialy in 0.87 secs, the total time by now is 325.79 
 with avg train loss 2.916, val loss 2.298, avg val acc 19.64%
iteration: 375
user 5, emp_avg: 0.5796864631058483, h: 1.2434446571804239, ucb: 1.8282841949016428,num_of_obs: 23, privacy reward: 0.3828928859751114, g: 9.607869533897782e-06, curr_delay = 0.10842088843421788, data_size = 625
user 9, emp_avg: 0.37544873776870613, h: 0.5536832481431343, ucb: 0.9293779634069435,num_of_obs: 116, privacy reward: 0.009279013887063758, g: 0.0001250400444019317, curr_delay = 0.14412737931520955, data_size = 3109
user 11, emp_avg: 0.3512841651236581, h: 0.8519072977715221, ucb: 1.2037180306476118,num_of_obs: 49, privacy reward: 0.13533528323661215, g: 0.0002313326011738177, curr_delay = 0.1536181631016046, data_size = 1415
user 23, emp_avg: 0.06140500794820206, h: 0.46008252466154725, ucb: 0.5215124289683094,num_of_obs: 168, privacy reward: 0.001159229173903653, g: -7.970623870762003e-05, curr_delay = 0.8737833921267742, data_size = 4259
user 24, emp_avg: 0.06068803128053591, h: 0.6979574520515418, ucb: 0.7586497190082192,num_of_obs: 73, privacy reward: 0.05181891717272524, g: 0.0008677174808989029, curr_delay = 0.8281048597453348, data_size = 2174
num of fast users chosen: 3, num of slow users chosen: 2
max_delay = 0.87 seconds
global epoch 375 has been done artifficialy in 0.87 secs, the total time by now is 326.67 
 with avg train loss 2.536, val loss 2.690, avg val acc 15.47%
iteration: 376
user 9, emp_avg: 0.37571891519269474, h: 0.5514358480664955, ucb: 0.9268845858352016,num_of_obs: 117, privacy reward: 0.008915178548438596, g: 8.733371908588887e-05, curr_delay = 0.12275069364238726, data_size = 3109
user 10, emp_avg: 0.3420066519346702, h: 1.0544183061696175, ucb: 1.3764965149185633,num_of_obs: 32, privacy reward: 0.26713530196584967, g: -9.099963092655509e-05, curr_delay = 0.0510351545171408, data_size = 733
user 11, emp_avg: 0.34896141716600393, h: 0.8435346449356941, ucb: 1.1948188100593522,num_of_obs: 50, privacy reward: 0.13002871087842538, g: 0.00016634718952087408, curr_delay = 0.21475447487727173, data_size = 1415
user 18, emp_avg: 0.06626790971533153, h: 0.6887431534840776, ucb: 0.754998715336477,num_of_obs: 75, privacy reward: 0.047834889494197785, g: -8.014942615117493e-05, curr_delay = 0.7441140640569825, data_size = 1848
user 23, emp_avg: 0.06141310643850854, h: 0.45882235969216606, ucb: 0.5202273676403681,num_of_obs: 169, privacy reward: 0.0011137751478438318, g: -0.00010807515593004158, curr_delay = 0.7964097681957931, data_size = 4259
num of fast users chosen: 3, num of slow users chosen: 2
max_delay = 0.80 seconds
global epoch 376 has been done artifficialy in 0.80 secs, the total time by now is 327.47 
 with avg train loss 2.603, val loss 2.577, avg val acc 17.54%
iteration: 377
user 1, emp_avg: 0.6678258071666736, h: 0.7972438138080119, ucb: 1.466371363297902,num_of_obs: 56, privacy reward: 0.10228420671553695, g: -9.968850350226569e-05, curr_delay = 0.08404374995972441, data_size = 1344
user 17, emp_avg: 0.0678129543847869, h: 0.4146675003759739, ucb: 0.4824982631796434,num_of_obs: 207, privacy reward: 0.00024359586422506574, g: 0.00031444175748570984, curr_delay = 0.7797074988549199, data_size = 5498
user 19, emp_avg: 0.06526798376408392, h: 0.506031755513114, ucb: 0.5712685821807729,num_of_obs: 139, privacy reward: 0.0036978637164817307, g: -0.00012718391981478787, curr_delay = 0.7184029826930561, data_size = 3467
user 27, emp_avg: 0.05821803342093751, h: 0.9943377349981922, ucb: 1.0526362697850657,num_of_obs: 36, privacy reward: 0.22763768838381226, g: 1.2259404774722448e-06, curr_delay = 0.9038325061073172, data_size = 937
user 29, emp_avg: 0.05528237512856607, h: 0.6670220304147388, ucb: 0.722256268370806,num_of_obs: 80, privacy reward: 0.03916389509898632, g: 0.0019710355943036426, curr_delay = 0.8455465639275263, data_size = 2489
num of fast users chosen: 1, num of slow users chosen: 4
max_delay = 0.90 seconds
global epoch 377 has been done artifficialy in 0.90 secs, the total time by now is 328.37 
 with avg train loss 2.458, val loss 25.270, avg val acc 10.11%
iteration: 378
user 7, emp_avg: 0.35749185062888117, h: 1.4472969769989996, ucb: 1.8114391018447311,num_of_obs: 17, privacy reward: 0.48675225595997107, g: 0.00011663245962113251, curr_delay = 0.20455152596185822, data_size = 541
user 8, emp_avg: 0.41079432806557825, h: 0.8120546092487724, ucb: 1.2247240047463164,num_of_obs: 54, privacy reward: 0.11080315836233334, g: -2.3620458917970792e-07, curr_delay = 0.16152965390972812, data_size = 1381
user 9, emp_avg: 0.3783443024975718, h: 0.5493398594069061, ucb: 0.9250587745996008,num_of_obs: 118, privacy reward: 0.008565609397496954, g: 6.965824900420937e-05, curr_delay = 0.07265963274186771, data_size = 3109
user 17, emp_avg: 0.06777988185026118, h: 0.4137618530356419, ucb: 0.4815748074204288,num_of_obs: 208, privacy reward: 0.00023404433376850164, g: 0.0002735574898017616, curr_delay = 0.8210073492772538, data_size = 5498
user 24, emp_avg: 0.06065909257527074, h: 0.6936913128205292, ucb: 0.7543793441010651,num_of_obs: 74, privacy reward: 0.049787068367863285, g: 0.0008040919754423822, curr_delay = 0.8544433767972647, data_size = 2174
num of fast users chosen: 3, num of slow users chosen: 2
max_delay = 0.85 seconds
global epoch 378 has been done artifficialy in 0.85 secs, the total time by now is 329.22 
 with avg train loss 3.461, val loss 189.384, avg val acc 12.84%
iteration: 379
user 3, emp_avg: 0.6323008942009264, h: 1.3024741516582339, ucb: 1.9445403790508777,num_of_obs: 21, privacy reward: 0.41478291168158077, g: 0.00019235968880267442, curr_delay = 0.11703328199622065, data_size = 672
user 9, emp_avg: 0.377162466640991, h: 0.5471485843584908, ucb: 0.9254928868560626,num_of_obs: 119, privacy reward: 0.00822974704901891, g: 4.2657815057461005e-05, curr_delay = 0.2113950383967494, data_size = 3109
user 23, emp_avg: 0.061424612198796504, h: 0.4577773491074567, ucb: 0.5191904555459652,num_of_obs: 170, privacy reward: 0.0010701033996386444, g: -8.980685194177304e-05, curr_delay = 0.788885033381535, data_size = 4259
user 24, emp_avg: 0.06067714080738928, h: 0.6892045388755026, ucb: 0.7498636314507733,num_of_obs: 75, privacy reward: 0.047834889494197785, g: 0.0006882505266564418, curr_delay = 0.8060517304281045, data_size = 2174
user 25, emp_avg: 0.059017363255364684, h: 0.8615056735943782, ucb: 0.9205387841172256,num_of_obs: 48, privacy reward: 0.1408584209210444, g: 0.0005356788931928889, curr_delay = 0.8581997509850945, data_size = 1453
num of fast users chosen: 2, num of slow users chosen: 3
max_delay = 0.86 seconds
global epoch 379 has been done artifficialy in 0.86 secs, the total time by now is 330.08 
 with avg train loss 2.873, val loss 9.691, avg val acc 19.70%
iteration: 380
user 6, emp_avg: 0.5088785475205155, h: 0.8442870070813904, ucb: 1.3572549483135128,num_of_obs: 50, privacy reward: 0.13002871087842538, g: 0.0003243126092804996, curr_delay = 0.16425277398733398, data_size = 1451
user 15, emp_avg: 0.07184942980361868, h: 1.2728105535732293, ucb: 1.344374869508463,num_of_obs: 22, privacy reward: 0.3985190410845135, g: -4.5009360696380545e-06, curr_delay = 0.6400251102180896, data_size = 541
user 17, emp_avg: 0.06778282401055684, h: 0.4129542736617636, ucb: 0.4807341555120248,num_of_obs: 209, privacy reward: 0.00022486732417814626, g: 0.0002823785737060264, curr_delay = 0.7310183535385244, data_size = 5498
user 24, emp_avg: 0.06064977380622695, h: 0.6848071906549066, ucb: 0.7454843314622959,num_of_obs: 76, privacy reward: 0.045959256649043545, g: 0.0005819534488255913, curr_delay = 0.8536810820419886, data_size = 2174
user 26, emp_avg: 0.05834220084210865, h: 0.6030621479152789, ucb: 0.6614022538120206,num_of_obs: 98, privacy reward: 0.019063114291610672, g: 7.755081552435875e-05, curr_delay = 0.854007349812427, data_size = 2587
num of fast users chosen: 1, num of slow users chosen: 4
max_delay = 0.85 seconds
global epoch 380 has been done artifficialy in 0.85 secs, the total time by now is 330.94 
 with avg train loss 2.734, val loss 25165.390, avg val acc 13.93%
iteration: 381
user 10, emp_avg: 0.3439675454566922, h: 1.0394753375120374, ucb: 1.3814819894467076,num_of_obs: 33, privacy reward: 0.25666077695355527, g: -0.0001220398085604332, curr_delay = 0.12234599971043254, data_size = 733
user 11, emp_avg: 0.3506393579568013, h: 0.8361536148710743, ucb: 1.1851150320370782,num_of_obs: 51, privacy reward: 0.12493021219858191, g: 0.000144432827392597, curr_delay = 0.11462255045603202, data_size = 1415
user 17, emp_avg: 0.06776711520677016, h: 0.4120610001695901, ucb: 0.4798438241801469,num_of_obs: 210, privacy reward: 0.00021605015028081098, g: 0.00024407879607554403, curr_delay = 0.7755753765860156, data_size = 5498
user 21, emp_avg: 0.06286956740602397, h: 0.6094464381267798, ucb: 0.6723051878003612,num_of_obs: 96, privacy reward: 0.020650825181711685, g: -0.0014322283266949352, curr_delay = 0.7823738100472204, data_size = 2077
user 26, emp_avg: 0.058328810594646, h: 0.6001413659285518, ucb: 0.6584835667706604,num_of_obs: 99, privacy reward: 0.01831563888873322, g: 4.70391764675548e-05, curr_delay = 0.8771441071271485, data_size = 2587
num of fast users chosen: 2, num of slow users chosen: 3
max_delay = 0.88 seconds
global epoch 381 has been done artifficialy in 0.88 secs, the total time by now is 331.81 
 with avg train loss 2.822, val loss 12.270, avg val acc 10.33%
iteration: 382
user 7, emp_avg: 0.3676371018135516, h: 1.40776662467027, ucb: 1.7652584752991511,num_of_obs: 18, privacy reward: 0.4676664270099087, g: 7.48705502983805e-05, curr_delay = 0.09086751932668977, data_size = 541
user 19, emp_avg: 0.065260791340772, h: 0.5047808835216061, ucb: 0.57004886728569,num_of_obs: 140, privacy reward: 0.0035528684062201554, g: -8.225521687156238e-05, curr_delay = 0.7781634623244313, data_size = 3467
user 21, emp_avg: 0.06283437377892405, h: 0.6064305201670653, ucb: 0.6693000875730893,num_of_obs: 97, privacy reward: 0.019841094744369348, g: -0.0015842780312872449, curr_delay = 0.8414591366218196, data_size = 2077
user 23, emp_avg: 0.06145022031628858, h: 0.456739804948936, ucb: 0.5181644171477325,num_of_obs: 171, privacy reward: 0.0010281440451737067, g: -7.347599712161707e-05, curr_delay = 0.7595412615405808, data_size = 4259
user 28, emp_avg: 0.05590928082731866, h: 0.6762692117906082, ucb: 0.7321514974567698,num_of_obs: 78, privacy reward: 0.04242574108051078, g: -0.0011547964487977785, curr_delay = 0.8618475093780549, data_size = 1651
num of fast users chosen: 1, num of slow users chosen: 4
max_delay = 0.86 seconds
